ISO-10303-21;
HEADER;
FILE_DESCRIPTION (( 'STEP AP214' ),
    '1' );
FILE_NAME ('EVQ-VVD00203B.STEP',
    '2024-09-05T04:50:26',
    ( '' ),
    ( '' ),
    'SwSTEP 2.0',
    'SolidWorks 2023',
    '' );
FILE_SCHEMA (( 'AUTOMOTIVE_DESIGN' ));
ENDSEC;

DATA;
#1 = ORIENTED_EDGE ( 'NONE', *, *, #3285, .F. ) ;
#2 = SURFACE_STYLE_FILL_AREA ( #3718 ) ;
#3 = DIRECTION ( 'NONE',  ( 0.000000000000000000, 0.000000000000000000, 1.000000000000000000 ) ) ;
#4 = DIRECTION ( 'NONE',  ( 0.000000000000000000, 1.000000000000000000, -0.000000000000000000 ) ) ;
#5 =( NAMED_UNIT ( * ) PLANE_ANGLE_UNIT ( ) SI_UNIT ( $, .RADIAN. ) );
#6 = ADVANCED_FACE ( 'NONE', ( #4304 ), #7349, .T. ) ;
#7 = AXIS2_PLACEMENT_3D ( 'NONE', #5301, #7762, #4768 ) ;
#8 =( CONVERSION_BASED_UNIT ( 'INCH', #3055 ) LENGTH_UNIT ( ) NAMED_UNIT ( #4001 ) );
#9 = CARTESIAN_POINT ( 'NONE',  ( 0.05905511811023622659, -0.01172738801307086735, 0.09842519685039370636 ) ) ;
#10 = PRESENTATION_LAYER_ASSIGNMENT (  '', '', ( #7779 ) ) ;
#11 = CARTESIAN_POINT ( 'NONE',  ( 0.1330390167485817343, 0.1992328590562978397, 0.000000000000000000 ) ) ;
#12 = DIRECTION ( 'NONE',  ( 0.000000000000000000, 0.000000000000000000, -1.000000000000000000 ) ) ;
#13 = ORIENTED_EDGE ( 'NONE', *, *, #37, .F. ) ;
#14 = CARTESIAN_POINT ( 'NONE',  ( 0.1585513363815157506, -0.1112605648740944836, 0.09842519685039370636 ) ) ;
#15 = ORIENTED_EDGE ( 'NONE', *, *, #298, .F. ) ;
#16 = ORIENTED_EDGE ( 'NONE', *, *, #4616, .F. ) ;
#17 = LINE ( 'NONE', #7468, #7684 ) ;
#18 = SURFACE_STYLE_FILL_AREA ( #7308 ) ;
#19 = CARTESIAN_POINT ( 'NONE',  ( -0.1867316795943700647, -0.06934995292858267546, 0.09448818897637795144 ) ) ;
#20 = DIMENSIONAL_EXPONENTS ( 1.000000000000000000, 0.000000000000000000, 0.000000000000000000, 0.000000000000000000, 0.000000000000000000, 0.000000000000000000, 0.000000000000000000 ) ;
#21 = DIRECTION ( 'NONE',  ( -1.000000000000000000, 0.000000000000000000, -0.000000000000000000 ) ) ;
#22 = CARTESIAN_POINT ( 'NONE',  ( -0.1867316795947455699, -0.1040084880705905435, 0.09558787283408066993 ) ) ;
#23 = PRESENTATION_STYLE_ASSIGNMENT (( #5446 ) ) ;
#24 = ORIENTED_EDGE ( 'NONE', *, *, #5737, .F. ) ;
#25 = CARTESIAN_POINT ( 'NONE',  ( 0.1827946717203937088, -0.1151975727482677236, 0.000000000000000000 ) ) ;
#26 = PRESENTATION_STYLE_ASSIGNMENT (( #2472 ) ) ;
#27 = ORIENTED_EDGE ( 'NONE', *, *, #1289, .T. ) ;
#28 = VECTOR ( 'NONE', #6997, 39.37007874015748143 ) ;
#29 = DIMENSIONAL_EXPONENTS ( 1.000000000000000000, 0.000000000000000000, 0.000000000000000000, 0.000000000000000000, 0.000000000000000000, 0.000000000000000000, 0.000000000000000000 ) ;
#30 = AXIS2_PLACEMENT_3D ( 'NONE', #3809, #1899, #143 ) ;
#31 = LINE ( 'NONE', #1204, #1858 ) ;
#32 = UNCERTAINTY_MEASURE_WITH_UNIT (LENGTH_MEASURE( 1.000000000000000082E-05 ), #2730, 'distance_accuracy_value', 'NONE');
#33 = STYLED_ITEM ( 'NONE', ( #7318 ), #5151 ) ;
#34 =( LENGTH_UNIT ( ) NAMED_UNIT ( * ) SI_UNIT ( $, .METRE. ) );
#35 = VECTOR ( 'NONE', #5675, 39.37007874015748143 ) ;
#36 = FILL_AREA_STYLE ('',( #4367 ) ) ;
#37 = EDGE_CURVE ( 'NONE', #4508, #5615, #1900, .T. ) ;
#38 = PRESENTATION_STYLE_ASSIGNMENT (( #1962 ) ) ;
#39 = ORIENTED_EDGE ( 'NONE', *, *, #6214, .F. ) ;
#40 = CARTESIAN_POINT ( 'NONE',  ( -0.1574803149606299191, 0.04035433070866142197, -0.04330708661225397826 ) ) ;
#41 = DIRECTION ( 'NONE',  ( 1.000000000000000000, 0.000000000000000000, 0.000000000000000000 ) ) ;
#42 = ORIENTED_EDGE ( 'NONE', *, *, #3708, .T. ) ;
#43 = LENGTH_MEASURE_WITH_UNIT ( LENGTH_MEASURE( 0.02539999999999999897 ), #4415 );
#44 = CARTESIAN_POINT ( 'NONE',  ( 0.000000000000000000, 0.000000000000000000, 0.000000000000000000 ) ) ;
#45 = SURFACE_STYLE_USAGE ( .BOTH. , #655 ) ;
#46 =( NAMED_UNIT ( * ) PLANE_ANGLE_UNIT ( ) SI_UNIT ( $, .RADIAN. ) );
#47 = MECHANICAL_DESIGN_GEOMETRIC_PRESENTATION_REPRESENTATION (  '', ( #5702 ), #6453 ) ;
#48 = EDGE_CURVE ( 'NONE', #1934, #5043, #183, .T. ) ;
#49 = COLOUR_RGB ( '',0.7490196078431372584, 0.7490196078431372584, 0.7490196078431372584 ) ;
#50 = CARTESIAN_POINT ( 'NONE',  ( -0.1624883442576771919, -0.2044385403713385729, 0.000000000000000000 ) ) ;
#51 =( NAMED_UNIT ( * ) PLANE_ANGLE_UNIT ( ) SI_UNIT ( $, .RADIAN. ) );
#52 = ORIENTED_EDGE ( 'NONE', *, *, #2001, .T. ) ;
#53 = LINE ( 'NONE', #6159, #5063 ) ;
#54 = ORIENTED_EDGE ( 'NONE', *, *, #7221, .T. ) ;
#55 = LINE ( 'NONE', #7267, #2039 ) ;
#56 = EDGE_LOOP ( 'NONE', ( #1857, #4837, #4266, #3431 ) ) ;
#57 = CARTESIAN_POINT ( 'NONE',  ( 0.2047244094462598307, -0.06209787612507874227, 0.09842519685039370636 ) ) ;
#58 = SURFACE_STYLE_FILL_AREA ( #557 ) ;
#59 = COLOUR_RGB ( '',0.7490196078431372584, 0.7490196078431372584, 0.7490196078431372584 ) ;
#60 = DIRECTION ( 'NONE',  ( 0.000000000000000000, 0.000000000000000000, 1.000000000000000000 ) ) ;
#61 = MECHANICAL_DESIGN_GEOMETRIC_PRESENTATION_REPRESENTATION (  '', ( #946 ), #4552 ) ;
#62 = UNCERTAINTY_MEASURE_WITH_UNIT (LENGTH_MEASURE( 1.000000000000000082E-05 ), #1593, 'distance_accuracy_value', 'NONE');
#63 = EDGE_CURVE ( 'NONE', #6264, #1320, #6162, .T. ) ;
#64 = VECTOR ( 'NONE', #848, 39.37007874015748143 ) ;
#65 =( LENGTH_UNIT ( ) NAMED_UNIT ( * ) SI_UNIT ( $, .METRE. ) );
#66 = DIRECTION ( 'NONE',  ( 0.000000000000000000, -1.000000000000000000, 0.000000000000000000 ) ) ;
#67 = AXIS2_PLACEMENT_3D ( 'NONE', #1487, #3927, #2733 ) ;
#68 = FACE_OUTER_BOUND ( 'NONE', #3650, .T. ) ;
#69 = CARTESIAN_POINT ( 'NONE',  ( -0.1317780459459700904, 0.1952958511832283695, 0.09842519685039370636 ) ) ;
#70 = DIRECTION ( 'NONE',  ( -1.000000000000000000, 0.000000000000000000, -0.000000000000000000 ) ) ;
#71 = PRESENTATION_STYLE_ASSIGNMENT (( #1831 ) ) ;
#72 = VERTEX_POINT ( 'NONE', #5865 ) ;
#73 = DIRECTION ( 'NONE',  ( 1.000000000000000000, 0.000000000000000000, -0.000000000000000000 ) ) ;
#74 = SURFACE_STYLE_USAGE ( .BOTH. , #4974 ) ;
#75 = PRESENTATION_LAYER_ASSIGNMENT (  '', '', ( #7709 ) ) ;
#76 = MECHANICAL_DESIGN_GEOMETRIC_PRESENTATION_REPRESENTATION (  '', ( #1608 ), #7079 ) ;
#77 = SURFACE_STYLE_USAGE ( .BOTH. , #3596 ) ;
#78 = DIRECTION ( 'NONE',  ( 1.000000000000000000, 0.000000000000000000, 0.000000000000000000 ) ) ;
#79 = AXIS2_PLACEMENT_3D ( 'NONE', #3499, #7115, #433 ) ;
#80 = DIRECTION ( 'NONE',  ( -1.000000000000000000, -0.000000000000000000, -0.000000000000000000 ) ) ;
#81 = CARTESIAN_POINT ( 'NONE',  ( 0.1788576638454330847, -0.06209787612507874227, 0.09448818897637795144 ) ) ;
#82 = EDGE_LOOP ( 'NONE', ( #2612, #918, #374, #7739 ) ) ;
#83 = FILL_AREA_STYLE ('',( #2851 ) ) ;
#84 = FILL_AREA_STYLE_COLOUR ( '', #3826 ) ;
#85 = VECTOR ( 'NONE', #166, 39.37007874015748143 ) ;
#86 = DIRECTION ( 'NONE',  ( 0.000000000000000000, -0.000000000000000000, -1.000000000000000000 ) ) ;
#87 = CARTESIAN_POINT ( 'NONE',  ( -0.05118110236220472370, 0.2641953671577952911, 0.000000000000000000 ) ) ;
#88 = CARTESIAN_POINT ( 'NONE',  ( -0.05118110236220472370, 0.3147934927945275629, 0.007874015748031495954 ) ) ;
#89 = ORIENTED_EDGE ( 'NONE', *, *, #457, .T. ) ;
#90 = DIRECTION ( 'NONE',  ( -0.8139213391679954723, -0.5809750886629966304, 0.000000000000000000 ) ) ;
#91 = VERTEX_POINT ( 'NONE', #3983 ) ;
#92 = FILL_AREA_STYLE_COLOUR ( '', #2422 ) ;
#93 = EDGE_LOOP ( 'NONE', ( #242, #3461, #7431, #2378 ) ) ;
#94 = SURFACE_STYLE_FILL_AREA ( #5080 ) ;
#95 = VERTEX_POINT ( 'NONE', #2139 ) ;
#96 = CARTESIAN_POINT ( 'NONE',  ( 0.09842519685039370636, -0.2572565284661417762, 0.007874015748031495954 ) ) ;
#97 = EDGE_CURVE ( 'NONE', #4695, #2922, #2092, .T. ) ;
#98 = CARTESIAN_POINT ( 'NONE',  ( 0.07874015748031495954, -0.1983960629326377845, 0.02492565335188976286 ) ) ;
#99 = PRESENTATION_STYLE_ASSIGNMENT (( #702 ) ) ;
#100 = PRESENTATION_STYLE_ASSIGNMENT (( #3699 ) ) ;
#101 = DIRECTION ( 'NONE',  ( 1.000000000000000000, 0.000000000000000000, 0.000000000000000000 ) ) ;
#102 = CARTESIAN_POINT ( 'NONE',  ( -0.07874015748031495954, -0.2533195205921259796, 0.02492565335188976633 ) ) ;
#103 = COLOUR_RGB ( '',0.2784313725490196179, 0.2784313725490196179, 0.2784313725490196179 ) ;
#104 = CIRCLE ( 'NONE', #378, 0.007874015748031495954 ) ;
#105 = ORIENTED_EDGE ( 'NONE', *, *, #3799, .T. ) ;
#106 = LINE ( 'NONE', #496, #2557 ) ;
#107 = ADVANCED_FACE ( 'NONE', ( #1538 ), #6909, .T. ) ;
#108 =( CONVERSION_BASED_UNIT ( 'INCH', #4926 ) LENGTH_UNIT ( ) NAMED_UNIT ( #4690 ) );
#109 = ORIENTED_EDGE ( 'NONE', *, *, #3336, .F. ) ;
#110 = MECHANICAL_DESIGN_GEOMETRIC_PRESENTATION_REPRESENTATION (  '', ( #6723 ), #5120 ) ;
#111 =( GEOMETRIC_REPRESENTATION_CONTEXT ( 3 ) GLOBAL_UNCERTAINTY_ASSIGNED_CONTEXT ( ( #5122 ) ) GLOBAL_UNIT_ASSIGNED_CONTEXT ( ( #8, #2603, #4903 ) ) REPRESENTATION_CONTEXT ( 'NONE', 'WORKASPACE' ) );
#112 = DIRECTION ( 'NONE',  ( 1.000000000000000000, 0.000000000000000000, 0.000000000000000000 ) ) ;
#113 = COLOUR_RGB ( '',0.2784313725490196179, 0.2784313725490196179, 0.2784313725490196179 ) ;
#114 = LENGTH_MEASURE_WITH_UNIT ( LENGTH_MEASURE( 0.02539999999999999897 ), #7437 );
#115 = UNCERTAINTY_MEASURE_WITH_UNIT (LENGTH_MEASURE( 1.000000000000000082E-05 ), #1060, 'distance_accuracy_value', 'NONE');
#116 = VERTEX_POINT ( 'NONE', #2223 ) ;
#117 = DIRECTION ( 'NONE',  ( 0.000000000000000000, 0.000000000000000000, 1.000000000000000000 ) ) ;
#118 = EDGE_CURVE ( 'NONE', #2288, #6313, #6648, .T. ) ;
#119 = AXIS2_PLACEMENT_3D ( 'NONE', #2052, #5118, #2657 ) ;
#120 = CARTESIAN_POINT ( 'NONE',  ( -0.2086614173228346081, -0.06603488399787402208, 0.000000000000000000 ) ) ;
#121 = PRESENTATION_STYLE_ASSIGNMENT (( #5492 ) ) ;
#122 = MECHANICAL_DESIGN_GEOMETRIC_PRESENTATION_REPRESENTATION (  '', ( #5997 ), #7514 ) ;
#123 = DIRECTION ( 'NONE',  ( 9.189026923619149741E-47, 1.000000000000000000, 2.036321512455000055E-31 ) ) ;
#124 = DIMENSIONAL_EXPONENTS ( 1.000000000000000000, 0.000000000000000000, 0.000000000000000000, 0.000000000000000000, 0.000000000000000000, 0.000000000000000000, 0.000000000000000000 ) ;
#125 = CIRCLE ( 'NONE', #398, 0.003937007874015741038 ) ;
#126 = EDGE_LOOP ( 'NONE', ( #2782, #4140, #3601, #1238 ) ) ;
#127 = CARTESIAN_POINT ( 'NONE',  ( -0.2086614173228346636, 0.1276890742665748035, 0.000000000000000000 ) ) ;
#128 = PRESENTATION_STYLE_ASSIGNMENT (( #3719 ) ) ;
#129 = ORIENTED_EDGE ( 'NONE', *, *, #2605, .T. ) ;
#130 = FILL_AREA_STYLE_COLOUR ( '', #4697 ) ;
#131 = FACE_OUTER_BOUND ( 'NONE', #4582, .T. ) ;
#132 = LENGTH_MEASURE_WITH_UNIT ( LENGTH_MEASURE( 0.02539999999999999897 ), #5619 );
#133 = VECTOR ( 'NONE', #1931, 39.37007874015748143 ) ;
#134 = SURFACE_STYLE_USAGE ( .BOTH. , #1851 ) ;
#135 = PRESENTATION_STYLE_ASSIGNMENT (( #176 ) ) ;
#136 = STYLED_ITEM ( 'NONE', ( #1999 ), #2345 ) ;
#137 = DIRECTION ( 'NONE',  ( 1.000000000000000000, -4.512561924732999726E-16, 0.000000000000000000 ) ) ;
#138 = ORIENTED_EDGE ( 'NONE', *, *, #822, .T. ) ;
#139 =( NAMED_UNIT ( * ) SI_UNIT ( $, .STERADIAN. ) SOLID_ANGLE_UNIT ( ) );
#140 = ORIENTED_EDGE ( 'NONE', *, *, #613, .T. ) ;
#141 = LENGTH_MEASURE_WITH_UNIT ( LENGTH_MEASURE( 0.02539999999999999897 ), #1743 );
#142 = EDGE_LOOP ( 'NONE', ( #7202, #2254, #7570, #4005 ) ) ;
#143 = DIRECTION ( 'NONE',  ( -1.000000000000000000, 0.000000000000000000, 0.000000000000000000 ) ) ;
#144 = CARTESIAN_POINT ( 'NONE',  ( -0.1827946717203543514, -0.06934995292858267546, 0.09842519685039370636 ) ) ;
#145 = UNCERTAINTY_MEASURE_WITH_UNIT (LENGTH_MEASURE( 1.000000000000000082E-05 ), #3382, 'distance_accuracy_value', 'NONE');
#146 = STYLED_ITEM ( 'NONE', ( #99 ), #2490 ) ;
#147 = CARTESIAN_POINT ( 'NONE',  ( 0.09842519685039370636, -0.2572565284661417206, 0.02492565335188976286 ) ) ;
#148 = EDGE_CURVE ( 'NONE', #204, #5639, #5163, .T. ) ;
#149 = ADVANCED_FACE ( 'NONE', ( #1491 ), #6901, .T. ) ;
#150 = CARTESIAN_POINT ( 'NONE',  ( 0.1181102362204724532, -0.2743811241349999874, 0.003937007874015747977 ) ) ;
#151 = DIRECTION ( 'NONE',  ( 0.000000000000000000, -0.000000000000000000, -1.000000000000000000 ) ) ;
#152 = MECHANICAL_DESIGN_GEOMETRIC_PRESENTATION_REPRESENTATION (  '', ( #7029 ), #6639 ) ;
#153 = VERTEX_POINT ( 'NONE', #3645 ) ;
#154 = CARTESIAN_POINT ( 'NONE',  ( -0.1624883442576771919, -0.2044385403713385729, 0.09448818897637795144 ) ) ;
#155 = SURFACE_STYLE_FILL_AREA ( #2373 ) ;
#156 = CARTESIAN_POINT ( 'NONE',  ( 0.000000000000000000, -0.2533195205921259796, 0.02098864547787401835 ) ) ;
#157 = ORIENTED_EDGE ( 'NONE', *, *, #5352, .T. ) ;
#158 = PRESENTATION_STYLE_ASSIGNMENT (( #1914 ) ) ;
#159 = EDGE_CURVE ( 'NONE', #4605, #4899, #2856, .T. ) ;
#160 = VERTEX_POINT ( 'NONE', #1812 ) ;
#161 = DIRECTION ( 'NONE',  ( 2.670666003108999827E-16, -1.000000000000000000, 0.000000000000000000 ) ) ;
#162 = FILL_AREA_STYLE ('',( #6690 ) ) ;
#163 = SURFACE_STYLE_FILL_AREA ( #36 ) ;
#164 = EDGE_CURVE ( 'NONE', #1925, #6469, #545, .T. ) ;
#165 = STYLED_ITEM ( 'NONE', ( #489 ), #5069 ) ;
#166 = DIRECTION ( 'NONE',  ( 0.000000000000000000, 1.000000000000000000, -0.000000000000000000 ) ) ;
#167 = ORIENTED_EDGE ( 'NONE', *, *, #3708, .F. ) ;
#168 = LINE ( 'NONE', #2599, #2116 ) ;
#169 = SURFACE_SIDE_STYLE ('',( #1888 ) ) ;
#170 = ORIENTED_EDGE ( 'NONE', *, *, #5007, .F. ) ;
#171 = FILL_AREA_STYLE ('',( #800 ) ) ;
#172 = LENGTH_MEASURE_WITH_UNIT ( LENGTH_MEASURE( 0.02539999999999999897 ), #5068 );
#173 = CARTESIAN_POINT ( 'NONE',  ( -0.1761390860324803243, 0.1300921114227165387, 0.09842519685039370636 ) ) ;
#174 = VECTOR ( 'NONE', #889, 39.37007874015748143 ) ;
#175 = DIRECTION ( 'NONE',  ( 0.000000000000000000, -1.042436089538109951E-21, 1.000000000000000000 ) ) ;
#176 = SURFACE_STYLE_USAGE ( .BOTH. , #5033 ) ;
#177 = DIRECTION ( 'NONE',  ( -1.000000000000000000, 0.000000000000000000, 0.000000000000000000 ) ) ;
#178 = ORIENTED_EDGE ( 'NONE', *, *, #478, .T. ) ;
#179 = MECHANICAL_DESIGN_GEOMETRIC_PRESENTATION_REPRESENTATION (  '', ( #444 ), #6923 ) ;
#180 = EDGE_LOOP ( 'NONE', ( #6704, #235, #5310, #7844 ) ) ;
#181 = DIRECTION ( 'NONE',  ( -1.000000000000000000, 0.000000000000000000, 0.000000000000000000 ) ) ;
#182 = LINE ( 'NONE', #7307, #454 ) ;
#183 = LINE ( 'NONE', #2615, #5659 ) ;
#184 = DIMENSIONAL_EXPONENTS ( 1.000000000000000000, 0.000000000000000000, 0.000000000000000000, 0.000000000000000000, 0.000000000000000000, 0.000000000000000000, 0.000000000000000000 ) ;
#185 = CARTESIAN_POINT ( 'NONE',  ( 0.000000000000000000, -0.2572565284661417206, 0.02098864547787401835 ) ) ;
#186 = DIRECTION ( 'NONE',  ( -1.000000000000000000, -0.000000000000000000, -0.000000000000000000 ) ) ;
#187 = FILL_AREA_STYLE_COLOUR ( '', #7203 ) ;
#188 =( NAMED_UNIT ( * ) SI_UNIT ( $, .STERADIAN. ) SOLID_ANGLE_UNIT ( ) );
#189 = VECTOR ( 'NONE', #6877, 39.37007874015748143 ) ;
#190 = LINE ( 'NONE', #705, #7427 ) ;
#191 = ORIENTED_EDGE ( 'NONE', *, *, #4124, .F. ) ;
#192 = CARTESIAN_POINT ( 'NONE',  ( -0.09842519685039370636, -0.1983960629326377845, 0.02492565335188976286 ) ) ;
#193 = SURFACE_STYLE_USAGE ( .BOTH. , #5678 ) ;
#194 = ORIENTED_EDGE ( 'NONE', *, *, #792, .T. ) ;
#195 = EDGE_CURVE ( 'NONE', #6232, #1873, #3605, .T. ) ;
#196 = VECTOR ( 'NONE', #3725, 39.37007874015748143 ) ;
#197 = VECTOR ( 'NONE', #1777, 39.37007874015748854 ) ;
#198 = CARTESIAN_POINT ( 'NONE',  ( 0.1827946717203543514, -0.08667922049956693076, 0.09448818897637795144 ) ) ;
#199 = UNCERTAINTY_MEASURE_WITH_UNIT (LENGTH_MEASURE( 1.000000000000000082E-05 ), #2182, 'distance_accuracy_value', 'NONE');
#200 = EDGE_LOOP ( 'NONE', ( #5505, #6731, #4461, #5727 ) ) ;
#201 =( NAMED_UNIT ( * ) SI_UNIT ( $, .STERADIAN. ) SOLID_ANGLE_UNIT ( ) );
#202 = PRESENTATION_LAYER_ASSIGNMENT (  '', '', ( #1443 ) ) ;
#203 = ADVANCED_FACE ( 'NONE', ( #2381 ), #7260, .T. ) ;
#204 = VERTEX_POINT ( 'NONE', #4102 ) ;
#205 = EDGE_CURVE ( 'NONE', #2731, #6084, #5113, .T. ) ;
#206 = FACE_OUTER_BOUND ( 'NONE', #2113, .T. ) ;
#207 = PRESENTATION_LAYER_ASSIGNMENT (  '', '', ( #5831 ) ) ;
#208 = FACE_OUTER_BOUND ( 'NONE', #491, .T. ) ;
#209 = ORIENTED_EDGE ( 'NONE', *, *, #2266, .T. ) ;
#210 = SURFACE_STYLE_FILL_AREA ( #5694 ) ;
#211 = LENGTH_MEASURE_WITH_UNIT ( LENGTH_MEASURE( 0.02539999999999999897 ), #6809 );
#212 = ORIENTED_EDGE ( 'NONE', *, *, #7792, .T. ) ;
#213 = PLANE ( 'NONE',  #7243 ) ;
#214 = CARTESIAN_POINT ( 'NONE',  ( 0.1788576638464173252, -0.01227691951566929271, 0.09448818897637795144 ) ) ;
#215 = AXIS2_PLACEMENT_3D ( 'NONE', #5607, #4240, #2477 ) ;
#216 = SHAPE_DEFINITION_REPRESENTATION ( #2161, #733 ) ;
#217 = FILL_AREA_STYLE ('',( #6815 ) ) ;
#218 = EDGE_CURVE ( 'NONE', #5354, #1561, #6555, .T. ) ;
#219 = CARTESIAN_POINT ( 'NONE',  ( 8.134398104295276091E-17, 0.04035433070866142197, 0.08661417322834646937 ) ) ;
#220 = MECHANICAL_DESIGN_GEOMETRIC_PRESENTATION_REPRESENTATION (  '', ( #5846 ), #5462 ) ;
#221 = LENGTH_MEASURE_WITH_UNIT ( LENGTH_MEASURE( 0.02539999999999999897 ), #3222 );
#222 = LINE ( 'NONE', #3764, #3912 ) ;
#223 = ORIENTED_EDGE ( 'NONE', *, *, #1848, .F. ) ;
#224 = DIRECTION ( 'NONE',  ( 1.000000000000000000, 0.000000000000000000, 0.000000000000000000 ) ) ;
#225 = DIRECTION ( 'NONE',  ( -0.000000000000000000, -0.000000000000000000, -1.000000000000000000 ) ) ;
#226 =( NAMED_UNIT ( * ) PLANE_ANGLE_UNIT ( ) SI_UNIT ( $, .RADIAN. ) );
#227 = CARTESIAN_POINT ( 'NONE',  ( 0.01968503937007873988, -0.2743811241349999874, 0.02492565335188976286 ) ) ;
#228 = PLANE ( 'NONE',  #5929 ) ;
#229 = UNCERTAINTY_MEASURE_WITH_UNIT (LENGTH_MEASURE( 1.000000000000000082E-05 ), #1690, 'distance_accuracy_value', 'NONE');
#230 = AXIS2_PLACEMENT_3D ( 'NONE', #44, #3263, #5776 ) ;
#231 = VECTOR ( 'NONE', #1326, 39.37007874015748143 ) ;
#232 = CARTESIAN_POINT ( 'NONE',  ( -1.777545739647244141E-12, -0.06934995292858267546, 0.09842519685039370636 ) ) ;
#233 = LENGTH_MEASURE_WITH_UNIT ( LENGTH_MEASURE( 0.02539999999999999897 ), #65 );
#234 = FACE_OUTER_BOUND ( 'NONE', #5944, .T. ) ;
#235 = ORIENTED_EDGE ( 'NONE', *, *, #7443, .T. ) ;
#236 = PLANE ( 'NONE',  #6054 ) ;
#237 = PLANE ( 'NONE',  #995 ) ;
#238 = FACE_OUTER_BOUND ( 'NONE', #4758, .T. ) ;
#239 = SURFACE_STYLE_FILL_AREA ( #7517 ) ;
#240 = ORIENTED_EDGE ( 'NONE', *, *, #7146, .T. ) ;
#241 = DIRECTION ( 'NONE',  ( -1.000000000000000000, 0.000000000000000000, -0.000000000000000000 ) ) ;
#242 = ORIENTED_EDGE ( 'NONE', *, *, #6065, .F. ) ;
#243 = FACE_OUTER_BOUND ( 'NONE', #4474, .T. ) ;
#244 = CARTESIAN_POINT ( 'NONE',  ( 0.000000000000000000, 0.04035433070866142197, 0.09842519685039370636 ) ) ;
#245 = LINE ( 'NONE', #5224, #1479 ) ;
#246 = VERTEX_POINT ( 'NONE', #5976 ) ;
#247 = VECTOR ( 'NONE', #5223, 39.37007874015748143 ) ;
#248 = AXIS2_PLACEMENT_3D ( 'NONE', #2397, #4839, #3034 ) ;
#249 = SURFACE_STYLE_FILL_AREA ( #486 ) ;
#250 = ADVANCED_FACE ( 'NONE', ( #131 ), #727, .T. ) ;
#251 = MECHANICAL_DESIGN_GEOMETRIC_PRESENTATION_REPRESENTATION (  '', ( #6104 ), #2930 ) ;
#252 = ORIENTED_EDGE ( 'NONE', *, *, #1399, .T. ) ;
#253 = VECTOR ( 'NONE', #5600, 39.37007874015748143 ) ;
#254 = PRESENTATION_STYLE_ASSIGNMENT (( #1965 ) ) ;
#255 = CARTESIAN_POINT ( 'NONE',  ( 0.07874015748031495954, 0.04035433070866142197, 0.08267716535472441342 ) ) ;
#256 = FILL_AREA_STYLE ('',( #883 ) ) ;
#257 = APPLICATION_PROTOCOL_DEFINITION ( 'draft international standard', 'automotive_design', 1998, #5925 ) ;
#258 = CARTESIAN_POINT ( 'NONE',  ( -0.01968503937007873988, -0.2533195205921259796, 0.02492565335188976633 ) ) ;
#259 = MECHANICAL_DESIGN_GEOMETRIC_PRESENTATION_REPRESENTATION (  '', ( #4485 ), #2162 ) ;
#260 = CIRCLE ( 'NONE', #7617, 0.003937007874015747977 ) ;
#261 = PRESENTATION_STYLE_ASSIGNMENT (( #5817 ) ) ;
#262 = ADVANCED_FACE ( 'NONE', ( #4947 ), #6852, .F. ) ;
#263 = VERTEX_POINT ( 'NONE', #3797 ) ;
#264 = FACE_OUTER_BOUND ( 'NONE', #2558, .T. ) ;
#265 = VECTOR ( 'NONE', #3553, 39.37007874015748143 ) ;
#266 = FILL_AREA_STYLE ('',( #1573 ) ) ;
#267 =( GEOMETRIC_REPRESENTATION_CONTEXT ( 3 ) GLOBAL_UNCERTAINTY_ASSIGNED_CONTEXT ( ( #2926 ) ) GLOBAL_UNIT_ASSIGNED_CONTEXT ( ( #1034, #1218, #6820 ) ) REPRESENTATION_CONTEXT ( 'NONE', 'WORKASPACE' ) );
#268 = LINE ( 'NONE', #5709, #5053 ) ;
#269 = SURFACE_STYLE_FILL_AREA ( #5786 ) ;
#270 = MECHANICAL_DESIGN_GEOMETRIC_PRESENTATION_REPRESENTATION (  '', ( #2691 ), #1921 ) ;
#271 = EDGE_CURVE ( 'NONE', #5623, #6670, #2044, .T. ) ;
#272 =( NAMED_UNIT ( * ) SI_UNIT ( $, .STERADIAN. ) SOLID_ANGLE_UNIT ( ) );
#273 = DIRECTION ( 'NONE',  ( 0.000000000000000000, -0.000000000000000000, -1.000000000000000000 ) ) ;
#274 = VERTEX_POINT ( 'NONE', #460 ) ;
#275 = CARTESIAN_POINT ( 'NONE',  ( 0.1800760939070866484, -0.0006153978120464567193, 0.000000000000000000 ) ) ;
#276 = DIRECTION ( 'NONE',  ( -1.000000000000000000, 0.000000000000000000, 0.000000000000000000 ) ) ;
#277 = VECTOR ( 'NONE', #1291, 39.37007874015748143 ) ;
#278 =( LENGTH_UNIT ( ) NAMED_UNIT ( * ) SI_UNIT ( $, .METRE. ) );
#279 = ORIENTED_EDGE ( 'NONE', *, *, #5777, .F. ) ;
#280 = DIRECTION ( 'NONE',  ( -0.000000000000000000, -0.000000000000000000, -1.000000000000000000 ) ) ;
#281 =( CONVERSION_BASED_UNIT ( 'INCH', #7051 ) LENGTH_UNIT ( ) NAMED_UNIT ( #6036 ) );
#282 = UNCERTAINTY_MEASURE_WITH_UNIT (LENGTH_MEASURE( 1.000000000000000082E-05 ), #2940, 'distance_accuracy_value', 'NONE');
#283 = ORIENTED_EDGE ( 'NONE', *, *, #6019, .F. ) ;
#284 = FILL_AREA_STYLE ('',( #4576 ) ) ;
#285 = CARTESIAN_POINT ( 'NONE',  ( 0.000000000000000000, -0.1983960629326377845, 0.02492565335188976286 ) ) ;
#286 = EDGE_LOOP ( 'NONE', ( #7256, #3469, #4668, #5901 ) ) ;
#287 = AXIS2_PLACEMENT_3D ( 'NONE', #3425, #2823, #899 ) ;
#288 = CARTESIAN_POINT ( 'NONE',  ( -0.1800760939070866207, 0.1992328590562992274, 0.000000000000000000 ) ) ;
#289 =( NAMED_UNIT ( * ) SI_UNIT ( $, .STERADIAN. ) SOLID_ANGLE_UNIT ( ) );
#290 = ORIENTED_EDGE ( 'NONE', *, *, #1195, .F. ) ;
#291 = DIRECTION ( 'NONE',  ( 0.000000000000000000, -0.000000000000000000, 1.000000000000000000 ) ) ;
#292 = VERTEX_POINT ( 'NONE', #3597 ) ;
#293 =( CONVERSION_BASED_UNIT ( 'INCH', #4626 ) LENGTH_UNIT ( ) NAMED_UNIT ( #7153 ) );
#294 = DIRECTION ( 'NONE',  ( -0.000000000000000000, 1.000000000000000000, 0.000000000000000000 ) ) ;
#295 = SURFACE_SIDE_STYLE ('',( #5698 ) ) ;
#296 = APPLICATION_PROTOCOL_DEFINITION ( 'draft international standard', 'automotive_design', 1998, #6574 ) ;
#297 = LENGTH_MEASURE_WITH_UNIT ( LENGTH_MEASURE( 0.02539999999999999897 ), #4548 );
#298 = EDGE_CURVE ( 'NONE', #7410, #2794, #5894, .T. ) ;
#299 = STYLED_ITEM ( 'NONE', ( #6132 ), #6 ) ;
#300 = COLOUR_RGB ( '',0.7490196078431372584, 0.7490196078431372584, 0.7490196078431372584 ) ;
#301 = LINE ( 'NONE', #6358, #1459 ) ;
#302 = ORIENTED_EDGE ( 'NONE', *, *, #567, .F. ) ;
#303 =( CONVERSION_BASED_UNIT ( 'INCH', #6946 ) LENGTH_UNIT ( ) NAMED_UNIT ( #3590 ) );
#304 = LINE ( 'NONE', #3978, #174 ) ;
#305 = ORIENTED_EDGE ( 'NONE', *, *, #5629, .F. ) ;
#306 = PRESENTATION_STYLE_ASSIGNMENT (( #5781 ) ) ;
#307 = MECHANICAL_DESIGN_GEOMETRIC_PRESENTATION_REPRESENTATION (  '', ( #568 ), #5801 ) ;
#308 = DIRECTION ( 'NONE',  ( 0.7010151983298378298, -0.7131463326068347985, 0.000000000000000000 ) ) ;
#309 = PLANE ( 'NONE',  #6674 ) ;
#310 = ADVANCED_FACE ( 'NONE', ( #7692 ), #2931, .T. ) ;
#311 = LINE ( 'NONE', #2183, #6140 ) ;
#312 =( GEOMETRIC_REPRESENTATION_CONTEXT ( 3 ) GLOBAL_UNCERTAINTY_ASSIGNED_CONTEXT ( ( #7365 ) ) GLOBAL_UNIT_ASSIGNED_CONTEXT ( ( #1457, #320, #6337 ) ) REPRESENTATION_CONTEXT ( 'NONE', 'WORKASPACE' ) );
#313 = DIRECTION ( 'NONE',  ( 0.000000000000000000, 0.000000000000000000, 1.000000000000000000 ) ) ;
#314 = LENGTH_MEASURE_WITH_UNIT ( LENGTH_MEASURE( 0.02539999999999999897 ), #7081 );
#315 = ORIENTED_EDGE ( 'NONE', *, *, #2637, .T. ) ;
#316 = DIRECTION ( 'NONE',  ( -1.000000000000000000, 0.000000000000000000, -0.000000000000000000 ) ) ;
#317 = CARTESIAN_POINT ( 'NONE',  ( -0.1028445393700787441, 0.04035433070866142197, 0.09448818897637795144 ) ) ;
#318 = CARTESIAN_POINT ( 'NONE',  ( -0.1181102362204724532, -0.2651305442141732582, 0.02492565335188976286 ) ) ;
#319 = CARTESIAN_POINT ( 'NONE',  ( 0.1827946717203937643, -0.06603488399787402208, 0.09448818897637795144 ) ) ;
#320 =( NAMED_UNIT ( * ) PLANE_ANGLE_UNIT ( ) SI_UNIT ( $, .RADIAN. ) );
#321 = EDGE_LOOP ( 'NONE', ( #1988, #4617, #7674, #5192 ) ) ;
#322 = EDGE_CURVE ( 'NONE', #2746, #4695, #3634, .T. ) ;
#323 = SURFACE_SIDE_STYLE ('',( #5762 ) ) ;
#324 = MECHANICAL_DESIGN_GEOMETRIC_PRESENTATION_REPRESENTATION (  '', ( #1974 ), #5325 ) ;
#325 = COLOUR_RGB ( '',0.2784313725490196179, 0.2784313725490196179, 0.2784313725490196179 ) ;
#326 = CARTESIAN_POINT ( 'NONE',  ( 0.000000000000000000, 0.04035433070866142197, 0.09448818897637795144 ) ) ;
#327 = CARTESIAN_POINT ( 'NONE',  ( 0.05118110236220472370, 0.3147934927945275629, 0.007874015748031495954 ) ) ;
#328 = PLANE ( 'NONE',  #3562 ) ;
#329 = VERTEX_POINT ( 'NONE', #1799 ) ;
#330 = VECTOR ( 'NONE', #3543, 39.37007874015748143 ) ;
#331 = CARTESIAN_POINT ( 'NONE',  ( -0.05118110236220472370, 0.2563213514097637535, 0.007874015748031495954 ) ) ;
#332 = CONICAL_SURFACE ( 'NONE', #5450, 0.01968503937260312336, 0.7853981633974482790 ) ;
#333 = ORIENTED_EDGE ( 'NONE', *, *, #6661, .T. ) ;
#334 = COLOUR_RGB ( '',0.2784313725490196179, 0.2784313725490196179, 0.2784313725490196179 ) ;
#335 = CARTESIAN_POINT ( 'NONE',  ( 0.1170188464670723488, -0.2450787401575787450, 0.09842519685039370636 ) ) ;
#336 = VERTEX_POINT ( 'NONE', #4324 ) ;
#337 = SURFACE_SIDE_STYLE ('',( #4006 ) ) ;
#338 = CARTESIAN_POINT ( 'NONE',  ( 0.1827946717203937088, -0.06603488399787402208, 0.000000000000000000 ) ) ;
#339 =( NAMED_UNIT ( * ) SI_UNIT ( $, .STERADIAN. ) SOLID_ANGLE_UNIT ( ) );
#340 = CONTEXT_DEPENDENT_SHAPE_REPRESENTATION ( #5783, #2579 ) ;
#341 = VECTOR ( 'NONE', #4544, 39.37007874015748143 ) ;
#342 =( GEOMETRIC_REPRESENTATION_CONTEXT ( 3 ) GLOBAL_UNCERTAINTY_ASSIGNED_CONTEXT ( ( #3410 ) ) GLOBAL_UNIT_ASSIGNED_CONTEXT ( ( #2433, #2555, #4397 ) ) REPRESENTATION_CONTEXT ( 'NONE', 'WORKASPACE' ) );
#343 = VERTEX_POINT ( 'NONE', #6146 ) ;
#344 = PLANE ( 'NONE',  #1724 ) ;
#345 = COLOUR_RGB ( '',0.7490196078431372584, 0.7490196078431372584, 0.7490196078431372584 ) ;
#346 = FACE_OUTER_BOUND ( 'NONE', #4723, .T. ) ;
#347 = ORIENTED_EDGE ( 'NONE', *, *, #1051, .T. ) ;
#348 = AXIS2_PLACEMENT_3D ( 'NONE', #7556, #5206, #972 ) ;
#349 = PRESENTATION_STYLE_ASSIGNMENT (( #5824 ) ) ;
#350 = DIRECTION ( 'NONE',  ( 0.000000000000000000, 0.000000000000000000, -1.000000000000000000 ) ) ;
#351 =( CONVERSION_BASED_UNIT ( 'INCH', #4559 ) LENGTH_UNIT ( ) NAMED_UNIT ( #2941 ) );
#352 = DIRECTION ( 'NONE',  ( -0.000000000000000000, 1.000000000000000000, 0.000000000000000000 ) ) ;
#353 =( NAMED_UNIT ( * ) SI_UNIT ( $, .STERADIAN. ) SOLID_ANGLE_UNIT ( ) );
#354 = AXIS2_PLACEMENT_3D ( 'NONE', #7749, #2907, #7829 ) ;
#355 = PRESENTATION_STYLE_ASSIGNMENT (( #5788 ) ) ;
#356 = FACE_OUTER_BOUND ( 'NONE', #1622, .T. ) ;
#357 = VERTEX_POINT ( 'NONE', #3747 ) ;
#358 = SURFACE_STYLE_FILL_AREA ( #6417 ) ;
#359 = EDGE_CURVE ( 'NONE', #3393, #1381, #3044, .T. ) ;
#360 = FILL_AREA_STYLE ('',( #1544 ) ) ;
#361 = AXIS2_PLACEMENT_3D ( 'NONE', #3682, #3760, #2523 ) ;
#362 = ORIENTED_EDGE ( 'NONE', *, *, #6641, .F. ) ;
#363 = CARTESIAN_POINT ( 'NONE',  ( 0.1827946717203543514, -0.06934995292858267546, 0.01968503937007873988 ) ) ;
#365 = EDGE_CURVE ( 'NONE', #4589, #3883, #3122, .T. ) ;
#364 = UNCERTAINTY_MEASURE_WITH_UNIT (LENGTH_MEASURE( 1.000000000000000082E-05 ), #2783, 'distance_accuracy_value', 'NONE');
#366 = ORIENTED_EDGE ( 'NONE', *, *, #403, .T. ) ;
#367 = CYLINDRICAL_SURFACE ( 'NONE', #5869, 0.007874015748031495954 ) ;
#368 = FILL_AREA_STYLE ('',( #1375 ) ) ;
#369 = VERTEX_POINT ( 'NONE', #6184 ) ;
#370 = DIRECTION ( 'NONE',  ( -1.000000000000000000, 0.000000000000000000, 0.000000000000000000 ) ) ;
#371 = DIMENSIONAL_EXPONENTS ( 1.000000000000000000, 0.000000000000000000, 0.000000000000000000, 0.000000000000000000, 0.000000000000000000, 0.000000000000000000, 0.000000000000000000 ) ;
#373 = EDGE_CURVE ( 'NONE', #7534, #2825, #4893, .T. ) ;
#372 = UNCERTAINTY_MEASURE_WITH_UNIT (LENGTH_MEASURE( 1.000000000000000082E-05 ), #5401, 'distance_accuracy_value', 'NONE');
#374 = ORIENTED_EDGE ( 'NONE', *, *, #1053, .F. ) ;
#375 = ORIENTED_EDGE ( 'NONE', *, *, #5114, .F. ) ;
#376 = SURFACE_STYLE_FILL_AREA ( #7815 ) ;
#377 = PRESENTATION_LAYER_ASSIGNMENT (  '', '', ( #3802 ) ) ;
#378 = AXIS2_PLACEMENT_3D ( 'NONE', #3331, #5139, #7568 ) ;
#379 =( NAMED_UNIT ( * ) PLANE_ANGLE_UNIT ( ) SI_UNIT ( $, .RADIAN. ) );
#380 =( NAMED_UNIT ( * ) PLANE_ANGLE_UNIT ( ) SI_UNIT ( $, .RADIAN. ) );
#381 = PRESENTATION_LAYER_ASSIGNMENT (  '', '', ( #7361 ) ) ;
#382 = VECTOR ( 'NONE', #936, 39.37007874015748143 ) ;
#383 = VERTEX_POINT ( 'NONE', #5100 ) ;
#384 = DIRECTION ( 'NONE',  ( 0.000000000000000000, 0.000000000000000000, 1.000000000000000000 ) ) ;
#385 = DIMENSIONAL_EXPONENTS ( 1.000000000000000000, 0.000000000000000000, 0.000000000000000000, 0.000000000000000000, 0.000000000000000000, 0.000000000000000000, 0.000000000000000000 ) ;
#386 = ORIENTED_EDGE ( 'NONE', *, *, #6187, .T. ) ;
#387 = CARTESIAN_POINT ( 'NONE',  ( -0.05118110236220472370, 0.2523843435357480680, 0.02492565335188976286 ) ) ;
#388 = LINE ( 'NONE', #2138, #6895 ) ;
#389 = SURFACE_STYLE_USAGE ( .BOTH. , #4675 ) ;
#390 = LINE ( 'NONE', #6998, #4852 ) ;
#391 = SURFACE_STYLE_USAGE ( .BOTH. , #5200 ) ;
#392 = COLOUR_RGB ( '',0.7490196078431372584, 0.7490196078431372584, 0.7490196078431372584 ) ;
#393 = SURFACE_STYLE_USAGE ( .BOTH. , #3934 ) ;
#394 = CARTESIAN_POINT ( 'NONE',  ( 0.1827946717203937643, -0.1151975727482677236, 0.09448818897637795144 ) ) ;
#395 = STYLED_ITEM ( 'NONE', ( #3177 ), #1670 ) ;
#396 = SURFACE_SIDE_STYLE ('',( #6375 ) ) ;
#397 = VERTEX_POINT ( 'NONE', #3292 ) ;
#398 = AXIS2_PLACEMENT_3D ( 'NONE', #3540, #5400, #550 ) ;
#399 = PLANE ( 'NONE',  #4328 ) ;
#400 = CARTESIAN_POINT ( 'NONE',  ( -1.777545739647244141E-12, -0.01227691951566929271, 0.09842519685039370636 ) ) ;
#401 = PRESENTATION_LAYER_ASSIGNMENT (  '', '', ( #4620 ) ) ;
#402 = CIRCLE ( 'NONE', #6398, 0.1028445393700787441 ) ;
#403 = EDGE_CURVE ( 'NONE', #95, #7186, #104, .T. ) ;
#404 = ADVANCED_FACE ( 'NONE', ( #5225 ), #3909, .T. ) ;
#405 = LENGTH_MEASURE_WITH_UNIT ( LENGTH_MEASURE( 0.02539999999999999897 ), #5259 );
#406 = PRESENTATION_STYLE_ASSIGNMENT (( #1629 ) ) ;
#407 = CARTESIAN_POINT ( 'NONE',  ( 0.000000000000000000, 0.2641953671577952911, 0.007874015748031495954 ) ) ;
#408 = LINE ( 'NONE', #3479, #247 ) ;
#409 = CARTESIAN_POINT ( 'NONE',  ( 0.1377952755880268165, 0.04035433070866142197, -0.04330708661225397826 ) ) ;
#410 = DIRECTION ( 'NONE',  ( -0.000000000000000000, 1.000000000000000000, 0.000000000000000000 ) ) ;
#411 = EDGE_LOOP ( 'NONE', ( #6906, #3864 ) ) ;
#412 = ADVANCED_FACE ( 'NONE', ( #3998 ), #328, .T. ) ;
#413 =( LENGTH_UNIT ( ) NAMED_UNIT ( * ) SI_UNIT ( $, .METRE. ) );
#414 = ORIENTED_EDGE ( 'NONE', *, *, #7743, .T. ) ;
#415 = EDGE_LOOP ( 'NONE', ( #4285, #6138, #1790, #5820 ) ) ;
#416 = DIRECTION ( 'NONE',  ( -0.000000000000000000, -0.000000000000000000, -1.000000000000000000 ) ) ;
#417 = DIRECTION ( 'NONE',  ( 1.000000000000000000, 0.000000000000000000, 0.000000000000000000 ) ) ;
#418 = PRESENTATION_LAYER_ASSIGNMENT (  '', '', ( #6892 ) ) ;
#419 = EDGE_CURVE ( 'NONE', #7011, #1311, #1523, .T. ) ;
#420 = LINE ( 'NONE', #2849, #2491 ) ;
#421 = VECTOR ( 'NONE', #3929, 39.37007874015748143 ) ;
#422 = ORIENTED_EDGE ( 'NONE', *, *, #7205, .F. ) ;
#423 = PRESENTATION_STYLE_ASSIGNMENT (( #6587 ) ) ;
#424 =( NAMED_UNIT ( * ) SI_UNIT ( $, .STERADIAN. ) SOLID_ANGLE_UNIT ( ) );
#425 = ORIENTED_EDGE ( 'NONE', *, *, #3801, .F. ) ;
#426 = CARTESIAN_POINT ( 'NONE',  ( 0.1761390860343700904, 0.1952958511832283695, 0.09448818897637795144 ) ) ;
#427 = DIMENSIONAL_EXPONENTS ( 1.000000000000000000, 0.000000000000000000, 0.000000000000000000, 0.000000000000000000, 0.000000000000000000, 0.000000000000000000, 0.000000000000000000 ) ;
#428 =( CONVERSION_BASED_UNIT ( 'INCH', #5158 ) LENGTH_UNIT ( ) NAMED_UNIT ( #3397 ) );
#429 =( GEOMETRIC_REPRESENTATION_CONTEXT ( 3 ) GLOBAL_UNCERTAINTY_ASSIGNED_CONTEXT ( ( #6212 ) ) GLOBAL_UNIT_ASSIGNED_CONTEXT ( ( #428, #3384, #2180 ) ) REPRESENTATION_CONTEXT ( 'NONE', 'WORKASPACE' ) );
#430 = CARTESIAN_POINT ( 'NONE',  ( -0.1811757777647901579, 0.1889558061521260102, 0.09842519685076914215 ) ) ;
#431 = DIRECTION ( 'NONE',  ( 1.000000000000000000, 0.000000000000000000, -0.000000000000000000 ) ) ;
#432 = DIRECTION ( 'NONE',  ( -0.7010151984155689187, -0.7131463325225618766, -0.000000000000000000 ) ) ;
#433 = DIRECTION ( 'NONE',  ( 0.000000000000000000, -0.000000000000000000, -1.000000000000000000 ) ) ;
#434 = ORIENTED_EDGE ( 'NONE', *, *, #3924, .T. ) ;
#435 = LINE ( 'NONE', #1742, #3390 ) ;
#436 = SURFACE_STYLE_USAGE ( .BOTH. , #2229 ) ;
#437 = DIRECTION ( 'NONE',  ( -1.000000000000000000, -0.000000000000000000, -0.000000000000000000 ) ) ;
#438 = SURFACE_SIDE_STYLE ('',( #1664 ) ) ;
#439 = VERTEX_POINT ( 'NONE', #1050 ) ;
#440 = PRESENTATION_STYLE_ASSIGNMENT (( #5877 ) ) ;
#441 = DIMENSIONAL_EXPONENTS ( 1.000000000000000000, 0.000000000000000000, 0.000000000000000000, 0.000000000000000000, 0.000000000000000000, 0.000000000000000000, 0.000000000000000000 ) ;
#442 = VECTOR ( 'NONE', #1028, 39.37007874015748143 ) ;
#443 = CARTESIAN_POINT ( 'NONE',  ( 0.1761390860343700904, -0.01227691951566929271, 0.09448818897637795144 ) ) ;
#444 = STYLED_ITEM ( 'NONE', ( #5599 ), #5525 ) ;
#445 = LINE ( 'NONE', #6610, #4251 ) ;
#446 = PRESENTATION_STYLE_ASSIGNMENT (( #3480 ) ) ;
#447 = EDGE_CURVE ( 'NONE', #4319, #5146, #3517, .T. ) ;
#448 = DIMENSIONAL_EXPONENTS ( 1.000000000000000000, 0.000000000000000000, 0.000000000000000000, 0.000000000000000000, 0.000000000000000000, 0.000000000000000000, 0.000000000000000000 ) ;
#449 = ORIENTED_EDGE ( 'NONE', *, *, #2848, .T. ) ;
#450 = DIMENSIONAL_EXPONENTS ( 1.000000000000000000, 0.000000000000000000, 0.000000000000000000, 0.000000000000000000, 0.000000000000000000, 0.000000000000000000, 0.000000000000000000 ) ;
#451 = PRESENTATION_LAYER_ASSIGNMENT (  '', '', ( #5702 ) ) ;
#452 = SURFACE_SIDE_STYLE ('',( #5265 ) ) ;
#453 = STYLED_ITEM ( 'NONE', ( #6911 ), #5889 ) ;
#454 = VECTOR ( 'NONE', #7422, 39.37007874015748143 ) ;
#455 = UNCERTAINTY_MEASURE_WITH_UNIT (LENGTH_MEASURE( 1.000000000000000082E-05 ), #530, 'distance_accuracy_value', 'NONE');
#456 = LINE ( 'NONE', #2369, #4744 ) ;
#457 = EDGE_CURVE ( 'NONE', #6176, #246, #7767, .T. ) ;
#458 = FILL_AREA_STYLE ('',( #7212 ) ) ;
#459 = VECTOR ( 'NONE', #7557, 39.37007874015748143 ) ;
#460 = CARTESIAN_POINT ( 'NONE',  ( 0.05905511811023914093, -0.01172738801307927382, 0.09842519685039370636 ) ) ;
#461 = DIRECTION ( 'NONE',  ( 0.000000000000000000, -1.000000000000000000, -0.000000000000000000 ) ) ;
#462 =( NAMED_UNIT ( * ) PLANE_ANGLE_UNIT ( ) SI_UNIT ( $, .RADIAN. ) );
#463 = DIRECTION ( 'NONE',  ( -1.000000000000000000, 0.000000000000000000, -0.000000000000000000 ) ) ;
#464 = VECTOR ( 'NONE', #4454, 39.37007874015748143 ) ;
#465 = EDGE_LOOP ( 'NONE', ( #6863, #3417, #7450, #5789 ) ) ;
#466 = LINE ( 'NONE', #3530, #2377 ) ;
#467 = CARTESIAN_POINT ( 'NONE',  ( -0.1788576638464173252, -0.1040084880705905435, 0.09448818897637795144 ) ) ;
#468 =( CONVERSION_BASED_UNIT ( 'INCH', #1030 ) LENGTH_UNIT ( ) NAMED_UNIT ( #3535 ) );
#469 = ADVANCED_FACE ( 'NONE', ( #2328 ), #526, .T. ) ;
#470 = LENGTH_MEASURE_WITH_UNIT ( LENGTH_MEASURE( 0.02539999999999999897 ), #6522 );
#471 = STYLED_ITEM ( 'NONE', ( #158 ), #3308 ) ;
#472 = AXIS2_PLACEMENT_3D ( 'NONE', #2684, #5144, #1382 ) ;
#473 = COLOUR_RGB ( '',0.2784313725490196179, 0.2784313725490196179, 0.2784313725490196179 ) ;
#474 = MECHANICAL_DESIGN_GEOMETRIC_PRESENTATION_REPRESENTATION (  '', ( #1867 ), #1200 ) ;
#475 = ORIENTED_EDGE ( 'NONE', *, *, #4159, .T. ) ;
#476 = FILL_AREA_STYLE ('',( #4183 ) ) ;
#477 = DIRECTION ( 'NONE',  ( 0.000000000000000000, 0.000000000000000000, 1.000000000000000000 ) ) ;
#478 = EDGE_CURVE ( 'NONE', #329, #3249, #6606, .T. ) ;
#479 = FACE_OUTER_BOUND ( 'NONE', #6226, .T. ) ;
#480 =( CONVERSION_BASED_UNIT ( 'INCH', #4603 ) LENGTH_UNIT ( ) NAMED_UNIT ( #7870 ) );
#481 = DIRECTION ( 'NONE',  ( -1.000000000000000000, 0.000000000000000000, 0.000000000000000000 ) ) ;
#482 = DIMENSIONAL_EXPONENTS ( 1.000000000000000000, 0.000000000000000000, 0.000000000000000000, 0.000000000000000000, 0.000000000000000000, 0.000000000000000000, 0.000000000000000000 ) ;
#483 = STYLED_ITEM ( 'NONE', ( #861 ), #3537 ) ;
#484 = ADVANCED_BREP_SHAPE_REPRESENTATION ( '', ( #3278, #1997 ), #1496 ) ;
#485 =( CONVERSION_BASED_UNIT ( 'INCH', #5950 ) LENGTH_UNIT ( ) NAMED_UNIT ( #4831 ) );
#486 = FILL_AREA_STYLE ('',( #1669 ) ) ;
#487 = MECHANICAL_DESIGN_GEOMETRIC_PRESENTATION_REPRESENTATION (  '', ( #849 ), #7089 ) ;
#488 = CIRCLE ( 'NONE', #725, 0.01968503937007875723 ) ;
#489 = PRESENTATION_STYLE_ASSIGNMENT (( #5954 ) ) ;
#490 = CARTESIAN_POINT ( 'NONE',  ( 0.1181102362204724532, -0.1983960629326377845, 0.02492565335188976286 ) ) ;
#491 = EDGE_LOOP ( 'NONE', ( #5272, #2518, #1570, #7582 ) ) ;
#492 = FILL_AREA_STYLE ('',( #1054 ) ) ;
#493 = DIMENSIONAL_EXPONENTS ( 1.000000000000000000, 0.000000000000000000, 0.000000000000000000, 0.000000000000000000, 0.000000000000000000, 0.000000000000000000, 0.000000000000000000 ) ;
#494 = CARTESIAN_POINT ( 'NONE',  ( 0.05118110236220472370, 0.3147934927945275629, 0.000000000000000000 ) ) ;
#495 = ORIENTED_EDGE ( 'NONE', *, *, #1063, .T. ) ;
#496 = CARTESIAN_POINT ( 'NONE',  ( -1.777545739647244141E-12, 0.1237520663915748081, 0.09448818897637795144 ) ) ;
#497 = SURFACE_STYLE_USAGE ( .BOTH. , #3557 ) ;
#498 = DIRECTION ( 'NONE',  ( -0.000000000000000000, 0.000000000000000000, -1.000000000000000000 ) ) ;
#499 = EDGE_CURVE ( 'NONE', #2678, #1581, #4043, .T. ) ;
#500 = MECHANICAL_DESIGN_GEOMETRIC_PRESENTATION_REPRESENTATION (  '', ( #745 ), #1360 ) ;
#501 = EDGE_LOOP ( 'NONE', ( #3183, #5498, #495, #170 ) ) ;
#502 = SURFACE_SIDE_STYLE ('',( #2894 ) ) ;
#503 = DIRECTION ( 'NONE',  ( 0.000000000000000000, -0.000000000000000000, 1.000000000000000000 ) ) ;
#504 = FILL_AREA_STYLE ('',( #3534 ) ) ;
#505 = CARTESIAN_POINT ( 'NONE',  ( -0.09842519685039370636, -0.2651305442141732582, 0.007874015748031495954 ) ) ;
#506 =( LENGTH_UNIT ( ) NAMED_UNIT ( * ) SI_UNIT ( $, .METRE. ) );
#507 = AXIS2_PLACEMENT_3D ( 'NONE', #6591, #5358, #6629 ) ;
#508 = EDGE_CURVE ( 'NONE', #2794, #95, #2836, .T. ) ;
#509 = DIRECTION ( 'NONE',  ( 1.000000000000000000, 0.000000000000000000, -0.000000000000000000 ) ) ;
#510 = SURFACE_STYLE_FILL_AREA ( #5364 ) ;
#511 = ORIENTED_EDGE ( 'NONE', *, *, #4302, .T. ) ;
#512 = CARTESIAN_POINT ( 'NONE',  ( 0.1867316795943700647, -0.1040084880705905435, 0.09842519685039370636 ) ) ;
#513 =( CONVERSION_BASED_UNIT ( 'INCH', #3613 ) LENGTH_UNIT ( ) NAMED_UNIT ( #4074 ) );
#514 = CIRCLE ( 'NONE', #4990, 0.007874015748031495954 ) ;
#515 = STYLED_ITEM ( 'NONE', ( #26 ), #518 ) ;
#516 = SURFACE_SIDE_STYLE ('',( #18 ) ) ;
#517 = DIRECTION ( 'NONE',  ( 0.000000000000000000, -0.000000000000000000, -1.000000000000000000 ) ) ;
#518 = ADVANCED_FACE ( 'NONE', ( #3164 ), #4318, .T. ) ;
#519 = AXIS2_PLACEMENT_3D ( 'NONE', #7411, #3094, #3759 ) ;
#520 = STYLED_ITEM ( 'NONE', ( #7080 ), #4358 ) ;
#521 =( CONVERSION_BASED_UNIT ( 'INCH', #7315 ) LENGTH_UNIT ( ) NAMED_UNIT ( #2769 ) );
#522 = CARTESIAN_POINT ( 'NONE',  ( -0.06329531094598424279, 0.2490157480314960647, -2.764769500802479273E-94 ) ) ;
#523 = PRESENTATION_STYLE_ASSIGNMENT (( #634 ) ) ;
#524 = CARTESIAN_POINT ( 'NONE',  ( 0.1028445393700787441, 0.04035433070866142891, 0.09842519685039370636 ) ) ;
#525 = CIRCLE ( 'NONE', #2318, 0.003937007874015747977 ) ;
#526 = PLANE ( 'NONE',  #5620 ) ;
#527 = VECTOR ( 'NONE', #4287, 39.37007874015748143 ) ;
#528 = EDGE_LOOP ( 'NONE', ( #3868, #6472 ) ) ;
#529 = CARTESIAN_POINT ( 'NONE',  ( -0.05118110236220472370, 0.2523843435357480680, 0.02098864547787401835 ) ) ;
#530 =( CONVERSION_BASED_UNIT ( 'INCH', #2332 ) LENGTH_UNIT ( ) NAMED_UNIT ( #4624 ) );
#531 = DIMENSIONAL_EXPONENTS ( 1.000000000000000000, 0.000000000000000000, 0.000000000000000000, 0.000000000000000000, 0.000000000000000000, 0.000000000000000000, 0.000000000000000000 ) ;
#532 =( GEOMETRIC_REPRESENTATION_CONTEXT ( 3 ) GLOBAL_UNCERTAINTY_ASSIGNED_CONTEXT ( ( #7282 ) ) GLOBAL_UNIT_ASSIGNED_CONTEXT ( ( #4460, #2520, #4983 ) ) REPRESENTATION_CONTEXT ( 'NONE', 'WORKASPACE' ) );
#533 = UNCERTAINTY_MEASURE_WITH_UNIT (LENGTH_MEASURE( 1.000000000000000082E-05 ), #3602, 'distance_accuracy_value', 'NONE');
#534 = VERTEX_POINT ( 'NONE', #6757 ) ;
#535 = LENGTH_MEASURE_WITH_UNIT ( LENGTH_MEASURE( 0.02539999999999999897 ), #3595 );
#536 = SURFACE_STYLE_USAGE ( .BOTH. , #6514 ) ;
#537 = SURFACE_STYLE_FILL_AREA ( #6000 ) ;
#538 = DIRECTION ( 'NONE',  ( -1.000000000000000000, 4.445400466247999577E-16, 0.000000000000000000 ) ) ;
#539 =( CONVERSION_BASED_UNIT ( 'INCH', #3558 ) LENGTH_UNIT ( ) NAMED_UNIT ( #1589 ) );
#540 = ORIENTED_EDGE ( 'NONE', *, *, #6250, .F. ) ;
#541 = ORIENTED_EDGE ( 'NONE', *, *, #7654, .F. ) ;
#542 = DIRECTION ( 'NONE',  ( 4.512561924732999726E-16, 1.000000000000000000, 0.000000000000000000 ) ) ;
#543 = ORIENTED_EDGE ( 'NONE', *, *, #4720, .F. ) ;
#544 = CARTESIAN_POINT ( 'NONE',  ( 0.1840131017811023617, 0.1889558061521260102, 0.01968503937007873988 ) ) ;
#545 = LINE ( 'NONE', #5464, #2932 ) ;
#546 = ADVANCED_FACE ( 'NONE', ( #7321 ), #3705, .T. ) ;
#547 = EDGE_CURVE ( 'NONE', #1237, #3120, #3780, .T. ) ;
#548 = VECTOR ( 'NONE', #1497, 39.37007874015748143 ) ;
#549 = FACE_OUTER_BOUND ( 'NONE', #1817, .T. ) ;
#550 = DIRECTION ( 'NONE',  ( 0.000000000000000000, 0.000000000000000000, 1.000000000000000000 ) ) ;
#551 = VERTEX_POINT ( 'NONE', #5516 ) ;
#552 = SURFACE_STYLE_USAGE ( .BOTH. , #4184 ) ;
#553 = ORIENTED_EDGE ( 'NONE', *, *, #7405, .T. ) ;
#554 = DIMENSIONAL_EXPONENTS ( 1.000000000000000000, 0.000000000000000000, 0.000000000000000000, 0.000000000000000000, 0.000000000000000000, 0.000000000000000000, 0.000000000000000000 ) ;
#555 = CARTESIAN_POINT ( 'NONE',  ( -0.05118110236220472370, 0.2641953671577952911, 0.007874015748031495954 ) ) ;
#556 = ORIENTED_EDGE ( 'NONE', *, *, #4906, .F. ) ;
#557 = FILL_AREA_STYLE ('',( #3580 ) ) ;
#558 = EDGE_CURVE ( 'NONE', #1834, #6176, #1833, .T. ) ;
#559 = LINE ( 'NONE', #4838, #7425 ) ;
#560 = SURFACE_STYLE_USAGE ( .BOTH. , #4798 ) ;
#561 = PLANE ( 'NONE',  #248 ) ;
#562 = SURFACE_STYLE_FILL_AREA ( #4884 ) ;
#563 = CARTESIAN_POINT ( 'NONE',  ( -0.06329531094598425667, 0.2490157480314960647, 0.000000000000000000 ) ) ;
#564 = PLANE ( 'NONE',  #3729 ) ;
#565 = VERTEX_POINT ( 'NONE', #638 ) ;
#566 = PLANE ( 'NONE',  #7207 ) ;
#567 = EDGE_CURVE ( 'NONE', #1245, #1569, #1105, .T. ) ;
#569 =( NAMED_UNIT ( * ) SI_UNIT ( $, .STERADIAN. ) SOLID_ANGLE_UNIT ( ) );
#568 = STYLED_ITEM ( 'NONE', ( #4716 ), #5439 ) ;
#570 = VERTEX_POINT ( 'NONE', #5828 ) ;
#571 = STYLED_ITEM ( 'NONE', ( #4530 ), #5602 ) ;
#572 = ORIENTED_EDGE ( 'NONE', *, *, #508, .T. ) ;
#573 = FACE_OUTER_BOUND ( 'NONE', #7604, .T. ) ;
#574 = PRESENTATION_STYLE_ASSIGNMENT (( #1162 ) ) ;
#575 = DIRECTION ( 'NONE',  ( -0.000000000000000000, 1.000000000000000000, 0.000000000000000000 ) ) ;
#576 = VECTOR ( 'NONE', #1085, 39.37007874015748143 ) ;
#577 = CARTESIAN_POINT ( 'NONE',  ( 0.2047244094462598307, 0.1237520663915748081, 0.09448818897637795144 ) ) ;
#578 = ORIENTED_EDGE ( 'NONE', *, *, #6464, .T. ) ;
#579 = VECTOR ( 'NONE', #5656, 39.37007874015748143 ) ;
#580 =( NAMED_UNIT ( * ) PLANE_ANGLE_UNIT ( ) SI_UNIT ( $, .RADIAN. ) );
#581 =( NAMED_UNIT ( * ) PLANE_ANGLE_UNIT ( ) SI_UNIT ( $, .RADIAN. ) );
#582 = ORIENTED_EDGE ( 'NONE', *, *, #3667, .T. ) ;
#583 = FILL_AREA_STYLE ('',( #6660 ) ) ;
#584 =( NAMED_UNIT ( * ) SI_UNIT ( $, .STERADIAN. ) SOLID_ANGLE_UNIT ( ) );
#585 = FACE_OUTER_BOUND ( 'NONE', #2779, .T. ) ;
#586 = CONICAL_SURFACE ( 'NONE', #1313, 0.01968503937260312336, 0.7853981633974482790 ) ;
#587 = MECHANICAL_DESIGN_GEOMETRIC_PRESENTATION_REPRESENTATION (  '', ( #1318 ), #1850 ) ;
#588 = DIRECTION ( 'NONE',  ( 0.000000000000000000, -1.000000000000000000, 0.000000000000000000 ) ) ;
#589 = PRESENTATION_LAYER_ASSIGNMENT (  '', '', ( #7272 ) ) ;
#590 =( LENGTH_UNIT ( ) NAMED_UNIT ( * ) SI_UNIT ( $, .METRE. ) );
#591 = VERTEX_POINT ( 'NONE', #5324 ) ;
#592 = DIRECTION ( 'NONE',  ( 1.000000000000000000, 0.000000000000000000, 0.000000000000000000 ) ) ;
#593 = FACE_OUTER_BOUND ( 'NONE', #6222, .T. ) ;
#594 = VERTEX_POINT ( 'NONE', #2857 ) ;
#595 = STYLED_ITEM ( 'NONE', ( #6932 ), #3139 ) ;
#596 = SURFACE_STYLE_USAGE ( .BOTH. , #516 ) ;
#597 = SURFACE_STYLE_FILL_AREA ( #2915 ) ;
#598 = MECHANICAL_DESIGN_GEOMETRIC_PRESENTATION_REPRESENTATION (  '', ( #5956 ), #342 ) ;
#599 = EDGE_CURVE ( 'NONE', #6887, #1613, #5867, .T. ) ;
#600 = FILL_AREA_STYLE ('',( #1233 ) ) ;
#601 = SURFACE_SIDE_STYLE ('',( #6059 ) ) ;
#602 = FACE_OUTER_BOUND ( 'NONE', #3142, .T. ) ;
#603 = ORIENTED_EDGE ( 'NONE', *, *, #7802, .T. ) ;
#604 = ORIENTED_EDGE ( 'NONE', *, *, #7216, .T. ) ;
#605 = STYLED_ITEM ( 'NONE', ( #38 ), #3982 ) ;
#606 = EDGE_CURVE ( 'NONE', #6917, #2600, #1536, .T. ) ;
#607 = UNCERTAINTY_MEASURE_WITH_UNIT (LENGTH_MEASURE( 1.000000000000000082E-05 ), #4790, 'distance_accuracy_value', 'NONE');
#608 = SURFACE_SIDE_STYLE ('',( #1798 ) ) ;
#609 = LENGTH_MEASURE_WITH_UNIT ( LENGTH_MEASURE( 0.02539999999999999897 ), #34 );
#610 =( GEOMETRIC_REPRESENTATION_CONTEXT ( 3 ) GLOBAL_UNCERTAINTY_ASSIGNED_CONTEXT ( ( #6272 ) ) GLOBAL_UNIT_ASSIGNED_CONTEXT ( ( #4789, #4250, #584 ) ) REPRESENTATION_CONTEXT ( 'NONE', 'WORKASPACE' ) );
#611 = STYLED_ITEM ( 'NONE', ( #5797 ), #4115 ) ;
#612 = CARTESIAN_POINT ( 'NONE',  ( -0.1186694271012985052, -0.2490157480314953431, 0.000000000000000000 ) ) ;
#613 = EDGE_CURVE ( 'NONE', #5378, #7057, #6451, .T. ) ;
#614 = CARTESIAN_POINT ( 'NONE',  ( 0.05118110236220472370, 0.1878684657093700749, 0.003937007874015747977 ) ) ;
#615 = ORIENTED_EDGE ( 'NONE', *, *, #6402, .F. ) ;
#616 = FILL_AREA_STYLE ('',( #7335 ) ) ;
#617 = ORIENTED_EDGE ( 'NONE', *, *, #965, .T. ) ;
#618 =( LENGTH_UNIT ( ) NAMED_UNIT ( * ) SI_UNIT ( $, .METRE. ) );
#619 =( NAMED_UNIT ( * ) PLANE_ANGLE_UNIT ( ) SI_UNIT ( $, .RADIAN. ) );
#620 = SURFACE_STYLE_USAGE ( .BOTH. , #6663 ) ;
#621 = DIRECTION ( 'NONE',  ( 0.000000000000000000, 0.000000000000000000, -1.000000000000000000 ) ) ;
#622 =( NAMED_UNIT ( * ) SI_UNIT ( $, .STERADIAN. ) SOLID_ANGLE_UNIT ( ) );
#623 = EDGE_LOOP ( 'NONE', ( #1366, #3208, #4487, #6948 ) ) ;
#624 = CARTESIAN_POINT ( 'NONE',  ( -0.06329531094598425667, 0.2490157480314960647, 0.000000000000000000 ) ) ;
#625 = ORIENTED_EDGE ( 'NONE', *, *, #3667, .F. ) ;
#626 = FACE_OUTER_BOUND ( 'NONE', #6283, .T. ) ;
#627 = ORIENTED_EDGE ( 'NONE', *, *, #6122, .T. ) ;
#628 = AXIS2_PLACEMENT_3D ( 'NONE', #4235, #3586, #1152 ) ;
#629 = UNCERTAINTY_MEASURE_WITH_UNIT (LENGTH_MEASURE( 1.000000000000000082E-05 ), #1338, 'distance_accuracy_value', 'NONE');
#630 = AXIS2_PLACEMENT_3D ( 'NONE', #5832, #900, #3318 ) ;
#631 = PRESENTATION_STYLE_ASSIGNMENT (( #7197 ) ) ;
#632 = PRESENTATION_LAYER_ASSIGNMENT (  '', '', ( #5989 ) ) ;
#633 = CARTESIAN_POINT ( 'NONE',  ( -0.09199170751952756575, -0.0006153978120464567193, 0.09448818897637795144 ) ) ;
#634 = SURFACE_STYLE_USAGE ( .BOTH. , #5413 ) ;
#635 =( LENGTH_UNIT ( ) NAMED_UNIT ( * ) SI_UNIT ( $, .METRE. ) );
#636 = ORIENTED_EDGE ( 'NONE', *, *, #359, .F. ) ;
#637 = FILL_AREA_STYLE ('',( #4843 ) ) ;
#638 = CARTESIAN_POINT ( 'NONE',  ( -0.1181102362204724532, -0.2572565284661417206, 0.03279966909992126228 ) ) ;
#639 = EDGE_CURVE ( 'NONE', #694, #7439, #390, .T. ) ;
#640 = EDGE_LOOP ( 'NONE', ( #1486, #2714, #1297, #3007, #2075, #3664, #3365 ) ) ;
#641 = EDGE_CURVE ( 'NONE', #5037, #3277, #5380, .T. ) ;
#642 = MECHANICAL_DESIGN_GEOMETRIC_PRESENTATION_REPRESENTATION (  '', ( #7501 ), #5881 ) ;
#643 = STYLED_ITEM ( 'NONE', ( #4509 ), #1704 ) ;
#644 = DIRECTION ( 'NONE',  ( 0.000000000000000000, 0.000000000000000000, -1.000000000000000000 ) ) ;
#645 =( NAMED_UNIT ( * ) PLANE_ANGLE_UNIT ( ) SI_UNIT ( $, .RADIAN. ) );
#646 = ADVANCED_FACE ( 'NONE', ( #2262 ), #4067, .F. ) ;
#647 = LINE ( 'NONE', #6725, #1258 ) ;
#648 = FACE_OUTER_BOUND ( 'NONE', #2219, .T. ) ;
#649 = DIRECTION ( 'NONE',  ( -0.000000000000000000, 0.000000000000000000, 1.000000000000000000 ) ) ;
#650 = ORIENTED_EDGE ( 'NONE', *, *, #218, .F. ) ;
#651 = FILL_AREA_STYLE_COLOUR ( '', #3594 ) ;
#652 =( LENGTH_UNIT ( ) NAMED_UNIT ( * ) SI_UNIT ( $, .METRE. ) );
#653 = MECHANICAL_DESIGN_GEOMETRIC_PRESENTATION_REPRESENTATION (  '', ( #6517 ), #1672 ) ;
#654 = B_SPLINE_CURVE_WITH_KNOTS ( 'NONE', 3,
 ( #7543, #3344, #3309, #3974, #2132, #5189 ),
 .UNSPECIFIED., .F., .F.,
 ( 4, 2, 4 ),
 ( 0.000000000000000000, 0.5000000000000000000, 1.000000000000000000 ),
 .UNSPECIFIED. ) ;
#655 = SURFACE_SIDE_STYLE ('',( #6120 ) ) ;
#656 = ADVANCED_FACE ( 'NONE', ( #2585 ), #2741, .T. ) ;
#657 = MECHANICAL_DESIGN_GEOMETRIC_PRESENTATION_REPRESENTATION (  '', ( #4114 ), #3840 ) ;
#658 =( NAMED_UNIT ( * ) SI_UNIT ( $, .STERADIAN. ) SOLID_ANGLE_UNIT ( ) );
#659 = EDGE_LOOP ( 'NONE', ( #6965, #5527, #973, #723 ) ) ;
#660 = EDGE_LOOP ( 'NONE', ( #1052, #2269, #578, #6883 ) ) ;
#661 =( NAMED_UNIT ( * ) SI_UNIT ( $, .STERADIAN. ) SOLID_ANGLE_UNIT ( ) );
#662 = DIRECTION ( 'NONE',  ( 1.000000000000000000, 0.000000000000000000, 0.000000000000000000 ) ) ;
#663 = VERTEX_POINT ( 'NONE', #1813 ) ;
#664 = FACE_OUTER_BOUND ( 'NONE', #3959, .T. ) ;
#665 = DIRECTION ( 'NONE',  ( -1.000000000000000000, -0.000000000000000000, -0.000000000000000000 ) ) ;
#666 =( LENGTH_UNIT ( ) NAMED_UNIT ( * ) SI_UNIT ( $, .METRE. ) );
#667 = ORIENTED_EDGE ( 'NONE', *, *, #2001, .F. ) ;
#668 = ORIENTED_EDGE ( 'NONE', *, *, #6216, .T. ) ;
#669 = AXIS2_PLACEMENT_3D ( 'NONE', #1616, #3930, #350 ) ;
#670 = SURFACE_STYLE_FILL_AREA ( #6141 ) ;
#671 = EDGE_CURVE ( 'NONE', #6670, #5263, #2383, .T. ) ;
#672 = UNCERTAINTY_MEASURE_WITH_UNIT (LENGTH_MEASURE( 1.000000000000000082E-05 ), #6383, 'distance_accuracy_value', 'NONE');
#673 = PRESENTATION_LAYER_ASSIGNMENT (  '', '', ( #33 ) ) ;
#674 = CARTESIAN_POINT ( 'NONE',  ( 0.1827946717203937088, -0.06603488399787402208, 0.000000000000000000 ) ) ;
#675 = SURFACE_SIDE_STYLE ('',( #3713 ) ) ;
#676 = AXIS2_PLACEMENT_3D ( 'NONE', #4439, #2709, #785 ) ;
#677 = FILL_AREA_STYLE ('',( #1251 ) ) ;
#678 = DIRECTION ( 'NONE',  ( -1.000000000000000000, -0.000000000000000000, -0.000000000000000000 ) ) ;
#679 = DIMENSIONAL_EXPONENTS ( 1.000000000000000000, 0.000000000000000000, 0.000000000000000000, 0.000000000000000000, 0.000000000000000000, 0.000000000000000000, 0.000000000000000000 ) ;
#680 = ADVANCED_FACE ( 'NONE', ( #585 ), #2902, .T. ) ;
#681 = ORIENTED_EDGE ( 'NONE', *, *, #5007, .T. ) ;
#682 =( CONVERSION_BASED_UNIT ( 'INCH', #5028 ) LENGTH_UNIT ( ) NAMED_UNIT ( #5297 ) );
#683 = DIRECTION ( 'NONE',  ( -1.000000000000000000, 0.000000000000000000, 0.000000000000000000 ) ) ;
#684 = ORIENTED_EDGE ( 'NONE', *, *, #5048, .F. ) ;
#685 = SURFACE_STYLE_FILL_AREA ( #504 ) ;
#686 = CARTESIAN_POINT ( 'NONE',  ( 0.000000000000000000, 0.2563213514097637535, 0.03279966909992126228 ) ) ;
#687 = LINE ( 'NONE', #1260, #7223 ) ;
#688 = LENGTH_MEASURE_WITH_UNIT ( LENGTH_MEASURE( 0.02539999999999999897 ), #3685 );
#689 = AXIS2_PLACEMENT_3D ( 'NONE', #7869, #3615, #7268 ) ;
#690 = MECHANICAL_DESIGN_GEOMETRIC_PRESENTATION_REPRESENTATION (  '', ( #3262 ), #5185 ) ;
#691 = EDGE_CURVE ( 'NONE', #534, #3174, #687, .T. ) ;
#692 = CARTESIAN_POINT ( 'NONE',  ( -0.1181102362204724671, -0.1983960629326377845, 0.02492565335188976286 ) ) ;
#693 = EDGE_LOOP ( 'NONE', ( #3165, #820, #4458, #6810, #27, #5538, #178, #1372, #6922, #7565, #1170, #2712 ) ) ;
#694 = VERTEX_POINT ( 'NONE', #3136 ) ;
#695 = PRESENTATION_STYLE_ASSIGNMENT (( #4425 ) ) ;
#696 = DIRECTION ( 'NONE',  ( 1.000000000000000000, 0.000000000000000000, -0.000000000000000000 ) ) ;
#697 = ORIENTED_EDGE ( 'NONE', *, *, #671, .F. ) ;
#698 = DIRECTION ( 'NONE',  ( 0.000000000000000000, 0.000000000000000000, 1.000000000000000000 ) ) ;
#699 = VECTOR ( 'NONE', #3414, 39.37007874015748143 ) ;
#700 = CARTESIAN_POINT ( 'NONE',  ( 0.1788576638456791656, -0.06209787612507873533, 0.09448818897637795144 ) ) ;
#701 = UNCERTAINTY_MEASURE_WITH_UNIT (LENGTH_MEASURE( 1.000000000000000082E-05 ), #480, 'distance_accuracy_value', 'NONE');
#702 = SURFACE_STYLE_USAGE ( .BOTH. , #6165 ) ;
#703 = DIRECTION ( 'NONE',  ( 0.000000000000000000, 0.000000000000000000, 1.000000000000000000 ) ) ;
#704 = DIRECTION ( 'NONE',  ( -0.000000000000000000, 1.000000000000000000, 0.000000000000000000 ) ) ;
#705 = CARTESIAN_POINT ( 'NONE',  ( 0.1181102362204724532, -0.2572565284661417206, 0.03279966909992126228 ) ) ;
#706 = VERTEX_POINT ( 'NONE', #4335 ) ;
#707 = DIRECTION ( 'NONE',  ( -2.222700233188000074E-16, -1.000000000000000000, 0.000000000000000000 ) ) ;
#708 = CARTESIAN_POINT ( 'NONE',  ( -0.1585513363868110426, -0.2028275265790945026, 0.09448818897637795144 ) ) ;
#709 = VECTOR ( 'NONE', #7704, 39.37007874015748143 ) ;
#711 = ORIENTED_EDGE ( 'NONE', *, *, #3752, .T. ) ;
#710 =( GEOMETRIC_REPRESENTATION_CONTEXT ( 3 ) GLOBAL_UNCERTAINTY_ASSIGNED_CONTEXT ( ( #6721 ) ) GLOBAL_UNIT_ASSIGNED_CONTEXT ( ( #5103, #7161, #7123 ) ) REPRESENTATION_CONTEXT ( 'NONE', 'WORKASPACE' ) );
#712 = COLOUR_RGB ( '',0.2784313725490196179, 0.2784313725490196179, 0.2784313725490196179 ) ;
#713 = FILL_AREA_STYLE ('',( #3205 ) ) ;
#714 = CARTESIAN_POINT ( 'NONE',  ( 0.000000000000000000, 0.2641953671577952911, 0.000000000000000000 ) ) ;
#715 = PRESENTATION_LAYER_ASSIGNMENT (  '', '', ( #963 ) ) ;
#716 = ORIENTED_EDGE ( 'NONE', *, *, #5307, .T. ) ;
#717 = MECHANICAL_DESIGN_GEOMETRIC_PRESENTATION_REPRESENTATION (  '', ( #5841 ), #2635 ) ;
#718 = LENGTH_MEASURE_WITH_UNIT ( LENGTH_MEASURE( 0.02539999999999999897 ), #4131 );
#719 = DIRECTION ( 'NONE',  ( -1.000000000000000000, 0.000000000000000000, 0.000000000000000000 ) ) ;
#720 = ORIENTED_EDGE ( 'NONE', *, *, #5593, .F. ) ;
#721 = VECTOR ( 'NONE', #3422, 39.37007874015748143 ) ;
#722 = DIRECTION ( 'NONE',  ( 0.000000000000000000, 0.000000000000000000, 1.000000000000000000 ) ) ;
#723 = ORIENTED_EDGE ( 'NONE', *, *, #7112, .T. ) ;
#724 = SURFACE_STYLE_USAGE ( .BOTH. , #1383 ) ;
#725 = AXIS2_PLACEMENT_3D ( 'NONE', #5074, #735, #4515 ) ;
#726 = FACE_OUTER_BOUND ( 'NONE', #3916, .T. ) ;
#727 = PLANE ( 'NONE',  #1228 ) ;
#728 =( NAMED_UNIT ( * ) PLANE_ANGLE_UNIT ( ) SI_UNIT ( $, .RADIAN. ) );
#729 = DIRECTION ( 'NONE',  ( -0.000000000000000000, 0.000000000000000000, 1.000000000000000000 ) ) ;
#730 = EDGE_CURVE ( 'NONE', #5601, #7702, #1387, .T. ) ;
#731 = EDGE_CURVE ( 'NONE', #7394, #5764, #5574, .T. ) ;
#732 = FILL_AREA_STYLE_COLOUR ( '', #4800 ) ;
#733 = SHAPE_REPRESENTATION ( 'Open CASCADE STEP translator 6.8 3_3', ( #1997 ), #610 ) ;
#734 = FACE_OUTER_BOUND ( 'NONE', #1949, .T. ) ;
#735 = DIRECTION ( 'NONE',  ( 0.000000000000000000, 0.000000000000000000, 1.000000000000000000 ) ) ;
#736 = ORIENTED_EDGE ( 'NONE', *, *, #6830, .T. ) ;
#737 = ORIENTED_EDGE ( 'NONE', *, *, #1609, .F. ) ;
#738 = SURFACE_STYLE_FILL_AREA ( #4341 ) ;
#739 = SURFACE_SIDE_STYLE ('',( #7470 ) ) ;
#740 = DIMENSIONAL_EXPONENTS ( 1.000000000000000000, 0.000000000000000000, 0.000000000000000000, 0.000000000000000000, 0.000000000000000000, 0.000000000000000000, 0.000000000000000000 ) ;
#741 = SURFACE_SIDE_STYLE ('',( #6785 ) ) ;
#742 = ADVANCED_FACE ( 'NONE', ( #1971 ), #7339, .T. ) ;
#743 = SURFACE_STYLE_FILL_AREA ( #5633 ) ;
#744 =( NAMED_UNIT ( * ) PLANE_ANGLE_UNIT ( ) SI_UNIT ( $, .RADIAN. ) );
#745 = STYLED_ITEM ( 'NONE', ( #1636 ), #1073 ) ;
#746 = AXIS2_PLACEMENT_3D ( 'NONE', #285, #871, #2640 ) ;
#747 = ORIENTED_EDGE ( 'NONE', *, *, #7206, .F. ) ;
#748 =( NAMED_UNIT ( * ) SI_UNIT ( $, .STERADIAN. ) SOLID_ANGLE_UNIT ( ) );
#749 = ORIENTED_EDGE ( 'NONE', *, *, #4680, .F. ) ;
#750 = EDGE_CURVE ( 'NONE', #5507, #1945, #4467, .T. ) ;
#751 = MANIFOLD_SOLID_BREP ( 'Imported1', #1281 ) ;
#752 = COLOUR_RGB ( '',0.2784313725490196179, 0.2784313725490196179, 0.2784313725490196179 ) ;
#753 = COLOUR_RGB ( '',0.7490196078431372584, 0.7490196078431372584, 0.7490196078431372584 ) ;
#754 = PLANE ( 'NONE',  #5204 ) ;
#755 =( GEOMETRIC_REPRESENTATION_CONTEXT ( 3 ) GLOBAL_UNCERTAINTY_ASSIGNED_CONTEXT ( ( #5270 ) ) GLOBAL_UNIT_ASSIGNED_CONTEXT ( ( #1628, #5913, #7723 ) ) REPRESENTATION_CONTEXT ( 'NONE', 'WORKASPACE' ) );
#756 = CARTESIAN_POINT ( 'NONE',  ( 0.05905511811024204832, 0.09243604943039883393, 0.08661417322834646937 ) ) ;
#757 = UNCERTAINTY_MEASURE_WITH_UNIT (LENGTH_MEASURE( 1.000000000000000082E-05 ), #4459, 'distance_accuracy_value', 'NONE');
#758 = EDGE_LOOP ( 'NONE', ( #475, #5855, #1100, #1430 ) ) ;
#759 = VECTOR ( 'NONE', #2258, 39.37007874015748143 ) ;
#760 = STYLED_ITEM ( 'NONE', ( #4753 ), #680 ) ;
#761 = DIRECTION ( 'NONE',  ( -0.000000000000000000, 0.000000000000000000, 1.000000000000000000 ) ) ;
#762 = MECHANICAL_DESIGN_GEOMETRIC_PRESENTATION_REPRESENTATION (  '', ( #6506 ), #2814 ) ;
#763 = EDGE_LOOP ( 'NONE', ( #6423, #2297, #2763, #2644, #7687, #1414, #4354, #1725, #5768, #6316, #7486, #6667, #5302, #3533, #2083, #5872, #4424, #375, #6127, #2636, #737, #2011, #6492, #3688, #283, #5692, #2439, #2853, #1127, #625, #6755, #7336, #3100, #2623, #7006, #5650 ) ) ;
#764 =( NAMED_UNIT ( * ) PLANE_ANGLE_UNIT ( ) SI_UNIT ( $, .RADIAN. ) );
#765 = CYLINDRICAL_SURFACE ( 'NONE', #977, 0.01968503937007875723 ) ;
#766 = VERTEX_POINT ( 'NONE', #5314 ) ;
#767 =( NAMED_UNIT ( * ) SI_UNIT ( $, .STERADIAN. ) SOLID_ANGLE_UNIT ( ) );
#768 = FACE_OUTER_BOUND ( 'NONE', #1524, .T. ) ;
#769 = FILL_AREA_STYLE ('',( #5739 ) ) ;
#770 = LENGTH_MEASURE_WITH_UNIT ( LENGTH_MEASURE( 0.02539999999999999897 ), #2568 );
#771 = SURFACE_STYLE_FILL_AREA ( #7500 ) ;
#772 = CARTESIAN_POINT ( 'NONE',  ( -0.1170188464848425230, -0.2450787401532677212, 0.09842519685039370636 ) ) ;
#773 = DIRECTION ( 'NONE',  ( 0.000000000000000000, -0.000000000000000000, -1.000000000000000000 ) ) ;
#774 = ORIENTED_EDGE ( 'NONE', *, *, #4570, .F. ) ;
#775 = VERTEX_POINT ( 'NONE', #258 ) ;
#776 = PRODUCT_DEFINITION ( 'UNKNOWN', '', #7854, #1208 ) ;
#777 = EDGE_CURVE ( 'NONE', #2067, #1854, #6700, .T. ) ;
#778 =( CONVERSION_BASED_UNIT ( 'INCH', #4999 ) LENGTH_UNIT ( ) NAMED_UNIT ( #2317 ) );
#779 = UNCERTAINTY_MEASURE_WITH_UNIT (LENGTH_MEASURE( 1.000000000000000082E-05 ), #2569, 'distance_accuracy_value', 'NONE');
#780 = FILL_AREA_STYLE_COLOUR ( '', #1801 ) ;
#781 = CARTESIAN_POINT ( 'NONE',  ( 0.1574803149606299191, 0.04035433070866142197, 0.000000000000000000 ) ) ;
#782 = DIRECTION ( 'NONE',  ( -1.000000000000000000, 0.000000000000000000, 0.000000000000000000 ) ) ;
#783 = ORIENTED_EDGE ( 'NONE', *, *, #7849, .T. ) ;
#784 = EDGE_CURVE ( 'NONE', #4899, #3883, #1353, .T. ) ;
#785 = DIRECTION ( 'NONE',  ( 0.000000000000000000, 0.000000000000000000, 1.000000000000000000 ) ) ;
#786 = LINE ( 'NONE', #192, #3704 ) ;
#787 = FILL_AREA_STYLE ('',( #6263 ) ) ;
#788 = EDGE_LOOP ( 'NONE', ( #5038, #7367, #3728, #828 ) ) ;
#789 = DIMENSIONAL_EXPONENTS ( 1.000000000000000000, 0.000000000000000000, 0.000000000000000000, 0.000000000000000000, 0.000000000000000000, 0.000000000000000000, 0.000000000000000000 ) ;
#790 = CARTESIAN_POINT ( 'NONE',  ( 0.1181102362204724532, -0.2533195205921259796, 0.02098864547787401835 ) ) ;
#791 = DIRECTION ( 'NONE',  ( 0.000000000000000000, 0.000000000000000000, -1.000000000000000000 ) ) ;
#792 = EDGE_CURVE ( 'NONE', #4096, #2998, #3433, .T. ) ;
#793 = CARTESIAN_POINT ( 'NONE',  ( -0.05118110236220472370, 0.2641953671577952911, 0.000000000000000000 ) ) ;
#794 = MECHANICAL_DESIGN_GEOMETRIC_PRESENTATION_REPRESENTATION (  '', ( #4245 ), #7280 ) ;
#795 = LENGTH_MEASURE_WITH_UNIT ( LENGTH_MEASURE( 0.02539999999999999897 ), #3832 );
#796 = MECHANICAL_DESIGN_GEOMETRIC_PRESENTATION_REPRESENTATION (  '', ( #4130 ), #1825 ) ;
#797 = FILL_AREA_STYLE ('',( #3835 ) ) ;
#798 = ORIENTED_EDGE ( 'NONE', *, *, #4864, .F. ) ;
#799 = FILL_AREA_STYLE_COLOUR ( '', #4496 ) ;
#800 = FILL_AREA_STYLE_COLOUR ( '', #473 ) ;
#801 = CONTEXT_DEPENDENT_SHAPE_REPRESENTATION ( #7533, #5658 ) ;
#802 = CARTESIAN_POINT ( 'NONE',  ( -0.1788576638464173252, -0.1040084880705905435, 0.09842519685039370636 ) ) ;
#803 =( GEOMETRIC_REPRESENTATION_CONTEXT ( 3 ) GLOBAL_UNCERTAINTY_ASSIGNED_CONTEXT ( ( #4705 ) ) GLOBAL_UNIT_ASSIGNED_CONTEXT ( ( #5636, #7430, #3321 ) ) REPRESENTATION_CONTEXT ( 'NONE', 'WORKASPACE' ) );
#804 =( CONVERSION_BASED_UNIT ( 'INCH', #221 ) LENGTH_UNIT ( ) NAMED_UNIT ( #2576 ) );
#805 = ORIENTED_EDGE ( 'NONE', *, *, #1446, .F. ) ;
#806 = VECTOR ( 'NONE', #3363, 39.37007874015748143 ) ;
#807 = CARTESIAN_POINT ( 'NONE',  ( 0.000000000000000000, 0.2641953671577952911, 0.000000000000000000 ) ) ;
#808 = EDGE_LOOP ( 'NONE', ( #4972, #6245, #4812, #6875 ) ) ;
#809 = CARTESIAN_POINT ( 'NONE',  ( -0.1867316795943700647, -0.1040084880705905435, 0.09842519685039370636 ) ) ;
#810 = FILL_AREA_STYLE ('',( #7038 ) ) ;
#811 = ORIENTED_EDGE ( 'NONE', *, *, #6830, .F. ) ;
#812 =( NAMED_UNIT ( * ) PLANE_ANGLE_UNIT ( ) SI_UNIT ( $, .RADIAN. ) );
#813 = DIRECTION ( 'NONE',  ( 1.000000000000000000, 0.000000000000000000, -0.000000000000000000 ) ) ;
#814 = PRESENTATION_STYLE_ASSIGNMENT (( #6290 ) ) ;
#815 =( NAMED_UNIT ( * ) PLANE_ANGLE_UNIT ( ) SI_UNIT ( $, .RADIAN. ) );
#816 = ORIENTED_EDGE ( 'NONE', *, *, #4209, .F. ) ;
#817 = SURFACE_STYLE_FILL_AREA ( #2061 ) ;
#818 = SURFACE_SIDE_STYLE ('',( #743 ) ) ;
#819 = STYLED_ITEM ( 'NONE', ( #4770 ), #6807 ) ;
#820 = ORIENTED_EDGE ( 'NONE', *, *, #2102, .T. ) ;
#821 = ORIENTED_EDGE ( 'NONE', *, *, #7644, .F. ) ;
#822 = EDGE_CURVE ( 'NONE', #1294, #5601, #2776, .T. ) ;
#823 = COLOUR_RGB ( '',0.7490196078431372584, 0.7490196078431372584, 0.7490196078431372584 ) ;
#824 = EDGE_CURVE ( 'NONE', #5420, #3378, #3375, .T. ) ;
#825 = STYLED_ITEM ( 'NONE', ( #5076 ), #6368 ) ;
#826 = FILL_AREA_STYLE_COLOUR ( '', #4830 ) ;
#827 = UNCERTAINTY_MEASURE_WITH_UNIT (LENGTH_MEASURE( 1.000000000000000082E-05 ), #6352, 'distance_accuracy_value', 'NONE');
#828 = ORIENTED_EDGE ( 'NONE', *, *, #1824, .T. ) ;
#829 = DIRECTION ( 'NONE',  ( -1.000000000000000000, -0.000000000000000000, -0.000000000000000000 ) ) ;
#830 = AXIS2_PLACEMENT_3D ( 'NONE', #3743, #5640, #73 ) ;
#831 = STYLED_ITEM ( 'NONE', ( #523 ), #6759 ) ;
#832 = PRESENTATION_STYLE_ASSIGNMENT (( #4577 ) ) ;
#833 = UNCERTAINTY_MEASURE_WITH_UNIT (LENGTH_MEASURE( 1.000000000000000082E-05 ), #6556, 'distance_accuracy_value', 'NONE');
#834 = EDGE_LOOP ( 'NONE', ( #2411, #1936, #617, #511 ) ) ;
#835 = DIRECTION ( 'NONE',  ( -1.000000000000000000, 0.000000000000000000, 0.000000000000000000 ) ) ;
#836 = CARTESIAN_POINT ( 'NONE',  ( 0.1761390860343700904, 0.1952958511832283695, 0.09448818897637795144 ) ) ;
#837 = SURFACE_STYLE_FILL_AREA ( #7532 ) ;
#838 = VERTEX_POINT ( 'NONE', #6985 ) ;
#839 = SURFACE_STYLE_USAGE ( .BOTH. , #2645 ) ;
#840 = EDGE_LOOP ( 'NONE', ( #5713, #279 ) ) ;
#841 = DIRECTION ( 'NONE',  ( -0.000000000000000000, -0.000000000000000000, -1.000000000000000000 ) ) ;
#842 = SURFACE_STYLE_USAGE ( .BOTH. , #5697 ) ;
#843 = CIRCLE ( 'NONE', #5342, 0.003937007874015747977 ) ;
#844 =( NAMED_UNIT ( * ) SI_UNIT ( $, .STERADIAN. ) SOLID_ANGLE_UNIT ( ) );
#845 = SHAPE_DEFINITION_REPRESENTATION ( #5809, #5361 ) ;
#846 = COLOUR_RGB ( '',0.2784313725490196179, 0.2784313725490196179, 0.2784313725490196179 ) ;
#847 = FACE_OUTER_BOUND ( 'NONE', #2710, .T. ) ;
#848 = DIRECTION ( 'NONE',  ( 0.000000000000000000, -0.000000000000000000, 1.000000000000000000 ) ) ;
#849 = STYLED_ITEM ( 'NONE', ( #446 ), #7793 ) ;
#850 = COLOUR_RGB ( '',0.7490196078431372584, 0.7490196078431372584, 0.7490196078431372584 ) ;
#851 = ORIENTED_EDGE ( 'NONE', *, *, #6102, .T. ) ;
#852 = FILL_AREA_STYLE_COLOUR ( '', #4808 ) ;
#853 =( LENGTH_UNIT ( ) NAMED_UNIT ( * ) SI_UNIT ( $, .METRE. ) );
#854 = LINE ( 'NONE', #892, #6276 ) ;
#855 = DIRECTION ( 'NONE',  ( 0.000000000000000000, 0.000000000000000000, 1.000000000000000000 ) ) ;
#856 =( LENGTH_UNIT ( ) NAMED_UNIT ( * ) SI_UNIT ( $, .METRE. ) );
#857 = CARTESIAN_POINT ( 'NONE',  ( 0.000000000000000000, 0.2563213514097637535, 0.007874015748031495954 ) ) ;
#858 = UNCERTAINTY_MEASURE_WITH_UNIT (LENGTH_MEASURE( 1.000000000000000082E-05 ), #2758, 'distance_accuracy_value', 'NONE');
#859 = DIRECTION ( 'NONE',  ( 1.000000000000000000, 0.000000000000000000, 0.000000000000000000 ) ) ;
#860 = FACE_OUTER_BOUND ( 'NONE', #1184, .T. ) ;
#861 = PRESENTATION_STYLE_ASSIGNMENT (( #6255 ) ) ;
#862 = PRESENTATION_STYLE_ASSIGNMENT (( #4525 ) ) ;
#863 =( CONVERSION_BASED_UNIT ( 'INCH', #7669 ) LENGTH_UNIT ( ) NAMED_UNIT ( #5888 ) );
#864 = ORIENTED_EDGE ( 'NONE', *, *, #6907, .T. ) ;
#865 = MANIFOLD_SOLID_BREP ( 'Imported1', #7662 ) ;
#866 = LINE ( 'NONE', #7523, #6687 ) ;
#867 = LENGTH_MEASURE_WITH_UNIT ( LENGTH_MEASURE( 0.02539999999999999897 ), #5170 );
#868 = COLOUR_RGB ( '',0.7490196078431372584, 0.7490196078431372584, 0.7490196078431372584 ) ;
#869 = ADVANCED_FACE ( 'NONE', ( #847 ), #7616, .T. ) ;
#870 = PLANE ( 'NONE',  #4817 ) ;
#871 = DIRECTION ( 'NONE',  ( -0.000000000000000000, 1.000000000000000000, 0.000000000000000000 ) ) ;
#872 = ORIENTED_EDGE ( 'NONE', *, *, #1805, .T. ) ;
#873 =( GEOMETRIC_REPRESENTATION_CONTEXT ( 3 ) GLOBAL_UNCERTAINTY_ASSIGNED_CONTEXT ( ( #3733 ) ) GLOBAL_UNIT_ASSIGNED_CONTEXT ( ( #513, #2389, #661 ) ) REPRESENTATION_CONTEXT ( 'NONE', 'WORKASPACE' ) );
#874 = PRESENTATION_LAYER_ASSIGNMENT (  '', '', ( #3676 ) ) ;
#875 = AXIS2_PLACEMENT_3D ( 'NONE', #7877, #5411, #2465 ) ;
#876 =( CONVERSION_BASED_UNIT ( 'INCH', #7488 ) LENGTH_UNIT ( ) NAMED_UNIT ( #2890 ) );
#877 = CARTESIAN_POINT ( 'NONE',  ( -0.1761390860324803243, 0.1952958511832283695, 0.09448818897637795144 ) ) ;
#878 = FACE_OUTER_BOUND ( 'NONE', #640, .T. ) ;
#879 = EDGE_LOOP ( 'NONE', ( #816, #4957, #3847, #1918 ) ) ;
#880 = VERTEX_POINT ( 'NONE', #1720 ) ;
#881 = CARTESIAN_POINT ( 'NONE',  ( 0.1186694271012992130, -0.2490157480314960647, 0.09448818897637795144 ) ) ;
#882 = ADVANCED_FACE ( 'NONE', ( #2888 ), #2935, .T. ) ;
#883 = FILL_AREA_STYLE_COLOUR ( '', #7822 ) ;
#884 = PRODUCT_CONTEXT ( 'NONE', #6326, 'mechanical' ) ;
#885 = CARTESIAN_POINT ( 'NONE',  ( -0.1574803149606299191, 0.04035433070866142197, 0.000000000000000000 ) ) ;
#886 = VECTOR ( 'NONE', #5157, 39.37007874015748143 ) ;
#887 = CARTESIAN_POINT ( 'NONE',  ( 0.1181102362204724532, -0.2651305442141732582, 0.01181102362204724046 ) ) ;
#888 = ORIENTED_EDGE ( 'NONE', *, *, #935, .T. ) ;
#889 = DIRECTION ( 'NONE',  ( -0.000000000000000000, -1.000000000000000000, -0.000000000000000000 ) ) ;
#890 = ORIENTED_EDGE ( 'NONE', *, *, #7505, .T. ) ;
#891 =( CONVERSION_BASED_UNIT ( 'INCH', #3980 ) LENGTH_UNIT ( ) NAMED_UNIT ( #6006 ) );
#892 = CARTESIAN_POINT ( 'NONE',  ( 0.000000000000000000, -0.2651305442141732582, 0.01181102362204724046 ) ) ;
#893 = ADVANCED_FACE ( 'NONE', ( #4165 ), #5421, .T. ) ;
#894 =( GEOMETRIC_REPRESENTATION_CONTEXT ( 3 ) GLOBAL_UNCERTAINTY_ASSIGNED_CONTEXT ( ( #5040 ) ) GLOBAL_UNIT_ASSIGNED_CONTEXT ( ( #1810, #581, #7783 ) ) REPRESENTATION_CONTEXT ( 'NONE', 'WORKASPACE' ) );
#895 = SURFACE_STYLE_FILL_AREA ( #266 ) ;
#896 = VECTOR ( 'NONE', #3804, 39.37007874015748143 ) ;
#897 =( NAMED_UNIT ( * ) PLANE_ANGLE_UNIT ( ) SI_UNIT ( $, .RADIAN. ) );
#898 = DIRECTION ( 'NONE',  ( 0.000000000000000000, 0.000000000000000000, -1.000000000000000000 ) ) ;
#899 = DIRECTION ( 'NONE',  ( 0.000000000000000000, 0.000000000000000000, 1.000000000000000000 ) ) ;
#900 = DIRECTION ( 'NONE',  ( 0.000000000000000000, 0.000000000000000000, 1.000000000000000000 ) ) ;
#901 = CARTESIAN_POINT ( 'NONE',  ( 0.05118110236220472370, 0.2563213514097637535, 0.02098864547787401835 ) ) ;
#902 = SURFACE_SIDE_STYLE ('',( #6377 ) ) ;
#903 = CARTESIAN_POINT ( 'NONE',  ( -0.1827946717203937088, -0.06603488399787402208, 0.09448818897637795144 ) ) ;
#904 = ORIENTED_EDGE ( 'NONE', *, *, #1140, .F. ) ;
#905 = DIRECTION ( 'NONE',  ( -1.000000000000000000, -0.000000000000000000, -0.000000000000000000 ) ) ;
#906 = LENGTH_MEASURE_WITH_UNIT ( LENGTH_MEASURE( 0.02539999999999999897 ), #5759 );
#907 = ORIENTED_EDGE ( 'NONE', *, *, #5018, .F. ) ;
#908 = FILL_AREA_STYLE ('',( #7482 ) ) ;
#909 = UNCERTAINTY_MEASURE_WITH_UNIT (LENGTH_MEASURE( 1.000000000000000082E-05 ), #6598, 'distance_accuracy_value', 'NONE');
#910 = ORIENTED_EDGE ( 'NONE', *, *, #2957, .T. ) ;
#911 =( NAMED_UNIT ( * ) PLANE_ANGLE_UNIT ( ) SI_UNIT ( $, .RADIAN. ) );
#912 = PRESENTATION_STYLE_ASSIGNMENT (( #7441 ) ) ;
#913 = SURFACE_SIDE_STYLE ('',( #5767 ) ) ;
#914 = ORIENTED_EDGE ( 'NONE', *, *, #2534, .F. ) ;
#915 = PRESENTATION_LAYER_ASSIGNMENT (  '', '', ( #3593 ) ) ;
#916 = FILL_AREA_STYLE_COLOUR ( '', #1263 ) ;
#917 = UNCERTAINTY_MEASURE_WITH_UNIT (LENGTH_MEASURE( 1.000000000000000082E-05 ), #7005, 'distance_accuracy_value', 'NONE');
#918 = ORIENTED_EDGE ( 'NONE', *, *, #2357, .T. ) ;
#919 = CARTESIAN_POINT ( 'NONE',  ( -0.1330390167485826780, 0.1992328590562992274, 0.000000000000000000 ) ) ;
#920 = ORIENTED_EDGE ( 'NONE', *, *, #1862, .T. ) ;
#921 = FACE_OUTER_BOUND ( 'NONE', #2033, .T. ) ;
#922 = CARTESIAN_POINT ( 'NONE',  ( 0.1840131017811023617, 0.1300921114227165387, 0.09842519685039370636 ) ) ;
#923 = SURFACE_STYLE_USAGE ( .BOTH. , #1385 ) ;
#924 = CONTEXT_DEPENDENT_SHAPE_REPRESENTATION ( #2921, #3923 ) ;
#925 = UNCERTAINTY_MEASURE_WITH_UNIT (LENGTH_MEASURE( 1.000000000000000082E-05 ), #4735, 'distance_accuracy_value', 'NONE');
#926 = COLOUR_RGB ( '',0.7490196078431372584, 0.7490196078431372584, 0.7490196078431372584 ) ;
#927 = CARTESIAN_POINT ( 'NONE',  ( -0.1827946717203543514, -0.1040084880705905573, 0.01968503937007873988 ) ) ;
#928 = EDGE_CURVE ( 'NONE', #5424, #4508, #7372, .T. ) ;
#929 = ORIENTED_EDGE ( 'NONE', *, *, #6531, .F. ) ;
#930 = CARTESIAN_POINT ( 'NONE',  ( 0.000000000000000000, 0.04035433070866142197, 0.09842519685039370636 ) ) ;
#931 = DIRECTION ( 'NONE',  ( 1.000000000000000000, 0.000000000000000000, 0.000000000000000000 ) ) ;
#932 = LENGTH_MEASURE_WITH_UNIT ( LENGTH_MEASURE( 0.02539999999999999897 ), #2137 );
#933 = DIRECTION ( 'NONE',  ( 1.000000000000000000, 0.000000000000000000, 0.000000000000000000 ) ) ;
#934 = DIRECTION ( 'NONE',  ( -1.000000000000000000, -0.000000000000000000, -0.000000000000000000 ) ) ;
#935 = EDGE_CURVE ( 'NONE', #2040, #5435, #3210, .T. ) ;
#936 = DIRECTION ( 'NONE',  ( -0.000000000000000000, 0.000000000000000000, -1.000000000000000000 ) ) ;
#937 = PLANE ( 'NONE',  #79 ) ;
#938 = ORIENTED_EDGE ( 'NONE', *, *, #6144, .T. ) ;
#939 = SURFACE_STYLE_FILL_AREA ( #5835 ) ;
#940 = PLANE ( 'NONE',  #3123 ) ;
#941 = PLANE ( 'NONE',  #6291 ) ;
#942 = FACE_OUTER_BOUND ( 'NONE', #808, .T. ) ;
#943 = EDGE_CURVE ( 'NONE', #1115, #2067, #3444, .T. ) ;
#944 = DIRECTION ( 'NONE',  ( -1.000000000000000000, -0.000000000000000000, -0.000000000000000000 ) ) ;
#945 = FILL_AREA_STYLE_COLOUR ( '', #7729 ) ;
#946 = STYLED_ITEM ( 'NONE', ( #7632 ), #6103 ) ;
#947 =( NAMED_UNIT ( * ) SI_UNIT ( $, .STERADIAN. ) SOLID_ANGLE_UNIT ( ) );
#948 = ORIENTED_EDGE ( 'NONE', *, *, #2221, .T. ) ;
#949 = VECTOR ( 'NONE', #592, 39.37007874015748143 ) ;
#950 = SURFACE_STYLE_USAGE ( .BOTH. , #6429 ) ;
#951 =( GEOMETRIC_REPRESENTATION_CONTEXT ( 3 ) GLOBAL_UNCERTAINTY_ASSIGNED_CONTEXT ( ( #7209 ) ) GLOBAL_UNIT_ASSIGNED_CONTEXT ( ( #1470, #5178, #289 ) ) REPRESENTATION_CONTEXT ( 'NONE', 'WORKASPACE' ) );
#952 = VECTOR ( 'NONE', #3548, 39.37007874015748143 ) ;
#953 = ORIENTED_EDGE ( 'NONE', *, *, #4961, .T. ) ;
#954 = LENGTH_MEASURE_WITH_UNIT ( LENGTH_MEASURE( 0.02539999999999999897 ), #1257 );
#955 = FACE_OUTER_BOUND ( 'NONE', #2030, .T. ) ;
#956 = SHAPE_DEFINITION_REPRESENTATION ( #2736, #2111 ) ;
#957 =( NAMED_UNIT ( * ) SI_UNIT ( $, .STERADIAN. ) SOLID_ANGLE_UNIT ( ) );
#958 = MECHANICAL_DESIGN_GEOMETRIC_PRESENTATION_REPRESENTATION (  '', ( #5831 ), #4949 ) ;
#959 = DIRECTION ( 'NONE',  ( 0.000000000000000000, -1.000000000000000000, -0.000000000000000000 ) ) ;
#960 = CARTESIAN_POINT ( 'NONE',  ( 0.2086614173228346636, -0.06603488399787402208, 0.09448818897637795144 ) ) ;
#961 = CARTESIAN_POINT ( 'NONE',  ( 0.1788576638454330847, -0.1112605648740944836, 0.09448818897637795144 ) ) ;
#962 = DIMENSIONAL_EXPONENTS ( 1.000000000000000000, 0.000000000000000000, 0.000000000000000000, 0.000000000000000000, 0.000000000000000000, 0.000000000000000000, 0.000000000000000000 ) ;
#963 = STYLED_ITEM ( 'NONE', ( #5833 ), #3616 ) ;
#964 = ADVANCED_FACE ( 'NONE', ( #2114 ), #367, .T. ) ;
#965 = EDGE_CURVE ( 'NONE', #6351, #6427, #2802, .T. ) ;
#966 = DIRECTION ( 'NONE',  ( 0.000000000000000000, 0.000000000000000000, 1.000000000000000000 ) ) ;
#967 = FILL_AREA_STYLE_COLOUR ( '', #49 ) ;
#968 = AXIS2_PLACEMENT_3D ( 'NONE', #3385, #3353, #308 ) ;
#969 = CARTESIAN_POINT ( 'NONE',  ( -0.1788576638464173252, -0.01227691951566929271, 0.09448818897637795144 ) ) ;
#970 =( GEOMETRIC_REPRESENTATION_CONTEXT ( 3 ) GLOBAL_UNCERTAINTY_ASSIGNED_CONTEXT ( ( #372 ) ) GLOBAL_UNIT_ASSIGNED_CONTEXT ( ( #5401, #3571, #622 ) ) REPRESENTATION_CONTEXT ( 'NONE', 'WORKASPACE' ) );
#971 = SURFACE_STYLE_USAGE ( .BOTH. , #1579 ) ;
#972 = DIRECTION ( 'NONE',  ( 0.000000000000000000, 0.000000000000000000, -1.000000000000000000 ) ) ;
#973 = ORIENTED_EDGE ( 'NONE', *, *, #3006, .F. ) ;
#974 =( NAMED_UNIT ( * ) SI_UNIT ( $, .STERADIAN. ) SOLID_ANGLE_UNIT ( ) );
#975 =( NAMED_UNIT ( * ) PLANE_ANGLE_UNIT ( ) SI_UNIT ( $, .RADIAN. ) );
#976 = CARTESIAN_POINT ( 'NONE',  ( -0.1181102362204724532, -0.2743811241349999874, 0.003937007874015747977 ) ) ;
#977 = AXIS2_PLACEMENT_3D ( 'NONE', #6152, #5107, #683 ) ;
#978 = MECHANICAL_DESIGN_GEOMETRIC_PRESENTATION_REPRESENTATION (  '', ( #5467 ), #755 ) ;
#979 = EDGE_CURVE ( 'NONE', #292, #2893, #3956, .T. ) ;
#980 = DIRECTION ( 'NONE',  ( 1.000000000000000000, 0.000000000000000000, -0.000000000000000000 ) ) ;
#981 = FACE_OUTER_BOUND ( 'NONE', #834, .T. ) ;
#982 = DIRECTION ( 'NONE',  ( 0.000000000000000000, 0.000000000000000000, 1.000000000000000000 ) ) ;
#983 = ORIENTED_EDGE ( 'NONE', *, *, #6112, .T. ) ;
#984 = DIRECTION ( 'NONE',  ( -1.000000000000000000, -0.000000000000000000, -0.000000000000000000 ) ) ;
#985 = CARTESIAN_POINT ( 'NONE',  ( 0.1827946717203937088, -0.1151975727482677236, 0.000000000000000000 ) ) ;
#986 = EDGE_CURVE ( 'NONE', #5764, #1995, #408, .T. ) ;
#987 = UNCERTAINTY_MEASURE_WITH_UNIT (LENGTH_MEASURE( 1.000000000000000082E-05 ), #3750, 'distance_accuracy_value', 'NONE');
#988 = ORIENTED_EDGE ( 'NONE', *, *, #6974, .F. ) ;
#989 = ORIENTED_EDGE ( 'NONE', *, *, #7122, .T. ) ;
#990 = CARTESIAN_POINT ( 'NONE',  ( -0.07874015748031495954, -0.2651305442141732582, 0.003937007874015747977 ) ) ;
#991 = CIRCLE ( 'NONE', #1097, 0.003937007874015747977 ) ;
#992 = MECHANICAL_DESIGN_GEOMETRIC_PRESENTATION_REPRESENTATION (  '', ( #6228 ), #6718 ) ;
#993 = CARTESIAN_POINT ( 'NONE',  ( 0.1788576638454330847, -0.06209787612507874227, 0.09448818897637795144 ) ) ;
#994 = FILL_AREA_STYLE_COLOUR ( '', #6859 ) ;
#995 = AXIS2_PLACEMENT_3D ( 'NONE', #150, #6919, #1450 ) ;
#996 = MECHANICAL_DESIGN_GEOMETRIC_PRESENTATION_REPRESENTATION (  '', ( #2539 ), #2036 ) ;
#997 = VERTEX_POINT ( 'NONE', #7641 ) ;
#998 = CARTESIAN_POINT ( 'NONE',  ( 0.05118110236220472370, 0.3147934927945275629, 0.007874015748031495954 ) ) ;
#999 = ORIENTED_EDGE ( 'NONE', *, *, #979, .F. ) ;
#1000 = LINE ( 'NONE', #3462, #886 ) ;
#1001 = LENGTH_MEASURE_WITH_UNIT ( LENGTH_MEASURE( 0.02539999999999999897 ), #6041 );
#1002 = LENGTH_MEASURE_WITH_UNIT ( LENGTH_MEASURE( 0.02539999999999999897 ), #856 );
#1003 = SURFACE_STYLE_FILL_AREA ( #6488 ) ;
#1004 = STYLED_ITEM ( 'NONE', ( #1165 ), #882 ) ;
#1005 = LINE ( 'NONE', #5903, #548 ) ;
#1006 = EDGE_CURVE ( 'NONE', #1285, #6405, #4197, .T. ) ;
#1007 = VECTOR ( 'NONE', #5812, 39.37007874015748143 ) ;
#1008 = PLANE ( 'NONE',  #354 ) ;
#1009 = EDGE_LOOP ( 'NONE', ( #1980, #6864, #747, #6717 ) ) ;
#1010 = DIRECTION ( 'NONE',  ( 0.000000000000000000, 0.000000000000000000, -1.000000000000000000 ) ) ;
#1011 = SURFACE_STYLE_FILL_AREA ( #5909 ) ;
#1012 = ORIENTED_EDGE ( 'NONE', *, *, #6270, .F. ) ;
#1013 = FILL_AREA_STYLE ('',( #7229 ) ) ;
#1014 = DIMENSIONAL_EXPONENTS ( 1.000000000000000000, 0.000000000000000000, 0.000000000000000000, 0.000000000000000000, 0.000000000000000000, 0.000000000000000000, 0.000000000000000000 ) ;
#1015 = COLOUR_RGB ( '',0.7490196078431372584, 0.7490196078431372584, 0.7490196078431372584 ) ;
#1016 = EDGE_CURVE ( 'NONE', #3883, #3313, #5174, .T. ) ;
#1017 =( LENGTH_UNIT ( ) NAMED_UNIT ( * ) SI_UNIT ( $, .METRE. ) );
#1018 = CARTESIAN_POINT ( 'NONE',  ( 0.1827946717203543514, -0.06934995292858267546, 0.09448818897637795144 ) ) ;
#1019 = CYLINDRICAL_SURFACE ( 'NONE', #3031, 0.007874015748031499423 ) ;
#1020 = PLANE ( 'NONE',  #2525 ) ;
#1021 = DIMENSIONAL_EXPONENTS ( 1.000000000000000000, 0.000000000000000000, 0.000000000000000000, 0.000000000000000000, 0.000000000000000000, 0.000000000000000000, 0.000000000000000000 ) ;
#1022 = DIRECTION ( 'NONE',  ( 0.000000000000000000, 1.000000000000000000, -0.000000000000000000 ) ) ;
#1023 = DIRECTION ( 'NONE',  ( -0.000000000000000000, 1.000000000000000000, 0.000000000000000000 ) ) ;
#1024 = DIRECTION ( 'NONE',  ( 0.000000000000000000, 0.000000000000000000, -1.000000000000000000 ) ) ;
#1025 = DIMENSIONAL_EXPONENTS ( 1.000000000000000000, 0.000000000000000000, 0.000000000000000000, 0.000000000000000000, 0.000000000000000000, 0.000000000000000000, 0.000000000000000000 ) ;
#1026 = ORIENTED_EDGE ( 'NONE', *, *, #4906, .T. ) ;
#1027 = PRESENTATION_STYLE_ASSIGNMENT (( #6520 ) ) ;
#1028 = DIRECTION ( 'NONE',  ( -4.512561924732999726E-16, -1.000000000000000000, -0.000000000000000000 ) ) ;
#1029 = ORIENTED_EDGE ( 'NONE', *, *, #298, .T. ) ;
#1030 = LENGTH_MEASURE_WITH_UNIT ( LENGTH_MEASURE( 0.02539999999999999897 ), #7661 );
#1031 = COLOUR_RGB ( '',0.2784313725490196179, 0.2784313725490196179, 0.2784313725490196179 ) ;
#1032 = DIRECTION ( 'NONE',  ( 0.000000000000000000, 1.000000000000000000, -0.000000000000000000 ) ) ;
#1033 = CIRCLE ( 'NONE', #30, 0.1008760354330708597 ) ;
#1034 =( CONVERSION_BASED_UNIT ( 'INCH', #4109 ) LENGTH_UNIT ( ) NAMED_UNIT ( #679 ) );
#1035 = CARTESIAN_POINT ( 'NONE',  ( 8.741913579724409950E-17, 0.04035433070866142197, 0.09842519685078740532 ) ) ;
#1036 = ORIENTED_EDGE ( 'NONE', *, *, #7366, .T. ) ;
#1037 =( LENGTH_UNIT ( ) NAMED_UNIT ( * ) SI_UNIT ( $, .METRE. ) );
#1038 =( NAMED_UNIT ( * ) SI_UNIT ( $, .STERADIAN. ) SOLID_ANGLE_UNIT ( ) );
#1039 = SURFACE_SIDE_STYLE ('',( #3544 ) ) ;
#1040 =( LENGTH_UNIT ( ) NAMED_UNIT ( * ) SI_UNIT ( $, .METRE. ) );
#1041 = ORIENTED_EDGE ( 'NONE', *, *, #6544, .T. ) ;
#1042 =( NAMED_UNIT ( * ) PLANE_ANGLE_UNIT ( ) SI_UNIT ( $, .RADIAN. ) );
#1043 = DIRECTION ( 'NONE',  ( 0.000000000000000000, -1.000000000000000000, -0.000000000000000000 ) ) ;
#1044 = DIRECTION ( 'NONE',  ( 0.000000000000000000, -0.000000000000000000, -1.000000000000000000 ) ) ;
#1045 =( NAMED_UNIT ( * ) PLANE_ANGLE_UNIT ( ) SI_UNIT ( $, .RADIAN. ) );
#1046 = FILL_AREA_STYLE ('',( #1196 ) ) ;
#1047 = AXIS2_PLACEMENT_3D ( 'NONE', #3454, #538, #5895 ) ;
#1048 = FILL_AREA_STYLE ('',( #4120 ) ) ;
#1049 = DIRECTION ( 'NONE',  ( 0.000000000000000000, 1.000000000000000000, -0.000000000000000000 ) ) ;
#1050 = CARTESIAN_POINT ( 'NONE',  ( -0.1330390167485816788, 0.1992328590562978397, 0.000000000000000000 ) ) ;
#1051 = EDGE_CURVE ( 'NONE', #2216, #5354, #3366, .T. ) ;
#1052 = ORIENTED_EDGE ( 'NONE', *, *, #6661, .F. ) ;
#1053 = EDGE_CURVE ( 'NONE', #6219, #3406, #2835, .T. ) ;
#1054 = FILL_AREA_STYLE_COLOUR ( '', #103 ) ;
#1055 = CIRCLE ( 'NONE', #5807, 0.01968503937007875723 ) ;
#1056 = CARTESIAN_POINT ( 'NONE',  ( -0.1181102362204724532, -0.2651305442141732582, 0.007874015748031495954 ) ) ;
#1057 = DIMENSIONAL_EXPONENTS ( 1.000000000000000000, 0.000000000000000000, 0.000000000000000000, 0.000000000000000000, 0.000000000000000000, 0.000000000000000000, 0.000000000000000000 ) ;
#1058 = UNCERTAINTY_MEASURE_WITH_UNIT (LENGTH_MEASURE( 1.000000000000000082E-05 ), #4433, 'distance_accuracy_value', 'NONE');
#1059 = DIRECTION ( 'NONE',  ( 0.000000000000000000, -0.000000000000000000, 1.000000000000000000 ) ) ;
#1060 =( CONVERSION_BASED_UNIT ( 'INCH', #5922 ) LENGTH_UNIT ( ) NAMED_UNIT ( #531 ) );
#1061 = COLOUR_RGB ( '',0.7490196078431372584, 0.7490196078431372584, 0.7490196078431372584 ) ;
#1062 = DIRECTION ( 'NONE',  ( 1.000000000000000000, -2.351874168306999907E-16, 0.000000000000000000 ) ) ;
#1063 = EDGE_CURVE ( 'NONE', #4082, #4714, #6387, .T. ) ;
#1064 = DIRECTION ( 'NONE',  ( 4.512561924731610345E-16, 1.000000000000000000, -1.389654727862720099E-28 ) ) ;
#1065 = COLOUR_RGB ( '',0.7490196078431372584, 0.7490196078431372584, 0.7490196078431372584 ) ;
#1066 = CIRCLE ( 'NONE', #5693, 0.1028445393700787441 ) ;
#1067 = VERTEX_POINT ( 'NONE', #3520 ) ;
#1068 = PLANE ( 'NONE',  #6314 ) ;
#1069 = PLANE ( 'NONE',  #519 ) ;
#1070 = CYLINDRICAL_SURFACE ( 'NONE', #6323, 0.07874015748031495954 ) ;
#1071 = CARTESIAN_POINT ( 'NONE',  ( 0.000000000000000000, 0.3147934927945275629, 0.007874015748031495954 ) ) ;
#1072 = PRESENTATION_LAYER_ASSIGNMENT (  '', '', ( #471 ) ) ;
#1073 = ADVANCED_FACE ( 'NONE', ( #6509, #4089 ), #1020, .F. ) ;
#1074 = MECHANICAL_DESIGN_GEOMETRIC_PRESENTATION_REPRESENTATION (  '', ( #5071 ), #4418 ) ;
#1075 = SURFACE_STYLE_FILL_AREA ( #4178 ) ;
#1076 =( GEOMETRIC_REPRESENTATION_CONTEXT ( 3 ) GLOBAL_UNCERTAINTY_ASSIGNED_CONTEXT ( ( #3244 ) ) GLOBAL_UNIT_ASSIGNED_CONTEXT ( ( #6078, #5, #1846 ) ) REPRESENTATION_CONTEXT ( 'NONE', 'WORKASPACE' ) );
#1077 = PRESENTATION_LAYER_ASSIGNMENT (  '', '', ( #5956 ) ) ;
#1078 = DIRECTION ( 'NONE',  ( 0.000000000000000000, -1.000000000000000000, -0.000000000000000000 ) ) ;
#1079 = ORIENTED_EDGE ( 'NONE', *, *, #6145, .T. ) ;
#1080 =( CONVERSION_BASED_UNIT ( 'INCH', #1697 ) LENGTH_UNIT ( ) NAMED_UNIT ( #5603 ) );
#1081 = FILL_AREA_STYLE_COLOUR ( '', #5373 ) ;
#1082 =( NAMED_UNIT ( * ) SI_UNIT ( $, .STERADIAN. ) SOLID_ANGLE_UNIT ( ) );
#1083 = ORIENTED_EDGE ( 'NONE', *, *, #1578, .T. ) ;
#1084 = SURFACE_STYLE_FILL_AREA ( #3432 ) ;
#1085 = DIRECTION ( 'NONE',  ( -4.512561924732999726E-16, -1.000000000000000000, 0.000000000000000000 ) ) ;
#1086 = PRESENTATION_LAYER_ASSIGNMENT (  '', '', ( #6463 ) ) ;
#1087 =( NAMED_UNIT ( * ) PLANE_ANGLE_UNIT ( ) SI_UNIT ( $, .RADIAN. ) );
#1088 = FILL_AREA_STYLE ('',( #4840 ) ) ;
#1089 = DIRECTION ( 'NONE',  ( -0.7071067811865474617, 8.659560562354932858E-17, 0.7071067811865474617 ) ) ;
#1090 = VERTEX_POINT ( 'NONE', #7130 ) ;
#1091 = DIRECTION ( 'NONE',  ( 0.000000000000000000, 0.000000000000000000, 1.000000000000000000 ) ) ;
#1092 = CARTESIAN_POINT ( 'NONE',  ( -0.1788576638464173252, -0.1040084880705905435, 0.09842519685039370636 ) ) ;
#1093 = EDGE_CURVE ( 'NONE', #6935, #1468, #991, .T. ) ;
#1094 = FILL_AREA_STYLE ('',( #2334 ) ) ;
#1095 = CARTESIAN_POINT ( 'NONE',  ( -0.1827946717203937088, -0.1151975727482677236, 0.000000000000000000 ) ) ;
#1096 = ADVANCED_FACE ( 'NONE', ( #2204, #7645 ), #6135, .T. ) ;
#1097 = AXIS2_PLACEMENT_3D ( 'NONE', #529, #5852, #6539 ) ;
#1098 = ORIENTED_EDGE ( 'NONE', *, *, #2996, .T. ) ;
#1099 = COLOUR_RGB ( '',0.7490196078431372584, 0.7490196078431372584, 0.7490196078431372584 ) ;
#1100 = ORIENTED_EDGE ( 'NONE', *, *, #1006, .T. ) ;
#1101 = DIRECTION ( 'NONE',  ( 0.000000000000000000, -0.000000000000000000, -1.000000000000000000 ) ) ;
#1102 = FACE_OUTER_BOUND ( 'NONE', #5140, .T. ) ;
#1103 = DIRECTION ( 'NONE',  ( 1.000000000000000000, 0.000000000000000000, 0.000000000000000000 ) ) ;
#1104 =( CONVERSION_BASED_UNIT ( 'INCH', #5977 ) LENGTH_UNIT ( ) NAMED_UNIT ( #5933 ) );
#1105 = CIRCLE ( 'NONE', #6724, 0.003937007874015749712 ) ;
#1106 = VECTOR ( 'NONE', #6831, 39.37007874015748143 ) ;
#1107 = SURFACE_STYLE_FILL_AREA ( #3567 ) ;
#1108 = EDGE_CURVE ( 'NONE', #357, #1613, #4079, .T. ) ;
#1109 = CARTESIAN_POINT ( 'NONE',  ( -0.2086614173228346081, -0.06603488399787402208, 0.09448818897637795144 ) ) ;
#1110 = SURFACE_STYLE_USAGE ( .BOTH. , #4181 ) ;
#1111 = ORIENTED_EDGE ( 'NONE', *, *, #2149, .T. ) ;
#1112 = CARTESIAN_POINT ( 'NONE',  ( -0.2086614173228346636, -0.06603488399787402208, 0.000000000000000000 ) ) ;
#1113 = COLOUR_RGB ( '',0.7490196078431372584, 0.7490196078431372584, 0.7490196078431372584 ) ;
#1114 = LINE ( 'NONE', #3578, #3865 ) ;
#1115 = VERTEX_POINT ( 'NONE', #4263 ) ;
#1116 = CARTESIAN_POINT ( 'NONE',  ( 0.1800760939070866207, 0.1889558061521260102, 0.09842519685039370636 ) ) ;
#1117 = DIRECTION ( 'NONE',  ( 1.000000000000000000, 0.000000000000000000, -0.000000000000000000 ) ) ;
#1118 = DIRECTION ( 'NONE',  ( 0.000000000000000000, -0.000000000000000000, -1.000000000000000000 ) ) ;
#1119 = CARTESIAN_POINT ( 'NONE',  ( -0.1330390167485787922, 0.1992328590562937596, 0.000000000000000000 ) ) ;
#1120 = EDGE_LOOP ( 'NONE', ( #5664, #6386, #1877, #2488 ) ) ;
#1121 = PRESENTATION_STYLE_ASSIGNMENT (( #5480 ) ) ;
#1122 = VECTOR ( 'NONE', #1624, 39.37007874015748143 ) ;
#1123 = ORIENTED_EDGE ( 'NONE', *, *, #419, .T. ) ;
#1124 = DIMENSIONAL_EXPONENTS ( 1.000000000000000000, 0.000000000000000000, 0.000000000000000000, 0.000000000000000000, 0.000000000000000000, 0.000000000000000000, 0.000000000000000000 ) ;
#1125 = CIRCLE ( 'NONE', #7, 0.01574803149733771529 ) ;
#1126 = UNCERTAINTY_MEASURE_WITH_UNIT (LENGTH_MEASURE( 1.000000000000000082E-05 ), #7389, 'distance_accuracy_value', 'NONE');
#1127 = ORIENTED_EDGE ( 'NONE', *, *, #1506, .F. ) ;
#1128 = FILL_AREA_STYLE ('',( #6068 ) ) ;
#1129 = DIRECTION ( 'NONE',  ( -1.000000000000000000, -0.000000000000000000, -0.000000000000000000 ) ) ;
#1130 = FILL_AREA_STYLE_COLOUR ( '', #1707 ) ;
#1131 = PRESENTATION_LAYER_ASSIGNMENT (  '', '', ( #4114 ) ) ;
#1132 = COLOUR_RGB ( '',0.7490196078431372584, 0.7490196078431372584, 0.7490196078431372584 ) ;
#1133 = DIRECTION ( 'NONE',  ( -1.000000000000000000, -0.000000000000000000, -0.000000000000000000 ) ) ;
#1134 = CIRCLE ( 'NONE', #5026, 0.1884895708661417646 ) ;
#1135 = ORIENTED_EDGE ( 'NONE', *, *, #4259, .T. ) ;
#1136 = SURFACE_STYLE_USAGE ( .BOTH. , #4171 ) ;
#1137 = SURFACE_STYLE_USAGE ( .BOTH. , #7110 ) ;
#1138 = PRESENTATION_STYLE_ASSIGNMENT (( #1731 ) ) ;
#1139 =( LENGTH_UNIT ( ) NAMED_UNIT ( * ) SI_UNIT ( $, .METRE. ) );
#1140 = EDGE_CURVE ( 'NONE', #5811, #6836, #1194, .T. ) ;
#1141 = CARTESIAN_POINT ( 'NONE',  ( -0.09842519685039370636, -0.2572565284661417206, 0.03279966909992126228 ) ) ;
#1142 = LENGTH_MEASURE_WITH_UNIT ( LENGTH_MEASURE( 0.02539999999999999897 ), #2347 );
#1143 = ORIENTED_EDGE ( 'NONE', *, *, #2858, .F. ) ;
#1144 = LINE ( 'NONE', #1112, #7190 ) ;
#1145 = CYLINDRICAL_SURFACE ( 'NONE', #4857, 0.07874015748031495954 ) ;
#1146 = ORIENTED_EDGE ( 'NONE', *, *, #3516, .F. ) ;
#1147 = PRESENTATION_LAYER_ASSIGNMENT (  '', '', ( #299 ) ) ;
#1148 = UNCERTAINTY_MEASURE_WITH_UNIT (LENGTH_MEASURE( 1.000000000000000082E-05 ), #6880, 'distance_accuracy_value', 'NONE');
#1149 = ADVANCED_FACE ( 'NONE', ( #68 ), #5477, .T. ) ;
#1150 = MECHANICAL_DESIGN_GEOMETRIC_PRESENTATION_REPRESENTATION (  '', ( #165 ), #7157 ) ;
#1151 = FACE_OUTER_BOUND ( 'NONE', #758, .T. ) ;
#1152 = DIRECTION ( 'NONE',  ( -1.000000000000000000, 0.000000000000000000, 0.000000000000000000 ) ) ;
#1153 = DIRECTION ( 'NONE',  ( -0.000000000000000000, -0.000000000000000000, -1.000000000000000000 ) ) ;
#1154 = ORIENTED_EDGE ( 'NONE', *, *, #7735, .T. ) ;
#1155 = SURFACE_STYLE_FILL_AREA ( #637 ) ;
#1157 = SURFACE_SIDE_STYLE ('',( #7398 ) ) ;
#1156 = MECHANICAL_DESIGN_GEOMETRIC_PRESENTATION_REPRESENTATION (  '', ( #3246 ), #5042 ) ;
#1158 = ORIENTED_EDGE ( 'NONE', *, *, #4013, .F. ) ;
#1159 =( NAMED_UNIT ( * ) PLANE_ANGLE_UNIT ( ) SI_UNIT ( $, .RADIAN. ) );
#1160 = PRESENTATION_LAYER_ASSIGNMENT (  '', '', ( #5315 ) ) ;
#1161 = ORIENTED_EDGE ( 'NONE', *, *, #5730, .T. ) ;
#1162 = SURFACE_STYLE_USAGE ( .BOTH. , #4976 ) ;
#1163 = LENGTH_MEASURE_WITH_UNIT ( LENGTH_MEASURE( 0.02539999999999999897 ), #6802 );
#1164 = PRESENTATION_STYLE_ASSIGNMENT (( #4241 ) ) ;
#1165 = PRESENTATION_STYLE_ASSIGNMENT (( #497 ) ) ;
#1166 = AXIS2_PLACEMENT_3D ( 'NONE', #3108, #6251, #1189 ) ;
#1167 = PLANE ( 'NONE',  #4629 ) ;
#1168 = DIRECTION ( 'NONE',  ( 0.000000000000000000, -1.000000000000000000, -0.000000000000000000 ) ) ;
#1169 = MECHANICAL_DESIGN_GEOMETRIC_PRESENTATION_REPRESENTATION (  '', ( #2095 ), #6548 ) ;
#1170 = ORIENTED_EDGE ( 'NONE', *, *, #4403, .T. ) ;
#1171 = CIRCLE ( 'NONE', #5688, 0.1028445393700787441 ) ;
#1172 = LINE ( 'NONE', #6623, #7076 ) ;
#1173 = LINE ( 'NONE', #3641, #3962 ) ;
#1174 = DIRECTION ( 'NONE',  ( 0.000000000000000000, 0.000000000000000000, 1.000000000000000000 ) ) ;
#1175 = LENGTH_MEASURE_WITH_UNIT ( LENGTH_MEASURE( 0.02539999999999999897 ), #6236 );
#1176 = SURFACE_STYLE_FILL_AREA ( #583 ) ;
#1177 = PRESENTATION_LAYER_ASSIGNMENT (  '', '', ( #4032 ) ) ;
#1178 = VECTOR ( 'NONE', #7619, 39.37007874015748143 ) ;
#1179 =( LENGTH_UNIT ( ) NAMED_UNIT ( * ) SI_UNIT ( $, .METRE. ) );
#1180 = CARTESIAN_POINT ( 'NONE',  ( 0.07874015748031495954, -0.2743811241349999874, 0.02492565335188976286 ) ) ;
#1181 = DIRECTION ( 'NONE',  ( -0.000000000000000000, 0.000000000000000000, -1.000000000000000000 ) ) ;
#1182 = VERTEX_POINT ( 'NONE', #522 ) ;
#1183 = EDGE_CURVE ( 'NONE', #3256, #6295, #1235, .T. ) ;
#1184 = EDGE_LOOP ( 'NONE', ( #668, #7830, #6309, #6115 ) ) ;
#1185 = EDGE_CURVE ( 'NONE', #383, #2646, #4921, .T. ) ;
#1186 = SURFACE_SIDE_STYLE ('',( #94 ) ) ;
#1187 = VERTEX_POINT ( 'NONE', #5412 ) ;
#1188 = PRESENTATION_STYLE_ASSIGNMENT (( #596 ) ) ;
#1189 = DIRECTION ( 'NONE',  ( 0.000000000000000000, -0.000000000000000000, -1.000000000000000000 ) ) ;
#1190 = COLOUR_RGB ( '',0.2784313725490196179, 0.2784313725490196179, 0.2784313725490196179 ) ;
#1191 = PRESENTATION_LAYER_ASSIGNMENT (  '', '', ( #1608 ) ) ;
#1192 =( CONVERSION_BASED_UNIT ( 'INCH', #7196 ) LENGTH_UNIT ( ) NAMED_UNIT ( #1325 ) );
#1193 = DIRECTION ( 'NONE',  ( 0.000000000000000000, 0.000000000000000000, 1.000000000000000000 ) ) ;
#1194 = LINE ( 'NONE', #5548, #5112 ) ;
#1195 = EDGE_CURVE ( 'NONE', #4541, #4329, #2359, .T. ) ;
#1196 = FILL_AREA_STYLE_COLOUR ( '', #7195 ) ;
#1197 = SURFACE_SIDE_STYLE ('',( #6218 ) ) ;
#1198 = PRESENTATION_LAYER_ASSIGNMENT (  '', '', ( #7201 ) ) ;
#1199 = LENGTH_MEASURE_WITH_UNIT ( LENGTH_MEASURE( 0.02539999999999999897 ), #6645 );
#1200 =( GEOMETRIC_REPRESENTATION_CONTEXT ( 3 ) GLOBAL_UNCERTAINTY_ASSIGNED_CONTEXT ( ( #7062 ) ) GLOBAL_UNIT_ASSIGNED_CONTEXT ( ( #6022, #1087, #4262 ) ) REPRESENTATION_CONTEXT ( 'NONE', 'WORKASPACE' ) );
#1201 = FILL_AREA_STYLE ('',( #6646 ) ) ;
#1202 = VERTEX_POINT ( 'NONE', #6642 ) ;
#1203 = COLOUR_RGB ( '',0.7490196078431372584, 0.7490196078431372584, 0.7490196078431372584 ) ;
#1204 = CARTESIAN_POINT ( 'NONE',  ( 0.1788576638454330847, -0.01227691951566929271, 0.09448818897637795144 ) ) ;
#1206 = ADVANCED_FACE ( 'NONE', ( #4192 ), #6712, .F. ) ;
#1205 = UNCERTAINTY_MEASURE_WITH_UNIT (LENGTH_MEASURE( 1.000000000000000082E-05 ), #2384, 'distance_accuracy_value', 'NONE');
#1207 = FILL_AREA_STYLE_COLOUR ( '', #6069 ) ;
#1208 = PRODUCT_DEFINITION_CONTEXT ( 'detailed design', #5681, 'design' ) ;
#1209 = LENGTH_MEASURE_WITH_UNIT ( LENGTH_MEASURE( 0.02539999999999999897 ), #5563 );
#1210 = DIRECTION ( 'NONE',  ( 0.000000000000000000, 0.000000000000000000, -1.000000000000000000 ) ) ;
#1211 = ORIENTED_EDGE ( 'NONE', *, *, #6683, .T. ) ;
#1212 = LINE ( 'NONE', #2412, #6320 ) ;
#1213 = DIRECTION ( 'NONE',  ( -0.000000000000000000, -1.000000000000000000, 0.000000000000000000 ) ) ;
#1214 = ORIENTED_EDGE ( 'NONE', *, *, #6011, .F. ) ;
#1215 = CARTESIAN_POINT ( 'NONE',  ( -0.1827946717203543514, -0.05814270379311024112, 0.09448818897637795144 ) ) ;
#1216 =( NAMED_UNIT ( * ) SI_UNIT ( $, .STERADIAN. ) SOLID_ANGLE_UNIT ( ) );
#1217 = VECTOR ( 'NONE', #6400, 39.37007874015748143 ) ;
#1218 =( NAMED_UNIT ( * ) PLANE_ANGLE_UNIT ( ) SI_UNIT ( $, .RADIAN. ) );
#1219 = DIRECTION ( 'NONE',  ( 1.000000000000000000, 0.000000000000000000, -0.000000000000000000 ) ) ;
#1220 = EDGE_LOOP ( 'NONE', ( #4792, #6585 ) ) ;
#1221 = CARTESIAN_POINT ( 'NONE',  ( 0.05118110236220472370, 0.2641953671577952911, 0.000000000000000000 ) ) ;
#1222 = DIRECTION ( 'NONE',  ( -1.000000000000000000, -0.000000000000000000, -0.000000000000000000 ) ) ;
#1223 = ORIENTED_EDGE ( 'NONE', *, *, #5008, .F. ) ;
#1224 = FACE_BOUND ( 'NONE', #840, .T. ) ;
#1225 = DIRECTION ( 'NONE',  ( 0.000000000000000000, 0.000000000000000000, -1.000000000000000000 ) ) ;
#1226 =( GEOMETRIC_REPRESENTATION_CONTEXT ( 3 ) GLOBAL_UNCERTAINTY_ASSIGNED_CONTEXT ( ( #3890 ) ) GLOBAL_UNIT_ASSIGNED_CONTEXT ( ( #3526, #1684, #6516 ) ) REPRESENTATION_CONTEXT ( 'NONE', 'WORKASPACE' ) );
#1227 = UNCERTAINTY_MEASURE_WITH_UNIT (LENGTH_MEASURE( 1.000000000000000082E-05 ), #5044, 'distance_accuracy_value', 'NONE');
#1228 = AXIS2_PLACEMENT_3D ( 'NONE', #5032, #7377, #4290 ) ;
#1229 =( GEOMETRIC_REPRESENTATION_CONTEXT ( 3 ) GLOBAL_UNCERTAINTY_ASSIGNED_CONTEXT ( ( #1126 ) ) GLOBAL_UNIT_ASSIGNED_CONTEXT ( ( #7389, #815, #6254 ) ) REPRESENTATION_CONTEXT ( 'NONE', 'WORKASPACE' ) );
#1230 = ADVANCED_FACE ( 'NONE', ( #3819 ), #237, .T. ) ;
#1231 =( NAMED_UNIT ( * ) PLANE_ANGLE_UNIT ( ) SI_UNIT ( $, .RADIAN. ) );
#1232 = PRESENTATION_LAYER_ASSIGNMENT (  '', '', ( #7878 ) ) ;
#1233 = FILL_AREA_STYLE_COLOUR ( '', #2130 ) ;
#1234 = VECTOR ( 'NONE', #4268, 39.37007874015748143 ) ;
#1235 = LINE ( 'NONE', #7234, #3811 ) ;
#1236 = DIRECTION ( 'NONE',  ( 0.000000000000000000, 0.000000000000000000, -1.000000000000000000 ) ) ;
#1237 = VERTEX_POINT ( 'NONE', #102 ) ;
#1238 = ORIENTED_EDGE ( 'NONE', *, *, #2761, .F. ) ;
#1239 = AXIS2_PLACEMENT_3D ( 'NONE', #809, #181, #5585 ) ;
#1240 = VECTOR ( 'NONE', #1078, 39.37007874015748143 ) ;
#1241 = EDGE_CURVE ( 'NONE', #5420, #4329, #3895, .T. ) ;
#1242 = EDGE_CURVE ( 'NONE', #7534, #3028, #3197, .T. ) ;
#1243 = SURFACE_SIDE_STYLE ('',( #4973 ) ) ;
#1244 = COLOUR_RGB ( '',0.7490196078431372584, 0.7490196078431372584, 0.7490196078431372584 ) ;
#1245 = VERTEX_POINT ( 'NONE', #5010 ) ;
#1246 = VECTOR ( 'NONE', #6203, 39.37007874015748143 ) ;
#1247 =( LENGTH_UNIT ( ) NAMED_UNIT ( * ) SI_UNIT ( $, .METRE. ) );
#1248 = FACE_OUTER_BOUND ( 'NONE', #5672, .T. ) ;
#1249 = ADVANCED_FACE ( 'NONE', ( #2099 ), #3158, .T. ) ;
#1250 = VECTOR ( 'NONE', #3694, 39.37007874015748143 ) ;
#1251 = FILL_AREA_STYLE_COLOUR ( '', #5948 ) ;
#1252 = LINE ( 'NONE', #1379, #6818 ) ;
#1253 = ORIENTED_EDGE ( 'NONE', *, *, #1344, .F. ) ;
#1254 =( NAMED_UNIT ( * ) SI_UNIT ( $, .STERADIAN. ) SOLID_ANGLE_UNIT ( ) );
#1255 = DIRECTION ( 'NONE',  ( -0.000000000000000000, 1.000000000000000000, 0.000000000000000000 ) ) ;
#1256 = ORIENTED_EDGE ( 'NONE', *, *, #6214, .T. ) ;
#1257 =( LENGTH_UNIT ( ) NAMED_UNIT ( * ) SI_UNIT ( $, .METRE. ) );
#1258 = VECTOR ( 'NONE', #7285, 39.37007874015748854 ) ;
#1259 =( CONVERSION_BASED_UNIT ( 'INCH', #172 ) LENGTH_UNIT ( ) NAMED_UNIT ( #4149 ) );
#1260 = CARTESIAN_POINT ( 'NONE',  ( 0.1761390860343700904, -0.01227691951566929271, 0.09448818897637795144 ) ) ;
#1261 = EDGE_CURVE ( 'NONE', #7011, #6977, #1659, .T. ) ;
#1262 = CARTESIAN_POINT ( 'NONE',  ( 0.1761390860343700904, 0.1952958511832283695, 0.09448818897637795144 ) ) ;
#1263 = COLOUR_RGB ( '',0.7490196078431372584, 0.7490196078431372584, 0.7490196078431372584 ) ;
#1264 = CARTESIAN_POINT ( 'NONE',  ( -0.1800760939070866207, 0.1300921114227165387, 0.09842519685039370636 ) ) ;
#1265 = LINE ( 'NONE', #3882, #2510 ) ;
#1266 = ORIENTED_EDGE ( 'NONE', *, *, #3903, .F. ) ;
#1267 = ORIENTED_EDGE ( 'NONE', *, *, #2253, .T. ) ;
#1268 =( NAMED_UNIT ( * ) PLANE_ANGLE_UNIT ( ) SI_UNIT ( $, .RADIAN. ) );
#1269 = ORIENTED_EDGE ( 'NONE', *, *, #2594, .T. ) ;
#1270 = FACE_BOUND ( 'NONE', #879, .T. ) ;
#1271 = DIMENSIONAL_EXPONENTS ( 1.000000000000000000, 0.000000000000000000, 0.000000000000000000, 0.000000000000000000, 0.000000000000000000, 0.000000000000000000, 0.000000000000000000 ) ;
#1272 = AXIS2_PLACEMENT_3D ( 'NONE', #7114, #859, #3317 ) ;
#1273 = FILL_AREA_STYLE ('',( #5669 ) ) ;
#1274 = DIRECTION ( 'NONE',  ( -1.000000000000000000, -0.000000000000000000, -0.000000000000000000 ) ) ;
#1275 = PLANE ( 'NONE',  #4205 ) ;
#1276 = FILL_AREA_STYLE_COLOUR ( '', #846 ) ;
#1277 = CARTESIAN_POINT ( 'NONE',  ( 0.09842519685039370636, -0.2572565284661417206, 0.007874015748031495954 ) ) ;
#1278 = ORIENTED_EDGE ( 'NONE', *, *, #730, .F. ) ;
#1279 = DIRECTION ( 'NONE',  ( 0.000000000000000000, -0.000000000000000000, -1.000000000000000000 ) ) ;
#1280 = ORIENTED_EDGE ( 'NONE', *, *, #599, .T. ) ;
#1281 = CLOSED_SHELL ( 'NONE', ( #6986, #5689, #404, #7167, #6103, #5152, #7522, #5979, #2680, #7355, #7490, #412, #646, #1948 ) ) ;
#1282 = FILL_AREA_STYLE_COLOUR ( '', #6186 ) ;
#1283 = DIRECTION ( 'NONE',  ( 1.000000000000000000, 0.000000000000000000, -0.000000000000000000 ) ) ;
#1284 = UNCERTAINTY_MEASURE_WITH_UNIT (LENGTH_MEASURE( 1.000000000000000082E-05 ), #4189, 'distance_accuracy_value', 'NONE');
#1285 = VERTEX_POINT ( 'NONE', #2826 ) ;
#1286 = MECHANICAL_DESIGN_GEOMETRIC_PRESENTATION_REPRESENTATION (  '', ( #4136 ), #803 ) ;
#1287 = ADVANCED_FACE ( 'NONE', ( #4071 ), #399, .T. ) ;
#1288 =( CONVERSION_BASED_UNIT ( 'INCH', #6764 ) LENGTH_UNIT ( ) NAMED_UNIT ( #7037 ) );
#1289 = EDGE_CURVE ( 'NONE', #2674, #4740, #6376, .T. ) ;
#1290 = PRESENTATION_STYLE_ASSIGNMENT (( #1761 ) ) ;
#1291 = DIRECTION ( 'NONE',  ( 0.000000000000000000, -0.000000000000000000, -1.000000000000000000 ) ) ;
#1292 =( LENGTH_UNIT ( ) NAMED_UNIT ( * ) SI_UNIT ( $, .METRE. ) );
#1293 = CARTESIAN_POINT ( 'NONE',  ( -0.1800760939070866207, 0.1992328590562992274, 0.09448818897637795144 ) ) ;
#1294 = VERTEX_POINT ( 'NONE', #7716 ) ;
#1295 =( NAMED_UNIT ( * ) SI_UNIT ( $, .STERADIAN. ) SOLID_ANGLE_UNIT ( ) );
#1296 = CARTESIAN_POINT ( 'NONE',  ( -0.09842519685039370636, -0.2690675520881889993, 0.01181102362204724393 ) ) ;
#1297 = ORIENTED_EDGE ( 'NONE', *, *, #2009, .T. ) ;
#1298 = ADVANCED_FACE ( 'NONE', ( #7595 ), #2271, .T. ) ;
#1299 =( GEOMETRIC_REPRESENTATION_CONTEXT ( 3 ) GLOBAL_UNCERTAINTY_ASSIGNED_CONTEXT ( ( #1284 ) ) GLOBAL_UNIT_ASSIGNED_CONTEXT ( ( #4189, #5407, #6528 ) ) REPRESENTATION_CONTEXT ( 'NONE', 'WORKASPACE' ) );
#1300 = CARTESIAN_POINT ( 'NONE',  ( 0.09842519685039370636, -0.2915057198038976671, 0.007874015748031495954 ) ) ;
#1301 = PRESENTATION_LAYER_ASSIGNMENT (  '', '', ( #7175 ) ) ;
#1302 = STYLED_ITEM ( 'NONE', ( #6853 ), #6060 ) ;
#1303 = LINE ( 'NONE', #4297, #2692 ) ;
#1304 = CARTESIAN_POINT ( 'NONE',  ( 0.1840131017811023617, 0.1889558061521260102, 0.09448818897637795144 ) ) ;
#1305 = ORIENTED_EDGE ( 'NONE', *, *, #2957, .F. ) ;
#1306 = DIRECTION ( 'NONE',  ( 1.000000000000000000, -0.000000000000000000, 0.000000000000000000 ) ) ;
#1307 = ORIENTED_EDGE ( 'NONE', *, *, #4066, .T. ) ;
#1308 = FILL_AREA_STYLE ('',( #92 ) ) ;
#1309 = PRESENTATION_STYLE_ASSIGNMENT (( #7348 ) ) ;
#1310 = ADVANCED_FACE ( 'NONE', ( #593 ), #1145, .F. ) ;
#1311 = VERTEX_POINT ( 'NONE', #3026 ) ;
#1312 = DIRECTION ( 'NONE',  ( -1.000000000000000000, -0.000000000000000000, -0.000000000000000000 ) ) ;
#1313 = AXIS2_PLACEMENT_3D ( 'NONE', #2172, #4630, #3456 ) ;
#1314 = VECTOR ( 'NONE', #2388, 39.37007874015748143 ) ;
#1315 = UNCERTAINTY_MEASURE_WITH_UNIT (LENGTH_MEASURE( 1.000000000000000082E-05 ), #4912, 'distance_accuracy_value', 'NONE');
#1316 =( GEOMETRIC_REPRESENTATION_CONTEXT ( 3 ) GLOBAL_UNCERTAINTY_ASSIGNED_CONTEXT ( ( #455 ) ) GLOBAL_UNIT_ASSIGNED_CONTEXT ( ( #530, #4775, #7680 ) ) REPRESENTATION_CONTEXT ( 'NONE', 'WORKASPACE' ) );
#1317 = FACE_OUTER_BOUND ( 'NONE', #4911, .T. ) ;
#1318 = STYLED_ITEM ( 'NONE', ( #1027 ), #6454 ) ;
#1319 = CARTESIAN_POINT ( 'NONE',  ( 0.1682650702838976442, 0.1300921114227165387, 0.09448818897637795144 ) ) ;
#1320 = VERTEX_POINT ( 'NONE', #2420 ) ;
#1321 = DIRECTION ( 'NONE',  ( 0.000000000000000000, 0.000000000000000000, -1.000000000000000000 ) ) ;
#1322 = CARTESIAN_POINT ( 'NONE',  ( 0.2047244094462598307, 0.1237520663915748081, 0.09448818897637795144 ) ) ;
#1324 = ORIENTED_EDGE ( 'NONE', *, *, #322, .F. ) ;
#1323 = MECHANICAL_DESIGN_GEOMETRIC_PRESENTATION_REPRESENTATION (  '', ( #3647 ), #3286 ) ;
#1325 = DIMENSIONAL_EXPONENTS ( 1.000000000000000000, 0.000000000000000000, 0.000000000000000000, 0.000000000000000000, 0.000000000000000000, 0.000000000000000000, 0.000000000000000000 ) ;
#1326 = DIRECTION ( 'NONE',  ( -0.000000000000000000, 1.000000000000000000, 0.000000000000000000 ) ) ;
#1327 = VECTOR ( 'NONE', #6426, 39.37007874015748143 ) ;
#1328 = ORIENTED_EDGE ( 'NONE', *, *, #4029, .F. ) ;
#1329 = CARTESIAN_POINT ( 'NONE',  ( 0.1840131017811023617, 0.1300921114227165665, 0.09551889522755568906 ) ) ;
#1330 = PRESENTATION_LAYER_ASSIGNMENT (  '', '', ( #4053 ) ) ;
#1331 = VECTOR ( 'NONE', #649, 39.37007874015748143 ) ;
#1332 = FILL_AREA_STYLE ('',( #3046 ) ) ;
#1333 =( CONVERSION_BASED_UNIT ( 'INCH', #2596 ) LENGTH_UNIT ( ) NAMED_UNIT ( #3387 ) );
#1334 = EDGE_CURVE ( 'NONE', #4300, #5773, #55, .T. ) ;
#1335 = LINE ( 'NONE', #2516, #3413 ) ;
#1336 = ORIENTED_EDGE ( 'NONE', *, *, #4302, .F. ) ;
#1337 = PRODUCT_DEFINITION_FORMATION_WITH_SPECIFIED_SOURCE ( 'ANY', '', #5254, .NOT_KNOWN. ) ;
#1338 =( CONVERSION_BASED_UNIT ( 'INCH', #4985 ) LENGTH_UNIT ( ) NAMED_UNIT ( #554 ) );
#1339 = PRESENTATION_LAYER_ASSIGNMENT (  '', '', ( #4314 ) ) ;
#1340 = LENGTH_MEASURE_WITH_UNIT ( LENGTH_MEASURE( 0.02539999999999999897 ), #6194 );
#1341 = DIRECTION ( 'NONE',  ( 1.000000000000000000, 0.000000000000000000, 0.000000000000000000 ) ) ;
#1342 = DIRECTION ( 'NONE',  ( -0.000000000000000000, 0.000000000000000000, -1.000000000000000000 ) ) ;
#1343 = SURFACE_STYLE_USAGE ( .BOTH. , #5111 ) ;
#1344 = EDGE_CURVE ( 'NONE', #5146, #1978, #4760, .T. ) ;
#1345 = CARTESIAN_POINT ( 'NONE',  ( 0.1181102362204724532, -0.2915057198038976671, 0.003937007874015747977 ) ) ;
#1346 = PRESENTATION_STYLE_ASSIGNMENT (( #1110 ) ) ;
#1347 = ORIENTED_EDGE ( 'NONE', *, *, #3914, .T. ) ;
#1348 = SURFACE_SIDE_STYLE ('',( #5036 ) ) ;
#1349 = ORIENTED_EDGE ( 'NONE', *, *, #599, .F. ) ;
#1350 = SURFACE_SIDE_STYLE ('',( #738 ) ) ;
#1351 = CARTESIAN_POINT ( 'NONE',  ( -0.1761390860324803243, 0.1952958511832283695, 0.09448818897637795144 ) ) ;
#1352 =( NAMED_UNIT ( * ) SI_UNIT ( $, .STERADIAN. ) SOLID_ANGLE_UNIT ( ) );
#1353 = CIRCLE ( 'NONE', #5860, 0.007874015748031495954 ) ;
#1354 = ADVANCED_FACE ( 'NONE', ( #626 ), #7305, .T. ) ;
#1355 = LINE ( 'NONE', #3156, #5614 ) ;
#1356 = CARTESIAN_POINT ( 'NONE',  ( -0.1788576638464173252, -0.06934995292858267546, 0.09448818897637795144 ) ) ;
#1357 = VERTEX_POINT ( 'NONE', #3145 ) ;
#1358 = PRESENTATION_STYLE_ASSIGNMENT (( #2624 ) ) ;
#1359 = CARTESIAN_POINT ( 'NONE',  ( 0.1170188464628346553, -0.2450787401618897965, 0.09448818897637795144 ) ) ;
#1360 =( GEOMETRIC_REPRESENTATION_CONTEXT ( 3 ) GLOBAL_UNCERTAINTY_ASSIGNED_CONTEXT ( ( #5750 ) ) GLOBAL_UNIT_ASSIGNED_CONTEXT ( ( #2284, #6575, #5341 ) ) REPRESENTATION_CONTEXT ( 'NONE', 'WORKASPACE' ) );
#1361 = FACE_OUTER_BOUND ( 'NONE', #7621, .T. ) ;
#1362 = PRESENTATION_LAYER_ASSIGNMENT (  '', '', ( #1766 ) ) ;
#1363 = VERTEX_POINT ( 'NONE', #6743 ) ;
#1364 = DIRECTION ( 'NONE',  ( 1.000000000000000000, 0.000000000000000000, 0.000000000000000000 ) ) ;
#1365 =( NAMED_UNIT ( * ) PLANE_ANGLE_UNIT ( ) SI_UNIT ( $, .RADIAN. ) );
#1366 = ORIENTED_EDGE ( 'NONE', *, *, #4720, .T. ) ;
#1367 = COLOUR_RGB ( '',0.7490196078431372584, 0.7490196078431372584, 0.7490196078431372584 ) ;
#1368 = SURFACE_STYLE_USAGE ( .BOTH. , #323 ) ;
#1369 = AXIS2_PLACEMENT_3D ( 'NONE', #6532, #4766, #2993 ) ;
#1370 =( CONVERSION_BASED_UNIT ( 'INCH', #114 ) LENGTH_UNIT ( ) NAMED_UNIT ( #740 ) );
#1371 = UNCERTAINTY_MEASURE_WITH_UNIT (LENGTH_MEASURE( 1.000000000000000082E-05 ), #2093, 'distance_accuracy_value', 'NONE');
#1372 = ORIENTED_EDGE ( 'NONE', *, *, #1863, .T. ) ;
#1373 = CARTESIAN_POINT ( 'NONE',  ( 0.1835887982520071904, 0.1300921114227165387, 0.09654325456206018508 ) ) ;
#1374 = VECTOR ( 'NONE', #6085, 39.37007874015748143 ) ;
#1375 = FILL_AREA_STYLE_COLOUR ( '', #5243 ) ;
#1376 =( GEOMETRIC_REPRESENTATION_CONTEXT ( 3 ) GLOBAL_UNCERTAINTY_ASSIGNED_CONTEXT ( ( #779 ) ) GLOBAL_UNIT_ASSIGNED_CONTEXT ( ( #2569, #4293, #1216 ) ) REPRESENTATION_CONTEXT ( 'NONE', 'WORKASPACE' ) );
#1377 = CARTESIAN_POINT ( 'NONE',  ( 0.000000000000000000, -0.2651305442141732027, 0.02492565335188976286 ) ) ;
#1378 = PRESENTATION_LAYER_ASSIGNMENT (  '', '', ( #395 ) ) ;
#1379 = CARTESIAN_POINT ( 'NONE',  ( -0.1186694271012992269, -0.2490157480314960647, 0.000000000000000000 ) ) ;
#1380 = DIMENSIONAL_EXPONENTS ( 1.000000000000000000, 0.000000000000000000, 0.000000000000000000, 0.000000000000000000, 0.000000000000000000, 0.000000000000000000, 0.000000000000000000 ) ;
#1381 = VERTEX_POINT ( 'NONE', #6285 ) ;
#1382 = DIRECTION ( 'NONE',  ( -4.512561924732999726E-16, -1.000000000000000000, 0.000000000000000000 ) ) ;
#1383 = SURFACE_SIDE_STYLE ('',( #685 ) ) ;
#1384 =( NAMED_UNIT ( * ) PLANE_ANGLE_UNIT ( ) SI_UNIT ( $, .RADIAN. ) );
#1385 = SURFACE_SIDE_STYLE ('',( #7498 ) ) ;
#1386 = SHAPE_DEFINITION_REPRESENTATION ( #7061, #5408 ) ;
#1387 = LINE ( 'NONE', #173, #3796 ) ;
#1388 = PRESENTATION_LAYER_ASSIGNMENT (  '', '', ( #4101 ) ) ;
#1389 = CARTESIAN_POINT ( 'NONE',  ( 0.08661417322834646937, 0.04035433070866142197, 0.08267716535472441342 ) ) ;
#1390 = STYLED_ITEM ( 'NONE', ( #4280 ), #2252 ) ;
#1391 = SURFACE_SIDE_STYLE ('',( #1436 ) ) ;
#1392 = VERTEX_POINT ( 'NONE', #7509 ) ;
#1393 = CARTESIAN_POINT ( 'NONE',  ( -0.2047244094501181333, 0.1237520663915748081, 0.09448818897637795144 ) ) ;
#1394 = ORIENTED_EDGE ( 'NONE', *, *, #1183, .F. ) ;
#1395 = SURFACE_STYLE_FILL_AREA ( #1308 ) ;
#1396 = DIRECTION ( 'NONE',  ( 1.000000000000000000, 0.000000000000000000, 0.000000000000000000 ) ) ;
#1397 = CARTESIAN_POINT ( 'NONE',  ( -0.1181102362204724532, -0.2743811241349999874, 0.000000000000000000 ) ) ;
#1398 = LENGTH_MEASURE_WITH_UNIT ( LENGTH_MEASURE( 0.02539999999999999897 ), #7277 );
#1399 = EDGE_CURVE ( 'NONE', #1715, #2746, #1440, .T. ) ;
#1400 = CARTESIAN_POINT ( 'NONE',  ( 0.09842519685039370636, -0.2915057198038976671, 0.007874015748031495954 ) ) ;
#1401 = UNCERTAINTY_MEASURE_WITH_UNIT (LENGTH_MEASURE( 1.000000000000000082E-05 ), #891, 'distance_accuracy_value', 'NONE');
#1402 = SURFACE_STYLE_FILL_AREA ( #3734 ) ;
#1403 =( NAMED_UNIT ( * ) SI_UNIT ( $, .STERADIAN. ) SOLID_ANGLE_UNIT ( ) );
#1404 = LENGTH_MEASURE_WITH_UNIT ( LENGTH_MEASURE( 0.02539999999999999897 ), #2622 );
#1405 = ORIENTED_EDGE ( 'NONE', *, *, #5212, .F. ) ;
#1406 =( CONVERSION_BASED_UNIT ( 'INCH', #3319 ) LENGTH_UNIT ( ) NAMED_UNIT ( #5104 ) );
#1407 = DIRECTION ( 'NONE',  ( -0.000000000000000000, 1.000000000000000000, 0.000000000000000000 ) ) ;
#1408 =( GEOMETRIC_REPRESENTATION_CONTEXT ( 3 ) GLOBAL_UNCERTAINTY_ASSIGNED_CONTEXT ( ( #6106 ) ) GLOBAL_UNIT_ASSIGNED_CONTEXT ( ( #3195, #3109, #7352 ) ) REPRESENTATION_CONTEXT ( 'NONE', 'WORKASPACE' ) );
#1409 =( NAMED_UNIT ( * ) PLANE_ANGLE_UNIT ( ) SI_UNIT ( $, .RADIAN. ) );
#1410 = ORIENTED_EDGE ( 'NONE', *, *, #4895, .F. ) ;
#1411 = FACE_OUTER_BOUND ( 'NONE', #3795, .T. ) ;
#1412 = EDGE_CURVE ( 'NONE', #1468, #6190, #5626, .T. ) ;
#1413 = FILL_AREA_STYLE ('',( #1130 ) ) ;
#1414 = ORIENTED_EDGE ( 'NONE', *, *, #1185, .F. ) ;
#1415 = APPLICATION_CONTEXT ( 'automotive_design' ) ;
#1416 = AXIS2_PLACEMENT_3D ( 'NONE', #2658, #5287, #6865 ) ;
#1417 =( LENGTH_UNIT ( ) NAMED_UNIT ( * ) SI_UNIT ( $, .METRE. ) );
#1418 = CARTESIAN_POINT ( 'NONE',  ( -0.1761390860324803243, 0.1889558061521260102, 0.09842519685039370636 ) ) ;
#1419 = ORIENTED_EDGE ( 'NONE', *, *, #1412, .T. ) ;
#1420 = ADVANCED_FACE ( 'NONE', ( #4997 ), #1935, .T. ) ;
#1421 = MECHANICAL_DESIGN_GEOMETRIC_PRESENTATION_REPRESENTATION (  '', ( #3731 ), #2074 ) ;
#1422 = ORIENTED_EDGE ( 'NONE', *, *, #6311, .T. ) ;
#1423 =( NAMED_UNIT ( * ) PLANE_ANGLE_UNIT ( ) SI_UNIT ( $, .RADIAN. ) );
#1424 = DIRECTION ( 'NONE',  ( 1.000000000000000000, 0.000000000000000000, 0.000000000000000000 ) ) ;
#1425 = STYLED_ITEM ( 'NONE', ( #23 ), #5152 ) ;
#1426 = SURFACE_STYLE_USAGE ( .BOTH. , #5690 ) ;
#1427 = ORIENTED_EDGE ( 'NONE', *, *, #4895, .T. ) ;
#1428 = PRESENTATION_STYLE_ASSIGNMENT (( #839 ) ) ;
#1429 = LENGTH_MEASURE_WITH_UNIT ( LENGTH_MEASURE( 0.02539999999999999897 ), #4331 );
#1430 = ORIENTED_EDGE ( 'NONE', *, *, #4322, .F. ) ;
#1431 = DIRECTION ( 'NONE',  ( 0.000000000000000000, 0.000000000000000000, 1.000000000000000000 ) ) ;
#1432 = APPLICATION_PROTOCOL_DEFINITION ( 'draft international standard', 'automotive_design', 1998, #4725 ) ;
#1433 =( NAMED_UNIT ( * ) PLANE_ANGLE_UNIT ( ) SI_UNIT ( $, .RADIAN. ) );
#1434 = STYLED_ITEM ( 'NONE', ( #5863 ), #5416 ) ;
#1435 = DIRECTION ( 'NONE',  ( 1.000000000000000000, 0.000000000000000000, -0.000000000000000000 ) ) ;
#1436 = SURFACE_STYLE_FILL_AREA ( #4377 ) ;
#1437 = VERTEX_POINT ( 'NONE', #4380 ) ;
#1438 = VECTOR ( 'NONE', #5387, 39.37007874015748143 ) ;
#1439 = ORIENTED_EDGE ( 'NONE', *, *, #1063, .F. ) ;
#1440 = LINE ( 'NONE', #2014, #3817 ) ;
#1441 = CARTESIAN_POINT ( 'NONE',  ( 0.05118110236220472370, 0.1878684657093700749, 0.02492565335188976286 ) ) ;
#1442 =( LENGTH_UNIT ( ) NAMED_UNIT ( * ) SI_UNIT ( $, .METRE. ) );
#1443 = STYLED_ITEM ( 'NONE', ( #1428 ), #6620 ) ;
#1444 = MECHANICAL_DESIGN_GEOMETRIC_PRESENTATION_REPRESENTATION (  '', ( #453 ), #5428 ) ;
#1445 = ADVANCED_FACE ( 'NONE', ( #2613 ), #5079, .T. ) ;
#1446 = EDGE_CURVE ( 'NONE', #1613, #3187, #1000, .T. ) ;
#1447 = PLANE ( 'NONE',  #6577 ) ;
#1448 = ORIENTED_EDGE ( 'NONE', *, *, #4919, .F. ) ;
#1449 = CYLINDRICAL_SURFACE ( 'NONE', #1975, 0.007874015748031495954 ) ;
#1450 = DIRECTION ( 'NONE',  ( 0.000000000000000000, 0.000000000000000000, -1.000000000000000000 ) ) ;
#1451 = PRESENTATION_LAYER_ASSIGNMENT (  '', '', ( #819 ) ) ;
#1452 =( CONVERSION_BASED_UNIT ( 'INCH', #3360 ) LENGTH_UNIT ( ) NAMED_UNIT ( #4672 ) );
#1453 =( GEOMETRIC_REPRESENTATION_CONTEXT ( 3 ) GLOBAL_UNCERTAINTY_ASSIGNED_CONTEXT ( ( #5098 ) ) GLOBAL_UNIT_ASSIGNED_CONTEXT ( ( #1406, #5209, #974 ) ) REPRESENTATION_CONTEXT ( 'NONE', 'WORKASPACE' ) );
#1454 = CARTESIAN_POINT ( 'NONE',  ( 0.000000000000000000, -0.2651305442141732582, 0.03279966909992126228 ) ) ;
#1455 = VERTEX_POINT ( 'NONE', #6406 ) ;
#1456 =( NAMED_UNIT ( * ) PLANE_ANGLE_UNIT ( ) SI_UNIT ( $, .RADIAN. ) );
#1457 =( CONVERSION_BASED_UNIT ( 'INCH', #906 ) LENGTH_UNIT ( ) NAMED_UNIT ( #184 ) );
#1458 = ORIENTED_EDGE ( 'NONE', *, *, #5500, .T. ) ;
#1459 = VECTOR ( 'NONE', #2215, 39.37007874015748143 ) ;
#1460 = PRESENTATION_LAYER_ASSIGNMENT (  '', '', ( #5443 ) ) ;
#1461 = LINE ( 'NONE', #3904, #3768 ) ;
#1462 = EDGE_CURVE ( 'NONE', #4440, #7882, #6369, .T. ) ;
#1463 = UNCERTAINTY_MEASURE_WITH_UNIT (LENGTH_MEASURE( 1.000000000000000082E-05 ), #5129, 'distance_accuracy_value', 'NONE');
#1464 = ORIENTED_EDGE ( 'NONE', *, *, #6934, .T. ) ;
#1465 = CARTESIAN_POINT ( 'NONE',  ( 0.1840131017811023617, 0.1300921114227165387, 0.09448818897637795144 ) ) ;
#1466 = PRESENTATION_LAYER_ASSIGNMENT (  '', '', ( #1723 ) ) ;
#1467 = VECTOR ( 'NONE', #6609, 39.37007874015748143 ) ;
#1468 = VERTEX_POINT ( 'NONE', #387 ) ;
#1469 = VECTOR ( 'NONE', #294, 39.37007874015748143 ) ;
#1470 =( CONVERSION_BASED_UNIT ( 'INCH', #4540 ) LENGTH_UNIT ( ) NAMED_UNIT ( #2822 ) );
#1471 = EDGE_CURVE ( 'NONE', #1569, #343, #4592, .T. ) ;
#1472 = PRESENTATION_STYLE_ASSIGNMENT (( #2682 ) ) ;
#1473 = VERTEX_POINT ( 'NONE', #2090 ) ;
#1474 = CARTESIAN_POINT ( 'NONE',  ( 0.09842519685039370636, -0.2651305442141732027, 0.02492565335188976286 ) ) ;
#1475 = DIRECTION ( 'NONE',  ( 0.000000000000000000, 1.000000000000000000, -0.000000000000000000 ) ) ;
#1476 = ORIENTED_EDGE ( 'NONE', *, *, #6683, .F. ) ;
#1477 = CARTESIAN_POINT ( 'NONE',  ( 0.06329531094598425667, 0.2490157480314960647, 2.172226176498455747E-79 ) ) ;
#1478 = LINE ( 'NONE', #214, #5077 ) ;
#1479 = VECTOR ( 'NONE', #2115, 39.37007874015748143 ) ;
#1480 = FACE_OUTER_BOUND ( 'NONE', #3778, .T. ) ;
#1481 = CONTEXT_DEPENDENT_SHAPE_REPRESENTATION ( #5520, #4674 ) ;
#1482 = PRESENTATION_LAYER_ASSIGNMENT (  '', '', ( #2260 ) ) ;
#1483 = DIRECTION ( 'NONE',  ( -1.000000000000000000, -0.000000000000000000, -0.000000000000000000 ) ) ;
#1484 =( GEOMETRIC_REPRESENTATION_CONTEXT ( 3 ) GLOBAL_UNCERTAINTY_ASSIGNED_CONTEXT ( ( #6422 ) ) GLOBAL_UNIT_ASSIGNED_CONTEXT ( ( #4655, #4613, #2919 ) ) REPRESENTATION_CONTEXT ( 'NONE', 'WORKASPACE' ) );
#1485 = STYLED_ITEM ( 'NONE', ( #5622 ), #3815 ) ;
#1486 = ORIENTED_EDGE ( 'NONE', *, *, #777, .F. ) ;
#1487 = CARTESIAN_POINT ( 'NONE',  ( 0.1800760939070866207, 0.1992328590562992274, 0.000000000000000000 ) ) ;
#1488 = ORIENTED_EDGE ( 'NONE', *, *, #5351, .T. ) ;
#1489 = LINE ( 'NONE', #426, #6113 ) ;
#1490 =( CONVERSION_BASED_UNIT ( 'INCH', #6951 ) LENGTH_UNIT ( ) NAMED_UNIT ( #6485 ) );
#1491 = FACE_OUTER_BOUND ( 'NONE', #2521, .T. ) ;
#1492 = FILL_AREA_STYLE ('',( #4520 ) ) ;
#1493 = SURFACE_STYLE_USAGE ( .BOTH. , #3985 ) ;
#1494 = FILL_AREA_STYLE_COLOUR ( '', #325 ) ;
#1495 = UNCERTAINTY_MEASURE_WITH_UNIT (LENGTH_MEASURE( 1.000000000000000082E-05 ), #7376, 'distance_accuracy_value', 'NONE');
#1496 =( GEOMETRIC_REPRESENTATION_CONTEXT ( 3 ) GLOBAL_UNCERTAINTY_ASSIGNED_CONTEXT ( ( #6803 ) ) GLOBAL_UNIT_ASSIGNED_CONTEXT ( ( #1259, #728, #4948 ) ) REPRESENTATION_CONTEXT ( 'NONE', 'WORKASPACE' ) );
#1497 = DIRECTION ( 'NONE',  ( -1.000000000000000000, -0.000000000000000000, -0.000000000000000000 ) ) ;
#1498 = CARTESIAN_POINT ( 'NONE',  ( -0.1827946717203543514, -0.1040084880705905435, 0.05905511811023622659 ) ) ;
#1499 = DIRECTION ( 'NONE',  ( 0.000000000000000000, 0.000000000000000000, 1.000000000000000000 ) ) ;
#1500 = ORIENTED_EDGE ( 'NONE', *, *, #5222, .F. ) ;
#1501 = CARTESIAN_POINT ( 'NONE',  ( -0.1771653543332330494, 0.04035433070866142197, -0.04330708661225397826 ) ) ;
#1502 = CARTESIAN_POINT ( 'NONE',  ( -1.777545739647244141E-12, -0.06209787612507873533, 0.09448818897637795144 ) ) ;
#1503 = LINE ( 'NONE', #7008, #2471 ) ;
#1504 = DIRECTION ( 'NONE',  ( -0.7010151983298378298, 0.7131463326068347985, -0.000000000000000000 ) ) ;
#1505 = PRESENTATION_STYLE_ASSIGNMENT (( #193 ) ) ;
#1506 = EDGE_CURVE ( 'NONE', #551, #1945, #4061, .T. ) ;
#1507 = ORIENTED_EDGE ( 'NONE', *, *, #1906, .T. ) ;
#1508 = DIRECTION ( 'NONE',  ( 0.000000000000000000, -2.036321512455000055E-31, 1.000000000000000000 ) ) ;
#1509 =( NAMED_UNIT ( * ) SI_UNIT ( $, .STERADIAN. ) SOLID_ANGLE_UNIT ( ) );
#1510 = ORIENTED_EDGE ( 'NONE', *, *, #6402, .T. ) ;
#1511 = DIRECTION ( 'NONE',  ( -1.000000000000000000, -0.000000000000000000, 0.000000000000000000 ) ) ;
#1512 =( NAMED_UNIT ( * ) SI_UNIT ( $, .STERADIAN. ) SOLID_ANGLE_UNIT ( ) );
#1513 = EDGE_CURVE ( 'NONE', #1202, #7756, #7036, .T. ) ;
#1514 = VERTEX_POINT ( 'NONE', #5864 ) ;
#1515 = PRESENTATION_LAYER_ASSIGNMENT (  '', '', ( #6359 ) ) ;
#1516 = VECTOR ( 'NONE', #3248, 39.37007874015748143 ) ;
#1517 = PRESENTATION_LAYER_ASSIGNMENT (  '', '', ( #6361 ) ) ;
#1518 = FACE_OUTER_BOUND ( 'NONE', #4502, .T. ) ;
#1519 = DIRECTION ( 'NONE',  ( 1.000000000000000000, 0.000000000000000000, 0.000000000000000000 ) ) ;
#1520 = VECTOR ( 'NONE', #1101, 39.37007874015748143 ) ;
#1521 = ORIENTED_EDGE ( 'NONE', *, *, #2848, .F. ) ;
#1522 =( LENGTH_UNIT ( ) NAMED_UNIT ( * ) SI_UNIT ( $, .METRE. ) );
#1523 = CIRCLE ( 'NONE', #2938, 0.01574803149733771529 ) ;
#1524 = EDGE_LOOP ( 'NONE', ( #948, #3745 ) ) ;
#1525 = CARTESIAN_POINT ( 'NONE',  ( 0.1761390860343700904, 0.1237520663915748081, 0.09448818897637795144 ) ) ;
#1526 =( NAMED_UNIT ( * ) SI_UNIT ( $, .STERADIAN. ) SOLID_ANGLE_UNIT ( ) );
#1527 = EDGE_CURVE ( 'NONE', #1933, #3174, #1489, .T. ) ;
#1528 = VECTOR ( 'NONE', #416, 39.37007874015748143 ) ;
#1529 =( LENGTH_UNIT ( ) NAMED_UNIT ( * ) SI_UNIT ( $, .METRE. ) );
#1530 = ORIENTED_EDGE ( 'NONE', *, *, #3295, .T. ) ;
#1531 = LINE ( 'NONE', #5116, #4561 ) ;
#1532 = FILL_AREA_STYLE ('',( #4017 ) ) ;
#1533 = ORIENTED_EDGE ( 'NONE', *, *, #1578, .F. ) ;
#1534 = PLANE ( 'NONE',  #1416 ) ;
#1535 = VECTOR ( 'NONE', #7796, 39.37007874015748143 ) ;
#1536 = B_SPLINE_CURVE_WITH_KNOTS ( 'NONE', 3,
 ( #5902, #4719, #7433, #7707, #430, #4639 ),
 .UNSPECIFIED., .F., .F.,
 ( 4, 2, 4 ),
 ( 0.000000000000000000, 0.5000000000000000000, 1.000000000000000000 ),
 .UNSPECIFIED. ) ;
#1538 = FACE_OUTER_BOUND ( 'NONE', #3203, .T. ) ;
#1537 = MECHANICAL_DESIGN_GEOMETRIC_PRESENTATION_REPRESENTATION (  '', ( #2179 ), #7396 ) ;
#1539 = DIRECTION ( 'NONE',  ( -1.000000000000000000, -0.000000000000000000, -0.000000000000000000 ) ) ;
#1540 =( LENGTH_UNIT ( ) NAMED_UNIT ( * ) SI_UNIT ( $, .METRE. ) );
#1541 = STYLED_ITEM ( 'NONE', ( #121 ), #2327 ) ;
#1542 = MECHANICAL_DESIGN_GEOMETRIC_PRESENTATION_REPRESENTATION (  '', ( #5388 ), #4635 ) ;
#1543 = CARTESIAN_POINT ( 'NONE',  ( 0.1800760939070866484, 0.1992328590562992274, 0.000000000000000000 ) ) ;
#1544 = FILL_AREA_STYLE_COLOUR ( '', #1061 ) ;
#1545 = CARTESIAN_POINT ( 'NONE',  ( 0.05118110236220472370, 0.2641953671577952911, 0.03279966909992126228 ) ) ;
#1546 = LINE ( 'NONE', #2274, #5006 ) ;
#1547 = SURFACE_SIDE_STYLE ('',( #3952 ) ) ;
#1548 = FILL_AREA_STYLE ('',( #945 ) ) ;
#1549 = UNCERTAINTY_MEASURE_WITH_UNIT (LENGTH_MEASURE( 1.000000000000000082E-05 ), #5186, 'distance_accuracy_value', 'NONE');
#1550 = EDGE_LOOP ( 'NONE', ( #2563, #3610, #2107, #4701 ) ) ;
#1551 = CARTESIAN_POINT ( 'NONE',  ( -1.777545739647244141E-12, -0.1112605648740944836, 0.09448818897637795144 ) ) ;
#1552 = LENGTH_MEASURE_WITH_UNIT ( LENGTH_MEASURE( 0.02539999999999999897 ), #1709 );
#1553 =( CONVERSION_BASED_UNIT ( 'INCH', #795 ) LENGTH_UNIT ( ) NAMED_UNIT ( #493 ) );
#1554 = CIRCLE ( 'NONE', #1272, 0.007874015748031495954 ) ;
#1555 =( LENGTH_UNIT ( ) NAMED_UNIT ( * ) SI_UNIT ( $, .METRE. ) );
#1556 = SURFACE_STYLE_FILL_AREA ( #677 ) ;
#1557 = EDGE_CURVE ( 'NONE', #5176, #3910, #5196, .T. ) ;
#1558 = ADVANCED_FACE ( 'NONE', ( #3928 ), #5285, .T. ) ;
#1559 = UNCERTAINTY_MEASURE_WITH_UNIT (LENGTH_MEASURE( 1.000000000000000082E-05 ), #2175, 'distance_accuracy_value', 'NONE');
#1560 = ORIENTED_EDGE ( 'NONE', *, *, #48, .F. ) ;
#1561 = VERTEX_POINT ( 'NONE', #2975 ) ;
#1562 = DIRECTION ( 'NONE',  ( 0.000000000000000000, 0.000000000000000000, -1.000000000000000000 ) ) ;
#1563 = SURFACE_SIDE_STYLE ('',( #2690 ) ) ;
#1564 = AXIS2_PLACEMENT_3D ( 'NONE', #1277, #6062, #3074 ) ;
#1565 = CARTESIAN_POINT ( 'NONE',  ( 0.2086614173228346636, 0.1276890742665748035, 0.000000000000000000 ) ) ;
#1566 = EDGE_CURVE ( 'NONE', #5615, #6549, #4862, .T. ) ;
#1567 = ORIENTED_EDGE ( 'NONE', *, *, #641, .F. ) ;
#1568 = CARTESIAN_POINT ( 'NONE',  ( 0.1771653543307086798, 0.04035433070866141503, 0.000000000000000000 ) ) ;
#1569 = VERTEX_POINT ( 'NONE', #7179 ) ;
#1570 = ORIENTED_EDGE ( 'NONE', *, *, #2009, .F. ) ;
#1571 =( LENGTH_UNIT ( ) NAMED_UNIT ( * ) SI_UNIT ( $, .METRE. ) );
#1572 = VECTOR ( 'NONE', #2816, 39.37007874015748143 ) ;
#1573 = FILL_AREA_STYLE_COLOUR ( '', #2343 ) ;
#1574 = LENGTH_MEASURE_WITH_UNIT ( LENGTH_MEASURE( 0.02539999999999999897 ), #1442 );
#1575 = FILL_AREA_STYLE ('',( #7041 ) ) ;
#1576 = CARTESIAN_POINT ( 'NONE',  ( -0.1820912302668591665, 0.1300921114227165387, 0.09802831339483311646 ) ) ;
#1577 = PRESENTATION_LAYER_ASSIGNMENT (  '', '', ( #444 ) ) ;
#1578 = EDGE_CURVE ( 'NONE', #343, #2210, #514, .T. ) ;
#1579 = SURFACE_SIDE_STYLE ('',( #7044 ) ) ;
#1580 = DIRECTION ( 'NONE',  ( -1.000000000000000000, 0.000000000000000000, 0.000000000000000000 ) ) ;
#1581 = VERTEX_POINT ( 'NONE', #6588 ) ;
#1582 = FILL_AREA_STYLE_COLOUR ( '', #3190 ) ;
#1583 = FACE_OUTER_BOUND ( 'NONE', #693, .T. ) ;
#1584 = DIRECTION ( 'NONE',  ( -0.000000000000000000, 1.000000000000000000, 0.000000000000000000 ) ) ;
#1585 = DIRECTION ( 'NONE',  ( -1.000000000000000000, 0.000000000000000000, 0.000000000000000000 ) ) ;
#1586 = DIRECTION ( 'NONE',  ( 0.000000000000000000, 0.000000000000000000, 1.000000000000000000 ) ) ;
#1587 = VECTOR ( 'NONE', #898, 39.37007874015748143 ) ;
#1588 = DIMENSIONAL_EXPONENTS ( 1.000000000000000000, 0.000000000000000000, 0.000000000000000000, 0.000000000000000000, 0.000000000000000000, 0.000000000000000000, 0.000000000000000000 ) ;
#1589 = DIMENSIONAL_EXPONENTS ( 1.000000000000000000, 0.000000000000000000, 0.000000000000000000, 0.000000000000000000, 0.000000000000000000, 0.000000000000000000, 0.000000000000000000 ) ;
#1590 = STYLED_ITEM ( 'NONE', ( #5792 ), #6986 ) ;
#1591 = CARTESIAN_POINT ( 'NONE',  ( 0.05118110236220472370, 0.2681323750318110322, 0.007874015748031495954 ) ) ;
#1592 = LINE ( 'NONE', #6470, #7850 ) ;
#1593 =( CONVERSION_BASED_UNIT ( 'INCH', #7642 ) LENGTH_UNIT ( ) NAMED_UNIT ( #7141 ) );
#1595 = ORIENTED_EDGE ( 'NONE', *, *, #7644, .T. ) ;
#1594 = MECHANICAL_DESIGN_GEOMETRIC_PRESENTATION_REPRESENTATION (  '', ( #4032 ), #5561 ) ;
#1596 = PRESENTATION_LAYER_ASSIGNMENT (  '', '', ( #7070 ) ) ;
#1597 = LENGTH_MEASURE_WITH_UNIT ( LENGTH_MEASURE( 0.02539999999999999897 ), #2880 );
#1598 = DIMENSIONAL_EXPONENTS ( 1.000000000000000000, 0.000000000000000000, 0.000000000000000000, 0.000000000000000000, 0.000000000000000000, 0.000000000000000000, 0.000000000000000000 ) ;
#1599 = SURFACE_SIDE_STYLE ('',( #1556 ) ) ;
#1600 = MECHANICAL_DESIGN_GEOMETRIC_PRESENTATION_REPRESENTATION (  '', ( #5700 ), #1316 ) ;
#1601 = EDGE_LOOP ( 'NONE', ( #3025, #556, #2591, #7508 ) ) ;
#1602 = AXIS2_PLACEMENT_3D ( 'NONE', #2379, #3418, #384 ) ;
#1603 = ORIENTED_EDGE ( 'NONE', *, *, #1334, .F. ) ;
#1604 = CARTESIAN_POINT ( 'NONE',  ( -0.01968503937007873988, -0.2572565284661417206, 0.003937007874015747977 ) ) ;
#1605 = FILL_AREA_STYLE_COLOUR ( '', #6042 ) ;
#1606 = COLOUR_RGB ( '',0.2784313725490196179, 0.2784313725490196179, 0.2784313725490196179 ) ;
#1607 = EDGE_CURVE ( 'NONE', #2844, #1834, #6009, .T. ) ;
#1608 = STYLED_ITEM ( 'NONE', ( #2798 ), #3429 ) ;
#1609 = EDGE_CURVE ( 'NONE', #1357, #7702, #2943, .T. ) ;
#1610 = CARTESIAN_POINT ( 'NONE',  ( -0.01968503937007873988, -0.2572565284661417206, 0.03279966909992126228 ) ) ;
#1611 = CYLINDRICAL_SURFACE ( 'NONE', #1602, 0.003937007874015749712 ) ;
#1612 = DIRECTION ( 'NONE',  ( 0.000000000000000000, 0.000000000000000000, -1.000000000000000000 ) ) ;
#1613 = VERTEX_POINT ( 'NONE', #6553 ) ;
#1614 =( NAMED_UNIT ( * ) PLANE_ANGLE_UNIT ( ) SI_UNIT ( $, .RADIAN. ) );
#1615 = PRESENTATION_LAYER_ASSIGNMENT (  '', '', ( #7329 ) ) ;
#1616 = CARTESIAN_POINT ( 'NONE',  ( -0.05118110236220472370, 0.2681323750318110322, 0.01181102362204724393 ) ) ;
#1617 =( NAMED_UNIT ( * ) SI_UNIT ( $, .STERADIAN. ) SOLID_ANGLE_UNIT ( ) );
#1618 = EDGE_CURVE ( 'NONE', #6084, #5172, #5392, .T. ) ;
#1619 = ADVANCED_FACE ( 'NONE', ( #4902 ), #2450, .F. ) ;
#1620 = PRESENTATION_LAYER_ASSIGNMENT (  '', '', ( #5846 ) ) ;
#1621 =( LENGTH_UNIT ( ) NAMED_UNIT ( * ) SI_UNIT ( $, .METRE. ) );
#1622 = EDGE_LOOP ( 'NONE', ( #3294, #5423, #2756, #347 ) ) ;
#1623 = DIRECTION ( 'NONE',  ( -2.222700233188000074E-16, -1.000000000000000000, 0.000000000000000000 ) ) ;
#1624 = DIRECTION ( 'NONE',  ( -0.000000000000000000, -0.000000000000000000, -1.000000000000000000 ) ) ;
#1625 =( GEOMETRIC_REPRESENTATION_CONTEXT ( 3 ) GLOBAL_UNCERTAINTY_ASSIGNED_CONTEXT ( ( #3552 ) ) GLOBAL_UNIT_ASSIGNED_CONTEXT ( ( #4571, #2234, #7673 ) ) REPRESENTATION_CONTEXT ( 'NONE', 'WORKASPACE' ) );
#1626 = CARTESIAN_POINT ( 'NONE',  ( -1.777545739647244141E-12, -0.06209787612507873533, 0.09448818897637795144 ) ) ;
#1627 = EDGE_CURVE ( 'NONE', #1776, #6107, #5932, .T. ) ;
#1628 =( CONVERSION_BASED_UNIT ( 'INCH', #405 ) LENGTH_UNIT ( ) NAMED_UNIT ( #789 ) );
#1629 = SURFACE_STYLE_USAGE ( .BOTH. , #7090 ) ;
#1630 = ORIENTED_EDGE ( 'NONE', *, *, #63, .F. ) ;
#1631 = CARTESIAN_POINT ( 'NONE',  ( 0.01968503937007873988, -0.2690675520881889993, 0.01181102362204724393 ) ) ;
#1632 = PRESENTATION_STYLE_ASSIGNMENT (( #7605 ) ) ;
#1633 = DIRECTION ( 'NONE',  ( -0.000000000000000000, 0.000000000000000000, -1.000000000000000000 ) ) ;
#1634 = CARTESIAN_POINT ( 'NONE',  ( 0.000000000000000000, -0.2572565284661417206, 0.03279966909992126228 ) ) ;
#1635 = ORIENTED_EDGE ( 'NONE', *, *, #6641, .T. ) ;
#1637 =( GEOMETRIC_REPRESENTATION_CONTEXT ( 3 ) GLOBAL_UNCERTAINTY_ASSIGNED_CONTEXT ( ( #6912 ) ) GLOBAL_UNIT_ASSIGNED_CONTEXT ( ( #2045, #1433, #957 ) ) REPRESENTATION_CONTEXT ( 'NONE', 'WORKASPACE' ) );
#1636 = PRESENTATION_STYLE_ASSIGNMENT (( #7058 ) ) ;
#1638 = SURFACE_STYLE_USAGE ( .BOTH. , #5996 ) ;
#1639 = DIMENSIONAL_EXPONENTS ( 1.000000000000000000, 0.000000000000000000, 0.000000000000000000, 0.000000000000000000, 0.000000000000000000, 0.000000000000000000, 0.000000000000000000 ) ;
#1640 = UNCERTAINTY_MEASURE_WITH_UNIT (LENGTH_MEASURE( 1.000000000000000082E-05 ), #2000, 'distance_accuracy_value', 'NONE');
#1641 = DIRECTION ( 'NONE',  ( -1.000000000000000000, 9.189026923619149741E-47, 1.871181320309386366E-77 ) ) ;
#1642 = SURFACE_STYLE_USAGE ( .BOTH. , #2247 ) ;
#1643 = COLOUR_RGB ( '',0.7490196078431372584, 0.7490196078431372584, 0.7490196078431372584 ) ;
#1644 = PRESENTATION_LAYER_ASSIGNMENT (  '', '', ( #4080 ) ) ;
#1645 = SURFACE_SIDE_STYLE ('',( #5348 ) ) ;
#1646 = VECTOR ( 'NONE', #7003, 39.37007874015748143 ) ;
#1647 = CARTESIAN_POINT ( 'NONE',  ( -0.1788576638464173252, -0.06209787612507873533, 0.09448818897637795144 ) ) ;
#1648 = VECTOR ( 'NONE', #5330, 39.37007874015748143 ) ;
#1649 = MECHANICAL_DESIGN_GEOMETRIC_PRESENTATION_REPRESENTATION (  '', ( #1766 ), #6111 ) ;
#1650 = ORIENTED_EDGE ( 'NONE', *, *, #5870, .F. ) ;
#1651 = SURFACE_STYLE_FILL_AREA ( #6481 ) ;
#1652 = DIMENSIONAL_EXPONENTS ( 1.000000000000000000, 0.000000000000000000, 0.000000000000000000, 0.000000000000000000, 0.000000000000000000, 0.000000000000000000, 0.000000000000000000 ) ;
#1653 = DIRECTION ( 'NONE',  ( -1.000000000000000000, -0.000000000000000000, -0.000000000000000000 ) ) ;
#1654 = DIRECTION ( 'NONE',  ( -1.000000000000000000, 0.000000000000000000, 0.000000000000000000 ) ) ;
#1655 = VECTOR ( 'NONE', #4555, 39.37007874015748143 ) ;
#1656 = COLOUR_RGB ( '',0.2784313725490196179, 0.2784313725490196179, 0.2784313725490196179 ) ;
#1657 = VERTEX_POINT ( 'NONE', #4249 ) ;
#1658 = CARTESIAN_POINT ( 'NONE',  ( 0.1867316795943700647, -0.06934995292858267546, 0.01968503937007873988 ) ) ;
#1659 = LINE ( 'NONE', #1501, #1772 ) ;
#1660 = EDGE_CURVE ( 'NONE', #3311, #1187, #2301, .T. ) ;
#1661 = DIMENSIONAL_EXPONENTS ( 1.000000000000000000, 0.000000000000000000, 0.000000000000000000, 0.000000000000000000, 0.000000000000000000, 0.000000000000000000, 0.000000000000000000 ) ;
#1662 = EDGE_CURVE ( 'NONE', #6427, #5507, #3643, .T. ) ;
#1663 =( CONVERSION_BASED_UNIT ( 'INCH', #7189 ) LENGTH_UNIT ( ) NAMED_UNIT ( #1014 ) );
#1664 = SURFACE_STYLE_FILL_AREA ( #2911 ) ;
#1665 =( NAMED_UNIT ( * ) PLANE_ANGLE_UNIT ( ) SI_UNIT ( $, .RADIAN. ) );
#1666 =( LENGTH_UNIT ( ) NAMED_UNIT ( * ) SI_UNIT ( $, .METRE. ) );
#1667 =( GEOMETRIC_REPRESENTATION_CONTEXT ( 3 ) GLOBAL_UNCERTAINTY_ASSIGNED_CONTEXT ( ( #701 ) ) GLOBAL_UNIT_ASSIGNED_CONTEXT ( ( #480, #1042, #4145 ) ) REPRESENTATION_CONTEXT ( 'NONE', 'WORKASPACE' ) );
#1668 = PRESENTATION_LAYER_ASSIGNMENT (  '', '', ( #4364 ) ) ;
#1669 = FILL_AREA_STYLE_COLOUR ( '', #2630 ) ;
#1670 = ADVANCED_FACE ( 'NONE', ( #7740 ), #1069, .F. ) ;
#1671 = DIRECTION ( 'NONE',  ( 1.000000000000000000, -4.512561924732999726E-16, 0.000000000000000000 ) ) ;
#1672 =( GEOMETRIC_REPRESENTATION_CONTEXT ( 3 ) GLOBAL_UNCERTAINTY_ASSIGNED_CONTEXT ( ( #1769 ) ) GLOBAL_UNIT_ASSIGNED_CONTEXT ( ( #5914, #4040, #2832 ) ) REPRESENTATION_CONTEXT ( 'NONE', 'WORKASPACE' ) );
#1673 = DIRECTION ( 'NONE',  ( 0.000000000000000000, 0.000000000000000000, 1.000000000000000000 ) ) ;
#1674 = SURFACE_SIDE_STYLE ('',( #2200 ) ) ;
#1675 = CARTESIAN_POINT ( 'NONE',  ( -0.1574803149606299191, 0.04035433070866142197, -0.04724409448751938634 ) ) ;
#1676 = VECTOR ( 'NONE', #2119, 39.37007874015748143 ) ;
#1677 = CARTESIAN_POINT ( 'NONE',  ( 0.07874015748031495954, -0.2743811241349999874, 0.007874015748031495954 ) ) ;
#1678 = EDGE_CURVE ( 'NONE', #1887, #5586, #4462, .T. ) ;
#1679 = EDGE_LOOP ( 'NONE', ( #6637, #4569, #988, #6150 ) ) ;
#1680 = CARTESIAN_POINT ( 'NONE',  ( 0.1585513363800787334, -0.2028275265905511993, 0.09842519685039370636 ) ) ;
#1681 = DIRECTION ( 'NONE',  ( 1.000000000000000000, 0.000000000000000000, 0.000000000000000000 ) ) ;
#1682 = VECTOR ( 'NONE', #7664, 39.37007874015748143 ) ;
#1683 = CARTESIAN_POINT ( 'NONE',  ( -0.1761390860324803243, 0.1237520663915748081, 0.09448818897637795144 ) ) ;
#1684 =( NAMED_UNIT ( * ) PLANE_ANGLE_UNIT ( ) SI_UNIT ( $, .RADIAN. ) );
#1685 = APPLICATION_CONTEXT ( 'automotive_design' ) ;
#1686 = ORIENTED_EDGE ( 'NONE', *, *, #5050, .F. ) ;
#1687 = LENGTH_MEASURE_WITH_UNIT ( LENGTH_MEASURE( 0.02539999999999999897 ), #2217 );
#1688 = LENGTH_MEASURE_WITH_UNIT ( LENGTH_MEASURE( 0.02539999999999999897 ), #618 );
#1689 = DIMENSIONAL_EXPONENTS ( 1.000000000000000000, 0.000000000000000000, 0.000000000000000000, 0.000000000000000000, 0.000000000000000000, 0.000000000000000000, 0.000000000000000000 ) ;
#1690 =( CONVERSION_BASED_UNIT ( 'INCH', #7861 ) LENGTH_UNIT ( ) NAMED_UNIT ( #5947 ) );
#1691 = PRESENTATION_LAYER_ASSIGNMENT (  '', '', ( #4245 ) ) ;
#1692 = VECTOR ( 'NONE', #2499, 39.37007874015748143 ) ;
#1693 = PRESENTATION_STYLE_ASSIGNMENT (( #4219 ) ) ;
#1694 = PRESENTATION_STYLE_ASSIGNMENT (( #1853 ) ) ;
#1695 = ORIENTED_EDGE ( 'NONE', *, *, #5963, .F. ) ;
#1696 = MECHANICAL_DESIGN_GEOMETRIC_PRESENTATION_REPRESENTATION (  '', ( #33 ), #2977 ) ;
#1697 = LENGTH_MEASURE_WITH_UNIT ( LENGTH_MEASURE( 0.02539999999999999897 ), #1037 );
#1698 = CYLINDRICAL_SURFACE ( 'NONE', #7564, 0.003937007874015747977 ) ;
#1699 = CARTESIAN_POINT ( 'NONE',  ( -0.09842519685039370636, -0.2915057198038976671, 0.007874015748031495954 ) ) ;
#1700 = ORIENTED_EDGE ( 'NONE', *, *, #7263, .T. ) ;
#1701 = FILL_AREA_STYLE ('',( #4729 ) ) ;
#1702 = CARTESIAN_POINT ( 'NONE',  ( -0.01968503937007873988, -0.2743811241349999874, 0.003937007874015747977 ) ) ;
#1703 = ADVANCED_FACE ( 'NONE', ( #6235 ), #5654, .T. ) ;
#1704 = ADVANCED_FACE ( 'NONE', ( #6279 ), #213, .T. ) ;
#1705 = FACE_OUTER_BOUND ( 'NONE', #1550, .T. ) ;
#1706 = PLANE ( 'NONE',  #2478 ) ;
#1707 = COLOUR_RGB ( '',0.7490196078431372584, 0.7490196078431372584, 0.7490196078431372584 ) ;
#1708 = LENGTH_MEASURE_WITH_UNIT ( LENGTH_MEASURE( 0.02539999999999999897 ), #4771 );
#1709 =( LENGTH_UNIT ( ) NAMED_UNIT ( * ) SI_UNIT ( $, .METRE. ) );
#1710 = DIMENSIONAL_EXPONENTS ( 1.000000000000000000, 0.000000000000000000, 0.000000000000000000, 0.000000000000000000, 0.000000000000000000, 0.000000000000000000, 0.000000000000000000 ) ;
#1711 = COLOUR_RGB ( '',0.7490196078431372584, 0.7490196078431372584, 0.7490196078431372584 ) ;
#1712 = EDGE_CURVE ( 'NONE', #1927, #5155, #5182, .T. ) ;
#1713 = STYLED_ITEM ( 'NONE', ( #7351 ), #5827 ) ;
#1714 = UNCERTAINTY_MEASURE_WITH_UNIT (LENGTH_MEASURE( 1.000000000000000082E-05 ), #3805, 'distance_accuracy_value', 'NONE');
#1715 = VERTEX_POINT ( 'NONE', #6477 ) ;
#1716 = LINE ( 'NONE', #7814, #7766 ) ;
#1717 =( LENGTH_UNIT ( ) NAMED_UNIT ( * ) SI_UNIT ( $, .METRE. ) );
#1718 = MECHANICAL_DESIGN_GEOMETRIC_PRESENTATION_REPRESENTATION (  '', ( #3887 ), #2878 ) ;
#1719 = CIRCLE ( 'NONE', #6178, 0.07874015748031495954 ) ;
#1720 = CARTESIAN_POINT ( 'NONE',  ( 0.07874015748031495954, -0.2690675520881889993, 0.007874015748031495954 ) ) ;
#1721 = EDGE_CURVE ( 'NONE', #2459, #6945, #7575, .T. ) ;
#1722 = CARTESIAN_POINT ( 'NONE',  ( -0.1867316795943700647, -0.06934995292858267546, 0.01968503937007873988 ) ) ;
#1723 = STYLED_ITEM ( 'NONE', ( #3408 ), #3231 ) ;
#1724 = AXIS2_PLACEMENT_3D ( 'NONE', #7545, #6992, #2780 ) ;
#1725 = ORIENTED_EDGE ( 'NONE', *, *, #6544, .F. ) ;
#1726 = FACE_OUTER_BOUND ( 'NONE', #7239, .T. ) ;
#1727 = CARTESIAN_POINT ( 'NONE',  ( 0.1181102362204724532, -0.2743811241349999874, 0.02492565335188976286 ) ) ;
#1728 = ORIENTED_EDGE ( 'NONE', *, *, #1051, .F. ) ;
#1729 = DIRECTION ( 'NONE',  ( 0.000000000000000000, 0.000000000000000000, 1.000000000000000000 ) ) ;
#1730 = CARTESIAN_POINT ( 'NONE',  ( 8.741913579724409950E-17, 0.04035433070866142197, 0.08661417322834646937 ) ) ;
#1731 = SURFACE_STYLE_USAGE ( .BOTH. , #7785 ) ;
#1732 =( GEOMETRIC_REPRESENTATION_CONTEXT ( 3 ) GLOBAL_UNCERTAINTY_ASSIGNED_CONTEXT ( ( #5726 ) ) GLOBAL_UNIT_ASSIGNED_CONTEXT ( ( #6981, #1384, #6318 ) ) REPRESENTATION_CONTEXT ( 'NONE', 'WORKASPACE' ) );
#1733 = COLOUR_RGB ( '',0.7490196078431372584, 0.7490196078431372584, 0.7490196078431372584 ) ;
#1734 =( CONVERSION_BASED_UNIT ( 'INCH', #4137 ) LENGTH_UNIT ( ) NAMED_UNIT ( #4633 ) );
#1735 = VECTOR ( 'NONE', #5611, 39.37007874015748143 ) ;
#1736 = FILL_AREA_STYLE_COLOUR ( '', #5410 ) ;
#1737 = AXIS2_PLACEMENT_3D ( 'NONE', #3632, #5851, #644 ) ;
#1738 =( GEOMETRIC_REPRESENTATION_CONTEXT ( 3 ) GLOBAL_UNCERTAINTY_ASSIGNED_CONTEXT ( ( #917 ) ) GLOBAL_UNIT_ASSIGNED_CONTEXT ( ( #7005, #5291, #6415 ) ) REPRESENTATION_CONTEXT ( 'NONE', 'WORKASPACE' ) );
#1739 = CARTESIAN_POINT ( 'NONE',  ( -0.1585513363868110426, -0.2028275265790945026, 0.09842519685039370636 ) ) ;
#1740 = CARTESIAN_POINT ( 'NONE',  ( -0.1761390860324803243, 0.1237520663915748081, 0.09448818897637795144 ) ) ;
#1741 = ORIENTED_EDGE ( 'NONE', *, *, #365, .T. ) ;
#1742 = CARTESIAN_POINT ( 'NONE',  ( 0.1761390860343700904, 0.1237520663915748081, 0.09842519685039370636 ) ) ;
#1743 =( LENGTH_UNIT ( ) NAMED_UNIT ( * ) SI_UNIT ( $, .METRE. ) );
#1744 = CARTESIAN_POINT ( 'NONE',  ( -0.1181102362204724532, -0.2572565284661417206, 0.007874015748031495954 ) ) ;
#1745 = ORIENTED_EDGE ( 'NONE', *, *, #7608, .F. ) ;
#1746 =( NAMED_UNIT ( * ) PLANE_ANGLE_UNIT ( ) SI_UNIT ( $, .RADIAN. ) );
#1747 = CARTESIAN_POINT ( 'NONE',  ( -0.07874015748031495954, -0.2743811241349999874, 0.007874015748031495954 ) ) ;
#1748 = COLOUR_RGB ( '',0.2784313725490196179, 0.2784313725490196179, 0.2784313725490196179 ) ;
#1749 = SURFACE_SIDE_STYLE ('',( #6020 ) ) ;
#1750 = CARTESIAN_POINT ( 'NONE',  ( 0.000000000000000000, 0.1878684657093700749, 0.03279966909992126228 ) ) ;
#1751 = AXIS2_PLACEMENT_3D ( 'NONE', #1874, #6868, #5553 ) ;
#1752 = AXIS2_PLACEMENT_3D ( 'NONE', #6666, #12, #3061 ) ;
#1753 = CARTESIAN_POINT ( 'NONE',  ( -0.01968503937007873988, -0.2915057198038976671, 0.007874015748031495954 ) ) ;
#1754 = DIRECTION ( 'NONE',  ( -1.000000000000000000, -0.000000000000000000, 0.000000000000000000 ) ) ;
#1755 = ORIENTED_EDGE ( 'NONE', *, *, #6709, .T. ) ;
#1756 =( NAMED_UNIT ( * ) PLANE_ANGLE_UNIT ( ) SI_UNIT ( $, .RADIAN. ) );
#1757 = ORIENTED_EDGE ( 'NONE', *, *, #2984, .F. ) ;
#1758 = DIRECTION ( 'NONE',  ( -0.000000000000000000, -1.000000000000000000, -0.000000000000000000 ) ) ;
#1759 = ADVANCED_FACE ( 'NONE', ( #921 ), #2211, .T. ) ;
#1760 =( NAMED_UNIT ( * ) PLANE_ANGLE_UNIT ( ) SI_UNIT ( $, .RADIAN. ) );
#1761 = SURFACE_STYLE_USAGE ( .BOTH. , #4814 ) ;
#1762 = MECHANICAL_DESIGN_GEOMETRIC_PRESENTATION_REPRESENTATION (  '', ( #760 ), #4841 ) ;
#1763 = MECHANICAL_DESIGN_GEOMETRIC_PRESENTATION_REPRESENTATION (  '', ( #4594 ), #3048 ) ;
#1764 = ORIENTED_EDGE ( 'NONE', *, *, #5575, .T. ) ;
#1765 = SURFACE_SIDE_STYLE ('',( #3675 ) ) ;
#1766 = STYLED_ITEM ( 'NONE', ( #3867 ), #412 ) ;
#1767 = CARTESIAN_POINT ( 'NONE',  ( 0.000000000000000000, 0.3147934927945275629, 0.000000000000000000 ) ) ;
#1768 = EDGE_CURVE ( 'NONE', #4195, #4589, #4663, .T. ) ;
#1769 = UNCERTAINTY_MEASURE_WITH_UNIT (LENGTH_MEASURE( 1.000000000000000082E-05 ), #5914, 'distance_accuracy_value', 'NONE');
#1770 =( NAMED_UNIT ( * ) PLANE_ANGLE_UNIT ( ) SI_UNIT ( $, .RADIAN. ) );
#1771 =( LENGTH_UNIT ( ) NAMED_UNIT ( * ) SI_UNIT ( $, .METRE. ) );
#1772 = VECTOR ( 'NONE', #5248, 39.37007874015748854 ) ;
#1773 = AXIS2_PLACEMENT_3D ( 'NONE', #4356, #6175, #6100 ) ;
#1774 = LINE ( 'NONE', #3608, #2171 ) ;
#1775 = FILL_AREA_STYLE ('',( #7865 ) ) ;
#1776 = VERTEX_POINT ( 'NONE', #7688 ) ;
#1777 = DIRECTION ( 'NONE',  ( -0.8139213391680409915, -0.5809750886629327926, 0.000000000000000000 ) ) ;
#1778 = CARTESIAN_POINT ( 'NONE',  ( 8.741913579724409950E-17, 0.04035433070866142197, 0.08661417322834646937 ) ) ;
#1779 =( LENGTH_UNIT ( ) NAMED_UNIT ( * ) SI_UNIT ( $, .METRE. ) );
#1780 = EDGE_CURVE ( 'NONE', #274, #2208, #5136, .T. ) ;
#1781 = STYLED_ITEM ( 'NONE', ( #6561 ), #1354 ) ;
#1782 =( GEOMETRIC_REPRESENTATION_CONTEXT ( 3 ) GLOBAL_UNCERTAINTY_ASSIGNED_CONTEXT ( ( #5590 ) ) GLOBAL_UNIT_ASSIGNED_CONTEXT ( ( #7379, #4512, #1526 ) ) REPRESENTATION_CONTEXT ( 'NONE', 'WORKASPACE' ) );
#1783 = SURFACE_STYLE_FILL_AREA ( #1013 ) ;
#1784 = DIRECTION ( 'NONE',  ( 0.000000000000000000, 0.000000000000000000, 1.000000000000000000 ) ) ;
#1785 = MECHANICAL_DESIGN_GEOMETRIC_PRESENTATION_REPRESENTATION (  '', ( #643 ), #4868 ) ;
#1786 = FILL_AREA_STYLE ('',( #3658 ) ) ;
#1787 = CARTESIAN_POINT ( 'NONE',  ( -0.1840131017811023617, 0.1300921114227165387, 0.09842519685039370636 ) ) ;
#1788 =( NAMED_UNIT ( * ) PLANE_ANGLE_UNIT ( ) SI_UNIT ( $, .RADIAN. ) );
#1789 = LINE ( 'NONE', #1319, #6287 ) ;
#1790 = ORIENTED_EDGE ( 'NONE', *, *, #97, .T. ) ;
#1791 = MECHANICAL_DESIGN_GEOMETRIC_PRESENTATION_REPRESENTATION (  '', ( #4620 ), #7012 ) ;
#1792 = SURFACE_SIDE_STYLE ('',( #1876 ) ) ;
#1793 = VERTEX_POINT ( 'NONE', #5736 ) ;
#1794 = LINE ( 'NONE', #1677, #3399 ) ;
#1795 = VECTOR ( 'NONE', #80, 39.37007874015748143 ) ;
#1796 = UNCERTAINTY_MEASURE_WITH_UNIT (LENGTH_MEASURE( 1.000000000000000082E-05 ), #1333, 'distance_accuracy_value', 'NONE');
#1797 = ORIENTED_EDGE ( 'NONE', *, *, #3706, .F. ) ;
#1798 = SURFACE_STYLE_FILL_AREA ( #1094 ) ;
#1799 = CARTESIAN_POINT ( 'NONE',  ( -0.1181102362204724532, -0.2533195205921259796, 0.02492565335188976633 ) ) ;
#1800 = CARTESIAN_POINT ( 'NONE',  ( 0.1181102362204724671, -0.2915057198038976671, 0.007874015748031495954 ) ) ;
#1801 = COLOUR_RGB ( '',0.2784313725490196179, 0.2784313725490196179, 0.2784313725490196179 ) ;
#1802 = FACE_OUTER_BOUND ( 'NONE', #6182, .T. ) ;
#1803 = FILL_AREA_STYLE_COLOUR ( '', #823 ) ;
#1804 = EDGE_CURVE ( 'NONE', #6084, #2731, #6121, .T. ) ;
#1805 = EDGE_CURVE ( 'NONE', #7434, #3328, #7538, .T. ) ;
#1806 = ORIENTED_EDGE ( 'NONE', *, *, #159, .T. ) ;
#1807 = CARTESIAN_POINT ( 'NONE',  ( -0.1867316795943700647, -0.1040084880705905435, 0.01968503937007873988 ) ) ;
#1808 = CARTESIAN_POINT ( 'NONE',  ( 0.1186694271012992269, -0.2490157480314960092, 0.000000000000000000 ) ) ;
#1809 = ORIENTED_EDGE ( 'NONE', *, *, #3958, .F. ) ;
#1810 =( CONVERSION_BASED_UNIT ( 'INCH', #1688 ) LENGTH_UNIT ( ) NAMED_UNIT ( #3503 ) );
#1811 = FILL_AREA_STYLE ('',( #3721 ) ) ;
#1812 = CARTESIAN_POINT ( 'NONE',  ( -0.1827946717203543237, -0.1040084880705905296, 0.09842519685039370636 ) ) ;
#1813 = CARTESIAN_POINT ( 'NONE',  ( -0.1827946717203937088, -0.06603488399787402208, 0.09448818897637795144 ) ) ;
#1814 = AXIS2_PLACEMENT_3D ( 'NONE', #3981, #2015, #1396 ) ;
#1815 = EDGE_CURVE ( 'NONE', #5075, #6447, #2289, .T. ) ;
#1816 = DIRECTION ( 'NONE',  ( -0.7010151982602422782, 0.7131463326752462972, -0.000000000000000000 ) ) ;
#1817 = EDGE_LOOP ( 'NONE', ( #5854, #6696, #1458, #636 ) ) ;
#1818 = CARTESIAN_POINT ( 'NONE',  ( -0.05118110236220472370, 0.2681323750318110322, 0.007874015748031495954 ) ) ;
#1819 =( LENGTH_UNIT ( ) NAMED_UNIT ( * ) SI_UNIT ( $, .METRE. ) );
#1820 = SURFACE_STYLE_USAGE ( .BOTH. , #1039 ) ;
#1821 = COLOUR_RGB ( '',0.7490196078431372584, 0.7490196078431372584, 0.7490196078431372584 ) ;
#1822 = LINE ( 'NONE', #6053, #7259 ) ;
#1823 = DIRECTION ( 'NONE',  ( 0.000000000000000000, 1.000000000000000000, -0.000000000000000000 ) ) ;
#1824 = EDGE_CURVE ( 'NONE', #6346, #4842, #7169, .T. ) ;
#1825 =( GEOMETRIC_REPRESENTATION_CONTEXT ( 3 ) GLOBAL_UNCERTAINTY_ASSIGNED_CONTEXT ( ( #2207 ) ) GLOBAL_UNIT_ASSIGNED_CONTEXT ( ( #7842, #5514, #1871 ) ) REPRESENTATION_CONTEXT ( 'NONE', 'WORKASPACE' ) );
#1826 = SURFACE_SIDE_STYLE ('',( #4882 ) ) ;
#1827 = DIRECTION ( 'NONE',  ( 1.000000000000000000, 0.000000000000000000, -0.000000000000000000 ) ) ;
#1828 = DIRECTION ( 'NONE',  ( 4.512561924732999726E-16, 1.000000000000000000, 0.000000000000000000 ) ) ;
#1829 = CARTESIAN_POINT ( 'NONE',  ( 0.2047244094462598307, 0.1237520663915747943, 0.09842519685039370636 ) ) ;
#1830 = ORIENTED_EDGE ( 'NONE', *, *, #1875, .T. ) ;
#1831 = SURFACE_STYLE_USAGE ( .BOTH. , #4477 ) ;
#1833 = LINE ( 'NONE', #708, #1234 ) ;
#1832 = AXIS2_PLACEMENT_3D ( 'NONE', #4728, #7191, #4112 ) ;
#1834 = VERTEX_POINT ( 'NONE', #2886 ) ;
#1835 = CARTESIAN_POINT ( 'NONE',  ( 0.1028445393700788274, 0.04035433070866142197, 0.08661417322874015445 ) ) ;
#1836 = ORIENTED_EDGE ( 'NONE', *, *, #3856, .T. ) ;
#1837 = PRESENTATION_LAYER_ASSIGNMENT (  '', '', ( #3262 ) ) ;
#1838 = LINE ( 'NONE', #4937, #1795 ) ;
#1839 =( LENGTH_UNIT ( ) NAMED_UNIT ( * ) SI_UNIT ( $, .METRE. ) );
#1840 =( GEOMETRIC_REPRESENTATION_CONTEXT ( 3 ) GLOBAL_UNCERTAINTY_ASSIGNED_CONTEXT ( ( #3168 ) ) GLOBAL_UNIT_ASSIGNED_CONTEXT ( ( #7391, #744, #1943 ) ) REPRESENTATION_CONTEXT ( 'NONE', 'WORKASPACE' ) );
#1841 = ORIENTED_EDGE ( 'NONE', *, *, #4218, .F. ) ;
#1842 = COLOUR_RGB ( '',0.7490196078431372584, 0.7490196078431372584, 0.7490196078431372584 ) ;
#1843 = CARTESIAN_POINT ( 'NONE',  ( -0.1574803149606299191, 0.04035433070866142197, 0.000000000000000000 ) ) ;
#1844 = CARTESIAN_POINT ( 'NONE',  ( -0.09199170751952756575, -0.1151975727482677236, 0.09448818897637795144 ) ) ;
#1845 = CARTESIAN_POINT ( 'NONE',  ( 0.1800760939070866207, 0.1595239587874015541, 0.05905511811023622659 ) ) ;
#1846 =( NAMED_UNIT ( * ) SI_UNIT ( $, .STERADIAN. ) SOLID_ANGLE_UNIT ( ) );
#1847 = CARTESIAN_POINT ( 'NONE',  ( 0.000000000000000000, 0.000000000000000000, 0.000000000000000000 ) ) ;
#1848 = EDGE_CURVE ( 'NONE', #3328, #1182, #456, .T. ) ;
#1849 = DIRECTION ( 'NONE',  ( 1.000000000000000000, 0.000000000000000000, 0.000000000000000000 ) ) ;
#1850 =( GEOMETRIC_REPRESENTATION_CONTEXT ( 3 ) GLOBAL_UNCERTAINTY_ASSIGNED_CONTEXT ( ( #2038 ) ) GLOBAL_UNIT_ASSIGNED_CONTEXT ( ( #5862, #3492, #4785 ) ) REPRESENTATION_CONTEXT ( 'NONE', 'WORKASPACE' ) );
#1851 = SURFACE_SIDE_STYLE ('',( #2606 ) ) ;
#1852 = DIRECTION ( 'NONE',  ( 0.000000000000000000, 0.000000000000000000, 1.000000000000000000 ) ) ;
#1853 = SURFACE_STYLE_USAGE ( .BOTH. , #4221 ) ;
#1854 = VERTEX_POINT ( 'NONE', #2405 ) ;
#1855 = CARTESIAN_POINT ( 'NONE',  ( 0.000000000000000000, 0.2523843435357480680, 0.02492565335188976286 ) ) ;
#1856 = ORIENTED_EDGE ( 'NONE', *, *, #1399, .F. ) ;
#1857 = ORIENTED_EDGE ( 'NONE', *, *, #1607, .T. ) ;
#1858 = VECTOR ( 'NONE', #6179, 39.37007874015748143 ) ;
#1859 = DIRECTION ( 'NONE',  ( 0.000000000000000000, -1.000000000000000000, -0.000000000000000000 ) ) ;
#1860 = PRESENTATION_LAYER_ASSIGNMENT (  '', '', ( #831 ) ) ;
#1861 = LINE ( 'NONE', #4305, #1250 ) ;
#1862 = EDGE_CURVE ( 'NONE', #2972, #775, #4128, .T. ) ;
#1863 = EDGE_CURVE ( 'NONE', #3249, #5271, #1716, .T. ) ;
#1864 = DIRECTION ( 'NONE',  ( -0.000000000000000000, 0.000000000000000000, 1.000000000000000000 ) ) ;
#1865 = DIMENSIONAL_EXPONENTS ( 1.000000000000000000, 0.000000000000000000, 0.000000000000000000, 0.000000000000000000, 0.000000000000000000, 0.000000000000000000, 0.000000000000000000 ) ;
#1866 = PRESENTATION_LAYER_ASSIGNMENT (  '', '', ( #3899 ) ) ;
#1867 = STYLED_ITEM ( 'NONE', ( #3700 ), #3489 ) ;
#1868 = FILL_AREA_STYLE ('',( #4920 ) ) ;
#1869 = CARTESIAN_POINT ( 'NONE',  ( 0.1788576638454330847, -0.06209787612507874227, 0.09842519685039370636 ) ) ;
#1870 = DIRECTION ( 'NONE',  ( 1.000000000000000000, 0.000000000000000000, -0.000000000000000000 ) ) ;
#1871 =( NAMED_UNIT ( * ) SI_UNIT ( $, .STERADIAN. ) SOLID_ANGLE_UNIT ( ) );
#1872 = VECTOR ( 'NONE', #2675, 39.37007874015748143 ) ;
#1873 = VERTEX_POINT ( 'NONE', #3631 ) ;
#1874 = CARTESIAN_POINT ( 'NONE',  ( -0.1585513363868110426, -0.2028275265790945026, 0.09448818897637795144 ) ) ;
#1875 = EDGE_CURVE ( 'NONE', #4338, #7344, #7135, .T. ) ;
#1876 = SURFACE_STYLE_FILL_AREA ( #6221 ) ;
#1877 = ORIENTED_EDGE ( 'NONE', *, *, #2305, .T. ) ;
#1878 = DIMENSIONAL_EXPONENTS ( 1.000000000000000000, 0.000000000000000000, 0.000000000000000000, 0.000000000000000000, 0.000000000000000000, 0.000000000000000000, 0.000000000000000000 ) ;
#1879 = PRESENTATION_LAYER_ASSIGNMENT (  '', '', ( #2777 ) ) ;
#1880 = AXIS2_PLACEMENT_3D ( 'NONE', #2049, #4993, #177 ) ;
#1881 = UNCERTAINTY_MEASURE_WITH_UNIT (LENGTH_MEASURE( 1.000000000000000082E-05 ), #5017, 'distance_accuracy_value', 'NONE');
#1882 = AXIS2_PLACEMENT_3D ( 'NONE', #2871, #3438, #4651 ) ;
#1883 = UNCERTAINTY_MEASURE_WITH_UNIT (LENGTH_MEASURE( 1.000000000000000082E-05 ), #1104, 'distance_accuracy_value', 'NONE');
#1884 = CARTESIAN_POINT ( 'NONE',  ( 0.01968503937007873988, -0.2651305442141732582, 0.003937007874015747977 ) ) ;
#1885 = PLANE ( 'NONE',  #7074 ) ;
#1886 = CARTESIAN_POINT ( 'NONE',  ( 0.1682650702838976442, 0.1300921114227165387, 0.09842519685039370636 ) ) ;
#1887 = VERTEX_POINT ( 'NONE', #5998 ) ;
#1888 = SURFACE_STYLE_FILL_AREA ( #4372 ) ;
#1889 = VERTEX_POINT ( 'NONE', #5486 ) ;
#1890 = SURFACE_STYLE_USAGE ( .BOTH. , #5696 ) ;
#1891 = FILL_AREA_STYLE_COLOUR ( '', #4595 ) ;
#1892 = CARTESIAN_POINT ( 'NONE',  ( 0.000000000000000000, 0.000000000000000000, 0.000000000000000000 ) ) ;
#1893 = PLANE ( 'NONE',  #4370 ) ;
#1894 = VECTOR ( 'NONE', #5848, 39.37007874015748143 ) ;
#1895 = DIRECTION ( 'NONE',  ( 1.000000000000000000, 0.000000000000000000, 0.000000000000000000 ) ) ;
#1896 = EDGE_LOOP ( 'NONE', ( #4426, #3861, #2060, #290 ) ) ;
#1897 = LINE ( 'NONE', #3063, #7316 ) ;
#1898 = DIRECTION ( 'NONE',  ( -0.000000000000000000, -1.000000000000000000, 0.000000000000000000 ) ) ;
#1899 = DIRECTION ( 'NONE',  ( 0.000000000000000000, 0.000000000000000000, 1.000000000000000000 ) ) ;
#1900 = LINE ( 'NONE', #3730, #3105 ) ;
#1901 = PRESENTATION_STYLE_ASSIGNMENT (( #7350 ) ) ;
#1902 = AXIS2_PLACEMENT_3D ( 'NONE', #6636, #1222, #4301 ) ;
#1903 = UNCERTAINTY_MEASURE_WITH_UNIT (LENGTH_MEASURE( 1.000000000000000082E-05 ), #3056, 'distance_accuracy_value', 'NONE');
#1904 = VECTOR ( 'NONE', #1920, 39.37007874015748143 ) ;
#1905 = ADVANCED_FACE ( 'NONE', ( #6616 ), #5966, .T. ) ;
#1906 = EDGE_CURVE ( 'NONE', #3224, #6945, #106, .T. ) ;
#1907 = DIRECTION ( 'NONE',  ( -0.000000000000000000, -1.000000000000000000, -0.000000000000000000 ) ) ;
#1908 = MECHANICAL_DESIGN_GEOMETRIC_PRESENTATION_REPRESENTATION (  '', ( #5127 ), #5753 ) ;
#1909 = CARTESIAN_POINT ( 'NONE',  ( 0.07874015748031495954, 0.04035433070866142197, 0.09842519685078740532 ) ) ;
#1910 = LINE ( 'NONE', #6921, #5184 ) ;
#1911 = ORIENTED_EDGE ( 'NONE', *, *, #3155, .T. ) ;
#1912 = EDGE_LOOP ( 'NONE', ( #5391, #5940, #4430, #167 ) ) ;
#1913 = DIMENSIONAL_EXPONENTS ( 1.000000000000000000, 0.000000000000000000, 0.000000000000000000, 0.000000000000000000, 0.000000000000000000, 0.000000000000000000, 0.000000000000000000 ) ;
#1914 = SURFACE_STYLE_USAGE ( .BOTH. , #1243 ) ;
#1915 = ADVANCED_FACE ( 'NONE', ( #573 ), #3008, .F. ) ;
#1916 = DIRECTION ( 'NONE',  ( 0.000000000000000000, -2.036321512455000055E-31, 1.000000000000000000 ) ) ;
#1917 = VECTOR ( 'NONE', #1641, 39.37007874015748143 ) ;
#1918 = ORIENTED_EDGE ( 'NONE', *, *, #6144, .F. ) ;
#1919 = LINE ( 'NONE', #4892, #6201 ) ;
#1920 = DIRECTION ( 'NONE',  ( -0.000000000000000000, 1.000000000000000000, 0.000000000000000000 ) ) ;
#1921 =( GEOMETRIC_REPRESENTATION_CONTEXT ( 3 ) GLOBAL_UNCERTAINTY_ASSIGNED_CONTEXT ( ( #7874 ) ) GLOBAL_UNIT_ASSIGNED_CONTEXT ( ( #2990, #6088, #4960 ) ) REPRESENTATION_CONTEXT ( 'NONE', 'WORKASPACE' ) );
#1922 =( NAMED_UNIT ( * ) SI_UNIT ( $, .STERADIAN. ) SOLID_ANGLE_UNIT ( ) );
#1923 = EDGE_CURVE ( 'NONE', #5043, #4598, #525, .T. ) ;
#1924 = LINE ( 'NONE', #6230, #1331 ) ;
#1925 = VERTEX_POINT ( 'NONE', #319 ) ;
#1926 = FACE_OUTER_BOUND ( 'NONE', #7276, .T. ) ;
#1927 = VERTEX_POINT ( 'NONE', #5758 ) ;
#1928 = FACE_OUTER_BOUND ( 'NONE', #3765, .T. ) ;
#1929 = COLOUR_RGB ( '',0.7490196078431372584, 0.7490196078431372584, 0.7490196078431372584 ) ;
#1930 = VECTOR ( 'NONE', #1213, 39.37007874015748143 ) ;
#1931 = DIRECTION ( 'NONE',  ( 1.000000000000000000, 0.000000000000000000, 0.000000000000000000 ) ) ;
#1932 = CYLINDRICAL_SURFACE ( 'NONE', #2265, 0.1008760354330708597 ) ;
#1933 = VERTEX_POINT ( 'NONE', #7480 ) ;
#1934 = VERTEX_POINT ( 'NONE', #5720 ) ;
#1935 = PLANE ( 'NONE',  #1239 ) ;
#1936 = ORIENTED_EDGE ( 'NONE', *, *, #4315, .F. ) ;
#1937 = LINE ( 'NONE', #6825, #5936 ) ;
#1938 = ORIENTED_EDGE ( 'NONE', *, *, #4977, .F. ) ;
#1939 = CARTESIAN_POINT ( 'NONE',  ( -0.09842519685039370636, -0.2533195205921259796, 0.02492565335188976633 ) ) ;
#1940 = CARTESIAN_POINT ( 'NONE',  ( -0.1761390860324803243, 0.1889558061521260102, 0.09842519685039370636 ) ) ;
#1941 = PRESENTATION_STYLE_ASSIGNMENT (( #7390 ) ) ;
#1942 = FILL_AREA_STYLE ('',( #2545 ) ) ;
#1943 =( NAMED_UNIT ( * ) SI_UNIT ( $, .STERADIAN. ) SOLID_ANGLE_UNIT ( ) );
#1944 = CARTESIAN_POINT ( 'NONE',  ( 0.1800760939070866207, 0.1300921114227165387, 0.01968503937007873988 ) ) ;
#1945 = VERTEX_POINT ( 'NONE', #1989 ) ;
#1946 = DIRECTION ( 'NONE',  ( 0.000000000000000000, 0.000000000000000000, 1.000000000000000000 ) ) ;
#1947 = CARTESIAN_POINT ( 'NONE',  ( -0.1788576638464173252, -0.06209787612507874227, 0.09448818897637795144 ) ) ;
#1948 = ADVANCED_FACE ( 'NONE', ( #1411 ), #3282, .T. ) ;
#1949 = EDGE_LOOP ( 'NONE', ( #4158, #3703, #1349, #315 ) ) ;
#1950 = EDGE_CURVE ( 'NONE', #6647, #3277, #3322, .T. ) ;
#1951 = STYLED_ITEM ( 'NONE', ( #6408 ), #107 ) ;
#1952 = PRESENTATION_STYLE_ASSIGNMENT (( #7364 ) ) ;
#1953 = UNCERTAINTY_MEASURE_WITH_UNIT (LENGTH_MEASURE( 1.000000000000000082E-05 ), #4121, 'distance_accuracy_value', 'NONE');
#1954 = EDGE_LOOP ( 'NONE', ( #6851, #6157, #5644, #2485 ) ) ;
#1955 = COLOUR_RGB ( '',0.7490196078431372584, 0.7490196078431372584, 0.7490196078431372584 ) ;
#1956 = LINE ( 'NONE', #7246, #4046 ) ;
#1957 = CARTESIAN_POINT ( 'NONE',  ( -0.1624883442576771919, -0.0006153978120464567193, 0.000000000000000000 ) ) ;
#1958 = EDGE_CURVE ( 'NONE', #570, #6611, #6791, .T. ) ;
#1959 =( NAMED_UNIT ( * ) SI_UNIT ( $, .STERADIAN. ) SOLID_ANGLE_UNIT ( ) );
#1960 = MECHANICAL_DESIGN_GEOMETRIC_PRESENTATION_REPRESENTATION (  '', ( #5427 ), #312 ) ;
#1961 = CARTESIAN_POINT ( 'NONE',  ( -0.09199170751952756575, 0.1276890742665748035, 0.09448818897637795144 ) ) ;
#1962 = SURFACE_STYLE_USAGE ( .BOTH. , #7407 ) ;
#1963 = DIMENSIONAL_EXPONENTS ( 1.000000000000000000, 0.000000000000000000, 0.000000000000000000, 0.000000000000000000, 0.000000000000000000, 0.000000000000000000, 0.000000000000000000 ) ;
#1964 = ORIENTED_EDGE ( 'NONE', *, *, #6621, .T. ) ;
#1965 = SURFACE_STYLE_USAGE ( .BOTH. , #6897 ) ;
#1966 = SURFACE_STYLE_USAGE ( .BOTH. , #4412 ) ;
#1967 = VECTOR ( 'NONE', #3316, 39.37007874015748143 ) ;
#1968 = SURFACE_SIDE_STYLE ('',( #6195 ) ) ;
#1969 = DIRECTION ( 'NONE',  ( 1.000000000000000000, 0.000000000000000000, 0.000000000000000000 ) ) ;
#1970 = DIRECTION ( 'NONE',  ( 1.000000000000000000, 0.000000000000000000, 0.000000000000000000 ) ) ;
#1971 = FACE_OUTER_BOUND ( 'NONE', #6782, .T. ) ;
#1972 = EDGE_CURVE ( 'NONE', #3185, #1357, #6220, .T. ) ;
#1973 =( CONVERSION_BASED_UNIT ( 'INCH', #6860 ) LENGTH_UNIT ( ) NAMED_UNIT ( #7151 ) );
#1974 = STYLED_ITEM ( 'NONE', ( #2547 ), #6819 ) ;
#1975 = AXIS2_PLACEMENT_3D ( 'NONE', #7117, #7715, #7667 ) ;
#1976 = CARTESIAN_POINT ( 'NONE',  ( -0.01968503937007873988, -0.2651305442141732582, 0.000000000000000000 ) ) ;
#1977 = ORIENTED_EDGE ( 'NONE', *, *, #2534, .T. ) ;
#1978 = VERTEX_POINT ( 'NONE', #7560 ) ;
#1979 =( NAMED_UNIT ( * ) SI_UNIT ( $, .STERADIAN. ) SOLID_ANGLE_UNIT ( ) );
#1980 = ORIENTED_EDGE ( 'NONE', *, *, #1804, .F. ) ;
#1981 = COLOUR_RGB ( '',0.2784313725490196179, 0.2784313725490196179, 0.2784313725490196179 ) ;
#1982 = UNCERTAINTY_MEASURE_WITH_UNIT (LENGTH_MEASURE( 1.000000000000000082E-05 ), #108, 'distance_accuracy_value', 'NONE');
#1983 = MECHANICAL_DESIGN_GEOMETRIC_PRESENTATION_REPRESENTATION (  '', ( #7272 ), #6443 ) ;
#1984 = LENGTH_MEASURE_WITH_UNIT ( LENGTH_MEASURE( 0.02539999999999999897 ), #6750 );
#1985 =( LENGTH_UNIT ( ) NAMED_UNIT ( * ) SI_UNIT ( $, .METRE. ) );
#1986 = AXIS2_PLACEMENT_3D ( 'NONE', #1843, #3175, #6730 ) ;
#1987 = SURFACE_STYLE_USAGE ( .BOTH. , #2581 ) ;
#1988 = ORIENTED_EDGE ( 'NONE', *, *, #4429, .T. ) ;
#1989 = CARTESIAN_POINT ( 'NONE',  ( -0.1788576638464173252, -0.1040084880705905435, 0.09842519685039370636 ) ) ;
#1990 = MECHANICAL_DESIGN_GEOMETRIC_PRESENTATION_REPRESENTATION (  '', ( #3899 ), #5453 ) ;
#1992 = ORIENTED_EDGE ( 'NONE', *, *, #7263, .F. ) ;
#1991 = AXIS2_PLACEMENT_3D ( 'NONE', #6312, #5300, #3299 ) ;
#1993 = DIRECTION ( 'NONE',  ( -1.000000000000000000, -0.000000000000000000, 0.000000000000000000 ) ) ;
#1994 = COLOUR_RGB ( '',0.7490196078431372584, 0.7490196078431372584, 0.7490196078431372584 ) ;
#1995 = VERTEX_POINT ( 'NONE', #6260 ) ;
#1996 = FILL_AREA_STYLE_COLOUR ( '', #1099 ) ;
#1997 = AXIS2_PLACEMENT_3D ( 'NONE', #6409, #7040, #4676 ) ;
#1998 = AXIS2_PLACEMENT_3D ( 'NONE', #2653, #5661, #3223 ) ;
#1999 = PRESENTATION_STYLE_ASSIGNMENT (( #7530 ) ) ;
#2000 =( CONVERSION_BASED_UNIT ( 'INCH', #7448 ) LENGTH_UNIT ( ) NAMED_UNIT ( #6248 ) );
#2001 = EDGE_CURVE ( 'NONE', #3120, #4740, #786, .T. ) ;
#2002 = ORIENTED_EDGE ( 'NONE', *, *, #4401, .F. ) ;
#2003 = DIRECTION ( 'NONE',  ( 0.000000000000000000, -0.000000000000000000, -1.000000000000000000 ) ) ;
#2004 = AXIS2_PLACEMENT_3D ( 'NONE', #3945, #5677, #4493 ) ;
#2005 = CARTESIAN_POINT ( 'NONE',  ( 0.01968503937007873988, -0.2743811241349999874, 0.000000000000000000 ) ) ;
#2006 = DIRECTION ( 'NONE',  ( 0.000000000000000000, 0.000000000000000000, -1.000000000000000000 ) ) ;
#2007 = AXIS2_PLACEMENT_3D ( 'NONE', #3953, #5219, #6340 ) ;
#2008 = CARTESIAN_POINT ( 'NONE',  ( 0.000000000000000000, -0.2572565284661417206, 0.007874015748031495954 ) ) ;
#2009 = EDGE_CURVE ( 'NONE', #2706, #5143, #1546, .T. ) ;
#2010 = CARTESIAN_POINT ( 'NONE',  ( -0.1181102362204724532, -0.2651305442141732582, 0.01181102362204724046 ) ) ;
#2011 = ORIENTED_EDGE ( 'NONE', *, *, #1972, .F. ) ;
#2012 =( LENGTH_UNIT ( ) NAMED_UNIT ( * ) SI_UNIT ( $, .METRE. ) );
#2013 = ORIENTED_EDGE ( 'NONE', *, *, #4013, .T. ) ;
#2014 = CARTESIAN_POINT ( 'NONE',  ( -0.1624883442576771919, -0.1151975727482677236, 0.000000000000000000 ) ) ;
#2015 = DIRECTION ( 'NONE',  ( -0.000000000000000000, -0.000000000000000000, -1.000000000000000000 ) ) ;
#2016 = FILL_AREA_STYLE_COLOUR ( '', #1821 ) ;
#2017 = DIMENSIONAL_EXPONENTS ( 1.000000000000000000, 0.000000000000000000, 0.000000000000000000, 0.000000000000000000, 0.000000000000000000, 0.000000000000000000, 0.000000000000000000 ) ;
#2018 = DIRECTION ( 'NONE',  ( 0.000000000000000000, -1.000000000000000000, -0.000000000000000000 ) ) ;
#2019 = CARTESIAN_POINT ( 'NONE',  ( 0.1827946717203543237, -0.1040084880705905435, 0.09448818897637795144 ) ) ;
#2020 = FILL_AREA_STYLE_COLOUR ( '', #3716 ) ;
#2021 = ADVANCED_FACE ( 'NONE', ( #942 ), #7720, .T. ) ;
#2022 = SURFACE_SIDE_STYLE ('',( #4389 ) ) ;
#2023 = VERTEX_POINT ( 'NONE', #4688 ) ;
#2024 = SURFACE_SIDE_STYLE ('',( #817 ) ) ;
#2025 = PRESENTATION_STYLE_ASSIGNMENT (( #5673 ) ) ;
#2026 = DIRECTION ( 'NONE',  ( 0.000000000000000000, -1.000000000000000000, 0.000000000000000000 ) ) ;
#2027 = AXIS2_PLACEMENT_3D ( 'NONE', #2293, #3598, #3013 ) ;
#2028 = CARTESIAN_POINT ( 'NONE',  ( 0.07086614173228346358, 0.04035433070866142197, 0.09842519685078740532 ) ) ;
#2029 = VECTOR ( 'NONE', #7540, 39.37007874015748143 ) ;
#2030 = EDGE_LOOP ( 'NONE', ( #2449, #851, #3987, #6790 ) ) ;
#2031 = SURFACE_STYLE_USAGE ( .BOTH. , #5794 ) ;
#2032 = SURFACE_STYLE_USAGE ( .BOTH. , #7855 ) ;
#2033 = EDGE_LOOP ( 'NONE', ( #1154, #252, #6994, #1530 ) ) ;
#2034 = VECTOR ( 'NONE', #7278, 39.37007874015748143 ) ;
#2035 = PLANE ( 'NONE',  #6572 ) ;
#2036 =( GEOMETRIC_REPRESENTATION_CONTEXT ( 3 ) GLOBAL_UNCERTAINTY_ASSIGNED_CONTEXT ( ( #5810 ) ) GLOBAL_UNIT_ASSIGNED_CONTEXT ( ( #4963, #1231, #1403 ) ) REPRESENTATION_CONTEXT ( 'NONE', 'WORKASPACE' ) );
#2037 = PLANE ( 'NONE',  #2007 ) ;
#2038 = UNCERTAINTY_MEASURE_WITH_UNIT (LENGTH_MEASURE( 1.000000000000000082E-05 ), #5862, 'distance_accuracy_value', 'NONE');
#2039 = VECTOR ( 'NONE', #7791, 39.37007874015748143 ) ;
#2040 = VERTEX_POINT ( 'NONE', #2750 ) ;
#2041 = DIRECTION ( 'NONE',  ( 4.512561924731610345E-16, 1.000000000000000000, -1.389654727862720099E-28 ) ) ;
#2042 = ORIENTED_EDGE ( 'NONE', *, *, #1446, .T. ) ;
#2043 = VERTEX_POINT ( 'NONE', #4075 ) ;
#2044 = LINE ( 'NONE', #7030, #2029 ) ;
#2045 =( CONVERSION_BASED_UNIT ( 'INCH', #3972 ) LENGTH_UNIT ( ) NAMED_UNIT ( #1598 ) );
#2046 = EDGE_CURVE ( 'NONE', #263, #4329, #2315, .T. ) ;
#2047 = ADVANCED_FACE ( 'NONE', ( #4649 ), #5251, .T. ) ;
#2048 = AXIS2_PLACEMENT_3D ( 'NONE', #4652, #7052, #3477 ) ;
#2049 = CARTESIAN_POINT ( 'NONE',  ( 0.000000000000000000, 0.04035433070866142197, 0.09448818897677166428 ) ) ;
#2050 = ORIENTED_EDGE ( 'NONE', *, *, #5277, .F. ) ;
#2051 = CARTESIAN_POINT ( 'NONE',  ( 0.1028445393700787441, 0.04035433070866142891, 0.09448818897677166428 ) ) ;
#2052 = CARTESIAN_POINT ( 'NONE',  ( 0.1788576638454330847, -0.1112605648740944836, 0.09448818897637795144 ) ) ;
#2053 =( NAMED_UNIT ( * ) PLANE_ANGLE_UNIT ( ) SI_UNIT ( $, .RADIAN. ) );
#2054 =( LENGTH_UNIT ( ) NAMED_UNIT ( * ) SI_UNIT ( $, .METRE. ) );
#2055 = PLANE ( 'NONE',  #968 ) ;
#2056 = SURFACE_SIDE_STYLE ('',( #7626 ) ) ;
#2057 = UNCERTAINTY_MEASURE_WITH_UNIT (LENGTH_MEASURE( 1.000000000000000082E-05 ), #351, 'distance_accuracy_value', 'NONE');
#2058 = ADVANCED_FACE ( 'NONE', ( #664 ), #6706, .T. ) ;
#2059 =( NAMED_UNIT ( * ) PLANE_ANGLE_UNIT ( ) SI_UNIT ( $, .RADIAN. ) );
#2060 = ORIENTED_EDGE ( 'NONE', *, *, #2046, .T. ) ;
#2061 = FILL_AREA_STYLE ('',( #5165 ) ) ;
#2062 = LENGTH_MEASURE_WITH_UNIT ( LENGTH_MEASURE( 0.02539999999999999897 ), #3776 );
#2063 = DIRECTION ( 'NONE',  ( 0.000000000000000000, 0.000000000000000000, 1.000000000000000000 ) ) ;
#2064 = PRESENTATION_STYLE_ASSIGNMENT (( #5213 ) ) ;
#2065 = VERTEX_POINT ( 'NONE', #5510 ) ;
#2066 = SURFACE_STYLE_USAGE ( .BOTH. , #7520 ) ;
#2067 = VERTEX_POINT ( 'NONE', #1116 ) ;
#2068 = EDGE_CURVE ( 'NONE', #6991, #2897, #3106, .T. ) ;
#2069 = DIRECTION ( 'NONE',  ( 0.000000000000000000, -1.000000000000000000, -0.000000000000000000 ) ) ;
#2070 = CARTESIAN_POINT ( 'NONE',  ( -0.07874015748031495954, -0.2743811241349999874, 0.000000000000000000 ) ) ;
#2071 = CARTESIAN_POINT ( 'NONE',  ( 0.05118110236220472370, 0.2641953671577952911, 0.000000000000000000 ) ) ;
#2072 = VECTOR ( 'NONE', #6288, 39.37007874015748143 ) ;
#2073 = CIRCLE ( 'NONE', #2717, 0.003937007874015747977 ) ;
#2074 =( GEOMETRIC_REPRESENTATION_CONTEXT ( 3 ) GLOBAL_UNCERTAINTY_ASSIGNED_CONTEXT ( ( #3402 ) ) GLOBAL_UNIT_ASSIGNED_CONTEXT ( ( #778, #5666, #4913 ) ) REPRESENTATION_CONTEXT ( 'NONE', 'WORKASPACE' ) );
#2075 = ORIENTED_EDGE ( 'NONE', *, *, #613, .F. ) ;
#2076 = CARTESIAN_POINT ( 'NONE',  ( 0.1827946717203543514, -0.08667922049956693076, 0.01968503937007873988 ) ) ;
#2077 = B_SPLINE_CURVE_WITH_KNOTS ( 'NONE', 3,
 ( #6373, #4641, #1576, #4028, #7708, #6490 ),
 .UNSPECIFIED., .F., .F.,
 ( 4, 2, 4 ),
 ( 0.000000000000000000, 0.5000000000000000000, 1.000000000000000000 ),
 .UNSPECIFIED. ) ;
#2078 = CARTESIAN_POINT ( 'NONE',  ( 0.05905511811023622659, -0.0006153978120464567193, 0.000000000000000000 ) ) ;
#2079 = CARTESIAN_POINT ( 'NONE',  ( 0.1181102362204724532, -0.2690675520881889993, 0.007874015748031495954 ) ) ;
#2080 = ORIENTED_EDGE ( 'NONE', *, *, #928, .F. ) ;
#2081 = PLANE ( 'NONE',  #7577 ) ;
#2082 = PRESENTATION_STYLE_ASSIGNMENT (( #2834 ) ) ;
#2083 = ORIENTED_EDGE ( 'NONE', *, *, #2637, .F. ) ;
#2084 = LINE ( 'NONE', #5813, #341 ) ;
#2085 = APPLICATION_PROTOCOL_DEFINITION ( 'draft international standard', 'automotive_design', 1998, #7790 ) ;
#2086 = COLOUR_RGB ( '',0.2784313725490196179, 0.2784313725490196179, 0.2784313725490196179 ) ;
#2087 = ORIENTED_EDGE ( 'NONE', *, *, #5730, .F. ) ;
#2088 = AXIS2_PLACEMENT_3D ( 'NONE', #400, #2193, #6380 ) ;
#2089 = LINE ( 'NONE', #4554, #6936 ) ;
#2090 = CARTESIAN_POINT ( 'NONE',  ( 0.07874015748031495954, -0.2915057198038976671, 0.000000000000000000 ) ) ;
#2091 = EDGE_CURVE ( 'NONE', #2731, #5132, #1861, .T. ) ;
#2092 = LINE ( 'NONE', #5238, #28 ) ;
#2093 =( CONVERSION_BASED_UNIT ( 'INCH', #1574 ) LENGTH_UNIT ( ) NAMED_UNIT ( #1588 ) );
#2094 = LINE ( 'NONE', #857, #1967 ) ;
#2095 = STYLED_ITEM ( 'NONE', ( #7794 ), #7028 ) ;
#2096 = PRESENTATION_LAYER_ASSIGNMENT (  '', '', ( #1713 ) ) ;
#2097 = DIRECTION ( 'NONE',  ( 1.000000000000000000, 0.000000000000000000, 0.000000000000000000 ) ) ;
#2098 = CARTESIAN_POINT ( 'NONE',  ( 0.1821311594927688127, 0.1889558061521259824, 0.09800089332129849340 ) ) ;
#2099 = FACE_OUTER_BOUND ( 'NONE', #3720, .T. ) ;
#2100 = ADVANCED_FACE ( 'NONE', ( #4188 ), #4229, .T. ) ;
#2101 = VECTOR ( 'NONE', #4783, 39.37007874015748143 ) ;
#2102 = EDGE_CURVE ( 'NONE', #4598, #5217, #1822, .T. ) ;
#2103 = SURFACE_STYLE_FILL_AREA ( #4647 ) ;
#2104 = STYLED_ITEM ( 'NONE', ( #4683 ), #6143 ) ;
#2105 = CARTESIAN_POINT ( 'NONE',  ( -0.1761390860324803243, 0.1889558061521260102, 0.09448818897637795144 ) ) ;
#2106 = SURFACE_SIDE_STYLE ('',( #5839 ) ) ;
#2107 = ORIENTED_EDGE ( 'NONE', *, *, #6580, .F. ) ;
#2108 = VECTOR ( 'NONE', #4588, 39.37007874015748143 ) ;
#2109 = MECHANICAL_DESIGN_GEOMETRIC_PRESENTATION_REPRESENTATION (  '', ( #5443 ), #3519 ) ;
#2110 =( NAMED_UNIT ( * ) PLANE_ANGLE_UNIT ( ) SI_UNIT ( $, .RADIAN. ) );
#2111 = SHAPE_REPRESENTATION ( 'Open CASCADE STEP translator 6.8 1', ( #1997 ), #1496 ) ;
#2112 = UNCERTAINTY_MEASURE_WITH_UNIT (LENGTH_MEASURE( 1.000000000000000082E-05 ), #1490, 'distance_accuracy_value', 'NONE');
#2113 = EDGE_LOOP ( 'NONE', ( #1488, #5887, #3542, #5447, #1336, #5234, #5897 ) ) ;
#2114 = FACE_OUTER_BOUND ( 'NONE', #2950, .T. ) ;
#2115 = DIRECTION ( 'NONE',  ( -0.000000000000000000, -0.000000000000000000, -1.000000000000000000 ) ) ;
#2116 = VECTOR ( 'NONE', #2003, 39.37007874015748143 ) ;
#2117 = SURFACE_SIDE_STYLE ('',( #6343 ) ) ;
#2118 = ORIENTED_EDGE ( 'NONE', *, *, #2947, .F. ) ;
#2119 = DIRECTION ( 'NONE',  ( 4.512561924732999726E-16, 1.000000000000000000, 0.000000000000000000 ) ) ;
#2120 = MECHANICAL_DESIGN_GEOMETRIC_PRESENTATION_REPRESENTATION (  '', ( #4568 ), #2757 ) ;
#2121 = DIRECTION ( 'NONE',  ( 0.000000000000000000, -0.000000000000000000, 1.000000000000000000 ) ) ;
#2122 = VECTOR ( 'NONE', #2069, 39.37007874015748143 ) ;
#2124 = EDGE_CURVE ( 'NONE', #5155, #6007, #7138, .T. ) ;
#2123 = UNCERTAINTY_MEASURE_WITH_UNIT (LENGTH_MEASURE( 1.000000000000000082E-05 ), #4694, 'distance_accuracy_value', 'NONE');
#2125 = ORIENTED_EDGE ( 'NONE', *, *, #2546, .T. ) ;
#2126 = ORIENTED_EDGE ( 'NONE', *, *, #1662, .F. ) ;
#2127 = FILL_AREA_STYLE_COLOUR ( '', #3527 ) ;
#2128 = CIRCLE ( 'NONE', #215, 0.003937007874015747977 ) ;
#2129 = ITEM_DEFINED_TRANSFORMATION ( 'NONE', 'NONE', #5353,  #1997 ) ;
#2130 = COLOUR_RGB ( '',0.7490196078431372584, 0.7490196078431372584, 0.7490196078431372584 ) ;
#2131 = DIRECTION ( 'NONE',  ( 0.000000000000000000, 0.000000000000000000, 1.000000000000000000 ) ) ;
#2132 = CARTESIAN_POINT ( 'NONE',  ( 0.1838253779715320890, -0.06934995292858267546, 0.09842519685039369248 ) ) ;
#2133 = VECTOR ( 'NONE', #2018, 39.37007874015748143 ) ;
#2134 = ORIENTED_EDGE ( 'NONE', *, *, #1815, .F. ) ;
#2135 =( LENGTH_UNIT ( ) NAMED_UNIT ( * ) SI_UNIT ( $, .METRE. ) );
#2136 = ORIENTED_EDGE ( 'NONE', *, *, #3850, .T. ) ;
#2137 =( LENGTH_UNIT ( ) NAMED_UNIT ( * ) SI_UNIT ( $, .METRE. ) );
#2138 = CARTESIAN_POINT ( 'NONE',  ( -0.1800760939070866207, 0.1889558061521260102, 0.09842519685039370636 ) ) ;
#2139 = CARTESIAN_POINT ( 'NONE',  ( 0.01968503937007873988, -0.2572565284661417206, 0.03279966909992126228 ) ) ;
#2140 = PRESENTATION_STYLE_ASSIGNMENT (( #391 ) ) ;
#2141 = LENGTH_MEASURE_WITH_UNIT ( LENGTH_MEASURE( 0.02539999999999999897 ), #2560 );
#2142 = FILL_AREA_STYLE_COLOUR ( '', #7652 ) ;
#2143 = CARTESIAN_POINT ( 'NONE',  ( 0.05118110236220472370, 0.3147934927945275629, 0.000000000000000000 ) ) ;
#2144 = ORIENTED_EDGE ( 'NONE', *, *, #965, .F. ) ;
#2145 = FILL_AREA_STYLE_COLOUR ( '', #5937 ) ;
#2146 = SURFACE_SIDE_STYLE ('',( #939 ) ) ;
#2147 = LINE ( 'NONE', #5722, #806 ) ;
#2148 = EDGE_LOOP ( 'NONE', ( #2163, #4044, #811, #1741 ) ) ;
#2149 = EDGE_CURVE ( 'NONE', #343, #694, #5588, .T. ) ;
#2150 = EDGE_CURVE ( 'NONE', #1237, #329, #7385, .T. ) ;
#2151 = DIMENSIONAL_EXPONENTS ( 1.000000000000000000, 0.000000000000000000, 0.000000000000000000, 0.000000000000000000, 0.000000000000000000, 0.000000000000000000, 0.000000000000000000 ) ;
#2152 = DIRECTION ( 'NONE',  ( 0.000000000000000000, 0.000000000000000000, 1.000000000000000000 ) ) ;
#2153 = SURFACE_SIDE_STYLE ('',( #2277 ) ) ;
#2154 = AXIS2_PLACEMENT_3D ( 'NONE', #633, #2504, #1827 ) ;
#2155 = FILL_AREA_STYLE ('',( #4119 ) ) ;
#2156 = ORIENTED_EDGE ( 'NONE', *, *, #2091, .T. ) ;
#2157 = COLOUR_RGB ( '',0.7490196078431372584, 0.7490196078431372584, 0.7490196078431372584 ) ;
#2158 = MECHANICAL_DESIGN_GEOMETRIC_PRESENTATION_REPRESENTATION (  '', ( #7746 ), #2292 ) ;
#2159 = ADVANCED_FACE ( 'NONE', ( #4385 ), #6783, .F. ) ;
#2160 = FILL_AREA_STYLE_COLOUR ( '', #4282 ) ;
#2161 = PRODUCT_DEFINITION_SHAPE ( 'NONE', 'NONE',  #776 ) ;
#2162 =( GEOMETRIC_REPRESENTATION_CONTEXT ( 3 ) GLOBAL_UNCERTAINTY_ASSIGNED_CONTEXT ( ( #145 ) ) GLOBAL_UNIT_ASSIGNED_CONTEXT ( ( #3382, #1614, #4717 ) ) REPRESENTATION_CONTEXT ( 'NONE', 'WORKASPACE' ) );
#2163 = ORIENTED_EDGE ( 'NONE', *, *, #784, .F. ) ;
#2164 = VECTOR ( 'NONE', #5741, 39.37007874015748143 ) ;
#2165 = ORIENTED_EDGE ( 'NONE', *, *, #2739, .F. ) ;
#2166 = DIRECTION ( 'NONE',  ( 0.000000000000000000, 0.000000000000000000, 1.000000000000000000 ) ) ;
#2167 = PLANE ( 'NONE',  #6300 ) ;
#2168 = SURFACE_STYLE_USAGE ( .BOTH. , #6941 ) ;
#2169 = EDGE_CURVE ( 'NONE', #4082, #1090, #1125, .T. ) ;
#2170 = AXIS2_PLACEMENT_3D ( 'NONE', #7453, #2006, #7497 ) ;
#2171 = VECTOR ( 'NONE', #3024, 39.37007874015748143 ) ;
#2172 = CARTESIAN_POINT ( 'NONE',  ( 0.1574803149606299191, 0.04035433070866142197, -0.04330708661225397826 ) ) ;
#2173 = ORIENTED_EDGE ( 'NONE', *, *, #4259, .F. ) ;
#2174 = CARTESIAN_POINT ( 'NONE',  ( -0.1827946717203543514, -0.1040084880705905573, 0.09448818897637795144 ) ) ;
#2175 =( CONVERSION_BASED_UNIT ( 'INCH', #5283 ) LENGTH_UNIT ( ) NAMED_UNIT ( #2017 ) );
#2176 = EDGE_LOOP ( 'NONE', ( #2050, #6480, #6596, #2724 ) ) ;
#2177 = LINE ( 'NONE', #3851, #3483 ) ;
#2178 = MECHANICAL_DESIGN_GEOMETRIC_PRESENTATION_REPRESENTATION (  '', ( #5763 ), #4501 ) ;
#2180 =( NAMED_UNIT ( * ) SI_UNIT ( $, .STERADIAN. ) SOLID_ANGLE_UNIT ( ) );
#2179 = STYLED_ITEM ( 'NONE', ( #254 ), #4896 ) ;
#2181 = CARTESIAN_POINT ( 'NONE',  ( 0.07874015748031495954, -0.2533195205921259796, 0.02098864547787401835 ) ) ;
#2182 =( CONVERSION_BASED_UNIT ( 'INCH', #6327 ) LENGTH_UNIT ( ) NAMED_UNIT ( #6189 ) );
#2183 = CARTESIAN_POINT ( 'NONE',  ( 0.000000000000000000, -0.1983960629326377845, 0.03279966909992126228 ) ) ;
#2184 =( GEOMETRIC_REPRESENTATION_CONTEXT ( 3 ) GLOBAL_UNCERTAINTY_ASSIGNED_CONTEXT ( ( #3630 ) ) GLOBAL_UNIT_ASSIGNED_CONTEXT ( ( #2442, #3171, #6348 ) ) REPRESENTATION_CONTEXT ( 'NONE', 'WORKASPACE' ) );
#2185 = MECHANICAL_DESIGN_GEOMETRIC_PRESENTATION_REPRESENTATION (  '', ( #4364 ), #532 ) ;
#2186 = FILL_AREA_STYLE ('',( #2663 ) ) ;
#2187 =( NAMED_UNIT ( * ) PLANE_ANGLE_UNIT ( ) SI_UNIT ( $, .RADIAN. ) );
#2188 =( LENGTH_UNIT ( ) NAMED_UNIT ( * ) SI_UNIT ( $, .METRE. ) );
#2189 = PLANE ( 'NONE',  #4272 ) ;
#2190 = PRESENTATION_STYLE_ASSIGNMENT (( #2954 ) ) ;
#2191 = VERTEX_POINT ( 'NONE', #5845 ) ;
#2192 =( LENGTH_UNIT ( ) NAMED_UNIT ( * ) SI_UNIT ( $, .METRE. ) );
#2193 = DIRECTION ( 'NONE',  ( 0.000000000000000000, 0.000000000000000000, 1.000000000000000000 ) ) ;
#2194 = DIRECTION ( 'NONE',  ( 0.000000000000000000, 0.000000000000000000, -1.000000000000000000 ) ) ;
#2195 = VECTOR ( 'NONE', #186, 39.37007874015748143 ) ;
#2196 = PLANE ( 'NONE',  #2048 ) ;
#2197 = UNCERTAINTY_MEASURE_WITH_UNIT (LENGTH_MEASURE( 1.000000000000000082E-05 ), #4730, 'distance_accuracy_value', 'NONE');
#2198 = PRODUCT_RELATED_PRODUCT_CATEGORY ( 'part', '', ( #2233 ) ) ;
#2199 = DIRECTION ( 'NONE',  ( -0.000000000000000000, -0.000000000000000000, 1.000000000000000000 ) ) ;
#2200 = SURFACE_STYLE_FILL_AREA ( #3997 ) ;
#2201 = EDGE_CURVE ( 'NONE', #2719, #5037, #7602, .T. ) ;
#2202 = DIRECTION ( 'NONE',  ( 1.000000000000000000, 0.000000000000000000, 0.000000000000000000 ) ) ;
#2203 = ORIENTED_EDGE ( 'NONE', *, *, #691, .F. ) ;
#2204 = FACE_BOUND ( 'NONE', #7600, .T. ) ;
#2205 = DIMENSIONAL_EXPONENTS ( 1.000000000000000000, 0.000000000000000000, 0.000000000000000000, 0.000000000000000000, 0.000000000000000000, 0.000000000000000000, 0.000000000000000000 ) ;
#2206 = AXIS2_PLACEMENT_3D ( 'NONE', #2699, #855, #4557 ) ;
#2207 = UNCERTAINTY_MEASURE_WITH_UNIT (LENGTH_MEASURE( 1.000000000000000082E-05 ), #7842, 'distance_accuracy_value', 'NONE');
#2208 = VERTEX_POINT ( 'NONE', #7162 ) ;
#2209 = DIMENSIONAL_EXPONENTS ( 1.000000000000000000, 0.000000000000000000, 0.000000000000000000, 0.000000000000000000, 0.000000000000000000, 0.000000000000000000, 0.000000000000000000 ) ;
#2210 = VERTEX_POINT ( 'NONE', #5335 ) ;
#2211 = PLANE ( 'NONE',  #3566 ) ;
#2212 = ADVANCED_FACE ( 'NONE', ( #1705 ), #2196, .T. ) ;
#2213 = FILL_AREA_STYLE ('',( #1605 ) ) ;
#2214 = PRODUCT_CONTEXT ( 'NONE', #4725, 'mechanical' ) ;
#2215 = DIRECTION ( 'NONE',  ( 0.000000000000000000, 0.000000000000000000, 1.000000000000000000 ) ) ;
#2216 = VERTEX_POINT ( 'NONE', #1591 ) ;
#2217 =( LENGTH_UNIT ( ) NAMED_UNIT ( * ) SI_UNIT ( $, .METRE. ) );
#2218 = CARTESIAN_POINT ( 'NONE',  ( 0.1827946717203543514, -0.06934995292858267546, 0.05905511811023622659 ) ) ;
#2219 = EDGE_LOOP ( 'NONE', ( #4506, #5850, #5637, #1439 ) ) ;
#2220 = PRESENTATION_STYLE_ASSIGNMENT (( #4673 ) ) ;
#2221 = EDGE_CURVE ( 'NONE', #4944, #4069, #7519, .T. ) ;
#2222 =( GEOMETRIC_REPRESENTATION_CONTEXT ( 3 ) GLOBAL_UNCERTAINTY_ASSIGNED_CONTEXT ( ( #4847 ) ) GLOBAL_UNIT_ASSIGNED_CONTEXT ( ( #2230, #6496, #2273 ) ) REPRESENTATION_CONTEXT ( 'NONE', 'WORKASPACE' ) );
#2223 = CARTESIAN_POINT ( 'NONE',  ( -0.1585513363839370082, -0.1112605648740944836, 0.09842519685039370636 ) ) ;
#2224 = CARTESIAN_POINT ( 'NONE',  ( 1.151187631659842660E-12, 0.06052617843948818882, 0.09842519685039370636 ) ) ;
#2225 =( GEOMETRIC_REPRESENTATION_CONTEXT ( 3 ) GLOBAL_UNCERTAINTY_ASSIGNED_CONTEXT ( ( #7134 ) ) GLOBAL_UNIT_ASSIGNED_CONTEXT ( ( #2970, #1365, #7397 ) ) REPRESENTATION_CONTEXT ( 'NONE', 'WORKASPACE' ) );
#2226 = DIRECTION ( 'NONE',  ( -1.000000000000000000, 0.000000000000000000, -0.000000000000000000 ) ) ;
#2227 = ORIENTED_EDGE ( 'NONE', *, *, #2150, .T. ) ;
#2228 = LINE ( 'NONE', #2270, #5557 ) ;
#2229 = SURFACE_SIDE_STYLE ('',( #358 ) ) ;
#2230 =( CONVERSION_BASED_UNIT ( 'INCH', #7719 ) LENGTH_UNIT ( ) NAMED_UNIT ( #7237 ) );
#2231 = PLANE ( 'NONE',  #2232 ) ;
#2232 = AXIS2_PLACEMENT_3D ( 'NONE', #3581, #1117, #7797 ) ;
#2233 = PRODUCT ( 'EVQ-VVD00203B', 'EVQ-VVD00203B', '', ( #5857 ) ) ;
#2234 =( NAMED_UNIT ( * ) PLANE_ANGLE_UNIT ( ) SI_UNIT ( $, .RADIAN. ) );
#2235 = SURFACE_SIDE_STYLE ('',( #249 ) ) ;
#2236 = STYLED_ITEM ( 'NONE', ( #862 ), #6067 ) ;
#2237 = ORIENTED_EDGE ( 'NONE', *, *, #1875, .F. ) ;
#2238 = FILL_AREA_STYLE_COLOUR ( '', #2290 ) ;
#2239 = SURFACE_STYLE_FILL_AREA ( #7163 ) ;
#2241 = VERTEX_POINT ( 'NONE', #3124 ) ;
#2240 = VECTOR ( 'NONE', #1133, 39.37007874015748143 ) ;
#2242 = VECTOR ( 'NONE', #224, 39.37007874015748143 ) ;
#2243 = MECHANICAL_DESIGN_GEOMETRIC_PRESENTATION_REPRESENTATION (  '', ( #4691 ), #7706 ) ;
#2244 = EDGE_LOOP ( 'NONE', ( #52, #4980, #4248, #3589 ) ) ;
#2245 = PRESENTATION_LAYER_ASSIGNMENT (  '', '', ( #5071 ) ) ;
#2246 = DIRECTION ( 'NONE',  ( -1.000000000000000000, 0.000000000000000000, 0.000000000000000000 ) ) ;
#2247 = SURFACE_SIDE_STYLE ('',( #2887 ) ) ;
#2248 = SURFACE_STYLE_FILL_AREA ( #6652 ) ;
#2249 = PRESENTATION_LAYER_ASSIGNMENT (  '', '', ( #5706 ) ) ;
#2250 = VECTOR ( 'NONE', #5733, 39.37007874015748143 ) ;
#2251 = CARTESIAN_POINT ( 'NONE',  ( 0.000000000000000000, 0.2563213514097637535, 0.000000000000000000 ) ) ;
#2252 = ADVANCED_FACE ( 'NONE', ( #1802 ), #1167, .F. ) ;
#2253 = EDGE_CURVE ( 'NONE', #7756, #1437, #3637, .T. ) ;
#2254 = ORIENTED_EDGE ( 'NONE', *, *, #7550, .F. ) ;
#2255 = AXIS2_PLACEMENT_3D ( 'NONE', #5175, #3831, #4450 ) ;
#2256 = SURFACE_STYLE_USAGE ( .BOTH. , #5320 ) ;
#2257 = VERTEX_POINT ( 'NONE', #4405 ) ;
#2258 = DIRECTION ( 'NONE',  ( -1.000000000000000000, -0.000000000000000000, -0.000000000000000000 ) ) ;
#2259 = DIMENSIONAL_EXPONENTS ( 1.000000000000000000, 0.000000000000000000, 0.000000000000000000, 0.000000000000000000, 0.000000000000000000, 0.000000000000000000, 0.000000000000000000 ) ;
#2260 = STYLED_ITEM ( 'NONE', ( #631 ), #3523 ) ;
#2261 = FILL_AREA_STYLE ('',( #7825 ) ) ;
#2262 = FACE_OUTER_BOUND ( 'NONE', #7573, .T. ) ;
#2263 = VECTOR ( 'NONE', #1089, 39.37007874015748854 ) ;
#2264 = CARTESIAN_POINT ( 'NONE',  ( -0.1800760939070866207, 0.1889558061521260102, 0.09842519685039370636 ) ) ;
#2265 = AXIS2_PLACEMENT_3D ( 'NONE', #5567, #6188, #719 ) ;
#2266 = EDGE_CURVE ( 'NONE', #6007, #5043, #1838, .T. ) ;
#2267 = CARTESIAN_POINT ( 'NONE',  ( 0.05118110236220472370, 0.2523843435357480680, 0.02098864547787401835 ) ) ;
#2268 =( LENGTH_UNIT ( ) NAMED_UNIT ( * ) SI_UNIT ( $, .METRE. ) );
#2269 = ORIENTED_EDGE ( 'NONE', *, *, #5777, .T. ) ;
#2270 = CARTESIAN_POINT ( 'NONE',  ( 0.1585513363829527400, -0.1112605648740944836, 0.09448818897637795144 ) ) ;
#2271 = CYLINDRICAL_SURFACE ( 'NONE', #1902, 0.007874015748031495954 ) ;
#2272 = SURFACE_STYLE_FILL_AREA ( #7718 ) ;
#2273 =( NAMED_UNIT ( * ) SI_UNIT ( $, .STERADIAN. ) SOLID_ANGLE_UNIT ( ) );
#2274 = CARTESIAN_POINT ( 'NONE',  ( 0.1840131017811024172, 0.1889558061521260102, 0.09842519685039370636 ) ) ;
#2275 = AXIS2_PLACEMENT_3D ( 'NONE', #244, #791, #6885 ) ;
#2276 =( NAMED_UNIT ( * ) PLANE_ANGLE_UNIT ( ) SI_UNIT ( $, .RADIAN. ) );
#2277 = SURFACE_STYLE_FILL_AREA ( #1548 ) ;
#2278 = LINE ( 'NONE', #563, #4283 ) ;
#2279 = DIRECTION ( 'NONE',  ( 1.000000000000000000, 0.000000000000000000, 0.000000000000000000 ) ) ;
#2280 = LENGTH_MEASURE_WITH_UNIT ( LENGTH_MEASURE( 0.02539999999999999897 ), #2876 );
#2281 = CARTESIAN_POINT ( 'NONE',  ( 0.000000000000000000, -0.2572565284661417206, 0.000000000000000000 ) ) ;
#2282 = DIMENSIONAL_EXPONENTS ( 1.000000000000000000, 0.000000000000000000, 0.000000000000000000, 0.000000000000000000, 0.000000000000000000, 0.000000000000000000, 0.000000000000000000 ) ;
#2283 = ORIENTED_EDGE ( 'NONE', *, *, #731, .T. ) ;
#2285 = STYLED_ITEM ( 'NONE', ( #3264 ), #742 ) ;
#2284 =( CONVERSION_BASED_UNIT ( 'INCH', #1597 ) LENGTH_UNIT ( ) NAMED_UNIT ( #29 ) );
#2286 =( CONVERSION_BASED_UNIT ( 'INCH', #6615 ) LENGTH_UNIT ( ) NAMED_UNIT ( #2151 ) );
#2287 = UNCERTAINTY_MEASURE_WITH_UNIT (LENGTH_MEASURE( 1.000000000000000082E-05 ), #7031, 'distance_accuracy_value', 'NONE');
#2288 = VERTEX_POINT ( 'NONE', #4365 ) ;
#2289 = LINE ( 'NONE', #2928, #265 ) ;
#2290 = COLOUR_RGB ( '',0.7490196078431372584, 0.7490196078431372584, 0.7490196078431372584 ) ;
#2291 = FACE_OUTER_BOUND ( 'NONE', #5214, .T. ) ;
#2292 =( GEOMETRIC_REPRESENTATION_CONTEXT ( 3 ) GLOBAL_UNCERTAINTY_ASSIGNED_CONTEXT ( ( #4622 ) ) GLOBAL_UNIT_ASSIGNED_CONTEXT ( ( #1192, #4801, #7273 ) ) REPRESENTATION_CONTEXT ( 'NONE', 'WORKASPACE' ) );
#2293 = CARTESIAN_POINT ( 'NONE',  ( 0.07874015748031495954, -0.2743811241349999874, 0.003937007874015747977 ) ) ;
#2294 = FILL_AREA_STYLE_COLOUR ( '', #5061 ) ;
#2295 = PRESENTATION_LAYER_ASSIGNMENT (  '', '', ( #2805 ) ) ;
#2296 = COLOUR_RGB ( '',0.2784313725490196179, 0.2784313725490196179, 0.2784313725490196179 ) ;
#2297 = ORIENTED_EDGE ( 'NONE', *, *, #5748, .T. ) ;
#2298 = DIRECTION ( 'NONE',  ( 1.000000000000000000, -4.512561924732999726E-16, 0.000000000000000000 ) ) ;
#2299 = CARTESIAN_POINT ( 'NONE',  ( 0.000000000000000000, 0.2563213514097637535, 0.02492565335188976286 ) ) ;
#2300 = ORIENTED_EDGE ( 'NONE', *, *, #4809, .F. ) ;
#2301 = LINE ( 'NONE', #2898, #2946 ) ;
#2302 = CARTESIAN_POINT ( 'NONE',  ( 0.01968503937007873988, -0.2690675520881889993, 0.007874015748031495954 ) ) ;
#2303 =( LENGTH_UNIT ( ) NAMED_UNIT ( * ) SI_UNIT ( $, .METRE. ) );
#2304 =( NAMED_UNIT ( * ) SI_UNIT ( $, .STERADIAN. ) SOLID_ANGLE_UNIT ( ) );
#2305 = EDGE_CURVE ( 'NONE', #6447, #6031, #6262, .T. ) ;
#2306 = EDGE_CURVE ( 'NONE', #7186, #7244, #6804, .T. ) ;
#2307 = FACE_OUTER_BOUND ( 'NONE', #4955, .T. ) ;
#2308 = DIRECTION ( 'NONE',  ( -0.000000000000000000, -1.000000000000000000, 0.000000000000000000 ) ) ;
#2309 = VECTOR ( 'NONE', #5530, 39.37007874015748143 ) ;
#2310 = FACE_OUTER_BOUND ( 'NONE', #5021, .T. ) ;
#2311 = ORIENTED_EDGE ( 'NONE', *, *, #2882, .F. ) ;
#2312 = COLOUR_RGB ( '',0.2784313725490196179, 0.2784313725490196179, 0.2784313725490196179 ) ;
#2313 = PRESENTATION_STYLE_ASSIGNMENT (( #6563 ) ) ;
#2314 = CARTESIAN_POINT ( 'NONE',  ( -0.01968503937007873988, -0.2690675520881889993, 0.007874015748031495954 ) ) ;
#2315 = LINE ( 'NONE', #7671, #1122 ) ;
#2316 = EDGE_CURVE ( 'NONE', #246, #3901, #647, .T. ) ;
#2317 = DIMENSIONAL_EXPONENTS ( 1.000000000000000000, 0.000000000000000000, 0.000000000000000000, 0.000000000000000000, 0.000000000000000000, 0.000000000000000000, 0.000000000000000000 ) ;
#2318 = AXIS2_PLACEMENT_3D ( 'NONE', #5092, #7395, #1946 ) ;
#2319 = VECTOR ( 'NONE', #2279, 39.37007874015748143 ) ;
#2320 =( NAMED_UNIT ( * ) SI_UNIT ( $, .STERADIAN. ) SOLID_ANGLE_UNIT ( ) );
#2321 = FACE_OUTER_BOUND ( 'NONE', #2845, .T. ) ;
#2322 = LENGTH_MEASURE_WITH_UNIT ( LENGTH_MEASURE( 0.02539999999999999897 ), #6569 );
#2323 = SURFACE_STYLE_USAGE ( .BOTH. , #7763 ) ;
#2324 = PRESENTATION_LAYER_ASSIGNMENT (  '', '', ( #1541 ) ) ;
#2325 = SURFACE_SIDE_STYLE ('',( #3514 ) ) ;
#2326 = LINE ( 'NONE', #409, #2263 ) ;
#2327 = ADVANCED_FACE ( 'NONE', ( #1248 ), #3086, .T. ) ;
#2328 = FACE_OUTER_BOUND ( 'NONE', #3037, .T. ) ;
#2329 = VERTEX_POINT ( 'NONE', #331 ) ;
#2330 = PRESENTATION_LAYER_ASSIGNMENT (  '', '', ( #5406 ) ) ;
#2331 = DIMENSIONAL_EXPONENTS ( 1.000000000000000000, 0.000000000000000000, 0.000000000000000000, 0.000000000000000000, 0.000000000000000000, 0.000000000000000000, 0.000000000000000000 ) ;
#2332 = LENGTH_MEASURE_WITH_UNIT ( LENGTH_MEASURE( 0.02539999999999999897 ), #4090 );
#2333 = ORIENTED_EDGE ( 'NONE', *, *, #2884, .T. ) ;
#2334 = FILL_AREA_STYLE_COLOUR ( '', #7248 ) ;
#2335 = CARTESIAN_POINT ( 'NONE',  ( 0.000000000000000000, -0.2651305442141732582, 0.007874015748031495954 ) ) ;
#2336 = LINE ( 'NONE', #5275, #7294 ) ;
#2337 = LINE ( 'NONE', #2971, #2240 ) ;
#2338 = ORIENTED_EDGE ( 'NONE', *, *, #3902, .T. ) ;
#2339 = DIRECTION ( 'NONE',  ( 0.7131463325225619876, -0.7010151984155690297, 0.000000000000000000 ) ) ;
#2340 = DIRECTION ( 'NONE',  ( 0.000000000000000000, 0.000000000000000000, -1.000000000000000000 ) ) ;
#2341 = DIRECTION ( 'NONE',  ( 0.000000000000000000, 0.000000000000000000, -1.000000000000000000 ) ) ;
#2342 = LENGTH_MEASURE_WITH_UNIT ( LENGTH_MEASURE( 0.02539999999999999897 ), #5935 );
#2343 = COLOUR_RGB ( '',0.7490196078431372584, 0.7490196078431372584, 0.7490196078431372584 ) ;
#2344 = LENGTH_MEASURE_WITH_UNIT ( LENGTH_MEASURE( 0.02539999999999999897 ), #1179 );
#2345 = ADVANCED_FACE ( 'NONE', ( #3297 ), #7445, .T. ) ;
#2346 = CARTESIAN_POINT ( 'NONE',  ( 0.1170188464628346553, -0.2450787401618897965, 0.09842519685039370636 ) ) ;
#2347 =( LENGTH_UNIT ( ) NAMED_UNIT ( * ) SI_UNIT ( $, .METRE. ) );
#2348 = ORIENTED_EDGE ( 'NONE', *, *, #6292, .T. ) ;
#2349 = VECTOR ( 'NONE', #3991, 39.37007874015748143 ) ;
#2350 = DIRECTION ( 'NONE',  ( -0.000000000000000000, 2.036321512455000055E-31, -1.000000000000000000 ) ) ;
#2351 = FILL_AREA_STYLE ('',( #3065 ) ) ;
#2352 = CARTESIAN_POINT ( 'NONE',  ( 0.1800760939070866207, 0.1889558061521260102, 0.01968503937007873988 ) ) ;
#2353 =( NAMED_UNIT ( * ) PLANE_ANGLE_UNIT ( ) SI_UNIT ( $, .RADIAN. ) );
#2354 =( LENGTH_UNIT ( ) NAMED_UNIT ( * ) SI_UNIT ( $, .METRE. ) );
#2355 = VECTOR ( 'NONE', #7615, 39.37007874015748143 ) ;
#2356 = FILL_AREA_STYLE_COLOUR ( '', #1929 ) ;
#2357 = EDGE_CURVE ( 'NONE', #591, #3406, #7022, .T. ) ;
#2358 = SURFACE_SIDE_STYLE ('',( #4233 ) ) ;
#2359 = LINE ( 'NONE', #5444, #5250 ) ;
#2360 = CARTESIAN_POINT ( 'NONE',  ( 0.05118110236220472370, 0.2641953671577952911, 0.02492565335188976286 ) ) ;
#2361 = COLOUR_RGB ( '',0.7490196078431372584, 0.7490196078431372584, 0.7490196078431372584 ) ;
#2362 = FILL_AREA_STYLE_COLOUR ( '', #3240 ) ;
#2363 = ORIENTED_EDGE ( 'NONE', *, *, #606, .T. ) ;
#2364 = DIRECTION ( 'NONE',  ( 0.000000000000000000, -0.000000000000000000, 1.000000000000000000 ) ) ;
#2365 =( NAMED_UNIT ( * ) PLANE_ANGLE_UNIT ( ) SI_UNIT ( $, .RADIAN. ) );
#2366 = MECHANICAL_DESIGN_GEOMETRIC_PRESENTATION_REPRESENTATION (  '', ( #7175 ), #2718 ) ;
#2367 = EDGE_CURVE ( 'NONE', #1067, #2459, #3333, .T. ) ;
#2368 = UNCERTAINTY_MEASURE_WITH_UNIT (LENGTH_MEASURE( 1.000000000000000082E-05 ), #7676, 'distance_accuracy_value', 'NONE');
#2369 = CARTESIAN_POINT ( 'NONE',  ( -0.09199170751952756575, 0.2490157480314960647, 0.000000000000000000 ) ) ;
#2370 =( LENGTH_UNIT ( ) NAMED_UNIT ( * ) SI_UNIT ( $, .METRE. ) );
#2371 = VECTOR ( 'NONE', #1168, 39.37007874015748143 ) ;
#2372 = MECHANICAL_DESIGN_GEOMETRIC_PRESENTATION_REPRESENTATION (  '', ( #3889 ), #4160 ) ;
#2373 = FILL_AREA_STYLE ('',( #4494 ) ) ;
#2374 =( NAMED_UNIT ( * ) PLANE_ANGLE_UNIT ( ) SI_UNIT ( $, .RADIAN. ) );
#2375 = LINE ( 'NONE', #5422, #6055 ) ;
#2376 = CIRCLE ( 'NONE', #3522, 0.007874015748031495954 ) ;
#2377 = VECTOR ( 'NONE', #5972, 39.37007874015748143 ) ;
#2378 = ORIENTED_EDGE ( 'NONE', *, *, #1660, .F. ) ;
#2379 = CARTESIAN_POINT ( 'NONE',  ( 0.09842519685039370636, -0.2533195205921259796, 0.02098864547787401835 ) ) ;
#2380 =( NAMED_UNIT ( * ) SI_UNIT ( $, .STERADIAN. ) SOLID_ANGLE_UNIT ( ) );
#2381 = FACE_OUTER_BOUND ( 'NONE', #7650, .T. ) ;
#2382 = MECHANICAL_DESIGN_GEOMETRIC_PRESENTATION_REPRESENTATION (  '', ( #7709 ), #1732 ) ;
#2383 = LINE ( 'NONE', #4216, #5233 ) ;
#2384 =( CONVERSION_BASED_UNIT ( 'INCH', #6631 ) LENGTH_UNIT ( ) NAMED_UNIT ( #6546 ) );
#2385 = STYLED_ITEM ( 'NONE', ( #2969 ), #7504 ) ;
#2386 = FILL_AREA_STYLE_COLOUR ( '', #2312 ) ;
#2387 = ORIENTED_EDGE ( 'NONE', *, *, #164, .T. ) ;
#2388 = DIRECTION ( 'NONE',  ( -1.000000000000000000, -0.000000000000000000, -0.000000000000000000 ) ) ;
#2389 =( NAMED_UNIT ( * ) PLANE_ANGLE_UNIT ( ) SI_UNIT ( $, .RADIAN. ) );
#2390 = ADVANCED_BREP_SHAPE_REPRESENTATION ( '', ( #6067, #1997 ), #7460 ) ;
#2391 = ORIENTED_EDGE ( 'NONE', *, *, #4581, .T. ) ;
#2392 = ORIENTED_EDGE ( 'NONE', *, *, #7849, .F. ) ;
#2393 = CARTESIAN_POINT ( 'NONE',  ( -0.05118110236220472370, 0.1878684657093700749, 0.03279966909992126228 ) ) ;
#2394 = MECHANICAL_DESIGN_GEOMETRIC_PRESENTATION_REPRESENTATION (  '', ( #4053 ), #3166 ) ;
#2395 = CIRCLE ( 'NONE', #1880, 0.1028445393700787441 ) ;
#2396 = LENGTH_MEASURE_WITH_UNIT ( LENGTH_MEASURE( 0.02539999999999999897 ), #4881 );
#2397 = CARTESIAN_POINT ( 'NONE',  ( 0.2086614173228346636, 0.1276890742665748035, 0.000000000000000000 ) ) ;
#2398 =( NAMED_UNIT ( * ) PLANE_ANGLE_UNIT ( ) SI_UNIT ( $, .RADIAN. ) );
#2399 = DIRECTION ( 'NONE',  ( -0.000000000000000000, -0.000000000000000000, -1.000000000000000000 ) ) ;
#2400 = FILL_AREA_STYLE_COLOUR ( '', #4383 ) ;
#2401 = VERTEX_POINT ( 'NONE', #288 ) ;
#2402 = EDGE_CURVE ( 'NONE', #5823, #160, #7572, .T. ) ;
#2403 = ORIENTED_EDGE ( 'NONE', *, *, #7698, .T. ) ;
#2404 =( NAMED_UNIT ( * ) SI_UNIT ( $, .STERADIAN. ) SOLID_ANGLE_UNIT ( ) );
#2405 = CARTESIAN_POINT ( 'NONE',  ( 0.1761390860343700904, 0.1889558061521260102, 0.09842519685039370636 ) ) ;
#2406 = DIRECTION ( 'NONE',  ( 0.000000000000000000, -1.000000000000000000, -0.000000000000000000 ) ) ;
#2407 = ADVANCED_FACE ( 'NONE', ( #1518 ), #4000, .T. ) ;
#2408 = AXIS2_PLACEMENT_3D ( 'NONE', #6592, #1849, #6662 ) ;
#2409 = PLANE ( 'NONE',  #6177 ) ;
#2410 = MECHANICAL_DESIGN_GEOMETRIC_PRESENTATION_REPRESENTATION (  '', ( #1004 ), #1226 ) ;
#2411 = ORIENTED_EDGE ( 'NONE', *, *, #373, .F. ) ;
#2412 = CARTESIAN_POINT ( 'NONE',  ( 0.1181102362204724532, -0.2651305442141732582, 0.003937007874015747977 ) ) ;
#2413 = STYLED_ITEM ( 'NONE', ( #832 ), #404 ) ;
#2414 =( NAMED_UNIT ( * ) SI_UNIT ( $, .STERADIAN. ) SOLID_ANGLE_UNIT ( ) );
#2415 = EDGE_CURVE ( 'NONE', #6564, #3287, #2463, .T. ) ;
#2416 =( GEOMETRIC_REPRESENTATION_CONTEXT ( 3 ) GLOBAL_UNCERTAINTY_ASSIGNED_CONTEXT ( ( #4562 ) ) GLOBAL_UNIT_ASSIGNED_CONTEXT ( ( #5130, #6332, #188 ) ) REPRESENTATION_CONTEXT ( 'NONE', 'WORKASPACE' ) );
#2417 = STYLED_ITEM ( 'NONE', ( #3465 ), #656 ) ;
#2418 = ORIENTED_EDGE ( 'NONE', *, *, #3285, .T. ) ;
#2419 = DIRECTION ( 'NONE',  ( 0.000000000000000000, -0.000000000000000000, 1.000000000000000000 ) ) ;
#2420 = CARTESIAN_POINT ( 'NONE',  ( -0.1181102362204724671, -0.2915057198038976671, 0.000000000000000000 ) ) ;
#2421 = PLANE ( 'NONE',  #4127 ) ;
#2422 = COLOUR_RGB ( '',0.7490196078431372584, 0.7490196078431372584, 0.7490196078431372584 ) ;
#2423 = AXIS2_PLACEMENT_3D ( 'NONE', #7171, #7137, #5350 ) ;
#2424 = PRESENTATION_STYLE_ASSIGNMENT (( #5911 ) ) ;
#2425 = VECTOR ( 'NONE', #1562, 39.37007874015748143 ) ;
#2426 =( CONVERSION_BASED_UNIT ( 'INCH', #7354 ) LENGTH_UNIT ( ) NAMED_UNIT ( #1878 ) );
#2427 = CARTESIAN_POINT ( 'NONE',  ( 0.1827946717203543514, -0.08667922049956693076, 0.05905511811023622659 ) ) ;
#2428 = LENGTH_MEASURE_WITH_UNIT ( LENGTH_MEASURE( 0.02539999999999999897 ), #635 );
#2429 = ORIENTED_EDGE ( 'NONE', *, *, #1609, .T. ) ;
#2430 = VECTOR ( 'NONE', #1255, 39.37007874015748143 ) ;
#2431 = VECTOR ( 'NONE', #5580, 39.37007874015748143 ) ;
#2432 = ORIENTED_EDGE ( 'NONE', *, *, #547, .F. ) ;
#2433 =( CONVERSION_BASED_UNIT ( 'INCH', #5604 ) LENGTH_UNIT ( ) NAMED_UNIT ( #3437 ) );
#2434 = PRESENTATION_LAYER_ASSIGNMENT (  '', '', ( #1390 ) ) ;
#2435 = CIRCLE ( 'NONE', #6882, 0.01968503937007875723 ) ;
#2436 = EDGE_CURVE ( 'NONE', #1473, #3393, #5475, .T. ) ;
#2437 = ADVANCED_FACE ( 'NONE', ( #7156 ), #7231, .F. ) ;
#2438 = UNCERTAINTY_MEASURE_WITH_UNIT (LENGTH_MEASURE( 1.000000000000000082E-05 ), #6602, 'distance_accuracy_value', 'NONE');
#2439 = ORIENTED_EDGE ( 'NONE', *, *, #2402, .T. ) ;
#2440 = CARTESIAN_POINT ( 'NONE',  ( 0.000000000000000000, -0.2572565284661417762, 0.007874015748031495954 ) ) ;
#2441 = VECTOR ( 'NONE', #4150, 39.37007874015748143 ) ;
#2442 =( CONVERSION_BASED_UNIT ( 'INCH', #2141 ) LENGTH_UNIT ( ) NAMED_UNIT ( #5317 ) );
#2443 = CARTESIAN_POINT ( 'NONE',  ( 0.1761390860343700904, 0.1237520663915748081, 0.09448818897637795144 ) ) ;
#2444 = CARTESIAN_POINT ( 'NONE',  ( -0.1840131017811023617, 0.1300921114227165387, 0.09448818897637795144 ) ) ;
#2445 = ADVANCED_FACE ( 'NONE', ( #7799 ), #4232, .T. ) ;
#2446 = ORIENTED_EDGE ( 'NONE', *, *, #2639, .F. ) ;
#2447 = DIRECTION ( 'NONE',  ( -0.000000000000000000, 0.000000000000000000, 1.000000000000000000 ) ) ;
#2448 = LINE ( 'NONE', #1844, #527 ) ;
#2449 = ORIENTED_EDGE ( 'NONE', *, *, #6708, .T. ) ;
#2450 = PLANE ( 'NONE',  #5501 ) ;
#2451 = SURFACE_SIDE_STYLE ('',( #5531 ) ) ;
#2452 = SURFACE_STYLE_USAGE ( .BOTH. , #1968 ) ;
#2453 = VECTOR ( 'NONE', #6366, 39.37007874015748143 ) ;
#2454 = DIRECTION ( 'NONE',  ( 0.000000000000000000, -1.000000000000000000, -0.000000000000000000 ) ) ;
#2455 = EDGE_CURVE ( 'NONE', #7528, #1873, #5041, .T. ) ;
#2456 = CARTESIAN_POINT ( 'NONE',  ( 8.741913579724409950E-17, 0.2490157480314960647, 0.09448818897637795144 ) ) ;
#2457 = ORIENTED_EDGE ( 'NONE', *, *, #1195, .T. ) ;
#2458 = PRESENTATION_STYLE_ASSIGNMENT (( #7419 ) ) ;
#2459 = VERTEX_POINT ( 'NONE', #4346 ) ;
#2460 =( LENGTH_UNIT ( ) NAMED_UNIT ( * ) SI_UNIT ( $, .METRE. ) );
#2461 = LENGTH_MEASURE_WITH_UNIT ( LENGTH_MEASURE( 0.02539999999999999897 ), #3770 );
#2462 = UNCERTAINTY_MEASURE_WITH_UNIT (LENGTH_MEASURE( 1.000000000000000082E-05 ), #6110, 'distance_accuracy_value', 'NONE');
#2463 = LINE ( 'NONE', #2992, #6136 ) ;
#2464 = PRESENTATION_LAYER_ASSIGNMENT (  '', '', ( #4130 ) ) ;
#2465 = DIRECTION ( 'NONE',  ( 1.000000000000000000, 0.000000000000000000, 0.000000000000000000 ) ) ;
#2466 = PLANE ( 'NONE',  #3023 ) ;
#2467 =( NAMED_UNIT ( * ) SI_UNIT ( $, .STERADIAN. ) SOLID_ANGLE_UNIT ( ) );
#2468 = LENGTH_MEASURE_WITH_UNIT ( LENGTH_MEASURE( 0.02539999999999999897 ), #5674 );
#2469 = ORIENTED_EDGE ( 'NONE', *, *, #639, .T. ) ;
#2470 = DIRECTION ( 'NONE',  ( -0.000000000000000000, 1.000000000000000000, 0.000000000000000000 ) ) ;
#2472 = SURFACE_STYLE_USAGE ( .BOTH. , #1157 ) ;
#2471 = VECTOR ( 'NONE', #3942, 39.37007874015748143 ) ;
#2473 = ORIENTED_EDGE ( 'NONE', *, *, #1462, .T. ) ;
#2474 = DIMENSIONAL_EXPONENTS ( 1.000000000000000000, 0.000000000000000000, 0.000000000000000000, 0.000000000000000000, 0.000000000000000000, 0.000000000000000000, 0.000000000000000000 ) ;
#2475 = DIRECTION ( 'NONE',  ( 0.000000000000000000, 0.000000000000000000, 1.000000000000000000 ) ) ;
#2476 = B_SPLINE_CURVE_WITH_KNOTS ( 'NONE', 3,
 ( #3247, #3957, #4402, #1373, #1329, #1465 ),
 .UNSPECIFIED., .F., .F.,
 ( 4, 2, 4 ),
 ( 0.000000000000000000, 0.5000000000000000000, 1.000000000000000000 ),
 .UNSPECIFIED. ) ;
#2477 = DIRECTION ( 'NONE',  ( 0.000000000000000000, 0.000000000000000000, 1.000000000000000000 ) ) ;
#2478 = AXIS2_PLACEMENT_3D ( 'NONE', #2427, #1671, #1828 ) ;
#2479 = CIRCLE ( 'NONE', #6926, 0.003937007874015758385 ) ;
#2480 =( NAMED_UNIT ( * ) PLANE_ANGLE_UNIT ( ) SI_UNIT ( $, .RADIAN. ) );
#2481 = COLOUR_RGB ( '',0.7490196078431372584, 0.7490196078431372584, 0.7490196078431372584 ) ;
#2482 = DIMENSIONAL_EXPONENTS ( 1.000000000000000000, 0.000000000000000000, 0.000000000000000000, 0.000000000000000000, 0.000000000000000000, 0.000000000000000000, 0.000000000000000000 ) ;
#2483 =( NAMED_UNIT ( * ) PLANE_ANGLE_UNIT ( ) SI_UNIT ( $, .RADIAN. ) );
#2484 = VECTOR ( 'NONE', #5836, 39.37007874015748143 ) ;
#2485 = ORIENTED_EDGE ( 'NONE', *, *, #4156, .T. ) ;
#2486 = STYLED_ITEM ( 'NONE', ( #3218 ), #6050 ) ;
#2487 = PRESENTATION_STYLE_ASSIGNMENT (( #6656 ) ) ;
#2488 = ORIENTED_EDGE ( 'NONE', *, *, #6966, .F. ) ;
#2489 =( NAMED_UNIT ( * ) SI_UNIT ( $, .STERADIAN. ) SOLID_ANGLE_UNIT ( ) );
#2490 = ADVANCED_FACE ( 'NONE', ( #7474 ), #2540, .T. ) ;
#2491 = VECTOR ( 'NONE', #1483, 39.37007874015748143 ) ;
#2492 = EDGE_CURVE ( 'NONE', #3603, #6935, #3772, .T. ) ;
#2493 = LINE ( 'NONE', #4336, #196 ) ;
#2494 = DIRECTION ( 'NONE',  ( 0.000000000000000000, -1.000000000000000000, 0.000000000000000000 ) ) ;
#2495 = ORIENTED_EDGE ( 'NONE', *, *, #195, .T. ) ;
#2496 = DIRECTION ( 'NONE',  ( 0.000000000000000000, -0.000000000000000000, 1.000000000000000000 ) ) ;
#2497 = ORIENTED_EDGE ( 'NONE', *, *, #2905, .T. ) ;
#2498 =( GEOMETRIC_REPRESENTATION_CONTEXT ( 3 ) GLOBAL_UNCERTAINTY_ASSIGNED_CONTEXT ( ( #3488 ) ) GLOBAL_UNIT_ASSIGNED_CONTEXT ( ( #7060, #3252, #7489 ) ) REPRESENTATION_CONTEXT ( 'NONE', 'WORKASPACE' ) );
#2499 = DIRECTION ( 'NONE',  ( 0.000000000000000000, 0.000000000000000000, 1.000000000000000000 ) ) ;
#2500 = MECHANICAL_DESIGN_GEOMETRIC_PRESENTATION_REPRESENTATION (  '', ( #831 ), #6567 ) ;
#2501 = DIRECTION ( 'NONE',  ( 1.000000000000000000, 0.000000000000000000, -0.000000000000000000 ) ) ;
#2502 = EDGE_CURVE ( 'NONE', #2513, #5823, #4388, .T. ) ;
#2503 = CARTESIAN_POINT ( 'NONE',  ( -0.1838691303545912925, -0.1040084880705905296, 0.09842519685076057956 ) ) ;
#2504 = DIRECTION ( 'NONE',  ( 0.000000000000000000, 0.000000000000000000, 1.000000000000000000 ) ) ;
#2505 = DIRECTION ( 'NONE',  ( 0.000000000000000000, 0.000000000000000000, 1.000000000000000000 ) ) ;
#2506 = AXIS2_PLACEMENT_3D ( 'NONE', #7100, #2929, #417 ) ;
#2507 = ORIENTED_EDGE ( 'NONE', *, *, #3358, .T. ) ;
#2508 = ORIENTED_EDGE ( 'NONE', *, *, #5169, .T. ) ;
#2509 = ADVANCED_FACE ( 'NONE', ( #5084 ), #7388, .F. ) ;
#2510 = VECTOR ( 'NONE', #2573, 39.37007874015748143 ) ;
#2511 = LINE ( 'NONE', #7403, #4309 ) ;
#2512 = UNCERTAINTY_MEASURE_WITH_UNIT (LENGTH_MEASURE( 1.000000000000000082E-05 ), #1452, 'distance_accuracy_value', 'NONE');
#2513 = VERTEX_POINT ( 'NONE', #7077 ) ;
#2514 = DIRECTION ( 'NONE',  ( 2.351874168306999907E-16, 1.000000000000000000, 0.000000000000000000 ) ) ;
#2515 = CARTESIAN_POINT ( 'NONE',  ( 0.000000000000000000, 0.04035433070866142197, 0.09448818897677166428 ) ) ;
#2516 = CARTESIAN_POINT ( 'NONE',  ( -0.1788576638464173252, -0.1112605648740944836, 0.09448818897637795144 ) ) ;
#2517 = DIMENSIONAL_EXPONENTS ( 1.000000000000000000, 0.000000000000000000, 0.000000000000000000, 0.000000000000000000, 0.000000000000000000, 0.000000000000000000, 0.000000000000000000 ) ;
#2518 = ORIENTED_EDGE ( 'NONE', *, *, #5701, .F. ) ;
#2519 = CARTESIAN_POINT ( 'NONE',  ( -0.07874015748031495954, -0.2572565284661417206, 0.007874015748031495954 ) ) ;
#2520 =( NAMED_UNIT ( * ) PLANE_ANGLE_UNIT ( ) SI_UNIT ( $, .RADIAN. ) );
#2521 = EDGE_LOOP ( 'NONE', ( #6139, #5383, #5115, #2974 ) ) ;
#2522 = CARTESIAN_POINT ( 'NONE',  ( 8.741913579724409950E-17, 0.04035433070866142197, 0.09448818897637795144 ) ) ;
#2523 = DIRECTION ( 'NONE',  ( 1.000000000000000000, 0.000000000000000000, 0.000000000000000000 ) ) ;
#2524 = LINE ( 'NONE', #5153, #4408 ) ;
#2525 = AXIS2_PLACEMENT_3D ( 'NONE', #4045, #1091, #2967 ) ;
#2526 = CARTESIAN_POINT ( 'NONE',  ( 0.1330390167485826780, 0.1992328590562992274, 0.000000000000000000 ) ) ;
#2527 = CARTESIAN_POINT ( 'NONE',  ( 0.2047244094462598307, -0.06209787612507874227, 0.09448818897637795144 ) ) ;
#2528 = ORIENTED_EDGE ( 'NONE', *, *, #5682, .F. ) ;
#2529 = FACE_OUTER_BOUND ( 'NONE', #5094, .T. ) ;
#2530 = ORIENTED_EDGE ( 'NONE', *, *, #5919, .T. ) ;
#2531 = CARTESIAN_POINT ( 'NONE',  ( -0.05118110236220472370, 0.2855574221021653925, 0.02492565335188976286 ) ) ;
#2532 = PRODUCT_RELATED_PRODUCT_CATEGORY ( 'part', '', ( #5254 ) ) ;
#2533 = VERTEX_POINT ( 'NONE', #3357 ) ;
#2534 = EDGE_CURVE ( 'NONE', #4887, #775, #1005, .T. ) ;
#2535 = DIRECTION ( 'NONE',  ( 1.000000000000000000, 0.000000000000000000, 0.000000000000000000 ) ) ;
#2536 = PRESENTATION_LAYER_ASSIGNMENT (  '', '', ( #6723 ) ) ;
#2537 = DIRECTION ( 'NONE',  ( -1.000000000000000000, -0.000000000000000000, -0.000000000000000000 ) ) ;
#2538 = UNCERTAINTY_MEASURE_WITH_UNIT (LENGTH_MEASURE( 1.000000000000000082E-05 ), #1734, 'distance_accuracy_value', 'NONE');
#2539 = STYLED_ITEM ( 'NONE', ( #6294 ), #4201 ) ;
#2540 = PLANE ( 'NONE',  #3474 ) ;
#2541 = DIRECTION ( 'NONE',  ( 0.000000000000000000, 0.000000000000000000, -1.000000000000000000 ) ) ;
#2542 = COLOUR_RGB ( '',0.7490196078431372584, 0.7490196078431372584, 0.7490196078431372584 ) ;
#2543 = FILL_AREA_STYLE ('',( #1276 ) ) ;
#2544 = STYLED_ITEM ( 'NONE', ( #3000 ), #546 ) ;
#2545 = FILL_AREA_STYLE_COLOUR ( '', #3447 ) ;
#2546 = EDGE_CURVE ( 'NONE', #6670, #706, #7002, .T. ) ;
#2547 = PRESENTATION_STYLE_ASSIGNMENT (( #6753 ) ) ;
#2548 = PLANE ( 'NONE',  #3611 ) ;
#2549 = ORIENTED_EDGE ( 'NONE', *, *, #558, .F. ) ;
#2550 = DIRECTION ( 'NONE',  ( -1.000000000000000000, -0.000000000000000000, 0.000000000000000000 ) ) ;
#2551 = SURFACE_STYLE_FILL_AREA ( #1413 ) ;
#2552 =( NAMED_UNIT ( * ) PLANE_ANGLE_UNIT ( ) SI_UNIT ( $, .RADIAN. ) );
#2553 = ORIENTED_EDGE ( 'NONE', *, *, #567, .T. ) ;
#2554 = PRESENTATION_LAYER_ASSIGNMENT (  '', '', ( #5997 ) ) ;
#2555 =( NAMED_UNIT ( * ) PLANE_ANGLE_UNIT ( ) SI_UNIT ( $, .RADIAN. ) );
#2556 = EDGE_CURVE ( 'NONE', #2040, #7410, #311, .T. ) ;
#2557 = VECTOR ( 'NONE', #6032, 39.37007874015748143 ) ;
#2558 = EDGE_LOOP ( 'NONE', ( #7618, #907, #2955, #5459 ) ) ;
#2559 = CARTESIAN_POINT ( 'NONE',  ( 0.000000000000000000, -0.2690675520881889993, 0.01181102362204724393 ) ) ;
#2560 =( LENGTH_UNIT ( ) NAMED_UNIT ( * ) SI_UNIT ( $, .METRE. ) );
#2561 = AXIS2_PLACEMENT_3D ( 'NONE', #2720, #2041, #835 ) ;
#2562 = FILL_AREA_STYLE ('',( #5060 ) ) ;
#2563 = ORIENTED_EDGE ( 'NONE', *, *, #373, .T. ) ;
#2564 = DIRECTION ( 'NONE',  ( 0.000000000000000000, 0.000000000000000000, 1.000000000000000000 ) ) ;
#2565 =( NAMED_UNIT ( * ) PLANE_ANGLE_UNIT ( ) SI_UNIT ( $, .RADIAN. ) );
#2566 = PLANE ( 'NONE',  #5216 ) ;
#2567 =( LENGTH_UNIT ( ) NAMED_UNIT ( * ) SI_UNIT ( $, .METRE. ) );
#2568 =( LENGTH_UNIT ( ) NAMED_UNIT ( * ) SI_UNIT ( $, .METRE. ) );
#2569 =( CONVERSION_BASED_UNIT ( 'INCH', #132 ) LENGTH_UNIT ( ) NAMED_UNIT ( #7646 ) );
#2570 = B_SPLINE_CURVE_WITH_KNOTS ( 'NONE', 3,
 ( #4883, #2503, #6711, #2994, #22, #7839 ),
 .UNSPECIFIED., .F., .F.,
 ( 4, 2, 4 ),
 ( 0.000000000000000000, 0.5000000000000000000, 1.000000000000000000 ),
 .UNSPECIFIED. ) ;
#2571 = PRESENTATION_STYLE_ASSIGNMENT (( #1343 ) ) ;
#2572 = STYLED_ITEM ( 'NONE', ( #6012 ), #2680 ) ;
#2573 = DIRECTION ( 'NONE',  ( -0.000000000000000000, 0.000000000000000000, -1.000000000000000000 ) ) ;
#2574 = ORIENTED_EDGE ( 'NONE', *, *, #3473, .F. ) ;
#2575 = FILL_AREA_STYLE ('',( #3184 ) ) ;
#2576 = DIMENSIONAL_EXPONENTS ( 1.000000000000000000, 0.000000000000000000, 0.000000000000000000, 0.000000000000000000, 0.000000000000000000, 0.000000000000000000, 0.000000000000000000 ) ;
#2577 = VECTOR ( 'NONE', #431, 39.37007874015748143 ) ;
#2578 = LINE ( 'NONE', #3654, #6428 ) ;
#2579 = PRODUCT_DEFINITION_SHAPE ( 'NONE', 'NONE',  #7892 ) ;
#2580 =( NAMED_UNIT ( * ) PLANE_ANGLE_UNIT ( ) SI_UNIT ( $, .RADIAN. ) );
#2581 = SURFACE_SIDE_STYLE ('',( #6788 ) ) ;
#2582 = SURFACE_SIDE_STYLE ('',( #3820 ) ) ;
#2583 = ORIENTED_EDGE ( 'NONE', *, *, #641, .T. ) ;
#2584 = CARTESIAN_POINT ( 'NONE',  ( -0.1761390860324803243, 0.1237520663915748081, 0.09842519685039370636 ) ) ;
#2585 = FACE_OUTER_BOUND ( 'NONE', #7821, .T. ) ;
#2586 = VERTEX_POINT ( 'NONE', #2859 ) ;
#2587 = ADVANCED_FACE ( 'NONE', ( #5244 ), #2788, .F. ) ;
#2588 = DIRECTION ( 'NONE',  ( -0.000000000000000000, 1.000000000000000000, 0.000000000000000000 ) ) ;
#2589 = SURFACE_STYLE_FILL_AREA ( #6762 ) ;
#2590 = UNCERTAINTY_MEASURE_WITH_UNIT (LENGTH_MEASURE( 1.000000000000000082E-05 ), #5445, 'distance_accuracy_value', 'NONE');
#2591 = ORIENTED_EDGE ( 'NONE', *, *, #1660, .T. ) ;
#2592 = CARTESIAN_POINT ( 'NONE',  ( -0.1840131017811023617, 0.1300921114227165387, 0.09842519685039370636 ) ) ;
#2593 = DIRECTION ( 'NONE',  ( 1.000000000000000000, 2.670666003108999827E-16, 0.000000000000000000 ) ) ;
#2594 = EDGE_CURVE ( 'NONE', #2191, #3944, #2077, .T. ) ;
#2595 = VECTOR ( 'NONE', #461, 39.37007874015748143 ) ;
#2596 = LENGTH_MEASURE_WITH_UNIT ( LENGTH_MEASURE( 0.02539999999999999897 ), #1292 );
#2597 = DIRECTION ( 'NONE',  ( -0.7010151983298378298, -0.7131463326068347985, 0.000000000000000000 ) ) ;
#2598 = ORIENTED_EDGE ( 'NONE', *, *, #1241, .F. ) ;
#2599 = CARTESIAN_POINT ( 'NONE',  ( 0.1788576638464173252, -0.06934995292858267546, 0.09842519685039370636 ) ) ;
#2600 = VERTEX_POINT ( 'NONE', #2264 ) ;
#2601 = SURFACE_STYLE_FILL_AREA ( #171 ) ;
#2602 = VECTOR ( 'NONE', #2501, 39.37007874015748143 ) ;
#2603 =( NAMED_UNIT ( * ) PLANE_ANGLE_UNIT ( ) SI_UNIT ( $, .RADIAN. ) );
#2604 = LENGTH_MEASURE_WITH_UNIT ( LENGTH_MEASURE( 0.02539999999999999897 ), #2688 );
#2605 = EDGE_CURVE ( 'NONE', #5507, #292, #6455, .T. ) ;
#2606 = SURFACE_STYLE_FILL_AREA ( #6701 ) ;
#2607 = AXIS2_PLACEMENT_3D ( 'NONE', #6713, #4490, #6298 ) ;
#2608 = COLOUR_RGB ( '',0.7490196078431372584, 0.7490196078431372584, 0.7490196078431372584 ) ;
#2609 = DIRECTION ( 'NONE',  ( 0.000000000000000000, -1.000000000000000000, -0.000000000000000000 ) ) ;
#2610 = EDGE_LOOP ( 'NONE', ( #2125, #7866, #2333, #697 ) ) ;
#2611 =( CONVERSION_BASED_UNIT ( 'INCH', #3884 ) LENGTH_UNIT ( ) NAMED_UNIT ( #3435 ) );
#2612 = ORIENTED_EDGE ( 'NONE', *, *, #4799, .T. ) ;
#2613 = FACE_OUTER_BOUND ( 'NONE', #180, .T. ) ;
#2614 = DIRECTION ( 'NONE',  ( 4.512561924731610345E-16, 1.000000000000000000, -1.389654727862720099E-28 ) ) ;
#2615 = CARTESIAN_POINT ( 'NONE',  ( -0.1181102362204724532, -0.2743811241349999874, 0.007874015748031495954 ) ) ;
#2616 = PRESENTATION_LAYER_ASSIGNMENT (  '', '', ( #5440 ) ) ;
#2617 = LINE ( 'NONE', #3732, #2602 ) ;
#2618 = PRESENTATION_LAYER_ASSIGNMENT (  '', '', ( #825 ) ) ;
#2619 = DIRECTION ( 'NONE',  ( -1.000000000000000000, -0.000000000000000000, 0.000000000000000000 ) ) ;
#2620 = COLOUR_RGB ( '',0.7490196078431372584, 0.7490196078431372584, 0.7490196078431372584 ) ;
#2621 = CYLINDRICAL_SURFACE ( 'NONE', #6498, 0.003937007874015741038 ) ;
#2622 =( LENGTH_UNIT ( ) NAMED_UNIT ( * ) SI_UNIT ( $, .METRE. ) );
#2623 = ORIENTED_EDGE ( 'NONE', *, *, #4456, .F. ) ;
#2624 = SURFACE_STYLE_USAGE ( .BOTH. , #601 ) ;
#2625 =( NAMED_UNIT ( * ) PLANE_ANGLE_UNIT ( ) SI_UNIT ( $, .RADIAN. ) );
#2626 =( CONVERSION_BASED_UNIT ( 'INCH', #6878 ) LENGTH_UNIT ( ) NAMED_UNIT ( #6633 ) );
#2627 = ORIENTED_EDGE ( 'NONE', *, *, #6974, .T. ) ;
#2628 = DIRECTION ( 'NONE',  ( 0.000000000000000000, -0.000000000000000000, 1.000000000000000000 ) ) ;
#2629 = STYLED_ITEM ( 'NONE', ( #3463 ), #7345 ) ;
#2631 = ORIENTED_EDGE ( 'NONE', *, *, #2492, .F. ) ;
#2630 = COLOUR_RGB ( '',0.7490196078431372584, 0.7490196078431372584, 0.7490196078431372584 ) ;
#2632 = DIMENSIONAL_EXPONENTS ( 1.000000000000000000, 0.000000000000000000, 0.000000000000000000, 0.000000000000000000, 0.000000000000000000, 0.000000000000000000, 0.000000000000000000 ) ;
#2633 = DIRECTION ( 'NONE',  ( 9.189026923619149741E-47, 1.000000000000000000, 2.036321512455000055E-31 ) ) ;
#2634 = MECHANICAL_DESIGN_GEOMETRIC_PRESENTATION_REPRESENTATION (  '', ( #7201 ), #7328 ) ;
#2635 =( GEOMETRIC_REPRESENTATION_CONTEXT ( 3 ) GLOBAL_UNCERTAINTY_ASSIGNED_CONTEXT ( ( #7773 ) ) GLOBAL_UNIT_ASSIGNED_CONTEXT ( ( #3157, #6916, #5128 ) ) REPRESENTATION_CONTEXT ( 'NONE', 'WORKASPACE' ) );
#2636 = ORIENTED_EDGE ( 'NONE', *, *, #6161, .F. ) ;
#2637 = EDGE_CURVE ( 'NONE', #6887, #6879, #1134, .T. ) ;
#2638 = DIRECTION ( 'NONE',  ( 0.000000000000000000, 0.000000000000000000, 1.000000000000000000 ) ) ;
#2639 = EDGE_CURVE ( 'NONE', #1381, #694, #1554, .T. ) ;
#2640 = DIRECTION ( 'NONE',  ( 0.000000000000000000, -0.000000000000000000, 1.000000000000000000 ) ) ;
#2641 = EDGE_LOOP ( 'NONE', ( #54, #5771, #4097, #6432 ) ) ;
#2642 = COLOUR_RGB ( '',0.7490196078431372584, 0.7490196078431372584, 0.7490196078431372584 ) ;
#2643 = FILL_AREA_STYLE_COLOUR ( '', #4811 ) ;
#2644 = ORIENTED_EDGE ( 'NONE', *, *, #5050, .T. ) ;
#2645 = SURFACE_SIDE_STYLE ('',( #2723 ) ) ;
#2646 = VERTEX_POINT ( 'NONE', #5752 ) ;
#2647 = FILL_AREA_STYLE ('',( #84 ) ) ;
#2648 = PRESENTATION_LAYER_ASSIGNMENT (  '', '', ( #611 ) ) ;
#2649 = EDGE_CURVE ( 'NONE', #6313, #2216, #5162, .T. ) ;
#2650 = LINE ( 'NONE', #7541, #4153 ) ;
#2651 = APPLICATION_PROTOCOL_DEFINITION ( 'draft international standard', 'automotive_design', 1998, #2661 ) ;
#2652 = FILL_AREA_STYLE_COLOUR ( '', #7105 ) ;
#2653 = CARTESIAN_POINT ( 'NONE',  ( 0.1585513363829527400, -0.1112605648740944836, 0.09448818897637795144 ) ) ;
#2654 = ORIENTED_EDGE ( 'NONE', *, *, #5048, .T. ) ;
#2655 = DIRECTION ( 'NONE',  ( 0.000000000000000000, -1.000000000000000000, -0.000000000000000000 ) ) ;
#2656 = EDGE_LOOP ( 'NONE', ( #6938, #6284, #5971, #5365 ) ) ;
#2657 = DIRECTION ( 'NONE',  ( 0.000000000000000000, 0.000000000000000000, -1.000000000000000000 ) ) ;
#2658 = CARTESIAN_POINT ( 'NONE',  ( 0.01968503937007873988, -0.2743811241349999874, 0.003937007874015747977 ) ) ;
#2659 = ADVANCED_FACE ( 'NONE', ( #549 ), #3021, .T. ) ;
#2660 =( NAMED_UNIT ( * ) SI_UNIT ( $, .STERADIAN. ) SOLID_ANGLE_UNIT ( ) );
#2661 = APPLICATION_CONTEXT ( 'automotive_design' ) ;
#2662 = COLOUR_RGB ( '',0.7490196078431372584, 0.7490196078431372584, 0.7490196078431372584 ) ;
#2663 = FILL_AREA_STYLE_COLOUR ( '', #4734 ) ;
#2664 = ORIENTED_EDGE ( 'NONE', *, *, #1678, .F. ) ;
#2665 = CARTESIAN_POINT ( 'NONE',  ( -0.09199170751952756575, 0.1276890742665748035, 0.09448818897637795144 ) ) ;
#2666 = PRESENTATION_LAYER_ASSIGNMENT (  '', '', ( #6104 ) ) ;
#2667 = EDGE_LOOP ( 'NONE', ( #716, #7731, #212, #6016 ) ) ;
#2668 = COLOUR_RGB ( '',0.7490196078431372584, 0.7490196078431372584, 0.7490196078431372584 ) ;
#2669 = FILL_AREA_STYLE ('',( #3283 ) ) ;
#2670 = ORIENTED_EDGE ( 'NONE', *, *, #7654, .T. ) ;
#2671 =( CONVERSION_BASED_UNIT ( 'INCH', #3827 ) LENGTH_UNIT ( ) NAMED_UNIT ( #4678 ) );
#2672 = LINE ( 'NONE', #4361, #3035 ) ;
#2673 = UNCERTAINTY_MEASURE_WITH_UNIT (LENGTH_MEASURE( 1.000000000000000082E-05 ), #4853, 'distance_accuracy_value', 'NONE');
#2674 = VERTEX_POINT ( 'NONE', #5938 ) ;
#2675 = DIRECTION ( 'NONE',  ( -0.000000000000000000, 0.000000000000000000, -1.000000000000000000 ) ) ;
#2676 = COLOUR_RGB ( '',0.7490196078431372584, 0.7490196078431372584, 0.7490196078431372584 ) ;
#2677 = CIRCLE ( 'NONE', #5756, 0.003937007874015747977 ) ;
#2678 = VERTEX_POINT ( 'NONE', #4105 ) ;
#2679 = PRODUCT_RELATED_PRODUCT_CATEGORY ( 'part', '', ( #3949 ) ) ;
#2680 = ADVANCED_FACE ( 'NONE', ( #2307 ), #7222, .T. ) ;
#2681 = AXIS2_PLACEMENT_3D ( 'NONE', #255, #2686, #5147 ) ;
#2682 = SURFACE_STYLE_USAGE ( .BOTH. , #2235 ) ;
#2683 = ORIENTED_EDGE ( 'NONE', *, *, #7122, .F. ) ;
#2684 = CARTESIAN_POINT ( 'NONE',  ( 0.1867316795943700647, -0.1040084880705905435, 0.09842519685039370636 ) ) ;
#2685 = ORIENTED_EDGE ( 'NONE', *, *, #4469, .T. ) ;
#2686 = DIRECTION ( 'NONE',  ( 0.000000000000000000, 0.000000000000000000, 1.000000000000000000 ) ) ;
#2687 = PRESENTATION_STYLE_ASSIGNMENT (( #842 ) ) ;
#2688 =( LENGTH_UNIT ( ) NAMED_UNIT ( * ) SI_UNIT ( $, .METRE. ) );
#2689 = PRODUCT_CONTEXT ( 'NONE', #2661, 'mechanical' ) ;
#2690 = SURFACE_STYLE_FILL_AREA ( #3306 ) ;
#2691 = STYLED_ITEM ( 'NONE', ( #1188 ), #2058 ) ;
#2692 = VECTOR ( 'NONE', #1895, 39.37007874015748143 ) ;
#2693 = CARTESIAN_POINT ( 'NONE',  ( 0.01968503937007873988, -0.2533195205921259796, 0.02098864547787401835 ) ) ;
#2694 = EDGE_CURVE ( 'NONE', #7593, #5168, #4905, .T. ) ;
#2695 = EDGE_CURVE ( 'NONE', #397, #274, #4870, .T. ) ;
#2696 = ORIENTED_EDGE ( 'NONE', *, *, #6391, .T. ) ;
#2697 = EDGE_LOOP ( 'NONE', ( #3829, #1695, #7288, #2403 ) ) ;
#2698 = CARTESIAN_POINT ( 'NONE',  ( 0.01968503937007873988, -0.2651305442141732582, 0.01181102362204724046 ) ) ;
#2699 = CARTESIAN_POINT ( 'NONE',  ( -0.09842519685039370636, -0.2572565284661417206, 0.007874015748031495954 ) ) ;
#2700 = SURFACE_STYLE_FILL_AREA ( #1492 ) ;
#2701 = UNCERTAINTY_MEASURE_WITH_UNIT (LENGTH_MEASURE( 1.000000000000000082E-05 ), #7421, 'distance_accuracy_value', 'NONE');
#2702 =( CONVERSION_BASED_UNIT ( 'INCH', #5202 ) LENGTH_UNIT ( ) NAMED_UNIT ( #5367 ) );
#2703 = ADVANCED_FACE ( 'NONE', ( #7298, #7747 ), #1893, .T. ) ;
#2704 = PLANE ( 'NONE',  #630 ) ;
#2705 =( NAMED_UNIT ( * ) SI_UNIT ( $, .STERADIAN. ) SOLID_ANGLE_UNIT ( ) );
#2706 = VERTEX_POINT ( 'NONE', #5660 ) ;
#2707 =( CONVERSION_BASED_UNIT ( 'INCH', #2062 ) LENGTH_UNIT ( ) NAMED_UNIT ( #2482 ) );
#2708 = LINE ( 'NONE', #3396, #2484 ) ;
#2709 = DIRECTION ( 'NONE',  ( -1.000000000000000000, 0.000000000000000000, 0.000000000000000000 ) ) ;
#2710 = EDGE_LOOP ( 'NONE', ( #7782, #6655, #4928, #7420 ) ) ;
#2711 = CARTESIAN_POINT ( 'NONE',  ( 0.000000000000000000, 0.2641953671577952356, 0.02492565335188976286 ) ) ;
#2712 = ORIENTED_EDGE ( 'NONE', *, *, #48, .T. ) ;
#2713 = ADVANCED_FACE ( 'NONE', ( #1928 ), #7380, .T. ) ;
#2714 = ORIENTED_EDGE ( 'NONE', *, *, #3606, .F. ) ;
#2715 = DIRECTION ( 'NONE',  ( 1.000000000000000000, 0.000000000000000000, 0.000000000000000000 ) ) ;
#2716 = SURFACE_STYLE_FILL_AREA ( #284 ) ;
#2717 = AXIS2_PLACEMENT_3D ( 'NONE', #1631, #984, #4083 ) ;
#2718 =( GEOMETRIC_REPRESENTATION_CONTEXT ( 3 ) GLOBAL_UNCERTAINTY_ASSIGNED_CONTEXT ( ( #7438 ) ) GLOBAL_UNIT_ASSIGNED_CONTEXT ( ( #1663, #6014, #1979 ) ) REPRESENTATION_CONTEXT ( 'NONE', 'WORKASPACE' ) );
#2719 = VERTEX_POINT ( 'NONE', #4468 ) ;
#2720 = CARTESIAN_POINT ( 'NONE',  ( 0.1827946717203543514, -0.05814270379311024112, 0.09448818897637795144 ) ) ;
#2721 = DIRECTION ( 'NONE',  ( 0.000000000000000000, 0.000000000000000000, -1.000000000000000000 ) ) ;
#2722 = EDGE_LOOP ( 'NONE', ( #7026, #4890 ) ) ;
#2723 = SURFACE_STYLE_FILL_AREA ( #6278 ) ;
#2724 = ORIENTED_EDGE ( 'NONE', *, *, #5634, .F. ) ;
#2725 = DIRECTION ( 'NONE',  ( 1.000000000000000000, 0.000000000000000000, -0.000000000000000000 ) ) ;
#2726 = CARTESIAN_POINT ( 'NONE',  ( -0.1867316795943700647, -0.1040084880705905573, 0.01968503937007873988 ) ) ;
#2727 = LENGTH_MEASURE_WITH_UNIT ( LENGTH_MEASURE( 0.02539999999999999897 ), #3921 );
#2728 = PRODUCT_CONTEXT ( 'NONE', #3619, 'mechanical' ) ;
#2729 = CARTESIAN_POINT ( 'NONE',  ( 0.01968503937007873988, -0.2651305442141732582, 0.007874015748031495954 ) ) ;
#2730 =( CONVERSION_BASED_UNIT ( 'INCH', #7578 ) LENGTH_UNIT ( ) NAMED_UNIT ( #4072 ) );
#2731 = VERTEX_POINT ( 'NONE', #1389 ) ;
#2732 = MECHANICAL_DESIGN_GEOMETRIC_PRESENTATION_REPRESENTATION (  '', ( #4395 ), #2225 ) ;
#2733 = DIRECTION ( 'NONE',  ( 0.000000000000000000, 0.000000000000000000, 1.000000000000000000 ) ) ;
#2734 = ORIENTED_EDGE ( 'NONE', *, *, #6709, .F. ) ;
#2735 = FILL_AREA_STYLE_COLOUR ( '', #2838 ) ;
#2736 = PRODUCT_DEFINITION_SHAPE ( 'NONE', 'NONE',  #7017 ) ;
#2737 = SURFACE_STYLE_FILL_AREA ( #3352 ) ;
#2738 = LINE ( 'NONE', #2785, #3911 ) ;
#2739 = EDGE_CURVE ( 'NONE', #3901, #1889, #3098, .T. ) ;
#2740 = EDGE_CURVE ( 'NONE', #6917, #7394, #2493, .T. ) ;
#2741 = PLANE ( 'NONE',  #2408 ) ;
#2742 = FILL_AREA_STYLE ('',( #967 ) ) ;
#2743 =( GEOMETRIC_REPRESENTATION_CONTEXT ( 3 ) GLOBAL_UNCERTAINTY_ASSIGNED_CONTEXT ( ( #2512 ) ) GLOBAL_UNIT_ASSIGNED_CONTEXT ( ( #1452, #3279, #5294 ) ) REPRESENTATION_CONTEXT ( 'NONE', 'WORKASPACE' ) );
#2744 = VECTOR ( 'NONE', #2537, 39.37007874015748143 ) ;
#2745 =( NAMED_UNIT ( * ) SI_UNIT ( $, .STERADIAN. ) SOLID_ANGLE_UNIT ( ) );
#2746 = VERTEX_POINT ( 'NONE', #3138 ) ;
#2747 = PRESENTATION_STYLE_ASSIGNMENT (( #436 ) ) ;
#2748 = CIRCLE ( 'NONE', #7184, 0.07874015748031495954 ) ;
#2749 = DIRECTION ( 'NONE',  ( 0.000000000000000000, -0.000000000000000000, -1.000000000000000000 ) ) ;
#2750 = CARTESIAN_POINT ( 'NONE',  ( 0.01968503937007873988, -0.1983960629326377845, 0.03279966909992126228 ) ) ;
#2751 = EDGE_CURVE ( 'NONE', #5779, #4276, #2524, .T. ) ;
#2752 = EDGE_LOOP ( 'NONE', ( #1603, #6362, #910, #3093 ) ) ;
#2753 = MECHANICAL_DESIGN_GEOMETRIC_PRESENTATION_REPRESENTATION (  '', ( #1723 ), #2498 ) ;
#2754 = SURFACE_SIDE_STYLE ('',( #4611 ) ) ;
#2755 = UNCERTAINTY_MEASURE_WITH_UNIT (LENGTH_MEASURE( 1.000000000000000082E-05 ), #3554, 'distance_accuracy_value', 'NONE');
#2756 = ORIENTED_EDGE ( 'NONE', *, *, #2649, .T. ) ;
#2757 =( GEOMETRIC_REPRESENTATION_CONTEXT ( 3 ) GLOBAL_UNCERTAINTY_ASSIGNED_CONTEXT ( ( #2755 ) ) GLOBAL_UNIT_ASSIGNED_CONTEXT ( ( #3554, #4741, #5347 ) ) REPRESENTATION_CONTEXT ( 'NONE', 'WORKASPACE' ) );
#2758 =( CONVERSION_BASED_UNIT ( 'INCH', #4654 ) LENGTH_UNIT ( ) NAMED_UNIT ( #5368 ) );
#2759 = CARTESIAN_POINT ( 'NONE',  ( 0.07874015748031495954, -0.2572565284661417206, 0.02492565335188976286 ) ) ;
#2760 = VECTOR ( 'NONE', #1993, 39.37007874015748143 ) ;
#2761 = EDGE_CURVE ( 'NONE', #6389, #4623, #301, .T. ) ;
#2762 = AXIS2_PLACEMENT_3D ( 'NONE', #4264, #6570, #5375 ) ;
#2763 = ORIENTED_EDGE ( 'NONE', *, *, #4680, .T. ) ;
#2764 = SURFACE_SIDE_STYLE ('',( #5806 ) ) ;
#2765 = CARTESIAN_POINT ( 'NONE',  ( -0.1317780450345669430, 0.1952958511832283695, 0.09842519685039370636 ) ) ;
#2766 = MECHANICAL_DESIGN_GEOMETRIC_PRESENTATION_REPRESENTATION (  '', ( #6463 ), #970 ) ;
#2767 = UNCERTAINTY_MEASURE_WITH_UNIT (LENGTH_MEASURE( 1.000000000000000082E-05 ), #7085, 'distance_accuracy_value', 'NONE');
#2768 = ORIENTED_EDGE ( 'NONE', *, *, #7160, .T. ) ;
#2769 = DIMENSIONAL_EXPONENTS ( 1.000000000000000000, 0.000000000000000000, 0.000000000000000000, 0.000000000000000000, 0.000000000000000000, 0.000000000000000000, 0.000000000000000000 ) ;
#2770 = ORIENTED_EDGE ( 'NONE', *, *, #6391, .F. ) ;
#2771 = SURFACE_STYLE_USAGE ( .BOTH. , #6433 ) ;
#2772 = PRESENTATION_LAYER_ASSIGNMENT (  '', '', ( #4177 ) ) ;
#2773 = FACE_OUTER_BOUND ( 'NONE', #7399, .T. ) ;
#2774 = ITEM_DEFINED_TRANSFORMATION ( 'NONE', 'NONE', #361,  #1997 ) ;
#2775 = VECTOR ( 'NONE', #2609, 39.37007874015748143 ) ;
#2776 = LINE ( 'NONE', #4056, #2164 ) ;
#2777 = STYLED_ITEM ( 'NONE', ( #5239 ), #7859 ) ;
#2778 = VECTOR ( 'NONE', #5097, 39.37007874015748143 ) ;
#2779 = EDGE_LOOP ( 'NONE', ( #6692, #3836, #7809, #16 ) ) ;
#2780 = DIRECTION ( 'NONE',  ( 0.8139213391679954723, -0.5809750886629966304, 0.000000000000000000 ) ) ;
#2781 = CARTESIAN_POINT ( 'NONE',  ( 0.1800760939070866207, 0.1889558061521260102, 0.09448818897637795144 ) ) ;
#2782 = ORIENTED_EDGE ( 'NONE', *, *, #7242, .T. ) ;
#2783 =( CONVERSION_BASED_UNIT ( 'INCH', #3383 ) LENGTH_UNIT ( ) NAMED_UNIT ( #427 ) );
#2784 = SURFACE_SIDE_STYLE ('',( #2737 ) ) ;
#2785 = CARTESIAN_POINT ( 'NONE',  ( 0.09842519685039370636, -0.1983960629326377845, 0.03279966909992126228 ) ) ;
#2786 = DIRECTION ( 'NONE',  ( -0.000000000000000000, 0.000000000000000000, -1.000000000000000000 ) ) ;
#2787 = LINE ( 'NONE', #5241, #3749 ) ;
#2788 = CYLINDRICAL_SURFACE ( 'NONE', #3088, 0.007874015748031499423 ) ;
#2789 = EDGE_CURVE ( 'NONE', #6904, #594, #654, .T. ) ;
#2790 = LINE ( 'NONE', #3935, #3678 ) ;
#2791 = FILL_AREA_STYLE ('',( #5327 ) ) ;
#2792 = CARTESIAN_POINT ( 'NONE',  ( -0.1761390860324803243, 0.1952958511832283695, 0.09842519685039370636 ) ) ;
#2793 = PRESENTATION_STYLE_ASSIGNMENT (( #7007 ) ) ;
#2794 = VERTEX_POINT ( 'NONE', #1610 ) ;
#2795 = PRESENTATION_STYLE_ASSIGNMENT (( #6527 ) ) ;
#2796 = COLOUR_RGB ( '',0.7490196078431372584, 0.7490196078431372584, 0.7490196078431372584 ) ;
#2797 = SURFACE_STYLE_USAGE ( .BOTH. , #2106 ) ;
#2798 = PRESENTATION_STYLE_ASSIGNMENT (( #5096 ) ) ;
#2799 = EDGE_CURVE ( 'NONE', #3313, #4887, #7069, .T. ) ;
#2800 = VECTOR ( 'NONE', #3996, 39.37007874015748143 ) ;
#2801 = FILL_AREA_STYLE ('',( #4154 ) ) ;
#2802 = LINE ( 'NONE', #6504, #1894 ) ;
#2803 = CARTESIAN_POINT ( 'NONE',  ( 0.07874015748031495954, 0.04035433070866142197, 0.08661417322834646937 ) ) ;
#2804 = ORIENTED_EDGE ( 'NONE', *, *, #2201, .F. ) ;
#2805 = STYLED_ITEM ( 'NONE', ( #2025 ), #1230 ) ;
#2806 = SURFACE_STYLE_FILL_AREA ( #492 ) ;
#2807 = EDGE_CURVE ( 'NONE', #4222, #5280, #4513, .T. ) ;
#2808 = MECHANICAL_DESIGN_GEOMETRIC_PRESENTATION_REPRESENTATION (  '', ( #6999 ), #894 ) ;
#2809 = EDGE_LOOP ( 'NONE', ( #3642, #3689 ) ) ;
#2810 = ORIENTED_EDGE ( 'NONE', *, *, #4218, .T. ) ;
#2811 =( LENGTH_UNIT ( ) NAMED_UNIT ( * ) SI_UNIT ( $, .METRE. ) );
#2812 = LENGTH_MEASURE_WITH_UNIT ( LENGTH_MEASURE( 0.02539999999999999897 ), #2370 );
#2813 =( NAMED_UNIT ( * ) SI_UNIT ( $, .STERADIAN. ) SOLID_ANGLE_UNIT ( ) );
#2814 =( GEOMETRIC_REPRESENTATION_CONTEXT ( 3 ) GLOBAL_UNCERTAINTY_ASSIGNED_CONTEXT ( ( #629 ) ) GLOBAL_UNIT_ASSIGNED_CONTEXT ( ( #1338, #4373, #767 ) ) REPRESENTATION_CONTEXT ( 'NONE', 'WORKASPACE' ) );
#2815 = ORIENTED_EDGE ( 'NONE', *, *, #7366, .F. ) ;
#2816 = DIRECTION ( 'NONE',  ( -1.000000000000000000, -0.000000000000000000, -0.000000000000000000 ) ) ;
#2817 = VERTEX_POINT ( 'NONE', #5742 ) ;
#2818 = DIRECTION ( 'NONE',  ( -0.000000000000000000, 1.042436089538109951E-21, -1.000000000000000000 ) ) ;
#2819 = DIMENSIONAL_EXPONENTS ( 1.000000000000000000, 0.000000000000000000, 0.000000000000000000, 0.000000000000000000, 0.000000000000000000, 0.000000000000000000, 0.000000000000000000 ) ;
#2820 = VECTOR ( 'NONE', #905, 39.37007874015748143 ) ;
#2821 = PRESENTATION_STYLE_ASSIGNMENT (( #7113 ) ) ;
#2822 = DIMENSIONAL_EXPONENTS ( 1.000000000000000000, 0.000000000000000000, 0.000000000000000000, 0.000000000000000000, 0.000000000000000000, 0.000000000000000000, 0.000000000000000000 ) ;
#2823 = DIRECTION ( 'NONE',  ( -1.000000000000000000, -0.000000000000000000, -0.000000000000000000 ) ) ;
#2824 = PRESENTATION_LAYER_ASSIGNMENT (  '', '', ( #136 ) ) ;
#2825 = VERTEX_POINT ( 'NONE', #927 ) ;
#2826 = CARTESIAN_POINT ( 'NONE',  ( 0.1377952755905511861, 0.04035433070866142197, 0.000000000000000000 ) ) ;
#2827 = DIRECTION ( 'NONE',  ( -0.000000000000000000, 1.000000000000000000, 0.000000000000000000 ) ) ;
#2828 = DIRECTION ( 'NONE',  ( -1.000000000000000000, 0.000000000000000000, 0.000000000000000000 ) ) ;
#2829 = CARTESIAN_POINT ( 'NONE',  ( 0.000000000000000000, 0.2523843435357480680, 0.02098864547787401835 ) ) ;
#2830 = AXIS2_PLACEMENT_3D ( 'NONE', #6044, #588, #7863 ) ;
#2831 =( NAMED_UNIT ( * ) PLANE_ANGLE_UNIT ( ) SI_UNIT ( $, .RADIAN. ) );
#2832 =( NAMED_UNIT ( * ) SI_UNIT ( $, .STERADIAN. ) SOLID_ANGLE_UNIT ( ) );
#2833 = ORIENTED_EDGE ( 'NONE', *, *, #7297, .F. ) ;
#2834 = SURFACE_STYLE_USAGE ( .BOTH. , #6025 ) ;
#2835 = LINE ( 'NONE', #5305, #4471 ) ;
#2836 = LINE ( 'NONE', #1634, #253 ) ;
#2837 = ADVANCED_FACE ( 'NONE', ( #3377 ), #586, .T. ) ;
#2838 = COLOUR_RGB ( '',0.7490196078431372584, 0.7490196078431372584, 0.7490196078431372584 ) ;
#2839 = ORIENTED_EDGE ( 'NONE', *, *, #2068, .F. ) ;
#2840 = SURFACE_SIDE_STYLE ('',( #2806 ) ) ;
#2841 = CARTESIAN_POINT ( 'NONE',  ( -0.1181102362204724532, -0.2572565284661417206, 0.02098864547787401835 ) ) ;
#2842 = CLOSED_SHELL ( 'NONE', ( #4176, #4950, #3139, #149, #7711, #3815, #2437, #7111, #7312, #5535, #1310, #3584, #7491, #6530, #310, #1759, #742, #2047, #6344, #546, #6368, #6347, #4166, #5161, #7347, #2837, #6581, #7859, #1096, #2252, #3616, #2490, #518, #6590, #4536, #3560, #1206, #7812, #2587, #203, #5256, #1287, #262, #5439, #7401, #5889, #2703 ) ) ;
#2843 = UNCERTAINTY_MEASURE_WITH_UNIT (LENGTH_MEASURE( 1.000000000000000082E-05 ), #804, 'distance_accuracy_value', 'NONE');
#2844 = VERTEX_POINT ( 'NONE', #4012 ) ;
#2845 = EDGE_LOOP ( 'NONE', ( #2283, #6268, #1143, #3270 ) ) ;
#2846 =( NAMED_UNIT ( * ) SI_UNIT ( $, .STERADIAN. ) SOLID_ANGLE_UNIT ( ) );
#2847 = CARTESIAN_POINT ( 'NONE',  ( 0.1800760939070866207, 0.1276890742665748035, 0.000000000000000000 ) ) ;
#2848 = EDGE_CURVE ( 'NONE', #5601, #5482, #6440, .T. ) ;
#2849 = CARTESIAN_POINT ( 'NONE',  ( 0.000000000000000000, -0.2690675520881889993, 0.007874015748031495954 ) ) ;
#2850 = EDGE_LOOP ( 'NONE', ( #3446, #6927, #42, #3420 ) ) ;
#2851 = FILL_AREA_STYLE_COLOUR ( '', #3762 ) ;
#2852 = FACE_OUTER_BOUND ( 'NONE', #142, .T. ) ;
#2853 = ORIENTED_EDGE ( 'NONE', *, *, #5351, .F. ) ;
#2854 = CARTESIAN_POINT ( 'NONE',  ( -0.2047244094501181333, -0.06209787612507874227, 0.09842519685039370636 ) ) ;
#2855 = STYLED_ITEM ( 'NONE', ( #4795 ), #5256 ) ;
#2856 = LINE ( 'NONE', #2944, #4897 ) ;
#2857 = CARTESIAN_POINT ( 'NONE',  ( 0.1827946717203543237, -0.06934995292858268934, 0.09842519685039370636 ) ) ;
#2858 = EDGE_CURVE ( 'NONE', #6917, #3944, #6902, .T. ) ;
#2859 = CARTESIAN_POINT ( 'NONE',  ( 0.07874015748031495954, -0.2915057198038976671, 0.007874015748031495954 ) ) ;
#2860 = SURFACE_STYLE_FILL_AREA ( #7147 ) ;
#2861 = CARTESIAN_POINT ( 'NONE',  ( 0.1840131017811024450, 0.1889558061521260102, 0.09448818897637795144 ) ) ;
#2862 = ORIENTED_EDGE ( 'NONE', *, *, #4667, .T. ) ;
#2863 = DIRECTION ( 'NONE',  ( 1.000000000000000000, 0.000000000000000000, 0.000000000000000000 ) ) ;
#2864 = CARTESIAN_POINT ( 'NONE',  ( 0.09842519685039370636, -0.2690675520881889993, 0.01181102362204724393 ) ) ;
#2865 = ORIENTED_EDGE ( 'NONE', *, *, #3307, .F. ) ;
#2866 =( NAMED_UNIT ( * ) SI_UNIT ( $, .STERADIAN. ) SOLID_ANGLE_UNIT ( ) );
#2867 = LENGTH_MEASURE_WITH_UNIT ( LENGTH_MEASURE( 0.02539999999999999897 ), #1666 );
#2868 =( GEOMETRIC_REPRESENTATION_CONTEXT ( 3 ) GLOBAL_UNCERTAINTY_ASSIGNED_CONTEXT ( ( #6968 ) ) GLOBAL_UNIT_ASSIGNED_CONTEXT ( ( #4916, #3191, #1352 ) ) REPRESENTATION_CONTEXT ( 'NONE', 'WORKASPACE' ) );
#2869 = DIMENSIONAL_EXPONENTS ( 1.000000000000000000, 0.000000000000000000, 0.000000000000000000, 0.000000000000000000, 0.000000000000000000, 0.000000000000000000, 0.000000000000000000 ) ;
#2870 = VECTOR ( 'NONE', #5550, 39.37007874015748143 ) ;
#2871 = CARTESIAN_POINT ( 'NONE',  ( -0.1827946717203543514, -0.08667922049956693076, 0.05905511811023622659 ) ) ;
#2872 = VECTOR ( 'NONE', #6416, 39.37007874015748143 ) ;
#2873 = DIRECTION ( 'NONE',  ( -1.000000000000000000, -0.000000000000000000, 0.000000000000000000 ) ) ;
#2874 = LINE ( 'NONE', #1474, #3400 ) ;
#2875 = CARTESIAN_POINT ( 'NONE',  ( -1.777545739647244141E-12, -0.06934995292858267546, 0.09842519685039370636 ) ) ;
#2876 =( LENGTH_UNIT ( ) NAMED_UNIT ( * ) SI_UNIT ( $, .METRE. ) );
#2877 = CARTESIAN_POINT ( 'NONE',  ( -0.1181102362204724532, -0.2533195205921259796, 0.02098864547787401835 ) ) ;
#2878 =( GEOMETRIC_REPRESENTATION_CONTEXT ( 3 ) GLOBAL_UNCERTAINTY_ASSIGNED_CONTEXT ( ( #987 ) ) GLOBAL_UNIT_ASSIGNED_CONTEXT ( ( #3750, #6275, #1922 ) ) REPRESENTATION_CONTEXT ( 'NONE', 'WORKASPACE' ) );
#2879 = VECTOR ( 'NONE', #4956, 39.37007874015748143 ) ;
#2880 =( LENGTH_UNIT ( ) NAMED_UNIT ( * ) SI_UNIT ( $, .METRE. ) );
#2881 =( LENGTH_UNIT ( ) NAMED_UNIT ( * ) SI_UNIT ( $, .METRE. ) );
#2882 = EDGE_CURVE ( 'NONE', #3249, #3287, #5896, .T. ) ;
#2883 = AXIS2_PLACEMENT_3D ( 'NONE', #3666, #112, #5558 ) ;
#2884 = EDGE_CURVE ( 'NONE', #7302, #5263, #420, .T. ) ;
#2885 = VECTOR ( 'NONE', #5528, 39.37007874015748143 ) ;
#2886 = CARTESIAN_POINT ( 'NONE',  ( -0.1585513363846555168, -0.2028275265798254456, 0.09448818897637795144 ) ) ;
#2887 = SURFACE_STYLE_FILL_AREA ( #458 ) ;
#2888 = FACE_OUTER_BOUND ( 'NONE', #7563, .T. ) ;
#2889 = AXIS2_PLACEMENT_3D ( 'NONE', #790, #944, #2152 ) ;
#2890 = DIMENSIONAL_EXPONENTS ( 1.000000000000000000, 0.000000000000000000, 0.000000000000000000, 0.000000000000000000, 0.000000000000000000, 0.000000000000000000, 0.000000000000000000 ) ;
#2891 = DIMENSIONAL_EXPONENTS ( 1.000000000000000000, 0.000000000000000000, 0.000000000000000000, 0.000000000000000000, 0.000000000000000000, 0.000000000000000000, 0.000000000000000000 ) ;
#2892 = EDGE_CURVE ( 'NONE', #3028, #3792, #7503, .T. ) ;
#2893 = VERTEX_POINT ( 'NONE', #4550 ) ;
#2894 = SURFACE_STYLE_FILL_AREA ( #4133 ) ;
#2895 =( GEOMETRIC_REPRESENTATION_CONTEXT ( 3 ) GLOBAL_UNCERTAINTY_ASSIGNED_CONTEXT ( ( #6341 ) ) GLOBAL_UNIT_ASSIGNED_CONTEXT ( ( #3009, #3043, #3746 ) ) REPRESENTATION_CONTEXT ( 'NONE', 'WORKASPACE' ) );
#2896 = LINE ( 'NONE', #4590, #442 ) ;
#2897 = VERTEX_POINT ( 'NONE', #887 ) ;
#2898 = CARTESIAN_POINT ( 'NONE',  ( 0.1028445393700788274, 0.04035433070866142197, 0.09448818897637795144 ) ) ;
#2899 = COLOUR_RGB ( '',0.7490196078431372584, 0.7490196078431372584, 0.7490196078431372584 ) ;
#2900 =( NAMED_UNIT ( * ) PLANE_ANGLE_UNIT ( ) SI_UNIT ( $, .RADIAN. ) );
#2901 = SHAPE_REPRESENTATION_RELATIONSHIP ( 'NONE' , 'NONE' ,  #733, #3436 ) ;
#2902 = PLANE ( 'NONE',  #6714 ) ;
#2903 = MECHANICAL_DESIGN_GEOMETRIC_PRESENTATION_REPRESENTATION (  '', ( #4177 ), #5844 ) ;
#2904 = DIRECTION ( 'NONE',  ( -1.000000000000000000, 0.000000000000000000, -0.000000000000000000 ) ) ;
#2905 = EDGE_CURVE ( 'NONE', #6647, #2719, #5818, .T. ) ;
#2906 =( CONVERSION_BASED_UNIT ( 'INCH', #4832 ) LENGTH_UNIT ( ) NAMED_UNIT ( #3150 ) );
#2907 = DIRECTION ( 'NONE',  ( 0.000000000000000000, 0.000000000000000000, 1.000000000000000000 ) ) ;
#2908 = ORIENTED_EDGE ( 'NONE', *, *, #3559, .F. ) ;
#2909 = LINE ( 'NONE', #5432, #6435 ) ;
#2910 = FACE_OUTER_BOUND ( 'NONE', #4317, .T. ) ;
#2911 = FILL_AREA_STYLE ('',( #7795 ) ) ;
#2912 = PRODUCT_DEFINITION_FORMATION_WITH_SPECIFIED_SOURCE ( 'ANY', '', #7682, .NOT_KNOWN. ) ;
#2913 = DIRECTION ( 'NONE',  ( -0.000000000000000000, -0.000000000000000000, -1.000000000000000000 ) ) ;
#2914 = LENGTH_MEASURE_WITH_UNIT ( LENGTH_MEASURE( 0.02539999999999999897 ), #2354 );
#2915 = FILL_AREA_STYLE ('',( #2356 ) ) ;
#2916 =( LENGTH_UNIT ( ) NAMED_UNIT ( * ) SI_UNIT ( $, .METRE. ) );
#2917 = DIRECTION ( 'NONE',  ( -4.512561924732999726E-16, -1.000000000000000000, 0.000000000000000000 ) ) ;
#2918 = DIRECTION ( 'NONE',  ( -1.000000000000000000, 0.000000000000000000, 0.000000000000000000 ) ) ;
#2919 =( NAMED_UNIT ( * ) SI_UNIT ( $, .STERADIAN. ) SOLID_ANGLE_UNIT ( ) );
#2920 = DIRECTION ( 'NONE',  ( -0.000000000000000000, 1.000000000000000000, 0.000000000000000000 ) ) ;
#2921 =( REPRESENTATION_RELATIONSHIP ('NONE','NONE', #5946, #2111 ) REPRESENTATION_RELATIONSHIP_WITH_TRANSFORMATION ( #3971 )SHAPE_REPRESENTATION_RELATIONSHIP( ) );
#2922 = VERTEX_POINT ( 'NONE', #612 ) ;
#2923 = VECTOR ( 'NONE', #6970, 39.37007874015748143 ) ;
#2924 = DIRECTION ( 'NONE',  ( 0.000000000000000000, -1.000000000000000000, 0.000000000000000000 ) ) ;
#2925 = DIMENSIONAL_EXPONENTS ( 1.000000000000000000, 0.000000000000000000, 0.000000000000000000, 0.000000000000000000, 0.000000000000000000, 0.000000000000000000, 0.000000000000000000 ) ;
#2926 = UNCERTAINTY_MEASURE_WITH_UNIT (LENGTH_MEASURE( 1.000000000000000082E-05 ), #1034, 'distance_accuracy_value', 'NONE');
#2927 = ORIENTED_EDGE ( 'NONE', *, *, #6261, .F. ) ;
#2928 = CARTESIAN_POINT ( 'NONE',  ( 0.1028445393700787441, 0.04035433070866142891, 0.09448818897637795144 ) ) ;
#2929 = DIRECTION ( 'NONE',  ( 0.000000000000000000, 0.000000000000000000, 1.000000000000000000 ) ) ;
#2930 =( GEOMETRIC_REPRESENTATION_CONTEXT ( 3 ) GLOBAL_UNCERTAINTY_ASSIGNED_CONTEXT ( ( #4479 ) ) GLOBAL_UNIT_ASSIGNED_CONTEXT ( ( #2426, #6023, #2467 ) ) REPRESENTATION_CONTEXT ( 'NONE', 'WORKASPACE' ) );
#2931 = PLANE ( 'NONE',  #7230 ) ;
#2932 = VECTOR ( 'NONE', #5395, 39.37007874015748143 ) ;
#2933 =( NAMED_UNIT ( * ) SI_UNIT ( $, .STERADIAN. ) SOLID_ANGLE_UNIT ( ) );
#2934 = AXIS2_PLACEMENT_3D ( 'NONE', #4190, #6603, #6021 ) ;
#2935 = PLANE ( 'NONE',  #2027 ) ;
#2936 = SURFACE_STYLE_USAGE ( .BOTH. , #4820 ) ;
#2937 = AXIS2_PLACEMENT_3D ( 'NONE', #961, #3496, #6949 ) ;
#2938 = AXIS2_PLACEMENT_3D ( 'NONE', #1675, #4122, #5339 ) ;
#2939 = ORIENTED_EDGE ( 'NONE', *, *, #2253, .F. ) ;
#2940 =( CONVERSION_BASED_UNIT ( 'INCH', #7140 ) LENGTH_UNIT ( ) NAMED_UNIT ( #7087 ) );
#2941 = DIMENSIONAL_EXPONENTS ( 1.000000000000000000, 0.000000000000000000, 0.000000000000000000, 0.000000000000000000, 0.000000000000000000, 0.000000000000000000, 0.000000000000000000 ) ;
#2942 = PRESENTATION_STYLE_ASSIGNMENT (( #1136 ) ) ;
#2943 = LINE ( 'NONE', #6626, #5257 ) ;
#2944 = CARTESIAN_POINT ( 'NONE',  ( 0.000000000000000000, -0.2651305442141732582, 0.000000000000000000 ) ) ;
#2945 = LENGTH_MEASURE_WITH_UNIT ( LENGTH_MEASURE( 0.02539999999999999897 ), #1771 );
#2946 = VECTOR ( 'NONE', #1174, 39.37007874015748143 ) ;
#2947 = EDGE_CURVE ( 'NONE', #3910, #1294, #3528, .T. ) ;
#2948 = PRESENTATION_LAYER_ASSIGNMENT (  '', '', ( #643 ) ) ;
#2949 = FACE_OUTER_BOUND ( 'NONE', #7217, .T. ) ;
#2950 = EDGE_LOOP ( 'NONE', ( #2446, #4984, #1533, #1111 ) ) ;
#2951 = DIRECTION ( 'NONE',  ( 0.000000000000000000, 0.000000000000000000, -1.000000000000000000 ) ) ;
#2952 = VECTOR ( 'NONE', #7462, 39.37007874015748143 ) ;
#2953 =( LENGTH_UNIT ( ) NAMED_UNIT ( * ) SI_UNIT ( $, .METRE. ) );
#2954 = SURFACE_STYLE_USAGE ( .BOTH. , #3545 ) ;
#2955 = ORIENTED_EDGE ( 'NONE', *, *, #5491, .F. ) ;
#2956 = LENGTH_MEASURE_WITH_UNIT ( LENGTH_MEASURE( 0.02539999999999999897 ), #6746 );
#2957 = EDGE_CURVE ( 'NONE', #6483, #1245, #2337, .T. ) ;
#2958 = STYLED_ITEM ( 'NONE', ( #1901 ), #2100 ) ;
#2959 =( NAMED_UNIT ( * ) PLANE_ANGLE_UNIT ( ) SI_UNIT ( $, .RADIAN. ) );
#2960 = SURFACE_STYLE_USAGE ( .BOTH. , #1826 ) ;
#2961 =( NAMED_UNIT ( * ) PLANE_ANGLE_UNIT ( ) SI_UNIT ( $, .RADIAN. ) );
#2962 = DIRECTION ( 'NONE',  ( -1.000000000000000000, -0.000000000000000000, -0.000000000000000000 ) ) ;
#2963 =( LENGTH_UNIT ( ) NAMED_UNIT ( * ) SI_UNIT ( $, .METRE. ) );
#2964 = MECHANICAL_DESIGN_GEOMETRIC_PRESENTATION_REPRESENTATION (  '', ( #4505 ), #6749 ) ;
#2965 =( NAMED_UNIT ( * ) PLANE_ANGLE_UNIT ( ) SI_UNIT ( $, .RADIAN. ) );
#2966 = CARTESIAN_POINT ( 'NONE',  ( -0.1761390860324803243, 0.1300921114227165387, 0.09842519685039370636 ) ) ;
#2967 = DIRECTION ( 'NONE',  ( 1.000000000000000000, 0.000000000000000000, -0.000000000000000000 ) ) ;
#2968 = SURFACE_STYLE_USAGE ( .BOTH. , #608 ) ;
#2969 = PRESENTATION_STYLE_ASSIGNMENT (( #536 ) ) ;
#2970 =( CONVERSION_BASED_UNIT ( 'INCH', #4394 ) LENGTH_UNIT ( ) NAMED_UNIT ( #6838 ) );
#2971 = CARTESIAN_POINT ( 'NONE',  ( 0.09842519685039370636, -0.2533195205921259796, 0.02492565335188976633 ) ) ;
#2972 = VERTEX_POINT ( 'NONE', #4207 ) ;
#2973 =( NAMED_UNIT ( * ) SI_UNIT ( $, .STERADIAN. ) SOLID_ANGLE_UNIT ( ) );
#2974 = ORIENTED_EDGE ( 'NONE', *, *, #3230, .F. ) ;
#2975 = CARTESIAN_POINT ( 'NONE',  ( -0.05118110236220472370, 0.3147934927945275629, 0.007874015748031495954 ) ) ;
#2976 =( NAMED_UNIT ( * ) SI_UNIT ( $, .STERADIAN. ) SOLID_ANGLE_UNIT ( ) );
#2977 =( GEOMETRIC_REPRESENTATION_CONTEXT ( 3 ) GLOBAL_UNCERTAINTY_ASSIGNED_CONTEXT ( ( #3005 ) ) GLOBAL_UNIT_ASSIGNED_CONTEXT ( ( #3702, #4967, #4353 ) ) REPRESENTATION_CONTEXT ( 'NONE', 'WORKASPACE' ) );
#2978 =( LENGTH_UNIT ( ) NAMED_UNIT ( * ) SI_UNIT ( $, .METRE. ) );
#2979 = DIRECTION ( 'NONE',  ( 1.000000000000000000, -0.000000000000000000, 0.000000000000000000 ) ) ;
#2980 =( NAMED_UNIT ( * ) PLANE_ANGLE_UNIT ( ) SI_UNIT ( $, .RADIAN. ) );
#2981 = ORIENTED_EDGE ( 'NONE', *, *, #2605, .F. ) ;
#2982 = DIRECTION ( 'NONE',  ( -1.000000000000000000, 0.000000000000000000, 0.000000000000000000 ) ) ;
#2983 =( LENGTH_UNIT ( ) NAMED_UNIT ( * ) SI_UNIT ( $, .METRE. ) );
#2984 = EDGE_CURVE ( 'NONE', #2401, #1392, #5316, .T. ) ;
#2985 = VERTEX_POINT ( 'NONE', #1647 ) ;
#2986 = EDGE_CURVE ( 'NONE', #7659, #6904, #4712, .T. ) ;
#2987 =( NAMED_UNIT ( * ) PLANE_ANGLE_UNIT ( ) SI_UNIT ( $, .RADIAN. ) );
#2988 = DIRECTION ( 'NONE',  ( 0.000000000000000000, 0.000000000000000000, 1.000000000000000000 ) ) ;
#2989 = ORIENTED_EDGE ( 'NONE', *, *, #5307, .F. ) ;
#2990 =( CONVERSION_BASED_UNIT ( 'INCH', #3068 ) LENGTH_UNIT ( ) NAMED_UNIT ( #1025 ) );
#2991 = CARTESIAN_POINT ( 'NONE',  ( -0.07874015748031495954, -0.2915057198038976671, 0.003937007874015747977 ) ) ;
#2992 = CARTESIAN_POINT ( 'NONE',  ( -0.07874015748031495954, -0.2572565284661417206, 0.003937007874015747977 ) ) ;
#2993 = DIRECTION ( 'NONE',  ( 0.000000000000000000, -0.000000000000000000, -1.000000000000000000 ) ) ;
#2994 = CARTESIAN_POINT ( 'NONE',  ( -0.1863473052919719930, -0.1040084880705905573, 0.09651583448931234932 ) ) ;
#2995 = DIRECTION ( 'NONE',  ( 0.000000000000000000, -1.000000000000000000, 0.000000000000000000 ) ) ;
#2996 = EDGE_CURVE ( 'NONE', #1887, #3300, #2375, .T. ) ;
#2997 = LINE ( 'NONE', #4155, #2319 ) ;
#2998 = VERTEX_POINT ( 'NONE', #7173 ) ;
#2999 =( NAMED_UNIT ( * ) SI_UNIT ( $, .STERADIAN. ) SOLID_ANGLE_UNIT ( ) );
#3000 = PRESENTATION_STYLE_ASSIGNMENT (( #5554 ) ) ;
#3001 = ORIENTED_EDGE ( 'NONE', *, *, #3902, .F. ) ;
#3002 = DIMENSIONAL_EXPONENTS ( 1.000000000000000000, 0.000000000000000000, 0.000000000000000000, 0.000000000000000000, 0.000000000000000000, 0.000000000000000000, 0.000000000000000000 ) ;
#3003 = COLOUR_RGB ( '',0.7490196078431372584, 0.7490196078431372584, 0.7490196078431372584 ) ;
#3004 = COLOUR_RGB ( '',0.7490196078431372584, 0.7490196078431372584, 0.7490196078431372584 ) ;
#3006 = EDGE_CURVE ( 'NONE', #5117, #3224, #6038, .T. ) ;
#3005 = UNCERTAINTY_MEASURE_WITH_UNIT (LENGTH_MEASURE( 1.000000000000000082E-05 ), #3702, 'distance_accuracy_value', 'NONE');
#3007 = ORIENTED_EDGE ( 'NONE', *, *, #7324, .T. ) ;
#3008 = CYLINDRICAL_SURFACE ( 'NONE', #2004, 0.003937007874015747977 ) ;
#3009 =( CONVERSION_BASED_UNIT ( 'INCH', #609 ) LENGTH_UNIT ( ) NAMED_UNIT ( #3487 ) );
#3010 = PRESENTATION_LAYER_ASSIGNMENT (  '', '', ( #6441 ) ) ;
#3011 = VECTOR ( 'NONE', #4379, 39.37007874015748143 ) ;
#3012 =( LENGTH_UNIT ( ) NAMED_UNIT ( * ) SI_UNIT ( $, .METRE. ) );
#3013 = DIRECTION ( 'NONE',  ( 0.000000000000000000, 0.000000000000000000, 1.000000000000000000 ) ) ;
#3014 = VECTOR ( 'NONE', #3370, 39.37007874015748143 ) ;
#3015 = AXIS2_PLACEMENT_3D ( 'NONE', #40, #2447, #4900 ) ;
#3016 = EDGE_LOOP ( 'NONE', ( #1686, #5295, #5389, #5680, #7009, #5135, #6972 ) ) ;
#3017 = DIRECTION ( 'NONE',  ( -0.000000000000000000, 1.000000000000000000, 0.000000000000000000 ) ) ;
#3018 =( LENGTH_UNIT ( ) NAMED_UNIT ( * ) SI_UNIT ( $, .METRE. ) );
#3019 = AXIS2_PLACEMENT_3D ( 'NONE', #338, #5148, #3968 ) ;
#3020 = STYLED_ITEM ( 'NONE', ( #3476 ), #3472 ) ;
#3021 = PLANE ( 'NONE',  #7529 ) ;
#3022 =( GEOMETRIC_REPRESENTATION_CONTEXT ( 3 ) GLOBAL_UNCERTAINTY_ASSIGNED_CONTEXT ( ( #115 ) ) GLOBAL_UNIT_ASSIGNED_CONTEXT ( ( #1060, #1760, #5274 ) ) REPRESENTATION_CONTEXT ( 'NONE', 'WORKASPACE' ) );
#3023 = AXIS2_PLACEMENT_3D ( 'NONE', #6874, #782, #703 ) ;
#3024 = DIRECTION ( 'NONE',  ( 0.000000000000000000, 0.000000000000000000, 1.000000000000000000 ) ) ;
#3025 = ORIENTED_EDGE ( 'NONE', *, *, #5322, .F. ) ;
#3026 = CARTESIAN_POINT ( 'NONE',  ( -0.1417322834632922246, 0.04035433070866142197, -0.04724409448751938634 ) ) ;
#3027 = ORIENTED_EDGE ( 'NONE', *, *, #7698, .F. ) ;
#3028 = VERTEX_POINT ( 'NONE', #1722 ) ;
#3029 =( NAMED_UNIT ( * ) SI_UNIT ( $, .STERADIAN. ) SOLID_ANGLE_UNIT ( ) );
#3030 = UNCERTAINTY_MEASURE_WITH_UNIT (LENGTH_MEASURE( 1.000000000000000082E-05 ), #7121, 'distance_accuracy_value', 'NONE');
#3031 = AXIS2_PLACEMENT_3D ( 'NONE', #2803, #7678, #5376 ) ;
#3032 =( NAMED_UNIT ( * ) PLANE_ANGLE_UNIT ( ) SI_UNIT ( $, .RADIAN. ) );
#3033 = ADVANCED_FACE ( 'NONE', ( #4168 ), #2409, .T. ) ;
#3034 = DIRECTION ( 'NONE',  ( -2.256280962365999922E-16, -1.000000000000000000, 0.000000000000000000 ) ) ;
#3035 = VECTOR ( 'NONE', #6304, 39.37007874015748143 ) ;
#3036 = CARTESIAN_POINT ( 'NONE',  ( 0.09842519685039370636, -0.2651305442141732582, 0.02492565335188976286 ) ) ;
#3037 = EDGE_LOOP ( 'NONE', ( #1267, #3347, #3926, #5311 ) ) ;
#3038 = SURFACE_STYLE_FILL_AREA ( #7845 ) ;
#3039 = ORIENTED_EDGE ( 'NONE', *, *, #1093, .F. ) ;
#3040 = ADVANCED_FACE ( 'NONE', ( #4856 ), #4244, .T. ) ;
#3041 = EDGE_CURVE ( 'NONE', #5420, #5280, #3125, .T. ) ;
#3042 =( LENGTH_UNIT ( ) NAMED_UNIT ( * ) SI_UNIT ( $, .METRE. ) );
#3043 =( NAMED_UNIT ( * ) PLANE_ANGLE_UNIT ( ) SI_UNIT ( $, .RADIAN. ) );
#3044 = LINE ( 'NONE', #5488, #1904 ) ;
#3045 = STYLED_ITEM ( 'NONE', ( #5816 ), #865 ) ;
#3046 = FILL_AREA_STYLE_COLOUR ( '', #5770 ) ;
#3047 = EDGE_CURVE ( 'NONE', #7649, #5615, #5493, .T. ) ;
#3048 =( GEOMETRIC_REPRESENTATION_CONTEXT ( 3 ) GLOBAL_UNCERTAINTY_ASSIGNED_CONTEXT ( ( #7471 ) ) GLOBAL_UNIT_ASSIGNED_CONTEXT ( ( #3131, #2398, #5990 ) ) REPRESENTATION_CONTEXT ( 'NONE', 'WORKASPACE' ) );
#3049 = ORIENTED_EDGE ( 'NONE', *, *, #7126, .T. ) ;
#3050 = LINE ( 'NONE', #6191, #1735 ) ;
#3051 = PRESENTATION_LAYER_ASSIGNMENT (  '', '', ( #3943 ) ) ;
#3052 = LINE ( 'NONE', #5497, #5409 ) ;
#3053 = ORIENTED_EDGE ( 'NONE', *, *, #5114, .T. ) ;
#3054 = CARTESIAN_POINT ( 'NONE',  ( 0.07086614173228346358, 0.04035433070866142197, 0.08661417322834646937 ) ) ;
#3055 = LENGTH_MEASURE_WITH_UNIT ( LENGTH_MEASURE( 0.02539999999999999897 ), #2567 );
#3056 =( CONVERSION_BASED_UNIT ( 'INCH', #7182 ) LENGTH_UNIT ( ) NAMED_UNIT ( #7098 ) );
#3057 = AXIS2_PLACEMENT_3D ( 'NONE', #6458, #7083, #1623 ) ;
#3058 =( GEOMETRIC_REPRESENTATION_CONTEXT ( 3 ) GLOBAL_UNCERTAINTY_ASSIGNED_CONTEXT ( ( #3355 ) ) GLOBAL_UNIT_ASSIGNED_CONTEXT ( ( #7359, #3626, #3740 ) ) REPRESENTATION_CONTEXT ( 'NONE', 'WORKASPACE' ) );
#3059 = CARTESIAN_POINT ( 'NONE',  ( -0.05118110236220472370, 0.2563213514097637535, 0.000000000000000000 ) ) ;
#3060 = DIRECTION ( 'NONE',  ( 0.000000000000000000, -0.000000000000000000, 1.000000000000000000 ) ) ;
#3061 = DIRECTION ( 'NONE',  ( -1.000000000000000000, 0.000000000000000000, -0.000000000000000000 ) ) ;
#3062 = ORIENTED_EDGE ( 'NONE', *, *, #3473, .T. ) ;
#3063 = CARTESIAN_POINT ( 'NONE',  ( 0.000000000000000000, -0.1983960629326377845, 0.02492565335188976286 ) ) ;
#3064 = EDGE_LOOP ( 'NONE', ( #6891, #2507, #4396, #5731 ) ) ;
#3065 = FILL_AREA_STYLE_COLOUR ( '', #2676 ) ;
#3066 = LINE ( 'NONE', #57, #5166 ) ;
#3067 = PRESENTATION_LAYER_ASSIGNMENT (  '', '', ( #1004 ) ) ;
#3068 = LENGTH_MEASURE_WITH_UNIT ( LENGTH_MEASURE( 0.02539999999999999897 ), #5474 );
#3069 = DIRECTION ( 'NONE',  ( 1.000000000000000000, 0.000000000000000000, 0.000000000000000000 ) ) ;
#3070 =( REPRESENTATION_RELATIONSHIP ('NONE','NONE', #5946, #5408 ) REPRESENTATION_RELATIONSHIP_WITH_TRANSFORMATION ( #5276 )SHAPE_REPRESENTATION_RELATIONSHIP( ) );
#3071 = AXIS2_PLACEMENT_3D ( 'NONE', #4871, #5468, #6665 ) ;
#3072 =( NAMED_UNIT ( * ) SI_UNIT ( $, .STERADIAN. ) SOLID_ANGLE_UNIT ( ) );
#3073 = CARTESIAN_POINT ( 'NONE',  ( -0.1827946717203937643, -0.1151975727482677236, 0.000000000000000000 ) ) ;
#3074 = DIRECTION ( 'NONE',  ( 1.000000000000000000, 0.000000000000000000, -0.000000000000000000 ) ) ;
#3075 = PRESENTATION_LAYER_ASSIGNMENT (  '', '', ( #7637 ) ) ;
#3076 =( LENGTH_UNIT ( ) NAMED_UNIT ( * ) SI_UNIT ( $, .METRE. ) );
#3077 = VECTOR ( 'NONE', #5613, 39.37007874015748143 ) ;
#3078 = VERTEX_POINT ( 'NONE', #3172 ) ;
#3079 = PRESENTATION_STYLE_ASSIGNMENT (( #7885 ) ) ;
#3080 = UNCERTAINTY_MEASURE_WITH_UNIT (LENGTH_MEASURE( 1.000000000000000082E-05 ), #876, 'distance_accuracy_value', 'NONE');
#3081 = EDGE_CURVE ( 'NONE', #5217, #565, #4934, .T. ) ;
#3082 = FACE_OUTER_BOUND ( 'NONE', #3976, .T. ) ;
#3083 = ADVANCED_FACE ( 'NONE', ( #6229 ), #1885, .T. ) ;
#3084 = CARTESIAN_POINT ( 'NONE',  ( -0.1186694271012992269, -0.2490157480314960647, 0.000000000000000000 ) ) ;
#3085 =( GEOMETRIC_REPRESENTATION_CONTEXT ( 3 ) GLOBAL_UNCERTAINTY_ASSIGNED_CONTEXT ( ( #6430 ) ) GLOBAL_UNIT_ASSIGNED_CONTEXT ( ( #3250, #5102, #2320 ) ) REPRESENTATION_CONTEXT ( 'NONE', 'WORKASPACE' ) );
#3086 = CYLINDRICAL_SURFACE ( 'NONE', #2561, 0.003937007874015758385 ) ;
#3087 = CARTESIAN_POINT ( 'NONE',  ( 0.1585513363800779008, -0.2028275265905503388, 0.09448818897637795144 ) ) ;
#3088 = AXIS2_PLACEMENT_3D ( 'NONE', #7628, #3466, #7043 ) ;
#3089 = ORIENTED_EDGE ( 'NONE', *, *, #7440, .F. ) ;
#3090 = LINE ( 'NONE', #1807, #2885 ) ;
#3091 = DIMENSIONAL_EXPONENTS ( 1.000000000000000000, 0.000000000000000000, 0.000000000000000000, 0.000000000000000000, 0.000000000000000000, 0.000000000000000000, 0.000000000000000000 ) ;
#3092 = FILL_AREA_STYLE ('',( #651 ) ) ;
#3093 = ORIENTED_EDGE ( 'NONE', *, *, #4483, .F. ) ;
#3094 = DIRECTION ( 'NONE',  ( -4.512561924732999726E-16, -1.000000000000000000, 0.000000000000000000 ) ) ;
#3095 = EDGE_CURVE ( 'NONE', #4623, #7186, #6148, .T. ) ;
#3096 =( NAMED_UNIT ( * ) SI_UNIT ( $, .STERADIAN. ) SOLID_ANGLE_UNIT ( ) );
#3097 = DIRECTION ( 'NONE',  ( 0.000000000000000000, -0.000000000000000000, -1.000000000000000000 ) ) ;
#3098 = LINE ( 'NONE', #5534, #7183 ) ;
#3099 = CARTESIAN_POINT ( 'NONE',  ( -0.01968503937007873988, -0.2651305442141732582, 0.02492565335188976286 ) ) ;
#3100 = ORIENTED_EDGE ( 'NONE', *, *, #4661, .F. ) ;
#3101 = CARTESIAN_POINT ( 'NONE',  ( -0.1181102362204724532, -0.2651305442141732582, 0.000000000000000000 ) ) ;
#3102 = ORIENTED_EDGE ( 'NONE', *, *, #2221, .F. ) ;
#3103 =( NAMED_UNIT ( * ) PLANE_ANGLE_UNIT ( ) SI_UNIT ( $, .RADIAN. ) );
#3104 = DIRECTION ( 'NONE',  ( 0.000000000000000000, 0.000000000000000000, -1.000000000000000000 ) ) ;
#3105 = VECTOR ( 'NONE', #5668, 39.37007874015748143 ) ;
#3106 = LINE ( 'NONE', #3653, #1535 ) ;
#3107 = PRESENTATION_LAYER_ASSIGNMENT (  '', '', ( #3731 ) ) ;
#3108 = CARTESIAN_POINT ( 'NONE',  ( -0.09842519685039370636, -0.2915057198038976671, 0.007874015748031495954 ) ) ;
#3109 =( NAMED_UNIT ( * ) PLANE_ANGLE_UNIT ( ) SI_UNIT ( $, .RADIAN. ) );
#3110 = PRESENTATION_LAYER_ASSIGNMENT (  '', '', ( #165 ) ) ;
#3111 = SURFACE_STYLE_FILL_AREA ( #600 ) ;
#3112 = DIRECTION ( 'NONE',  ( -0.000000000000000000, 1.000000000000000000, 0.000000000000000000 ) ) ;
#3113 = LINE ( 'NONE', #4888, #2133 ) ;
#3115 = DIRECTION ( 'NONE',  ( 0.000000000000000000, -1.000000000000000000, 0.000000000000000000 ) ) ;
#3114 = PRESENTATION_LAYER_ASSIGNMENT (  '', '', ( #3246 ) ) ;
#3116 = ORIENTED_EDGE ( 'NONE', *, *, #6338, .F. ) ;
#3117 = CARTESIAN_POINT ( 'NONE',  ( -0.1624883442576771919, -0.2044385403713385729, 0.000000000000000000 ) ) ;
#3118 = PLANE ( 'NONE',  #7096 ) ;
#3119 = COLOUR_RGB ( '',0.7490196078431372584, 0.7490196078431372584, 0.7490196078431372584 ) ;
#3120 = VERTEX_POINT ( 'NONE', #7287 ) ;
#3121 = DIRECTION ( 'NONE',  ( -0.000000000000000000, 1.000000000000000000, 0.000000000000000000 ) ) ;
#3122 = LINE ( 'NONE', #2440, #7362 ) ;
#3123 = AXIS2_PLACEMENT_3D ( 'NONE', #976, #276, #2063 ) ;
#3124 = CARTESIAN_POINT ( 'NONE',  ( 0.1827946717203543514, -0.1040084880705905435, 0.09842519685039370636 ) ) ;
#3125 = LINE ( 'NONE', #3834, #7313 ) ;
#3126 = PRODUCT_RELATED_PRODUCT_CATEGORY ( 'part', '', ( #3449 ) ) ;
#3127 = EDGE_CURVE ( 'NONE', #4740, #329, #4281, .T. ) ;
#3128 = FACE_OUTER_BOUND ( 'NONE', #6299, .T. ) ;
#3129 = EDGE_LOOP ( 'NONE', ( #5928, #1079, #4019, #5981 ) ) ;
#3130 = PRESENTATION_LAYER_ASSIGNMENT (  '', '', ( #2104 ) ) ;
#3131 =( CONVERSION_BASED_UNIT ( 'INCH', #7097 ) LENGTH_UNIT ( ) NAMED_UNIT ( #1710 ) );
#3132 = CARTESIAN_POINT ( 'NONE',  ( -1.777545739647244141E-12, 0.1237520663915748081, 0.09448818897637795144 ) ) ;
#3133 = ORIENTED_EDGE ( 'NONE', *, *, #1527, .T. ) ;
#3134 = DIRECTION ( 'NONE',  ( 0.000000000000000000, -1.000000000000000000, 0.000000000000000000 ) ) ;
#3135 = SHAPE_REPRESENTATION_RELATIONSHIP ( 'NONE' , 'NONE' ,  #7241, #6282 ) ;
#3136 = CARTESIAN_POINT ( 'NONE',  ( 0.1181102362204724532, -0.2572565284661417206, 0.007874015748031495954 ) ) ;
#3137 = VECTOR ( 'NONE', #2496, 39.37007874015748143 ) ;
#3138 = CARTESIAN_POINT ( 'NONE',  ( -0.1624883442576771919, -0.1151975727482677236, 0.000000000000000000 ) ) ;
#3139 = ADVANCED_FACE ( 'NONE', ( #648 ), #332, .T. ) ;
#3140 = LINE ( 'NONE', #772, #6872 ) ;
#3141 = LINE ( 'NONE', #88, #2775 ) ;
#3142 = EDGE_LOOP ( 'NONE', ( #5861, #6013, #7464, #4959 ) ) ;
#3143 = FILL_AREA_STYLE ('',( #4422 ) ) ;
#3144 = ORIENTED_EDGE ( 'NONE', *, *, #5405, .T. ) ;
#3145 = CARTESIAN_POINT ( 'NONE',  ( -0.1761390860324803243, 0.1237520663915748081, 0.09842519685039370636 ) ) ;
#3146 = AXIS2_PLACEMENT_3D ( 'NONE', #4619, #5142, #3334 ) ;
#3147 = PLANE ( 'NONE',  #5791 ) ;
#3148 = CIRCLE ( 'NONE', #2762, 0.01968503937007875723 ) ;
#3149 = CARTESIAN_POINT ( 'NONE',  ( -0.07874015748031495954, -0.2690675520881889993, 0.01181102362204724393 ) ) ;
#3150 = DIMENSIONAL_EXPONENTS ( 1.000000000000000000, 0.000000000000000000, 0.000000000000000000, 0.000000000000000000, 0.000000000000000000, 0.000000000000000000, 0.000000000000000000 ) ;
#3151 = DIRECTION ( 'NONE',  ( 1.000000000000000000, 0.000000000000000000, -0.000000000000000000 ) ) ;
#3152 = COLOUR_RGB ( '',0.7490196078431372584, 0.7490196078431372584, 0.7490196078431372584 ) ;
#3153 =( NAMED_UNIT ( * ) SI_UNIT ( $, .STERADIAN. ) SOLID_ANGLE_UNIT ( ) );
#3154 = AXIS2_PLACEMENT_3D ( 'NONE', #2829, #7638, #2194 ) ;
#3155 = EDGE_CURVE ( 'NONE', #706, #6742, #6893, .T. ) ;
#3156 = CARTESIAN_POINT ( 'NONE',  ( 0.1761390860343700904, 0.1300921114227165387, 0.09842519685039370636 ) ) ;
#3157 =( CONVERSION_BASED_UNIT ( 'INCH', #1404 ) LENGTH_UNIT ( ) NAMED_UNIT ( #4320 ) );
#3158 = PLANE ( 'NONE',  #3057 ) ;
#3159 = LINE ( 'NONE', #5596, #2870 ) ;
#3160 = MECHANICAL_DESIGN_GEOMETRIC_PRESENTATION_REPRESENTATION (  '', ( #3771 ), #4952 ) ;
#3161 = ORIENTED_EDGE ( 'NONE', *, *, #4315, .T. ) ;
#3162 = AXIS2_PLACEMENT_3D ( 'NONE', #1787, #3659, #5442 ) ;
#3163 = LENGTH_MEASURE_WITH_UNIT ( LENGTH_MEASURE( 0.02539999999999999897 ), #6837 );
#3164 = FACE_OUTER_BOUND ( 'NONE', #4914, .T. ) ;
#3165 = ORIENTED_EDGE ( 'NONE', *, *, #1923, .T. ) ;
#3166 =( GEOMETRIC_REPRESENTATION_CONTEXT ( 3 ) GLOBAL_UNCERTAINTY_ASSIGNED_CONTEXT ( ( #6797 ) ) GLOBAL_UNIT_ASSIGNED_CONTEXT ( ( #4969, #3591, #2999 ) ) REPRESENTATION_CONTEXT ( 'NONE', 'WORKASPACE' ) );
#3167 = MECHANICAL_DESIGN_GEOMETRIC_PRESENTATION_REPRESENTATION (  '', ( #5093 ), #6202 ) ;
#3168 = UNCERTAINTY_MEASURE_WITH_UNIT (LENGTH_MEASURE( 1.000000000000000082E-05 ), #7391, 'distance_accuracy_value', 'NONE');
#3169 = VERTEX_POINT ( 'NONE', #5853 ) ;
#3170 = AXIS2_PLACEMENT_3D ( 'NONE', #3220, #5618, #1970 ) ;
#3171 =( NAMED_UNIT ( * ) PLANE_ANGLE_UNIT ( ) SI_UNIT ( $, .RADIAN. ) );
#3172 = CARTESIAN_POINT ( 'NONE',  ( -0.1377952755903397719, 0.04035433070866142197, -0.04330708661456693365 ) ) ;
#3173 = LINE ( 'NONE', #5609, #4442 ) ;
#3174 = VERTEX_POINT ( 'NONE', #836 ) ;
#3175 = DIRECTION ( 'NONE',  ( -0.000000000000000000, -0.000000000000000000, -1.000000000000000000 ) ) ;
#3176 = DIRECTION ( 'NONE',  ( -1.000000000000000000, -0.000000000000000000, 0.000000000000000000 ) ) ;
#3177 = PRESENTATION_STYLE_ASSIGNMENT (( #724 ) ) ;
#3178 =( CONVERSION_BASED_UNIT ( 'INCH', #1340 ) LENGTH_UNIT ( ) NAMED_UNIT ( #2819 ) );
#3179 = CARTESIAN_POINT ( 'NONE',  ( 0.000000000000000000, 0.000000000000000000, 0.000000000000000000 ) ) ;
#3180 = VECTOR ( 'NONE', #761, 39.37007874015748143 ) ;
#3181 = FILL_AREA_STYLE ('',( #6155 ) ) ;
#3182 =( LENGTH_UNIT ( ) NAMED_UNIT ( * ) SI_UNIT ( $, .METRE. ) );
#3183 = ORIENTED_EDGE ( 'NONE', *, *, #7757, .F. ) ;
#3184 = FILL_AREA_STYLE_COLOUR ( '', #1981 ) ;
#3185 = VERTEX_POINT ( 'NONE', #4580 ) ;
#3186 = PRESENTATION_STYLE_ASSIGNMENT (( #6208 ) ) ;
#3187 = VERTEX_POINT ( 'NONE', #877 ) ;
#3188 = SURFACE_STYLE_USAGE ( .BOTH. , #739 ) ;
#3189 = EDGE_CURVE ( 'NONE', #3287, #1237, #6450, .T. ) ;
#3190 = COLOUR_RGB ( '',0.7490196078431372584, 0.7490196078431372584, 0.7490196078431372584 ) ;
#3191 =( NAMED_UNIT ( * ) PLANE_ANGLE_UNIT ( ) SI_UNIT ( $, .RADIAN. ) );
#3192 = UNCERTAINTY_MEASURE_WITH_UNIT (LENGTH_MEASURE( 1.000000000000000082E-05 ), #5747, 'distance_accuracy_value', 'NONE');
#3193 = VECTOR ( 'NONE', #410, 39.37007874015748143 ) ;
#3194 = COLOUR_RGB ( '',0.7490196078431372584, 0.7490196078431372584, 0.7490196078431372584 ) ;
#3195 =( CONVERSION_BASED_UNIT ( 'INCH', #5125 ) LENGTH_UNIT ( ) NAMED_UNIT ( #7717 ) );
#3196 = PRESENTATION_LAYER_ASSIGNMENT (  '', '', ( #760 ) ) ;
#3197 = LINE ( 'NONE', #5167, #6109 ) ;
#3198 = PLANE ( 'NONE',  #5057 ) ;
#3199 = CARTESIAN_POINT ( 'NONE',  ( -0.07874015748031495954, -0.2651305442141732582, 0.01181102362204724046 ) ) ;
#3200 = ORIENTED_EDGE ( 'NONE', *, *, #7242, .F. ) ;
#3201 = EDGE_CURVE ( 'NONE', #3665, #4440, #7531, .T. ) ;
#3202 = CARTESIAN_POINT ( 'NONE',  ( 0.1800760939070866207, 0.1889558061521260102, 0.09842519685039370636 ) ) ;
#3203 = EDGE_LOOP ( 'NONE', ( #3781, #3767, #209, #1560 ) ) ;
#3204 = DIMENSIONAL_EXPONENTS ( 1.000000000000000000, 0.000000000000000000, 0.000000000000000000, 0.000000000000000000, 0.000000000000000000, 0.000000000000000000, 0.000000000000000000 ) ;
#3205 = FILL_AREA_STYLE_COLOUR ( '', #7322 ) ;
#3206 = CARTESIAN_POINT ( 'NONE',  ( -0.1867316795943700647, -0.1040084880705905435, 0.09842519685039370636 ) ) ;
#3207 = PRESENTATION_LAYER_ASSIGNMENT (  '', '', ( #5763 ) ) ;
#3208 = ORIENTED_EDGE ( 'NONE', *, *, #639, .F. ) ;
#3209 = EDGE_CURVE ( 'NONE', #1657, #6887, #5808, .T. ) ;
#3210 = LINE ( 'NONE', #5802, #2800 ) ;
#3211 = ORIENTED_EDGE ( 'NONE', *, *, #7174, .F. ) ;
#3212 = CARTESIAN_POINT ( 'NONE',  ( 0.1761390860343700904, 0.1300921114227165387, 0.09448818897637795144 ) ) ;
#3213 = FILL_AREA_STYLE_COLOUR ( '', #6756 ) ;
#3214 = EDGE_LOOP ( 'NONE', ( #7116, #1964, #5723, #540 ) ) ;
#3215 = SURFACE_STYLE_FILL_AREA ( #2647 ) ;
#3216 = CARTESIAN_POINT ( 'NONE',  ( 0.000000000000000000, -0.2651305442141732582, 0.000000000000000000 ) ) ;
#3217 =( GEOMETRIC_REPRESENTATION_CONTEXT ( 3 ) GLOBAL_UNCERTAINTY_ASSIGNED_CONTEXT ( ( #3080 ) ) GLOBAL_UNIT_ASSIGNED_CONTEXT ( ( #876, #1423, #3913 ) ) REPRESENTATION_CONTEXT ( 'NONE', 'WORKASPACE' ) );
#3218 = PRESENTATION_STYLE_ASSIGNMENT (( #923 ) ) ;
#3219 = AXIS2_PLACEMENT_3D ( 'NONE', #4134, #2340, #4786 ) ;
#3220 = CARTESIAN_POINT ( 'NONE',  ( 0.000000000000000000, 0.000000000000000000, 0.000000000000000000 ) ) ;
#3221 = DIRECTION ( 'NONE',  ( -3.365690350479220189E-32, 1.000000000000000000, 1.042436089538109951E-21 ) ) ;
#3222 =( LENGTH_UNIT ( ) NAMED_UNIT ( * ) SI_UNIT ( $, .METRE. ) );
#3223 = DIRECTION ( 'NONE',  ( 0.000000000000000000, -0.000000000000000000, -1.000000000000000000 ) ) ;
#3224 = VERTEX_POINT ( 'NONE', #6975 ) ;
#3225 =( NAMED_UNIT ( * ) PLANE_ANGLE_UNIT ( ) SI_UNIT ( $, .RADIAN. ) );
#3226 = DIRECTION ( 'NONE',  ( -1.000000000000000000, 0.000000000000000000, 0.000000000000000000 ) ) ;
#3227 = APPLICATION_CONTEXT ( 'automotive_design' ) ;
#3228 = DIRECTION ( 'NONE',  ( 1.000000000000000000, 0.000000000000000000, 0.000000000000000000 ) ) ;
#3229 = CARTESIAN_POINT ( 'NONE',  ( 0.000000000000000000, 0.2563213514097638090, 0.02098864547787401835 ) ) ;
#3230 = EDGE_CURVE ( 'NONE', #1311, #3078, #4047, .T. ) ;
#3231 = ADVANCED_FACE ( 'NONE', ( #206 ), #7607, .T. ) ;
#3232 = AXIS2_PLACEMENT_3D ( 'NONE', #4064, #6952, #7585 ) ;
#3233 = SURFACE_STYLE_FILL_AREA ( #4436 ) ;
#3234 = ORIENTED_EDGE ( 'NONE', *, *, #2751, .F. ) ;
#3235 = LENGTH_MEASURE_WITH_UNIT ( LENGTH_MEASURE( 0.02539999999999999897 ), #6257 );
#3236 = ORIENTED_EDGE ( 'NONE', *, *, #7550, .T. ) ;
#3237 =( NAMED_UNIT ( * ) PLANE_ANGLE_UNIT ( ) SI_UNIT ( $, .RADIAN. ) );
#3238 = SURFACE_STYLE_FILL_AREA ( #787 ) ;
#3239 = ORIENTED_EDGE ( 'NONE', *, *, #6090, .T. ) ;
#3240 = COLOUR_RGB ( '',0.7490196078431372584, 0.7490196078431372584, 0.7490196078431372584 ) ;
#3241 = CARTESIAN_POINT ( 'NONE',  ( -0.09842519685039370636, -0.1983960629326377845, 0.03279966909992126228 ) ) ;
#3242 = EDGE_CURVE ( 'NONE', #5271, #6264, #2376, .T. ) ;
#3243 = CARTESIAN_POINT ( 'NONE',  ( 0.1732283464579676413, 0.04035433070866142197, -0.04724409448751938634 ) ) ;
#3244 = UNCERTAINTY_MEASURE_WITH_UNIT (LENGTH_MEASURE( 1.000000000000000082E-05 ), #6078, 'distance_accuracy_value', 'NONE');
#3245 = ORIENTED_EDGE ( 'NONE', *, *, #3041, .F. ) ;
#3246 = STYLED_ITEM ( 'NONE', ( #2190 ), #5255 ) ;
#3247 = CARTESIAN_POINT ( 'NONE',  ( 0.1800760939070866207, 0.1300921114227165387, 0.09842519685039370636 ) ) ;
#3248 = DIRECTION ( 'NONE',  ( -0.000000000000000000, -1.000000000000000000, -0.000000000000000000 ) ) ;
#3249 = VERTEX_POINT ( 'NONE', #2841 ) ;
#3250 =( CONVERSION_BASED_UNIT ( 'INCH', #6274 ) LENGTH_UNIT ( ) NAMED_UNIT ( #2282 ) );
#3251 = VECTOR ( 'NONE', #5045, 39.37007874015748143 ) ;
#3252 =( NAMED_UNIT ( * ) PLANE_ANGLE_UNIT ( ) SI_UNIT ( $, .RADIAN. ) );
#3253 = EDGE_CURVE ( 'NONE', #2586, #880, #1794, .T. ) ;
#3254 = SURFACE_STYLE_FILL_AREA ( #797 ) ;
#3255 = DIMENSIONAL_EXPONENTS ( 1.000000000000000000, 0.000000000000000000, 0.000000000000000000, 0.000000000000000000, 0.000000000000000000, 0.000000000000000000, 0.000000000000000000 ) ;
#3256 = VERTEX_POINT ( 'NONE', #494 ) ;
#3257 = FILL_AREA_STYLE_COLOUR ( '', #5566 ) ;
#3258 = DIRECTION ( 'NONE',  ( -1.000000000000000000, -0.000000000000000000, -0.000000000000000000 ) ) ;
#3259 = ORIENTED_EDGE ( 'NONE', *, *, #5629, .T. ) ;
#3260 = SURFACE_STYLE_FILL_AREA ( #5571 ) ;
#3261 = DIRECTION ( 'NONE',  ( 1.000000000000000000, 0.000000000000000000, -0.000000000000000000 ) ) ;
#3262 = STYLED_ITEM ( 'NONE', ( #2424 ), #5689 ) ;
#3263 = DIRECTION ( 'NONE',  ( 0.000000000000000000, 0.000000000000000000, 1.000000000000000000 ) ) ;
#3264 = PRESENTATION_STYLE_ASSIGNMENT (( #3798 ) ) ;
#3265 = PRESENTATION_LAYER_ASSIGNMENT (  '', '', ( #6307 ) ) ;
#3266 = MECHANICAL_DESIGN_GEOMETRIC_PRESENTATION_REPRESENTATION (  '', ( #6170 ), #2743 ) ;
#3267 = VECTOR ( 'NONE', #5815, 39.37007874015748143 ) ;
#3268 = LENGTH_MEASURE_WITH_UNIT ( LENGTH_MEASURE( 0.02539999999999999897 ), #3182 );
#3269 = ORIENTED_EDGE ( 'NONE', *, *, #3006, .T. ) ;
#3270 = ORIENTED_EDGE ( 'NONE', *, *, #2740, .T. ) ;
#3271 = DIRECTION ( 'NONE',  ( 1.000000000000000000, 0.000000000000000000, -0.000000000000000000 ) ) ;
#3272 = DIRECTION ( 'NONE',  ( 0.000000000000000000, 0.000000000000000000, 1.000000000000000000 ) ) ;
#3273 = UNCERTAINTY_MEASURE_WITH_UNIT (LENGTH_MEASURE( 1.000000000000000082E-05 ), #5544, 'distance_accuracy_value', 'NONE');
#3274 =( LENGTH_UNIT ( ) NAMED_UNIT ( * ) SI_UNIT ( $, .METRE. ) );
#3275 = LENGTH_MEASURE_WITH_UNIT ( LENGTH_MEASURE( 0.02539999999999999897 ), #5009 );
#3276 =( GEOMETRIC_REPRESENTATION_CONTEXT ( 3 ) GLOBAL_UNCERTAINTY_ASSIGNED_CONTEXT ( ( #757 ) ) GLOBAL_UNIT_ASSIGNED_CONTEXT ( ( #4459, #764, #3793 ) ) REPRESENTATION_CONTEXT ( 'NONE', 'WORKASPACE' ) );
#3277 = VERTEX_POINT ( 'NONE', #5381 ) ;
#3278 = MANIFOLD_SOLID_BREP ( 'Imported1', #2842 ) ;
#3279 =( NAMED_UNIT ( * ) PLANE_ANGLE_UNIT ( ) SI_UNIT ( $, .RADIAN. ) );
#3280 =( LENGTH_UNIT ( ) NAMED_UNIT ( * ) SI_UNIT ( $, .METRE. ) );
#3281 = ORIENTED_EDGE ( 'NONE', *, *, #5962, .T. ) ;
#3282 = PLANE ( 'NONE',  #4872 ) ;
#3283 = FILL_AREA_STYLE_COLOUR ( '', #3119 ) ;
#3284 = AXIS2_PLACEMENT_3D ( 'NONE', #3216, #3920, #5230 ) ;
#3285 = EDGE_CURVE ( 'NONE', #6549, #5424, #7099, .T. ) ;
#3287 = VERTEX_POINT ( 'NONE', #7851 ) ;
#3286 =( GEOMETRIC_REPRESENTATION_CONTEXT ( 3 ) GLOBAL_UNCERTAINTY_ASSIGNED_CONTEXT ( ( #2123 ) ) GLOBAL_UNIT_ASSIGNED_CONTEXT ( ( #4694, #6533, #5334 ) ) REPRESENTATION_CONTEXT ( 'NONE', 'WORKASPACE' ) );
#3288 = ADVANCED_FACE ( 'NONE', ( #7166 ), #6510, .F. ) ;
#3289 = FILL_AREA_STYLE ('',( #826 ) ) ;
#3290 = PRESENTATION_LAYER_ASSIGNMENT (  '', '', ( #5456 ) ) ;
#3291 = DIRECTION ( 'NONE',  ( -0.000000000000000000, 1.000000000000000000, 0.000000000000000000 ) ) ;
#3292 = CARTESIAN_POINT ( 'NONE',  ( 0.05905511811023913399, 0.09243604943040213684, 0.09842519685039370636 ) ) ;
#3293 = EDGE_CURVE ( 'NONE', #6107, #7344, #31, .T. ) ;
#3294 = ORIENTED_EDGE ( 'NONE', *, *, #218, .T. ) ;
#3295 = EDGE_CURVE ( 'NONE', #4695, #6611, #7281, .T. ) ;
#3296 = VECTOR ( 'NONE', #6728, 39.37007874015748143 ) ;
#3297 = FACE_OUTER_BOUND ( 'NONE', #4381, .T. ) ;
#3298 = SURFACE_STYLE_USAGE ( .BOTH. , #1599 ) ;
#3299 = DIRECTION ( 'NONE',  ( -4.512561924732999726E-16, -1.000000000000000000, 0.000000000000000000 ) ) ;
#3300 = VERTEX_POINT ( 'NONE', #4930 ) ;
#3301 = ORIENTED_EDGE ( 'NONE', *, *, #4961, .F. ) ;
#3302 = DIRECTION ( 'NONE',  ( -1.000000000000000000, 0.000000000000000000, 0.000000000000000000 ) ) ;
#3303 = MECHANICAL_DESIGN_GEOMETRIC_PRESENTATION_REPRESENTATION (  '', ( #4314 ), #7215 ) ;
#3304 = CARTESIAN_POINT ( 'NONE',  ( -0.1840131017811023617, 0.1889558061521260102, 0.01968503937007873988 ) ) ;
#3305 = APPLICATION_PROTOCOL_DEFINITION ( 'draft international standard', 'automotive_design', 1998, #1685 ) ;
#3306 = FILL_AREA_STYLE ('',( #994 ) ) ;
#3307 = EDGE_CURVE ( 'NONE', #880, #6991, #6566, .T. ) ;
#3308 = MANIFOLD_SOLID_BREP ( 'Cut-Extrude2', #4777 ) ;
#3309 = CARTESIAN_POINT ( 'NONE',  ( 0.1863073760652748656, -0.06934995292858268934, 0.09654325456206015732 ) ) ;
#3310 =( NAMED_UNIT ( * ) SI_UNIT ( $, .STERADIAN. ) SOLID_ANGLE_UNIT ( ) );
#3311 = VERTEX_POINT ( 'NONE', #1835 ) ;
#3312 = CARTESIAN_POINT ( 'NONE',  ( -0.1827946717203543514, -0.06934995292858267546, 0.09448818897637795144 ) ) ;
#3313 = VERTEX_POINT ( 'NONE', #4321 ) ;
#3314 = SURFACE_STYLE_USAGE ( .BOTH. , #7511 ) ;
#3315 = ADVANCED_FACE ( 'NONE', ( #3629 ), #754, .T. ) ;
#3316 = DIRECTION ( 'NONE',  ( 1.000000000000000000, 0.000000000000000000, 0.000000000000000000 ) ) ;
#3317 = DIRECTION ( 'NONE',  ( 0.000000000000000000, 0.000000000000000000, -1.000000000000000000 ) ) ;
#3318 = DIRECTION ( 'NONE',  ( 1.000000000000000000, 0.000000000000000000, -0.000000000000000000 ) ) ;
#3319 = LENGTH_MEASURE_WITH_UNIT ( LENGTH_MEASURE( 0.02539999999999999897 ), #4488 );
#3320 = CARTESIAN_POINT ( 'NONE',  ( 0.1761390860343700904, 0.1237520663915748081, 0.09448818897637795144 ) ) ;
#3321 =( NAMED_UNIT ( * ) SI_UNIT ( $, .STERADIAN. ) SOLID_ANGLE_UNIT ( ) );
#3322 = LINE ( 'NONE', #2711, #2820 ) ;
#3323 = ORIENTED_EDGE ( 'NONE', *, *, #2492, .T. ) ;
#3324 = PRESENTATION_LAYER_ASSIGNMENT (  '', '', ( #7119 ) ) ;
#3325 = VECTOR ( 'NONE', #2786, 39.37007874015748143 ) ;
#3326 = CARTESIAN_POINT ( 'NONE',  ( 0.1181102362204724671, -0.2915057198038976671, 0.000000000000000000 ) ) ;
#3327 = UNCERTAINTY_MEASURE_WITH_UNIT (LENGTH_MEASURE( 1.000000000000000082E-05 ), #682, 'distance_accuracy_value', 'NONE');
#3328 = VERTEX_POINT ( 'NONE', #6265 ) ;
#3329 = DIRECTION ( 'NONE',  ( 1.000000000000000000, 0.000000000000000000, 0.000000000000000000 ) ) ;
#3330 = DIRECTION ( 'NONE',  ( 0.000000000000000000, -0.000000000000000000, 1.000000000000000000 ) ) ;
#3331 = CARTESIAN_POINT ( 'NONE',  ( 0.01968503937007873988, -0.2572565284661417206, 0.02492565335188976286 ) ) ;
#3332 = EDGE_LOOP ( 'NONE', ( #240, #6051, #2013, #6129 ) ) ;
#3333 = LINE ( 'NONE', #3509, #4765 ) ;
#3334 = DIRECTION ( 'NONE',  ( 0.000000000000000000, 0.000000000000000000, 1.000000000000000000 ) ) ;
#3335 = VECTOR ( 'NONE', #4203, 39.37007874015748143 ) ;
#3336 = EDGE_CURVE ( 'NONE', #7439, #6483, #4167, .T. ) ;
#3337 = ORIENTED_EDGE ( 'NONE', *, *, #1627, .T. ) ;
#3338 = LENGTH_MEASURE_WITH_UNIT ( LENGTH_MEASURE( 0.02539999999999999897 ), #1522 );
#3339 = ORIENTED_EDGE ( 'NONE', *, *, #4076, .T. ) ;
#3340 = FILL_AREA_STYLE ('',( #5774 ) ) ;
#3341 = CARTESIAN_POINT ( 'NONE',  ( -0.01968503937007873988, -0.1983960629326377845, 0.03279966909992126228 ) ) ;
#3342 = APPLICATION_PROTOCOL_DEFINITION ( 'draft international standard', 'automotive_design', 1998, #6166 ) ;
#3343 = MECHANICAL_DESIGN_GEOMETRIC_PRESENTATION_REPRESENTATION (  '', ( #4101 ), #6511 ) ;
#3344 = CARTESIAN_POINT ( 'NONE',  ( 0.1867316795943701202, -0.06934995292858266158, 0.09551889522755571682 ) ) ;
#3345 = EDGE_CURVE ( 'NONE', #1392, #6549, #1461, .T. ) ;
#3346 = MECHANICAL_DESIGN_GEOMETRIC_PRESENTATION_REPRESENTATION (  '', ( #1541 ), #2184 ) ;
#3347 = ORIENTED_EDGE ( 'NONE', *, *, #5593, .T. ) ;
#3348 =( NAMED_UNIT ( * ) SI_UNIT ( $, .STERADIAN. ) SOLID_ANGLE_UNIT ( ) );
#3349 = CARTESIAN_POINT ( 'NONE',  ( 0.1008760354330709430, 0.04035433070866142891, 0.08661417322834646937 ) ) ;
#3350 = SURFACE_STYLE_FILL_AREA ( #7660 ) ;
#3351 = FACE_OUTER_BOUND ( 'NONE', #3707, .T. ) ;
#3352 = FILL_AREA_STYLE ('',( #4638 ) ) ;
#3353 = DIRECTION ( 'NONE',  ( -0.7131463326068347985, -0.7010151983298378298, 0.000000000000000000 ) ) ;
#3354 = DIRECTION ( 'NONE',  ( -0.000000000000000000, -0.000000000000000000, 1.000000000000000000 ) ) ;
#3355 = UNCERTAINTY_MEASURE_WITH_UNIT (LENGTH_MEASURE( 1.000000000000000082E-05 ), #7359, 'distance_accuracy_value', 'NONE');
#3356 = MECHANICAL_DESIGN_GEOMETRIC_PRESENTATION_REPRESENTATION (  '', ( #5406 ), #7524 ) ;
#3357 = CARTESIAN_POINT ( 'NONE',  ( -0.1827946717203937643, -0.1151975727482677236, 0.09448818897637795144 ) ) ;
#3358 = EDGE_CURVE ( 'NONE', #3187, #5176, #6339, .T. ) ;
#3359 =( LENGTH_UNIT ( ) NAMED_UNIT ( * ) SI_UNIT ( $, .METRE. ) );
#3360 = LENGTH_MEASURE_WITH_UNIT ( LENGTH_MEASURE( 0.02539999999999999897 ), #5716 );
#3361 = MECHANICAL_DESIGN_GEOMETRIC_PRESENTATION_REPRESENTATION (  '', ( #6892 ), #5154 ) ;
#3362 = LINE ( 'NONE', #6835, #35 ) ;
#3363 = DIRECTION ( 'NONE',  ( -0.000000000000000000, -0.000000000000000000, 1.000000000000000000 ) ) ;
#3364 = ORIENTED_EDGE ( 'NONE', *, *, #7020, .F. ) ;
#3365 = ORIENTED_EDGE ( 'NONE', *, *, #3752, .F. ) ;
#3366 = LINE ( 'NONE', #327, #2923 ) ;
#3367 = CLOSED_SHELL ( 'NONE', ( #4271, #882, #5255, #1230, #2445, #4116, #7028, #5151, #680, #2659, #964, #4779, #6501, #5105 ) ) ;
#3368 = ORIENTED_EDGE ( 'NONE', *, *, #5634, .T. ) ;
#3369 = FILL_AREA_STYLE ('',( #916 ) ) ;
#3370 = DIRECTION ( 'NONE',  ( 0.000000000000000000, -1.000000000000000000, -0.000000000000000000 ) ) ;
#3371 = COLOUR_RGB ( '',0.7490196078431372584, 0.7490196078431372584, 0.7490196078431372584 ) ;
#3372 = VERTEX_POINT ( 'NONE', #3401 ) ;
#3373 = PRESENTATION_STYLE_ASSIGNMENT (( #3967 ) ) ;
#3374 = SURFACE_STYLE_FILL_AREA ( #4585 ) ;
#3375 = LINE ( 'NONE', #2847, #4464 ) ;
#3376 = EDGE_CURVE ( 'NONE', #1581, #2674, #4532, .T. ) ;
#3377 = FACE_OUTER_BOUND ( 'NONE', #501, .T. ) ;
#3378 = VERTEX_POINT ( 'NONE', #3993 ) ;
#3379 = AXIS2_PLACEMENT_3D ( 'NONE', #1702, #481, #7271 ) ;
#3380 = LINE ( 'NONE', #2218, #6158 ) ;
#3381 = ORIENTED_EDGE ( 'NONE', *, *, #2751, .T. ) ;
#3382 =( CONVERSION_BASED_UNIT ( 'INCH', #932 ) LENGTH_UNIT ( ) NAMED_UNIT ( #7819 ) );
#3383 = LENGTH_MEASURE_WITH_UNIT ( LENGTH_MEASURE( 0.02539999999999999897 ), #6995 );
#3384 =( NAMED_UNIT ( * ) PLANE_ANGLE_UNIT ( ) SI_UNIT ( $, .RADIAN. ) );
#3385 = CARTESIAN_POINT ( 'NONE',  ( -0.1624883442576771919, -0.2044385403713385729, 0.000000000000000000 ) ) ;
#3386 =( CONVERSION_BASED_UNIT ( 'INCH', #6411 ) LENGTH_UNIT ( ) NAMED_UNIT ( #4369 ) );
#3387 = DIMENSIONAL_EXPONENTS ( 1.000000000000000000, 0.000000000000000000, 0.000000000000000000, 0.000000000000000000, 0.000000000000000000, 0.000000000000000000, 0.000000000000000000 ) ;
#3388 = PRESENTATION_LAYER_ASSIGNMENT (  '', '', ( #6170 ) ) ;
#3389 = EDGE_CURVE ( 'NONE', #5779, #1873, #866, .T. ) ;
#3390 = VECTOR ( 'NONE', #4223, 39.37007874015748143 ) ;
#3391 = SURFACE_SIDE_STYLE ('',( #4564 ) ) ;
#3392 = DIRECTION ( 'NONE',  ( 0.000000000000000000, 0.000000000000000000, 1.000000000000000000 ) ) ;
#3393 = VERTEX_POINT ( 'NONE', #3326 ) ;
#3394 = DIRECTION ( 'NONE',  ( -1.000000000000000000, 0.000000000000000000, 0.000000000000000000 ) ) ;
#3395 = VECTOR ( 'NONE', #498, 39.37007874015748143 ) ;
#3396 = CARTESIAN_POINT ( 'NONE',  ( 0.2086614173228346081, -0.06603488399787402208, 0.000000000000000000 ) ) ;
#3397 = DIMENSIONAL_EXPONENTS ( 1.000000000000000000, 0.000000000000000000, 0.000000000000000000, 0.000000000000000000, 0.000000000000000000, 0.000000000000000000, 0.000000000000000000 ) ;
#3398 = ADVANCED_FACE ( 'NONE', ( #5683 ), #2035, .F. ) ;
#3399 = VECTOR ( 'NONE', #1022, 39.37007874015748143 ) ;
#3400 = VECTOR ( 'NONE', #3917, 39.37007874015748143 ) ;
#3401 = CARTESIAN_POINT ( 'NONE',  ( 0.1788576638464173252, -0.06934995292858267546, 0.09448818897637795144 ) ) ;
#3402 = UNCERTAINTY_MEASURE_WITH_UNIT (LENGTH_MEASURE( 1.000000000000000082E-05 ), #778, 'distance_accuracy_value', 'NONE');
#3403 = ORIENTED_EDGE ( 'NONE', *, *, #2649, .F. ) ;
#3404 = SURFACE_SIDE_STYLE ('',( #3907 ) ) ;
#3405 = FILL_AREA_STYLE ('',( #1996 ) ) ;
#3406 = VERTEX_POINT ( 'NONE', #363 ) ;
#3407 = AXIS2_PLACEMENT_3D ( 'NONE', #2759, #829, #2638 ) ;
#3408 = PRESENTATION_STYLE_ASSIGNMENT (( #950 ) ) ;
#3409 = CIRCLE ( 'NONE', #7846, 0.1008760354330708597 ) ;
#3410 = UNCERTAINTY_MEASURE_WITH_UNIT (LENGTH_MEASURE( 1.000000000000000082E-05 ), #2433, 'distance_accuracy_value', 'NONE');
#3411 =( CONVERSION_BASED_UNIT ( 'INCH', #2812 ) LENGTH_UNIT ( ) NAMED_UNIT ( #2869 ) );
#3412 =( CONVERSION_BASED_UNIT ( 'INCH', #4093 ) LENGTH_UNIT ( ) NAMED_UNIT ( #4497 ) );
#3413 = VECTOR ( 'NONE', #3790, 39.37007874015748143 ) ;
#3414 = DIRECTION ( 'NONE',  ( -0.000000000000000000, -1.000000000000000000, -0.000000000000000000 ) ) ;
#3415 = PRODUCT_DEFINITION_FORMATION_WITH_SPECIFIED_SOURCE ( 'ANY', '', #3949, .NOT_KNOWN. ) ;
#3416 = PRESENTATION_LAYER_ASSIGNMENT (  '', '', ( #5467 ) ) ;
#3417 = ORIENTED_EDGE ( 'NONE', *, *, #2124, .F. ) ;
#3418 = DIRECTION ( 'NONE',  ( -1.000000000000000000, -0.000000000000000000, -0.000000000000000000 ) ) ;
#3419 = LINE ( 'NONE', #5355, #1572 ) ;
#3420 = ORIENTED_EDGE ( 'NONE', *, *, #499, .T. ) ;
#3421 = CARTESIAN_POINT ( 'NONE',  ( -0.1840131017811023617, 0.1889558061521260102, 0.09448818897637795144 ) ) ;
#3422 = DIRECTION ( 'NONE',  ( -0.000000000000000000, 1.000000000000000000, 0.000000000000000000 ) ) ;
#3423 = SURFACE_STYLE_FILL_AREA ( #1575 ) ;
#3424 = SURFACE_STYLE_FILL_AREA ( #2742 ) ;
#3425 = CARTESIAN_POINT ( 'NONE',  ( -0.09842519685039370636, -0.2533195205921259796, 0.02098864547787401835 ) ) ;
#3426 = ORIENTED_EDGE ( 'NONE', *, *, #271, .F. ) ;
#3427 = LENGTH_MEASURE_WITH_UNIT ( LENGTH_MEASURE( 0.02539999999999999897 ), #2188 );
#3428 =( LENGTH_UNIT ( ) NAMED_UNIT ( * ) SI_UNIT ( $, .METRE. ) );
#3429 = ADVANCED_FACE ( 'NONE', ( #243 ), #4499, .F. ) ;
#3430 =( LENGTH_UNIT ( ) NAMED_UNIT ( * ) SI_UNIT ( $, .METRE. ) );
#3431 = ORIENTED_EDGE ( 'NONE', *, *, #4470, .T. ) ;
#3432 = FILL_AREA_STYLE ('',( #5945 ) ) ;
#3433 = CIRCLE ( 'NONE', #7864, 0.01968503937007875723 ) ;
#3434 = CARTESIAN_POINT ( 'NONE',  ( -0.1761390860324803243, 0.1300921114227165387, 0.09448818897637795144 ) ) ;
#3435 = DIMENSIONAL_EXPONENTS ( 1.000000000000000000, 0.000000000000000000, 0.000000000000000000, 0.000000000000000000, 0.000000000000000000, 0.000000000000000000, 0.000000000000000000 ) ;
#3436 = ADVANCED_BREP_SHAPE_REPRESENTATION ( '', ( #6143, #1997 ), #610 ) ;
#3437 = DIMENSIONAL_EXPONENTS ( 1.000000000000000000, 0.000000000000000000, 0.000000000000000000, 0.000000000000000000, 0.000000000000000000, 0.000000000000000000, 0.000000000000000000 ) ;
#3438 = DIRECTION ( 'NONE',  ( 1.000000000000000000, 0.000000000000000000, 0.000000000000000000 ) ) ;
#3439 = MECHANICAL_DESIGN_GEOMETRIC_PRESENTATION_REPRESENTATION (  '', ( #3802 ), #7744 ) ;
#3440 = PLANE ( 'NONE',  #7710 ) ;
#3441 = COLOUR_RGB ( '',0.2784313725490196179, 0.2784313725490196179, 0.2784313725490196179 ) ;
#3442 = EDGE_CURVE ( 'NONE', #7394, #7728, #4650, .T. ) ;
#3443 = LINE ( 'NONE', #4542, #4898 ) ;
#3444 = LINE ( 'NONE', #5765, #4325 ) ;
#3445 = CARTESIAN_POINT ( 'NONE',  ( -0.2047244094501181333, -0.06209787612507873533, 0.09842519685039370636 ) ) ;
#3446 = ORIENTED_EDGE ( 'NONE', *, *, #3376, .T. ) ;
#3447 = COLOUR_RGB ( '',0.7490196078431372584, 0.7490196078431372584, 0.7490196078431372584 ) ;
#3448 = PRESENTATION_LAYER_ASSIGNMENT (  '', '', ( #6850 ) ) ;
#3449 = PRODUCT ( 'Open CASCADE STEP translator 6.8 3', 'Open CASCADE STEP translator 6.8 3', '', ( #2689 ) ) ;
#3450 = VECTOR ( 'NONE', #4098, 39.37007874015748143 ) ;
#3451 = VERTEX_POINT ( 'NONE', #2079 ) ;
#3452 = ORIENTED_EDGE ( 'NONE', *, *, #5728, .F. ) ;
#3453 = PLANE ( 'NONE',  #1737 ) ;
#3454 = CARTESIAN_POINT ( 'NONE',  ( -0.1827946717203937088, -0.06603488399787402208, 0.000000000000000000 ) ) ;
#3455 = VECTOR ( 'NONE', #4787, 39.37007874015748143 ) ;
#3456 = DIRECTION ( 'NONE',  ( 1.000000000000000000, 0.000000000000000000, 0.000000000000000000 ) ) ;
#3457 = DIMENSIONAL_EXPONENTS ( 1.000000000000000000, 0.000000000000000000, 0.000000000000000000, 0.000000000000000000, 0.000000000000000000, 0.000000000000000000, 0.000000000000000000 ) ;
#3458 = ORIENTED_EDGE ( 'NONE', *, *, #1506, .T. ) ;
#3459 = CARTESIAN_POINT ( 'NONE',  ( 0.1181102362204724532, -0.2533195205921259796, 0.02492565335188976633 ) ) ;
#3460 = DIRECTION ( 'NONE',  ( -0.000000000000000000, -0.000000000000000000, -1.000000000000000000 ) ) ;
#3461 = ORIENTED_EDGE ( 'NONE', *, *, #5322, .T. ) ;
#3462 = CARTESIAN_POINT ( 'NONE',  ( -1.777545739647244141E-12, 0.1952958511832283695, 0.09448818897637795144 ) ) ;
#3463 = PRESENTATION_STYLE_ASSIGNMENT (( #1137 ) ) ;
#3464 = SHAPE_REPRESENTATION_RELATIONSHIP ( 'NONE' , 'NONE' ,  #5408, #3800 ) ;
#3465 = PRESENTATION_STYLE_ASSIGNMENT (( #1493 ) ) ;
#3466 = DIRECTION ( 'NONE',  ( 0.000000000000000000, 0.000000000000000000, 1.000000000000000000 ) ) ;
#3467 = CARTESIAN_POINT ( 'NONE',  ( -0.1840131017811023617, 0.1889558061521260102, 0.09842519685039370636 ) ) ;
#3468 =( CONVERSION_BASED_UNIT ( 'INCH', #314 ) LENGTH_UNIT ( ) NAMED_UNIT ( #2474 ) );
#3469 = ORIENTED_EDGE ( 'NONE', *, *, #5682, .T. ) ;
#3470 = CARTESIAN_POINT ( 'NONE',  ( -0.1170188464848516685, -0.2450787401532767418, 0.09448818897637795144 ) ) ;
#3471 = DIRECTION ( 'NONE',  ( 1.000000000000000000, 0.000000000000000000, -0.000000000000000000 ) ) ;
#3472 = ADVANCED_FACE ( 'NONE', ( #208 ), #7492, .F. ) ;
#3473 = EDGE_CURVE ( 'NONE', #6945, #6622, #5884, .T. ) ;
#3474 = AXIS2_PLACEMENT_3D ( 'NONE', #5547, #5670, #3816 ) ;
#3475 = PRESENTATION_STYLE_ASSIGNMENT (( #4078 ) ) ;
#3476 = PRESENTATION_STYLE_ASSIGNMENT (( #1426 ) ) ;
#3477 = DIRECTION ( 'NONE',  ( -1.000000000000000000, 0.000000000000000000, -0.000000000000000000 ) ) ;
#3478 = DIRECTION ( 'NONE',  ( -0.8139213391679954723, 0.5809750886629966304, -0.000000000000000000 ) ) ;
#3479 = CARTESIAN_POINT ( 'NONE',  ( -0.1682650702838976442, 0.1300921114227165387, 0.01968503937007873988 ) ) ;
#3480 = SURFACE_STYLE_USAGE ( .BOTH. , #4699 ) ;
#3481 = CARTESIAN_POINT ( 'NONE',  ( -1.777545739647244141E-12, -0.2450787401532677212, 0.09448818897637795144 ) ) ;
#3482 =( REPRESENTATION_RELATIONSHIP ('NONE','NONE', #5946, #5361 ) REPRESENTATION_RELATIONSHIP_WITH_TRANSFORMATION ( #2129 )SHAPE_REPRESENTATION_RELATIONSHIP( ) );
#3483 = VECTOR ( 'NONE', #3271, 39.37007874015748143 ) ;
#3484 = ORIENTED_EDGE ( 'NONE', *, *, #4322, .T. ) ;
#3485 = ADVANCED_FACE ( 'NONE', ( #878 ), #3440, .F. ) ;
#3486 = FILL_AREA_STYLE ('',( #5418 ) ) ;
#3487 = DIMENSIONAL_EXPONENTS ( 1.000000000000000000, 0.000000000000000000, 0.000000000000000000, 0.000000000000000000, 0.000000000000000000, 0.000000000000000000, 0.000000000000000000 ) ;
#3488 = UNCERTAINTY_MEASURE_WITH_UNIT (LENGTH_MEASURE( 1.000000000000000082E-05 ), #7060, 'distance_accuracy_value', 'NONE');
#3489 = ADVANCED_FACE ( 'NONE', ( #2321 ), #4767, .T. ) ;
#3490 =( NAMED_UNIT ( * ) PLANE_ANGLE_UNIT ( ) SI_UNIT ( $, .RADIAN. ) );
#3491 = ORIENTED_EDGE ( 'NONE', *, *, #6720, .T. ) ;
#3492 =( NAMED_UNIT ( * ) PLANE_ANGLE_UNIT ( ) SI_UNIT ( $, .RADIAN. ) );
#3493 = SHAPE_REPRESENTATION ( 'Open CASCADE STEP translator 6.8 3', ( #1997 ), #7460 ) ;
#3494 = DIMENSIONAL_EXPONENTS ( 1.000000000000000000, 0.000000000000000000, 0.000000000000000000, 0.000000000000000000, 0.000000000000000000, 0.000000000000000000, 0.000000000000000000 ) ;
#3495 = ORIENTED_EDGE ( 'NONE', *, *, #3724, .T. ) ;
#3496 = DIRECTION ( 'NONE',  ( 1.000000000000000000, 0.000000000000000000, 0.000000000000000000 ) ) ;
#3497 = LINE ( 'NONE', #1767, #4063 ) ;
#3498 = PRESENTATION_LAYER_ASSIGNMENT (  '', '', ( #1434 ) ) ;
#3499 = CARTESIAN_POINT ( 'NONE',  ( -0.1827946717203937088, -0.1151975727482677236, 0.000000000000000000 ) ) ;
#3500 = ORIENTED_EDGE ( 'NONE', *, *, #2892, .T. ) ;
#3501 = LENGTH_MEASURE_WITH_UNIT ( LENGTH_MEASURE( 0.02539999999999999897 ), #3428 );
#3502 = DIMENSIONAL_EXPONENTS ( 1.000000000000000000, 0.000000000000000000, 0.000000000000000000, 0.000000000000000000, 0.000000000000000000, 0.000000000000000000, 0.000000000000000000 ) ;
#3503 = DIMENSIONAL_EXPONENTS ( 1.000000000000000000, 0.000000000000000000, 0.000000000000000000, 0.000000000000000000, 0.000000000000000000, 0.000000000000000000, 0.000000000000000000 ) ;
#3504 = PLANE ( 'NONE',  #1832 ) ;
#3505 = DIRECTION ( 'NONE',  ( -1.000000000000000000, -0.000000000000000000, -0.000000000000000000 ) ) ;
#3506 = COLOUR_RGB ( '',0.2784313725490196179, 0.2784313725490196179, 0.2784313725490196179 ) ;
#3507 = LINE ( 'NONE', #2393, #6664 ) ;
#3508 = VECTOR ( 'NONE', #813, 39.37007874015748143 ) ;
#3509 = CARTESIAN_POINT ( 'NONE',  ( 0.1761390860343700904, 0.1237520663915748081, 0.09842519685039370636 ) ) ;
#3510 =( GEOMETRIC_REPRESENTATION_CONTEXT ( 3 ) GLOBAL_UNCERTAINTY_ASSIGNED_CONTEXT ( ( #4533 ) ) GLOBAL_UNIT_ASSIGNED_CONTEXT ( ( #863, #4686, #5943 ) ) REPRESENTATION_CONTEXT ( 'NONE', 'WORKASPACE' ) );
#3511 = MECHANICAL_DESIGN_GEOMETRIC_PRESENTATION_REPRESENTATION (  '', ( #1302 ), #5437 ) ;
#3512 = SURFACE_STYLE_FILL_AREA ( #2801 ) ;
#3513 = CARTESIAN_POINT ( 'NONE',  ( -0.1377952755905511861, 0.04035433070866142197, 0.000000000000000000 ) ) ;
#3514 = SURFACE_STYLE_FILL_AREA ( #1048 ) ;
#3515 = FACE_OUTER_BOUND ( 'NONE', #1009, .T. ) ;
#3516 = EDGE_CURVE ( 'NONE', #2257, #7071, #7459, .T. ) ;
#3517 = LINE ( 'NONE', #5377, #6849 ) ;
#3518 = EDGE_LOOP ( 'NONE', ( #4333, #6381, #3726, #6306 ) ) ;
#3519 =( GEOMETRIC_REPRESENTATION_CONTEXT ( 3 ) GLOBAL_UNCERTAINTY_ASSIGNED_CONTEXT ( ( #282 ) ) GLOBAL_UNIT_ASSIGNED_CONTEXT ( ( #2940, #7700, #2973 ) ) REPRESENTATION_CONTEXT ( 'NONE', 'WORKASPACE' ) );
#3520 = CARTESIAN_POINT ( 'NONE',  ( 0.1761390860343700904, 0.1300921114227165387, 0.09842519685039370636 ) ) ;
#3521 = B_SPLINE_CURVE_WITH_KNOTS ( 'NONE', 3,
 ( #2861, #7630, #6957, #2098, #7592, #5871 ),
 .UNSPECIFIED., .F., .F.,
 ( 4, 2, 4 ),
 ( 0.000000000000000000, 0.5000000000000000000, 1.000000000000000000 ),
 .UNSPECIFIED. ) ;
#3522 = AXIS2_PLACEMENT_3D ( 'NONE', #1056, #7730, #7131 ) ;
#3523 = ADVANCED_FACE ( 'NONE', ( #3621 ), #7801, .T. ) ;
#3524 = EDGE_CURVE ( 'NONE', #160, #2817, #2570, .T. ) ;
#3525 = DIRECTION ( 'NONE',  ( 0.000000000000000000, -1.000000000000000000, 0.000000000000000000 ) ) ;
#3526 =( CONVERSION_BASED_UNIT ( 'INCH', #4816 ) LENGTH_UNIT ( ) NAMED_UNIT ( #6499 ) );
#3527 = COLOUR_RGB ( '',0.7490196078431372584, 0.7490196078431372584, 0.7490196078431372584 ) ;
#3528 = LINE ( 'NONE', #7695, #2101 ) ;
#3529 = ORIENTED_EDGE ( 'NONE', *, *, #7145, .T. ) ;
#3530 = CARTESIAN_POINT ( 'NONE',  ( -0.1771653543307086798, 0.04035433070866142197, 0.000000000000000000 ) ) ;
#3531 = MECHANICAL_DESIGN_GEOMETRIC_PRESENTATION_REPRESENTATION (  '', ( #5456 ), #2895 ) ;
#3532 =( LENGTH_UNIT ( ) NAMED_UNIT ( * ) SI_UNIT ( $, .METRE. ) );
#3533 = ORIENTED_EDGE ( 'NONE', *, *, #6303, .F. ) ;
#3534 = FILL_AREA_STYLE_COLOUR ( '', #1244 ) ;
#3535 = DIMENSIONAL_EXPONENTS ( 1.000000000000000000, 0.000000000000000000, 0.000000000000000000, 0.000000000000000000, 0.000000000000000000, 0.000000000000000000, 0.000000000000000000 ) ;
#3536 =( NAMED_UNIT ( * ) PLANE_ANGLE_UNIT ( ) SI_UNIT ( $, .RADIAN. ) );
#3537 = ADVANCED_FACE ( 'NONE', ( #7274 ), #2466, .T. ) ;
#3538 = DIRECTION ( 'NONE',  ( -1.000000000000000000, -0.000000000000000000, 0.000000000000000000 ) ) ;
#3539 = VECTOR ( 'NONE', #2597, 39.37007874015748143 ) ;
#3540 = CARTESIAN_POINT ( 'NONE',  ( -0.1827946717203543514, -0.06934995292858267546, 0.09448818897637795144 ) ) ;
#3541 = LINE ( 'NONE', #1740, #7461 ) ;
#3542 = ORIENTED_EDGE ( 'NONE', *, *, #4086, .F. ) ;
#3543 = DIRECTION ( 'NONE',  ( 0.000000000000000000, 0.000000000000000000, 1.000000000000000000 ) ) ;
#3544 = SURFACE_STYLE_FILL_AREA ( #7228 ) ;
#3545 = SURFACE_SIDE_STYLE ('',( #1011 ) ) ;
#3546 = SURFACE_STYLE_FILL_AREA ( #1701 ) ;
#3547 = CARTESIAN_POINT ( 'NONE',  ( 0.1181102362204724532, -0.2651305442141732582, 0.02492565335188976286 ) ) ;
#3548 = DIRECTION ( 'NONE',  ( 0.000000000000000000, -0.000000000000000000, -1.000000000000000000 ) ) ;
#3549 = PLANE ( 'NONE',  #1751 ) ;
#3550 = PRESENTATION_LAYER_ASSIGNMENT (  '', '', ( #745 ) ) ;
#3551 = SURFACE_STYLE_FILL_AREA ( #6576 ) ;
#3552 = UNCERTAINTY_MEASURE_WITH_UNIT (LENGTH_MEASURE( 1.000000000000000082E-05 ), #4571, 'distance_accuracy_value', 'NONE');
#3553 = DIRECTION ( 'NONE',  ( -0.000000000000000000, -0.000000000000000000, -1.000000000000000000 ) ) ;
#3554 =( CONVERSION_BASED_UNIT ( 'INCH', #5385 ) LENGTH_UNIT ( ) NAMED_UNIT ( #2259 ) );
#3555 = VECTOR ( 'NONE', #5323, 39.37007874015748143 ) ;
#3556 = LINE ( 'NONE', #6001, #2355 ) ;
#3557 = SURFACE_SIDE_STYLE ('',( #2248 ) ) ;
#3558 = LENGTH_MEASURE_WITH_UNIT ( LENGTH_MEASURE( 0.02539999999999999897 ), #3638 );
#3559 = EDGE_CURVE ( 'NONE', #369, #2513, #6832, .T. ) ;
#3560 = ADVANCED_FACE ( 'NONE', ( #234 ), #1447, .F. ) ;
#3561 = PRESENTATION_LAYER_ASSIGNMENT (  '', '', ( #6999 ) ) ;
#3562 = AXIS2_PLACEMENT_3D ( 'NONE', #2281, #2920, #4738 ) ;
#3563 = ORIENTED_EDGE ( 'NONE', *, *, #3706, .T. ) ;
#3564 = CARTESIAN_POINT ( 'NONE',  ( 0.1585513363800787334, -0.2028275265905494784, 0.09842519685039370636 ) ) ;
#3565 = DIRECTION ( 'NONE',  ( 0.000000000000000000, -0.000000000000000000, -1.000000000000000000 ) ) ;
#3566 = AXIS2_PLACEMENT_3D ( 'NONE', #3876, #2246, #4584 ) ;
#3567 = FILL_AREA_STYLE ('',( #7144 ) ) ;
#3568 = EDGE_CURVE ( 'NONE', #5172, #5132, #6329, .T. ) ;
#3569 =( NAMED_UNIT ( * ) SI_UNIT ( $, .STERADIAN. ) SOLID_ANGLE_UNIT ( ) );
#3570 = MECHANICAL_DESIGN_GEOMETRIC_PRESENTATION_REPRESENTATION (  '', ( #7637 ), #1667 ) ;
#3571 =( NAMED_UNIT ( * ) PLANE_ANGLE_UNIT ( ) SI_UNIT ( $, .RADIAN. ) );
#3572 = EDGE_LOOP ( 'NONE', ( #2627, #6244, #1012, #4495 ) ) ;
#3573 = SURFACE_SIDE_STYLE ('',( #4111 ) ) ;
#3574 = PRESENTATION_LAYER_ASSIGNMENT (  '', '', ( #4876 ) ) ;
#3575 = FILL_AREA_STYLE ('',( #1081 ) ) ;
#3576 = ORIENTED_EDGE ( 'NONE', *, *, #1862, .F. ) ;
#3577 = FILL_AREA_STYLE_COLOUR ( '', #59 ) ;
#3578 = CARTESIAN_POINT ( 'NONE',  ( -0.01968503937007873988, -0.1983960629326377845, 0.003937007874015747977 ) ) ;
#3579 = ORIENTED_EDGE ( 'NONE', *, *, #1261, .F. ) ;
#3580 = FILL_AREA_STYLE_COLOUR ( '', #6385 ) ;
#3581 = CARTESIAN_POINT ( 'NONE',  ( 0.1585513363800787334, -0.2028275265905511993, 0.09448818897637795144 ) ) ;
#3582 = COLOUR_RGB ( '',0.2784313725490196179, 0.2784313725490196179, 0.2784313725490196179 ) ;
#3583 = CARTESIAN_POINT ( 'NONE',  ( 0.09842519685039370636, -0.2915057198038976671, 0.000000000000000000 ) ) ;
#3584 = ADVANCED_FACE ( 'NONE', ( #6752 ), #6168, .F. ) ;
#3585 = CARTESIAN_POINT ( 'NONE',  ( -0.1800760939070866207, 0.1276890742665748035, 0.000000000000000000 ) ) ;
#3586 = DIRECTION ( 'NONE',  ( -0.000000000000000000, -0.000000000000000000, 1.000000000000000000 ) ) ;
#3587 = CARTESIAN_POINT ( 'NONE',  ( 0.01968503937007873988, -0.2915057198038976671, 0.000000000000000000 ) ) ;
#3588 = AXIS2_PLACEMENT_3D ( 'NONE', #147, #3891, #5005 ) ;
#3589 = ORIENTED_EDGE ( 'NONE', *, *, #3801, .T. ) ;
#3590 = DIMENSIONAL_EXPONENTS ( 1.000000000000000000, 0.000000000000000000, 0.000000000000000000, 0.000000000000000000, 0.000000000000000000, 0.000000000000000000, 0.000000000000000000 ) ;
#3591 =( NAMED_UNIT ( * ) PLANE_ANGLE_UNIT ( ) SI_UNIT ( $, .RADIAN. ) );
#3592 = ORIENTED_EDGE ( 'NONE', *, *, #118, .F. ) ;
#3593 = STYLED_ITEM ( 'NONE', ( #814 ), #2509 ) ;
#3594 = COLOUR_RGB ( '',0.7490196078431372584, 0.7490196078431372584, 0.7490196078431372584 ) ;
#3595 =( LENGTH_UNIT ( ) NAMED_UNIT ( * ) SI_UNIT ( $, .METRE. ) );
#3596 = SURFACE_SIDE_STYLE ('',( #7327 ) ) ;
#3597 = CARTESIAN_POINT ( 'NONE',  ( -0.1788576638464173252, -0.1112605648740944836, 0.09448818897637795144 ) ) ;
#3598 = DIRECTION ( 'NONE',  ( -1.000000000000000000, 0.000000000000000000, 0.000000000000000000 ) ) ;
#3599 = CARTESIAN_POINT ( 'NONE',  ( -0.1800760939070866207, -0.0006153978120464567193, 0.000000000000000000 ) ) ;
#3600 = DIMENSIONAL_EXPONENTS ( 1.000000000000000000, 0.000000000000000000, 0.000000000000000000, 0.000000000000000000, 0.000000000000000000, 0.000000000000000000, 0.000000000000000000 ) ;
#3601 = ORIENTED_EDGE ( 'NONE', *, *, #3095, .F. ) ;
#3602 =( CONVERSION_BASED_UNIT ( 'INCH', #5460 ) LENGTH_UNIT ( ) NAMED_UNIT ( #3791 ) );
#3603 = VERTEX_POINT ( 'NONE', #901 ) ;
#3604 = CARTESIAN_POINT ( 'NONE',  ( 0.07874015748031495954, -0.2651305442141732582, 0.007874015748031495954 ) ) ;
#3605 = LINE ( 'NONE', #6043, #3555 ) ;
#3606 = EDGE_CURVE ( 'NONE', #2706, #2067, #3521, .T. ) ;
#3607 = EDGE_CURVE ( 'NONE', #4069, #4944, #3409, .T. ) ;
#3608 = CARTESIAN_POINT ( 'NONE',  ( -0.1181102362204724532, -0.2915057198038976671, 0.003937007874015747977 ) ) ;
#3609 = CARTESIAN_POINT ( 'NONE',  ( -0.1788576638464173252, -0.1112605648740944836, 0.09842519685039370636 ) ) ;
#3610 = ORIENTED_EDGE ( 'NONE', *, *, #4253, .T. ) ;
#3611 = AXIS2_PLACEMENT_3D ( 'NONE', #1454, #6259, #2749 ) ;
#3612 = CARTESIAN_POINT ( 'NONE',  ( 0.09842519685039370636, -0.2572565284661417206, 0.03279966909992126228 ) ) ;
#3613 = LENGTH_MEASURE_WITH_UNIT ( LENGTH_MEASURE( 0.02539999999999999897 ), #2983 );
#3614 = ORIENTED_EDGE ( 'NONE', *, *, #5312, .F. ) ;
#3615 = DIRECTION ( 'NONE',  ( -0.000000000000000000, -0.000000000000000000, -1.000000000000000000 ) ) ;
#3616 = ADVANCED_FACE ( 'NONE', ( #4681 ), #937, .T. ) ;
#3617 = SURFACE_SIDE_STYLE ('',( #1783 ) ) ;
#3618 = VECTOR ( 'NONE', #4742, 39.37007874015748143 ) ;
#3619 = APPLICATION_CONTEXT ( 'automotive_design' ) ;
#3620 = SURFACE_STYLE_USAGE ( .BOTH. , #2358 ) ;
#3621 = FACE_OUTER_BOUND ( 'NONE', #286, .T. ) ;
#3622 = DIRECTION ( 'NONE',  ( -0.000000000000000000, -0.000000000000000000, -1.000000000000000000 ) ) ;
#3623 = PLANE ( 'NONE',  #1564 ) ;
#3624 = ORIENTED_EDGE ( 'NONE', *, *, #3969, .F. ) ;
#3625 = EDGE_CURVE ( 'NONE', #775, #4195, #4573, .T. ) ;
#3626 =( NAMED_UNIT ( * ) PLANE_ANGLE_UNIT ( ) SI_UNIT ( $, .RADIAN. ) );
#3627 = ORIENTED_EDGE ( 'NONE', *, *, #5452, .T. ) ;
#3628 = MECHANICAL_DESIGN_GEOMETRIC_PRESENTATION_REPRESENTATION (  '', ( #2486 ), #4929 ) ;
#3629 = FACE_OUTER_BOUND ( 'NONE', #6256, .T. ) ;
#3630 = UNCERTAINTY_MEASURE_WITH_UNIT (LENGTH_MEASURE( 1.000000000000000082E-05 ), #2442, 'distance_accuracy_value', 'NONE');
#3631 = CARTESIAN_POINT ( 'NONE',  ( 0.1624883442576772197, -0.1151975727482677236, 0.000000000000000000 ) ) ;
#3632 = CARTESIAN_POINT ( 'NONE',  ( 0.05118110236220472370, 0.2855574221021653925, 0.003937007874015747977 ) ) ;
#3633 =( GEOMETRIC_REPRESENTATION_CONTEXT ( 3 ) GLOBAL_UNCERTAINTY_ASSIGNED_CONTEXT ( ( #32 ) ) GLOBAL_UNIT_ASSIGNED_CONTEXT ( ( #2730, #380, #5232 ) ) REPRESENTATION_CONTEXT ( 'NONE', 'WORKASPACE' ) );
#3634 = LINE ( 'NONE', #1957, #5374 ) ;
#3635 = FACE_OUTER_BOUND ( 'NONE', #5540, .T. ) ;
#3636 =( LENGTH_UNIT ( ) NAMED_UNIT ( * ) SI_UNIT ( $, .METRE. ) );
#3637 = LINE ( 'NONE', #5647, #277 ) ;
#3638 =( LENGTH_UNIT ( ) NAMED_UNIT ( * ) SI_UNIT ( $, .METRE. ) );
#3639 = VECTOR ( 'NONE', #1519, 39.37007874015748143 ) ;
#3640 = ORIENTED_EDGE ( 'NONE', *, *, #6857, .T. ) ;
#3641 = CARTESIAN_POINT ( 'NONE',  ( -0.09842519685039370636, -0.2651305442141732027, 0.02492565335188976286 ) ) ;
#3642 = ORIENTED_EDGE ( 'NONE', *, *, #6765, .F. ) ;
#3643 = LINE ( 'NONE', #467, #7886 ) ;
#3644 =( NAMED_UNIT ( * ) SI_UNIT ( $, .STERADIAN. ) SOLID_ANGLE_UNIT ( ) );
#3645 = CARTESIAN_POINT ( 'NONE',  ( -0.07874015748031495954, -0.2651305442141732582, 0.000000000000000000 ) ) ;
#3646 = CARTESIAN_POINT ( 'NONE',  ( 0.000000000000000000, 0.000000000000000000, 0.000000000000000000 ) ) ;
#3647 = STYLED_ITEM ( 'NONE', ( #1472 ), #3485 ) ;
#3648 =( NAMED_UNIT ( * ) SI_UNIT ( $, .STERADIAN. ) SOLID_ANGLE_UNIT ( ) );
#3649 = CARTESIAN_POINT ( 'NONE',  ( -0.1181102362204724532, -0.2572565284661417206, 0.03279966909992126228 ) ) ;
#3650 = EDGE_LOOP ( 'NONE', ( #6771, #89, #7496, #7670 ) ) ;
#3651 = LENGTH_MEASURE_WITH_UNIT ( LENGTH_MEASURE( 0.02539999999999999897 ), #4257 );
#3652 = DIRECTION ( 'NONE',  ( -1.000000000000000000, 0.000000000000000000, 0.000000000000000000 ) ) ;
#3653 = CARTESIAN_POINT ( 'NONE',  ( 0.09842519685039370636, -0.2651305442141732582, 0.01181102362204724046 ) ) ;
#3654 = CARTESIAN_POINT ( 'NONE',  ( -0.09199170751952756575, -0.06603488399787402208, 0.09448818897637795144 ) ) ;
#3655 = UNCERTAINTY_MEASURE_WITH_UNIT (LENGTH_MEASURE( 1.000000000000000082E-05 ), #4743, 'distance_accuracy_value', 'NONE');
#3656 = COLOUR_RGB ( '',0.7490196078431372584, 0.7490196078431372584, 0.7490196078431372584 ) ;
#3657 = ADVANCED_FACE ( 'NONE', ( #356 ), #1008, .T. ) ;
#3658 = FILL_AREA_STYLE_COLOUR ( '', #3946 ) ;
#3659 = DIRECTION ( 'NONE',  ( -1.000000000000000000, 0.000000000000000000, 0.000000000000000000 ) ) ;
#3660 = AXIS2_PLACEMENT_3D ( 'NONE', #1847, #6773, #5499 ) ;
#3661 = STYLED_ITEM ( 'NONE', ( #7525 ), #4108 ) ;
#3662 = SURFACE_STYLE_FILL_AREA ( #1046 ) ;
#3663 = DIRECTION ( 'NONE',  ( 1.000000000000000000, 0.000000000000000000, 0.000000000000000000 ) ) ;
#3664 = ORIENTED_EDGE ( 'NONE', *, *, #3724, .F. ) ;
#3665 = VERTEX_POINT ( 'NONE', #5980 ) ;
#3666 = CARTESIAN_POINT ( 'NONE',  ( 0.07874015748031495954, -0.2690675520881889993, 0.01181102362204724393 ) ) ;
#3667 = EDGE_CURVE ( 'NONE', #116, #551, #4873, .T. ) ;
#3668 = EDGE_LOOP ( 'NONE', ( #3824, #3062, #2810, #4210 ) ) ;
#3669 = STYLED_ITEM ( 'NONE', ( #6734 ), #751 ) ;
#3670 = CARTESIAN_POINT ( 'NONE',  ( 0.1624883442576771919, -0.2044385403713385729, 0.000000000000000000 ) ) ;
#3671 = DIRECTION ( 'NONE',  ( -0.000000000000000000, -1.000000000000000000, 0.000000000000000000 ) ) ;
#3672 = ADVANCED_FACE ( 'NONE', ( #2949 ), #6047, .T. ) ;
#3673 = DIRECTION ( 'NONE',  ( 0.000000000000000000, -0.000000000000000000, -1.000000000000000000 ) ) ;
#3674 = EDGE_LOOP ( 'NONE', ( #7521, #4844, #6614, #7236, #3806, #4110, #1830, #7750, #2815, #2165, #7106, #5687, #2549, #4169, #999, #2981, #2126, #2144, #1650, #5402, #720, #2770, #3301, #1521, #7611, #2118, #4932, #6896, #805, #4357, #5552, #2203, #3495, #4132, #4256, #2574 ) ) ;
#3675 = SURFACE_STYLE_FILL_AREA ( #83 ) ;
#3676 = STYLED_ITEM ( 'NONE', ( #1290 ), #310 ) ;
#3677 = FACE_OUTER_BOUND ( 'NONE', #465, .T. ) ;
#3679 = EDGE_LOOP ( 'NONE', ( #4528, #7148, #7423, #2237, #7606, #4583, #7034 ) ) ;
#3678 = VECTOR ( 'NONE', #313, 39.37007874015748143 ) ;
#3680 = LENGTH_MEASURE_WITH_UNIT ( LENGTH_MEASURE( 0.02539999999999999897 ), #4945 );
#3681 = DIRECTION ( 'NONE',  ( 0.000000000000000000, 0.000000000000000000, 1.000000000000000000 ) ) ;
#3682 = CARTESIAN_POINT ( 'NONE',  ( 0.000000000000000000, 0.000000000000000000, 0.000000000000000000 ) ) ;
#3683 = MECHANICAL_DESIGN_GEOMETRIC_PRESENTATION_REPRESENTATION (  '', ( #7119 ), #873 ) ;
#3684 = MECHANICAL_DESIGN_GEOMETRIC_PRESENTATION_REPRESENTATION (  '', ( #515 ), #7494 ) ;
#3685 =( LENGTH_UNIT ( ) NAMED_UNIT ( * ) SI_UNIT ( $, .METRE. ) );
#3686 = SURFACE_STYLE_FILL_AREA ( #3181 ) ;
#3687 = FILL_AREA_STYLE_COLOUR ( '', #7598 ) ;
#3688 = ORIENTED_EDGE ( 'NONE', *, *, #1513, .F. ) ;
#3689 = ORIENTED_EDGE ( 'NONE', *, *, #1006, .F. ) ;
#3690 = LENGTH_MEASURE_WITH_UNIT ( LENGTH_MEASURE( 0.02539999999999999897 ), #1819 );
#3691 = DIRECTION ( 'NONE',  ( 0.000000000000000000, 0.000000000000000000, 1.000000000000000000 ) ) ;
#3692 = AXIS2_PLACEMENT_3D ( 'NONE', #7547, #7703, #1654 ) ;
#3693 = FILL_AREA_STYLE ('',( #2016 ) ) ;
#3694 = DIRECTION ( 'NONE',  ( 0.000000000000000000, 0.000000000000000000, 1.000000000000000000 ) ) ;
#3695 = CARTESIAN_POINT ( 'NONE',  ( 0.2086614173228346636, -0.06603488399787402208, 0.000000000000000000 ) ) ;
#3696 = DIMENSIONAL_EXPONENTS ( 1.000000000000000000, 0.000000000000000000, 0.000000000000000000, 0.000000000000000000, 0.000000000000000000, 0.000000000000000000, 0.000000000000000000 ) ;
#3697 = FILL_AREA_STYLE ('',( #5438 ) ) ;
#3698 = VECTOR ( 'NONE', #1758, 39.37007874015748143 ) ;
#3699 = SURFACE_STYLE_USAGE ( .BOTH. , #5594 ) ;
#3700 = PRESENTATION_STYLE_ASSIGNMENT (( #6605 ) ) ;
#3701 = FILL_AREA_STYLE_COLOUR ( '', #5874 ) ;
#3702 =( CONVERSION_BASED_UNIT ( 'INCH', #4923 ) LENGTH_UNIT ( ) NAMED_UNIT ( #7400 ) );
#3703 = ORIENTED_EDGE ( 'NONE', *, *, #1108, .T. ) ;
#3704 = VECTOR ( 'NONE', #3505, 39.37007874015748143 ) ;
#3705 = PLANE ( 'NONE',  #1773 ) ;
#3706 = EDGE_CURVE ( 'NONE', #1357, #5482, #3541, .T. ) ;
#3707 = EDGE_LOOP ( 'NONE', ( #191, #6066, #5035, #2391 ) ) ;
#3708 = EDGE_CURVE ( 'NONE', #565, #2678, #5504, .T. ) ;
#3709 =( GEOMETRIC_REPRESENTATION_CONTEXT ( 3 ) GLOBAL_UNCERTAINTY_ASSIGNED_CONTEXT ( ( #4050 ) ) GLOBAL_UNIT_ASSIGNED_CONTEXT ( ( #4243, #2480, #1959 ) ) REPRESENTATION_CONTEXT ( 'NONE', 'WORKASPACE' ) );
#3710 = UNCERTAINTY_MEASURE_WITH_UNIT (LENGTH_MEASURE( 1.000000000000000082E-05 ), #1973, 'distance_accuracy_value', 'NONE');
#3711 = PRESENTATION_STYLE_ASSIGNMENT (( #77 ) ) ;
#3712 = ADVANCED_FACE ( 'NONE', ( #2310 ), #6126, .T. ) ;
#3713 = SURFACE_STYLE_FILL_AREA ( #1332 ) ;
#3714 = DIRECTION ( 'NONE',  ( 0.000000000000000000, 0.000000000000000000, 1.000000000000000000 ) ) ;
#3715 = CARTESIAN_POINT ( 'NONE',  ( 0.01968503937007873988, -0.2572565284661417206, 0.007874015748031495954 ) ) ;
#3716 = COLOUR_RGB ( '',0.7490196078431372584, 0.7490196078431372584, 0.7490196078431372584 ) ;
#3717 = VERTEX_POINT ( 'NONE', #6204 ) ;
#3718 = FILL_AREA_STYLE ('',( #4941 ) ) ;
#3719 = SURFACE_STYLE_USAGE ( .BOTH. , #169 ) ;
#3720 = EDGE_LOOP ( 'NONE', ( #3458, #7346, #129, #3001 ) ) ;
#3721 = FILL_AREA_STYLE_COLOUR ( '', #1190 ) ;
#3722 =( NAMED_UNIT ( * ) PLANE_ANGLE_UNIT ( ) SI_UNIT ( $, .RADIAN. ) );
#3723 =( LENGTH_UNIT ( ) NAMED_UNIT ( * ) SI_UNIT ( $, .METRE. ) );
#3724 = EDGE_CURVE ( 'NONE', #534, #5378, #6821, .T. ) ;
#3725 = DIRECTION ( 'NONE',  ( -0.000000000000000000, -0.000000000000000000, -1.000000000000000000 ) ) ;
#3726 = ORIENTED_EDGE ( 'NONE', *, *, #7324, .F. ) ;
#3727 =( NAMED_UNIT ( * ) PLANE_ANGLE_UNIT ( ) SI_UNIT ( $, .RADIAN. ) );
#3728 = ORIENTED_EDGE ( 'NONE', *, *, #6122, .F. ) ;
#3729 = AXIS2_PLACEMENT_3D ( 'NONE', #3036, #1236, #70 ) ;
#3730 = CARTESIAN_POINT ( 'NONE',  ( -0.2086614173228346636, 0.1276890742665748035, 0.09448818897637795144 ) ) ;
#3731 = STYLED_ITEM ( 'NONE', ( #1309 ), #7111 ) ;
#3732 = CARTESIAN_POINT ( 'NONE',  ( -1.777545739647244141E-12, 0.1300921114227165387, 0.09842519685039370636 ) ) ;
#3733 = UNCERTAINTY_MEASURE_WITH_UNIT (LENGTH_MEASURE( 1.000000000000000082E-05 ), #513, 'distance_accuracy_value', 'NONE');
#3734 = FILL_AREA_STYLE ('',( #780 ) ) ;
#3735 = PRESENTATION_LAYER_ASSIGNMENT (  '', '', ( #568 ) ) ;
#3736 = FILL_AREA_STYLE_COLOUR ( '', #3194 ) ;
#3737 = LENGTH_MEASURE_WITH_UNIT ( LENGTH_MEASURE( 0.02539999999999999897 ), #1985 );
#3738 = ORIENTED_EDGE ( 'NONE', *, *, #2415, .T. ) ;
#3740 =( NAMED_UNIT ( * ) SI_UNIT ( $, .STERADIAN. ) SOLID_ANGLE_UNIT ( ) );
#3739 = MECHANICAL_DESIGN_GEOMETRIC_PRESENTATION_REPRESENTATION (  '', ( #571 ), #1299 ) ;
#3741 = ORIENTED_EDGE ( 'NONE', *, *, #1344, .T. ) ;
#3742 = DIMENSIONAL_EXPONENTS ( 1.000000000000000000, 0.000000000000000000, 0.000000000000000000, 0.000000000000000000, 0.000000000000000000, 0.000000000000000000, 0.000000000000000000 ) ;
#3743 = CARTESIAN_POINT ( 'NONE',  ( 0.1867316795943700647, -0.1040084880705905435, 0.01968503937007873988 ) ) ;
#3744 = EDGE_CURVE ( 'NONE', #383, #2065, #5581, .T. ) ;
#3745 = ORIENTED_EDGE ( 'NONE', *, *, #3607, .T. ) ;
#3746 =( NAMED_UNIT ( * ) SI_UNIT ( $, .STERADIAN. ) SOLID_ANGLE_UNIT ( ) );
#3747 = CARTESIAN_POINT ( 'NONE',  ( 0.1317780463944678571, 0.1952958516381093912, 0.09448818897637795144 ) ) ;
#3748 = AXIS2_PLACEMENT_3D ( 'NONE', #6834, #2505, #1870 ) ;
#3749 = VECTOR ( 'NONE', #5288, 39.37007874015748143 ) ;
#3750 =( CONVERSION_BASED_UNIT ( 'INCH', #718 ) LENGTH_UNIT ( ) NAMED_UNIT ( #2209 ) );
#3751 = LINE ( 'NONE', #6114, #3296 ) ;
#3752 = EDGE_CURVE ( 'NONE', #1854, #534, #6243, .T. ) ;
#3753 = VECTOR ( 'NONE', #7655, 39.37007874015748143 ) ;
#3754 = EDGE_CURVE ( 'NONE', #1561, #6313, #3141, .T. ) ;
#3755 = ORIENTED_EDGE ( 'NONE', *, *, #97, .F. ) ;
#3756 =( LENGTH_UNIT ( ) NAMED_UNIT ( * ) SI_UNIT ( $, .METRE. ) );
#3757 = LINE ( 'NONE', #3132, #7016 ) ;
#3758 = ORIENTED_EDGE ( 'NONE', *, *, #5211, .F. ) ;
#3759 = DIRECTION ( 'NONE',  ( 1.000000000000000000, -4.512561924732999726E-16, 0.000000000000000000 ) ) ;
#3760 = DIRECTION ( 'NONE',  ( 0.000000000000000000, 0.000000000000000000, 1.000000000000000000 ) ) ;
#3761 =( NAMED_UNIT ( * ) SI_UNIT ( $, .STERADIAN. ) SOLID_ANGLE_UNIT ( ) );
#3762 = COLOUR_RGB ( '',0.2784313725490196179, 0.2784313725490196179, 0.2784313725490196179 ) ;
#3763 = EDGE_CURVE ( 'NONE', #6031, #6447, #2395, .T. ) ;
#3764 = CARTESIAN_POINT ( 'NONE',  ( -0.1867316795943701202, -0.05814270379311024112, 0.09448818897637795144 ) ) ;
#3765 = EDGE_LOOP ( 'NONE', ( #3133, #1836, #7358, #5106 ) ) ;
#3766 = SURFACE_STYLE_FILL_AREA ( #3143 ) ;
#3767 = ORIENTED_EDGE ( 'NONE', *, *, #5643, .F. ) ;
#3768 = VECTOR ( 'NONE', #6302, 39.37007874015748143 ) ;
#3769 = DIRECTION ( 'NONE',  ( 1.000000000000000000, 0.000000000000000000, 0.000000000000000000 ) ) ;
#3770 =( LENGTH_UNIT ( ) NAMED_UNIT ( * ) SI_UNIT ( $, .METRE. ) );
#3771 = STYLED_ITEM ( 'NONE', ( #912 ), #7685 ) ;
#3772 = LINE ( 'NONE', #3229, #2195 ) ;
#3773 = EDGE_CURVE ( 'NONE', #3078, #6977, #488, .T. ) ;
#3774 = DIRECTION ( 'NONE',  ( 1.000000000000000000, 0.000000000000000000, 0.000000000000000000 ) ) ;
#3775 = DIRECTION ( 'NONE',  ( 0.000000000000000000, 0.000000000000000000, 1.000000000000000000 ) ) ;
#3776 =( LENGTH_UNIT ( ) NAMED_UNIT ( * ) SI_UNIT ( $, .METRE. ) );
#3777 = FILL_AREA_STYLE_COLOUR ( '', #300 ) ;
#3778 = EDGE_LOOP ( 'NONE', ( #5469, #6475, #2989, #1476, #3885, #1419, #2528, #2927, #2583, #7656, #4196, #4824 ) ) ;
#3779 = CARTESIAN_POINT ( 'NONE',  ( 0.000000000000000000, -0.2651305442141732582, 0.02492565335188976286 ) ) ;
#3780 = LINE ( 'NONE', #4889, #2034 ) ;
#3781 = ORIENTED_EDGE ( 'NONE', *, *, #5277, .T. ) ;
#3782 = VECTOR ( 'NONE', #5138, 39.37007874015748143 ) ;
#3783 = LINE ( 'NONE', #3206, #3782 ) ;
#3784 = UNCERTAINTY_MEASURE_WITH_UNIT (LENGTH_MEASURE( 1.000000000000000082E-05 ), #6128, 'distance_accuracy_value', 'NONE');
#3785 = EDGE_LOOP ( 'NONE', ( #4909, #929, #5893, #5403 ) ) ;
#3786 = PRODUCT_DEFINITION_SHAPE ( 'NONE', 'NONE',  #7889 ) ;
#3787 =( GEOMETRIC_REPRESENTATION_CONTEXT ( 3 ) GLOBAL_UNCERTAINTY_ASSIGNED_CONTEXT ( ( #7371 ) ) GLOBAL_UNIT_ASSIGNED_CONTEXT ( ( #4752, #4866, #4215 ) ) REPRESENTATION_CONTEXT ( 'NONE', 'WORKASPACE' ) );
#3788 = DIRECTION ( 'NONE',  ( -0.7131463326068347985, 0.7010151983298378298, 0.000000000000000000 ) ) ;
#3789 = SURFACE_STYLE_USAGE ( .BOTH. , #6805 ) ;
#3790 = DIRECTION ( 'NONE',  ( 0.000000000000000000, -0.000000000000000000, -1.000000000000000000 ) ) ;
#3791 = DIMENSIONAL_EXPONENTS ( 1.000000000000000000, 0.000000000000000000, 0.000000000000000000, 0.000000000000000000, 0.000000000000000000, 0.000000000000000000, 0.000000000000000000 ) ;
#3792 = VERTEX_POINT ( 'NONE', #7463 ) ;
#3793 =( NAMED_UNIT ( * ) SI_UNIT ( $, .STERADIAN. ) SOLID_ANGLE_UNIT ( ) );
#3794 =( NAMED_UNIT ( * ) PLANE_ANGLE_UNIT ( ) SI_UNIT ( $, .RADIAN. ) );
#3795 = EDGE_LOOP ( 'NONE', ( #3116, #2392, #1977, #3576 ) ) ;
#3796 = VECTOR ( 'NONE', #729, 39.37007874015748143 ) ;
#3797 = CARTESIAN_POINT ( 'NONE',  ( 0.1800760939070866484, 0.1992328590562992274, 0.09448818897637795144 ) ) ;
#3798 = SURFACE_STYLE_USAGE ( .BOTH. , #5532 ) ;
#3799 = EDGE_CURVE ( 'NONE', #3792, #2817, #222, .T. ) ;
#3800 = ADVANCED_BREP_SHAPE_REPRESENTATION ( '', ( #865, #1997 ), #5591 ) ;
#3801 = EDGE_CURVE ( 'NONE', #1581, #3120, #1265, .T. ) ;
#3802 = STYLED_ITEM ( 'NONE', ( #4094 ), #893 ) ;
#3803 = AXIS2_PLACEMENT_3D ( 'NONE', #6367, #4826, #6079 ) ;
#3804 = DIRECTION ( 'NONE',  ( -0.000000000000000000, 1.000000000000000000, 0.000000000000000000 ) ) ;
#3805 =( CONVERSION_BASED_UNIT ( 'INCH', #5034 ) LENGTH_UNIT ( ) NAMED_UNIT ( #7290 ) );
#3806 = ORIENTED_EDGE ( 'NONE', *, *, #6493, .T. ) ;
#3807 = CARTESIAN_POINT ( 'NONE',  ( -0.05118110236220472370, 0.3147934927945275629, 0.000000000000000000 ) ) ;
#3808 = ORIENTED_EDGE ( 'NONE', *, *, #1768, .T. ) ;
#3809 = CARTESIAN_POINT ( 'NONE',  ( 8.741913579724409950E-17, 0.04035433070866142197, 0.08661417322874015445 ) ) ;
#3810 = LENGTH_MEASURE_WITH_UNIT ( LENGTH_MEASURE( 0.02539999999999999897 ), #6866 );
#3811 = VECTOR ( 'NONE', #6094, 39.37007874015748143 ) ;
#3812 = CARTESIAN_POINT ( 'NONE',  ( 0.1624883442576772197, -0.1151975727482677236, 0.09448818897637795144 ) ) ;
#3813 = UNCERTAINTY_MEASURE_WITH_UNIT (LENGTH_MEASURE( 1.000000000000000082E-05 ), #1553, 'distance_accuracy_value', 'NONE');
#3814 = VECTOR ( 'NONE', #2226, 39.37007874015748143 ) ;
#3815 = ADVANCED_FACE ( 'NONE', ( #6903 ), #1932, .T. ) ;
#3816 = DIRECTION ( 'NONE',  ( 0.000000000000000000, -0.000000000000000000, 1.000000000000000000 ) ) ;
#3817 = VECTOR ( 'NONE', #225, 39.37007874015748143 ) ;
#3818 = ORIENTED_EDGE ( 'NONE', *, *, #3345, .F. ) ;
#3819 = FACE_OUTER_BOUND ( 'NONE', #5876, .T. ) ;
#3820 = SURFACE_STYLE_FILL_AREA ( #5089 ) ;
#3821 = FILL_AREA_STYLE_COLOUR ( '', #6653 ) ;
#3822 = ORIENTED_EDGE ( 'NONE', *, *, #671, .T. ) ;
#3823 = FILL_AREA_STYLE_COLOUR ( '', #1015 ) ;
#3824 = ORIENTED_EDGE ( 'NONE', *, *, #1721, .T. ) ;
#3825 = EDGE_CURVE ( 'NONE', #336, #6688, #6806, .T. ) ;
#3826 = COLOUR_RGB ( '',0.7490196078431372584, 0.7490196078431372584, 0.7490196078431372584 ) ;
#3827 = LENGTH_MEASURE_WITH_UNIT ( LENGTH_MEASURE( 0.02539999999999999897 ), #5842 );
#3828 = FILL_AREA_STYLE_COLOUR ( '', #850 ) ;
#3829 = ORIENTED_EDGE ( 'NONE', *, *, #1334, .T. ) ;
#3830 = VECTOR ( 'NONE', #4247, 39.37007874015748143 ) ;
#3831 = DIRECTION ( 'NONE',  ( 0.000000000000000000, -0.000000000000000000, 1.000000000000000000 ) ) ;
#3832 =( LENGTH_UNIT ( ) NAMED_UNIT ( * ) SI_UNIT ( $, .METRE. ) );
#3833 = AXIS2_PLACEMENT_3D ( 'NONE', #326, #5221, #2918 ) ;
#3834 = CARTESIAN_POINT ( 'NONE',  ( 0.1800760939070866207, 0.1276890742665748035, 0.000000000000000000 ) ) ;
#3835 = FILL_AREA_STYLE_COLOUR ( '', #7326 ) ;
#3836 = ORIENTED_EDGE ( 'NONE', *, *, #6153, .F. ) ;
#3837 = LINE ( 'NONE', #1119, #6943 ) ;
#3838 = PRESENTATION_STYLE_ASSIGNMENT (( #1966 ) ) ;
#3839 = DIRECTION ( 'NONE',  ( 0.7010151983298152922, 0.7131463326068568920, 0.000000000000000000 ) ) ;
#3840 =( GEOMETRIC_REPRESENTATION_CONTEXT ( 3 ) GLOBAL_UNCERTAINTY_ASSIGNED_CONTEXT ( ( #2438 ) ) GLOBAL_UNIT_ASSIGNED_CONTEXT ( ( #6602, #3032, #5512 ) ) REPRESENTATION_CONTEXT ( 'NONE', 'WORKASPACE' ) );
#3841 = LINE ( 'NONE', #6356, #579 ) ;
#3842 = DIRECTION ( 'NONE',  ( -0.000000000000000000, -1.000000000000000000, 0.000000000000000000 ) ) ;
#3843 = DIRECTION ( 'NONE',  ( 0.000000000000000000, 0.000000000000000000, 1.000000000000000000 ) ) ;
#3844 = COLOUR_RGB ( '',0.2784313725490196179, 0.2784313725490196179, 0.2784313725490196179 ) ;
#3845 =( NAMED_UNIT ( * ) PLANE_ANGLE_UNIT ( ) SI_UNIT ( $, .RADIAN. ) );
#3846 = SURFACE_STYLE_USAGE ( .BOTH. , #1391 ) ;
#3847 = ORIENTED_EDGE ( 'NONE', *, *, #3201, .F. ) ;
#3848 = LINE ( 'NONE', #807, #2242 ) ;
#3849 =( LENGTH_UNIT ( ) NAMED_UNIT ( * ) SI_UNIT ( $, .METRE. ) );
#3850 = EDGE_CURVE ( 'NONE', #2646, #5746, #4407, .T. ) ;
#3851 = CARTESIAN_POINT ( 'NONE',  ( 0.000000000000000000, 0.1878684657093700749, 0.03279966909992126228 ) ) ;
#3852 = DIMENSIONAL_EXPONENTS ( 1.000000000000000000, 0.000000000000000000, 0.000000000000000000, 0.000000000000000000, 0.000000000000000000, 0.000000000000000000, 0.000000000000000000 ) ;
#3853 =( NAMED_UNIT ( * ) SI_UNIT ( $, .STERADIAN. ) SOLID_ANGLE_UNIT ( ) );
#3854 = SURFACE_STYLE_USAGE ( .BOTH. , #2056 ) ;
#3855 = FILL_AREA_STYLE ('',( #2145 ) ) ;
#3856 = EDGE_CURVE ( 'NONE', #3174, #357, #3751, .T. ) ;
#3857 =( NAMED_UNIT ( * ) SI_UNIT ( $, .STERADIAN. ) SOLID_ANGLE_UNIT ( ) );
#3858 = VERTEX_POINT ( 'NONE', #4457 ) ;
#3859 = FILL_AREA_STYLE ('',( #3823 ) ) ;
#3860 = PLANE ( 'NONE',  #4666 ) ;
#3861 = ORIENTED_EDGE ( 'NONE', *, *, #7216, .F. ) ;
#3863 = EDGE_CURVE ( 'NONE', #570, #2922, #1252, .T. ) ;
#3862 = UNCERTAINTY_MEASURE_WITH_UNIT (LENGTH_MEASURE( 1.000000000000000082E-05 ), #4511, 'distance_accuracy_value', 'NONE');
#3864 = ORIENTED_EDGE ( 'NONE', *, *, #3568, .T. ) ;
#3865 = VECTOR ( 'NONE', #6015, 39.37007874015748143 ) ;
#3866 = LINE ( 'NONE', #2592, #6689 ) ;
#3867 = PRESENTATION_STYLE_ASSIGNMENT (( #5804 ) ) ;
#3868 = ORIENTED_EDGE ( 'NONE', *, *, #205, .T. ) ;
#3869 = PRESENTATION_STYLE_ASSIGNMENT (( #6844 ) ) ;
#3870 = MECHANICAL_DESIGN_GEOMETRIC_PRESENTATION_REPRESENTATION (  '', ( #5315 ), #6543 ) ;
#3871 = LENGTH_MEASURE_WITH_UNIT ( LENGTH_MEASURE( 0.02539999999999999897 ), #6894 );
#3872 = ORIENTED_EDGE ( 'NONE', *, *, #6200, .T. ) ;
#3873 = PLANE ( 'NONE',  #472 ) ;
#3874 = CARTESIAN_POINT ( 'NONE',  ( 0.01968503937007873988, -0.2651305442141732582, 0.000000000000000000 ) ) ;
#3875 = EDGE_LOOP ( 'NONE', ( #4706, #2670, #1755, #2862 ) ) ;
#3876 = CARTESIAN_POINT ( 'NONE',  ( -0.1624883442576771919, -0.1151975727482677236, 0.000000000000000000 ) ) ;
#3877 = VECTOR ( 'NONE', #352, 39.37007874015748143 ) ;
#3878 = APPLICATION_PROTOCOL_DEFINITION ( 'draft international standard', 'automotive_design', 1998, #5681 ) ;
#3879 = DIRECTION ( 'NONE',  ( -1.000000000000000000, 0.000000000000000000, 0.000000000000000000 ) ) ;
#3880 = SURFACE_SIDE_STYLE ('',( #4057 ) ) ;
#3881 = VECTOR ( 'NONE', #7477, 39.37007874015748143 ) ;
#3882 = CARTESIAN_POINT ( 'NONE',  ( -0.07874015748031495954, -0.1983960629326377845, 0.02492565335188976286 ) ) ;
#3883 = VERTEX_POINT ( 'NONE', #3715 ) ;
#3884 = LENGTH_MEASURE_WITH_UNIT ( LENGTH_MEASURE( 0.02539999999999999897 ), #2012 );
#3885 = ORIENTED_EDGE ( 'NONE', *, *, #1093, .T. ) ;
#3886 = FILL_AREA_STYLE_COLOUR ( '', #1113 ) ;
#3887 = STYLED_ITEM ( 'NONE', ( #6518 ), #3040 ) ;
#3888 = DIRECTION ( 'NONE',  ( 4.512561924731610345E-16, 1.000000000000000000, -1.389654727862720099E-28 ) ) ;
#3889 = STYLED_ITEM ( 'NONE', ( #6206 ), #6344 ) ;
#3890 = UNCERTAINTY_MEASURE_WITH_UNIT (LENGTH_MEASURE( 1.000000000000000082E-05 ), #3526, 'distance_accuracy_value', 'NONE');
#3891 = DIRECTION ( 'NONE',  ( -1.000000000000000000, -0.000000000000000000, -0.000000000000000000 ) ) ;
#3892 = CARTESIAN_POINT ( 'NONE',  ( -0.1827946717203543514, -0.06934995292858267546, 0.09842519685039370636 ) ) ;
#3893 = DIRECTION ( 'NONE',  ( 0.000000000000000000, -1.000000000000000000, 0.000000000000000000 ) ) ;
#3894 = LINE ( 'NONE', #2792, #3881 ) ;
#3895 = LINE ( 'NONE', #275, #7753 ) ;
#3896 = CARTESIAN_POINT ( 'NONE',  ( -0.1840131017811023617, 0.1889558061521260102, 0.09448818897637795144 ) ) ;
#3897 = PLANE ( 'NONE',  #676 ) ;
#3898 = LENGTH_MEASURE_WITH_UNIT ( LENGTH_MEASURE( 0.02539999999999999897 ), #3042 );
#3899 = STYLED_ITEM ( 'NONE', ( #4863 ), #7347 ) ;
#3901 = VERTEX_POINT ( 'NONE', #3087 ) ;
#3900 = PRESENTATION_LAYER_ASSIGNMENT (  '', '', ( #1867 ) ) ;
#3902 = EDGE_CURVE ( 'NONE', #551, #292, #1335, .T. ) ;
#3903 = EDGE_CURVE ( 'NONE', #997, #3603, #1924, .T. ) ;
#3904 = CARTESIAN_POINT ( 'NONE',  ( -0.1800760939070866207, 0.1276890742665748035, 0.000000000000000000 ) ) ;
#3905 = PRESENTATION_LAYER_ASSIGNMENT (  '', '', ( #3771 ) ) ;
#3906 =( GEOMETRIC_REPRESENTATION_CONTEXT ( 3 ) GLOBAL_UNCERTAINTY_ASSIGNED_CONTEXT ( ( #6976 ) ) GLOBAL_UNIT_ASSIGNED_CONTEXT ( ( #521, #2961, #3072 ) ) REPRESENTATION_CONTEXT ( 'NONE', 'WORKASPACE' ) );
#3907 = SURFACE_STYLE_FILL_AREA ( #7677 ) ;
#3908 = DIRECTION ( 'NONE',  ( 0.000000000000000000, 0.000000000000000000, -1.000000000000000000 ) ) ;
#3909 = PLANE ( 'NONE',  #746 ) ;
#3910 = VERTEX_POINT ( 'NONE', #6149 ) ;
#3911 = VECTOR ( 'NONE', #6449, 39.37007874015748143 ) ;
#3912 = VECTOR ( 'NONE', #7341, 39.37007874015748143 ) ;
#3913 =( NAMED_UNIT ( * ) SI_UNIT ( $, .STERADIAN. ) SOLID_ANGLE_UNIT ( ) );
#3914 = EDGE_CURVE ( 'NONE', #5796, #4340, #4327, .T. ) ;
#3915 =( LENGTH_UNIT ( ) NAMED_UNIT ( * ) SI_UNIT ( $, .METRE. ) );
#3916 = EDGE_LOOP ( 'NONE', ( #4475, #1410, #1806, #1448 ) ) ;
#3917 = DIRECTION ( 'NONE',  ( 1.000000000000000000, 0.000000000000000000, 0.000000000000000000 ) ) ;
#3918 = PRODUCT_DEFINITION_FORMATION_WITH_SPECIFIED_SOURCE ( 'ANY', '', #2233, .NOT_KNOWN. ) ;
#3919 = DIRECTION ( 'NONE',  ( -0.000000000000000000, 1.033269005039449977E-31, -1.000000000000000000 ) ) ;
#3920 = DIRECTION ( 'NONE',  ( 0.000000000000000000, 0.000000000000000000, -1.000000000000000000 ) ) ;
#3921 =( LENGTH_UNIT ( ) NAMED_UNIT ( * ) SI_UNIT ( $, .METRE. ) );
#3922 = CONTEXT_DEPENDENT_SHAPE_REPRESENTATION ( #3070, #3786 ) ;
#3923 = PRODUCT_DEFINITION_SHAPE ( 'NONE', 'NONE',  #7893 ) ;
#3924 = EDGE_CURVE ( 'NONE', #6232, #1793, #4979, .T. ) ;
#3925 = FILL_AREA_STYLE_COLOUR ( '', #5691 ) ;
#3926 = ORIENTED_EDGE ( 'NONE', *, *, #6708, .F. ) ;
#3927 = DIRECTION ( 'NONE',  ( -1.000000000000000000, 0.000000000000000000, 0.000000000000000000 ) ) ;
#3928 = FACE_OUTER_BOUND ( 'NONE', #4492, .T. ) ;
#3929 = DIRECTION ( 'NONE',  ( -0.000000000000000000, -1.000000000000000000, -0.000000000000000000 ) ) ;
#3930 = DIRECTION ( 'NONE',  ( 1.000000000000000000, 0.000000000000000000, 0.000000000000000000 ) ) ;
#3931 = CARTESIAN_POINT ( 'NONE',  ( 0.000000000000000000, 0.04035433070866142197, 0.09448818897637795144 ) ) ;
#3932 =( NAMED_UNIT ( * ) SI_UNIT ( $, .STERADIAN. ) SOLID_ANGLE_UNIT ( ) );
#3933 = VECTOR ( 'NONE', #5262, 39.37007874015748143 ) ;
#3934 = SURFACE_SIDE_STYLE ('',( #269 ) ) ;
#3935 = CARTESIAN_POINT ( 'NONE',  ( 0.1771653543307086798, 0.04035433070866142197, 0.000000000000000000 ) ) ;
#3936 = FILL_AREA_STYLE_COLOUR ( '', #6955 ) ;
#3937 = ORIENTED_EDGE ( 'NONE', *, *, #1527, .F. ) ;
#3938 = DIRECTION ( 'NONE',  ( 0.000000000000000000, 0.000000000000000000, 1.000000000000000000 ) ) ;
#3939 = CARTESIAN_POINT ( 'NONE',  ( -0.1181102362204724532, -0.1983960629326377845, 0.003937007874015747977 ) ) ;
#3940 = CARTESIAN_POINT ( 'NONE',  ( -0.05118110236220472370, 0.2563213514097637535, 0.02098864547787401835 ) ) ;
#3941 = MECHANICAL_DESIGN_GEOMETRIC_PRESENTATION_REPRESENTATION (  '', ( #7361 ), #2416 ) ;
#3942 = DIRECTION ( 'NONE',  ( 0.000000000000000000, 0.000000000000000000, 1.000000000000000000 ) ) ;
#3943 = STYLED_ITEM ( 'NONE', ( #1138 ), #203 ) ;
#3944 = VERTEX_POINT ( 'NONE', #2444 ) ;
#3945 = CARTESIAN_POINT ( 'NONE',  ( 0.000000000000000000, 0.2681323750318110322, 0.01181102362204724393 ) ) ;
#3946 = COLOUR_RGB ( '',0.2784313725490196179, 0.2784313725490196179, 0.2784313725490196179 ) ;
#3947 = PRESENTATION_STYLE_ASSIGNMENT (( #2797 ) ) ;
#3948 = ORIENTED_EDGE ( 'NONE', *, *, #730, .T. ) ;
#3949 = PRODUCT ( 'Open CASCADE STEP translator 6.8 1', 'Open CASCADE STEP translator 6.8 1', '', ( #5110 ) ) ;
#3950 = AXIS2_PLACEMENT_3D ( 'NONE', #1215, #4212, #1729 ) ;
#3951 = PRESENTATION_LAYER_ASSIGNMENT (  '', '', ( #7370 ) ) ;
#3952 = SURFACE_STYLE_FILL_AREA ( #6839 ) ;
#3953 = CARTESIAN_POINT ( 'NONE',  ( -0.1761390860324803243, 0.1952958511832283695, 0.09448818897637795144 ) ) ;
#3954 = UNCERTAINTY_MEASURE_WITH_UNIT (LENGTH_MEASURE( 1.000000000000000082E-05 ), #1080, 'distance_accuracy_value', 'NONE');
#3955 = PRODUCT_DEFINITION ( 'UNKNOWN', '', #3918, #4936 ) ;
#3956 = LINE ( 'NONE', #1551, #3933 ) ;
#3957 = CARTESIAN_POINT ( 'NONE',  ( 0.1811068001582643860, 0.1300921114227165387, 0.09842519685039366473 ) ) ;
#3958 = EDGE_CURVE ( 'NONE', #4541, #3328, #3173, .T. ) ;
#3959 = EDGE_LOOP ( 'NONE', ( #1938, #4784, #1422, #7714 ) ) ;
#3960 = SURFACE_STYLE_FILL_AREA ( #6310 ) ;
#3961 = CARTESIAN_POINT ( 'NONE',  ( -0.1377952755880268165, 0.04035433070866142197, -0.04330708661225397826 ) ) ;
#3962 = VECTOR ( 'NONE', #41, 39.37007874015748143 ) ;
#3963 = UNCERTAINTY_MEASURE_WITH_UNIT (LENGTH_MEASURE( 1.000000000000000082E-05 ), #4486, 'distance_accuracy_value', 'NONE');
#3964 = ORIENTED_EDGE ( 'NONE', *, *, #2986, .T. ) ;
#3965 =( NAMED_UNIT ( * ) PLANE_ANGLE_UNIT ( ) SI_UNIT ( $, .RADIAN. ) );
#3966 = ORIENTED_EDGE ( 'NONE', *, *, #3127, .F. ) ;
#3967 = SURFACE_STYLE_USAGE ( .BOTH. , #337 ) ;
#3968 = DIRECTION ( 'NONE',  ( 4.445400466247999577E-16, -1.000000000000000000, 0.000000000000000000 ) ) ;
#3969 = EDGE_CURVE ( 'NONE', #7649, #5586, #5524, .T. ) ;
#3970 = LINE ( 'NONE', #7413, #3267 ) ;
#3971 = ITEM_DEFINED_TRANSFORMATION ( 'NONE', 'NONE', #3170,  #1997 ) ;
#3972 = LENGTH_MEASURE_WITH_UNIT ( LENGTH_MEASURE( 0.02539999999999999897 ), #7033 );
#3973 = AXIS2_PLACEMENT_3D ( 'NONE', #6579, #1023, #1059 ) ;
#3974 = CARTESIAN_POINT ( 'NONE',  ( 0.1848497373060365434, -0.06934995292858266158, 0.09800089332129847952 ) ) ;
#3975 = VECTOR ( 'NONE', #2535, 39.37007874015748143 ) ;
#3976 = EDGE_LOOP ( 'NONE', ( #1280, #2042, #3089, #5517 ) ) ;
#3977 = DIRECTION ( 'NONE',  ( 0.000000000000000000, -0.000000000000000000, -1.000000000000000000 ) ) ;
#3978 = CARTESIAN_POINT ( 'NONE',  ( -0.1800760939070866207, 0.1300921114227165387, 0.01968503937007873988 ) ) ;
#3979 = ORIENTED_EDGE ( 'NONE', *, *, #2799, .F. ) ;
#3980 = LENGTH_MEASURE_WITH_UNIT ( LENGTH_MEASURE( 0.02539999999999999897 ), #3849 );
#3981 = CARTESIAN_POINT ( 'NONE',  ( 0.07874015748031495954, 0.04035433070866142197, 0.09842519685078740532 ) ) ;
#3982 = ADVANCED_FACE ( 'NONE', ( #3128 ), #7332, .F. ) ;
#3983 = CARTESIAN_POINT ( 'NONE',  ( 0.1186694271012985052, -0.2490157480314953431, 0.09448818897637795144 ) ) ;
#3984 =( NAMED_UNIT ( * ) SI_UNIT ( $, .STERADIAN. ) SOLID_ANGLE_UNIT ( ) );
#3985 = SURFACE_SIDE_STYLE ('',( #1003 ) ) ;
#3986 = CARTESIAN_POINT ( 'NONE',  ( 0.1827946717203937643, -0.06603488399787402208, 0.000000000000000000 ) ) ;
#3987 = ORIENTED_EDGE ( 'NONE', *, *, #3559, .T. ) ;
#3988 = CARTESIAN_POINT ( 'NONE',  ( -0.05118110236220472370, 0.2855574221021653925, 0.003937007874015747977 ) ) ;
#3989 =( NAMED_UNIT ( * ) SI_UNIT ( $, .STERADIAN. ) SOLID_ANGLE_UNIT ( ) );
#3990 = PRESENTATION_LAYER_ASSIGNMENT (  '', '', ( #7402 ) ) ;
#3991 = DIRECTION ( 'NONE',  ( -0.000000000000000000, 1.000000000000000000, 0.000000000000000000 ) ) ;
#3992 = DIMENSIONAL_EXPONENTS ( 1.000000000000000000, 0.000000000000000000, 0.000000000000000000, 0.000000000000000000, 0.000000000000000000, 0.000000000000000000, 0.000000000000000000 ) ;
#3993 = CARTESIAN_POINT ( 'NONE',  ( 0.1800760939070866484, 0.1276890742665748035, 0.09448818897637795144 ) ) ;
#3994 = SURFACE_SIDE_STYLE ('',( #5843 ) ) ;
#3995 = ORIENTED_EDGE ( 'NONE', *, *, #547, .T. ) ;
#3996 = DIRECTION ( 'NONE',  ( -0.000000000000000000, 0.000000000000000000, -1.000000000000000000 ) ) ;
#3997 = FILL_AREA_STYLE ('',( #4042 ) ) ;
#3998 = FACE_OUTER_BOUND ( 'NONE', #7848, .T. ) ;
#3999 = ORIENTED_EDGE ( 'NONE', *, *, #2761, .T. ) ;
#4000 = PLANE ( 'NONE',  #4885 ) ;
#4001 = DIMENSIONAL_EXPONENTS ( 1.000000000000000000, 0.000000000000000000, 0.000000000000000000, 0.000000000000000000, 0.000000000000000000, 0.000000000000000000, 0.000000000000000000 ) ;
#4002 = SURFACE_STYLE_FILL_AREA ( #7024 ) ;
#4003 =( GEOMETRIC_REPRESENTATION_CONTEXT ( 3 ) GLOBAL_UNCERTAINTY_ASSIGNED_CONTEXT ( ( #1559 ) ) GLOBAL_UNIT_ASSIGNED_CONTEXT ( ( #2175, #4634, #424 ) ) REPRESENTATION_CONTEXT ( 'NONE', 'WORKASPACE' ) );
#4004 = VERTEX_POINT ( 'NONE', #1418 ) ;
#4005 = ORIENTED_EDGE ( 'NONE', *, *, #5481, .F. ) ;
#4006 = SURFACE_STYLE_FILL_AREA ( #3340 ) ;
#4007 =( LENGTH_UNIT ( ) NAMED_UNIT ( * ) SI_UNIT ( $, .METRE. ) );
#4008 = LINE ( 'NONE', #4665, #2595 ) ;
#4009 = SHAPE_DEFINITION_REPRESENTATION ( #6996, #7241 ) ;
#4010 = SURFACE_STYLE_USAGE ( .BOTH. , #1563 ) ;
#4011 = VECTOR ( 'NONE', #980, 39.37007874015748143 ) ;
#4012 = CARTESIAN_POINT ( 'NONE',  ( -0.1585513363853740254, -0.2028275265805563887, 0.09842519685039370636 ) ) ;
#4013 = EDGE_CURVE ( 'NONE', #2922, #1793, #2511, .T. ) ;
#4014 = ADVANCED_FACE ( 'NONE', ( #5052 ), #3118, .T. ) ;
#4015 = EDGE_LOOP ( 'NONE', ( #7631, #3999, #4996, #15, #7574, #920, #7360, #3808, #736, #1427, #6822, #3822 ) ) ;
#4016 = DIRECTION ( 'NONE',  ( 0.7010151984155689187, 0.7131463325225618766, 0.000000000000000000 ) ) ;
#4017 = FILL_AREA_STYLE_COLOUR ( '', #2086 ) ;
#4018 = EDGE_LOOP ( 'NONE', ( #2664, #362, #6039, #4238 ) ) ;
#4019 = ORIENTED_EDGE ( 'NONE', *, *, #2695, .T. ) ;
#4020 = SURFACE_SIDE_STYLE ('',( #4637 ) ) ;
#4021 = PRODUCT ( 'Open CASCADE STEP translator 6.8 3_2', 'Open CASCADE STEP translator 6.8 3_2', '', ( #6399 ) ) ;
#4022 = SURFACE_STYLE_USAGE ( .BOTH. , #2784 ) ;
#4023 =( CONVERSION_BASED_UNIT ( 'INCH', #1002 ) LENGTH_UNIT ( ) NAMED_UNIT ( #482 ) );
#4024 = DIRECTION ( 'NONE',  ( 0.000000000000000000, -0.000000000000000000, -1.000000000000000000 ) ) ;
#4025 =( LENGTH_UNIT ( ) NAMED_UNIT ( * ) SI_UNIT ( $, .METRE. ) );
#4026 = PRESENTATION_LAYER_ASSIGNMENT (  '', '', ( #1590 ) ) ;
#4027 = PRESENTATION_LAYER_ASSIGNMENT (  '', '', ( #1302 ) ) ;
#4028 = CARTESIAN_POINT ( 'NONE',  ( -0.1836287274787042623, 0.1300921114227165387, 0.09651583448931293219 ) ) ;
#4029 = EDGE_CURVE ( 'NONE', #4225, #5075, #7856, .T. ) ;
#4030 = DIRECTION ( 'NONE',  ( -0.000000000000000000, 1.000000000000000000, 0.000000000000000000 ) ) ;
#4031 = ORIENTED_EDGE ( 'NONE', *, *, #5882, .T. ) ;
#4032 = STYLED_ITEM ( 'NONE', ( #2571 ), #2713 ) ;
#4033 = SURFACE_STYLE_USAGE ( .BOTH. , #7559 ) ;
#4034 = DIRECTION ( 'NONE',  ( 1.000000000000000000, 0.000000000000000000, -0.000000000000000000 ) ) ;
#4035 = ORIENTED_EDGE ( 'NONE', *, *, #4066, .F. ) ;
#4036 = CARTESIAN_POINT ( 'NONE',  ( -0.1800760939070866207, 0.1992328590562992274, 0.09448818897637795144 ) ) ;
#4037 = MECHANICAL_DESIGN_GEOMETRIC_PRESENTATION_REPRESENTATION (  '', ( #5556 ), #5198 ) ;
#4038 = STYLED_ITEM ( 'NONE', ( #7535 ), #6590 ) ;
#4039 =( NAMED_UNIT ( * ) PLANE_ANGLE_UNIT ( ) SI_UNIT ( $, .RADIAN. ) );
#4040 =( NAMED_UNIT ( * ) PLANE_ANGLE_UNIT ( ) SI_UNIT ( $, .RADIAN. ) );
#4041 = ORIENTED_EDGE ( 'NONE', *, *, #5849, .T. ) ;
#4042 = FILL_AREA_STYLE_COLOUR ( '', #5840 ) ;
#4043 = LINE ( 'NONE', #6471, #3193 ) ;
#4044 = ORIENTED_EDGE ( 'NONE', *, *, #159, .F. ) ;
#4045 = CARTESIAN_POINT ( 'NONE',  ( -1.777545739647244141E-12, -0.01227691951566929271, 0.09448818897637795144 ) ) ;
#4046 = VECTOR ( 'NONE', #5560, 39.37007874015748143 ) ;
#4047 = LINE ( 'NONE', #3961, #5070 ) ;
#4048 = DIMENSIONAL_EXPONENTS ( 1.000000000000000000, 0.000000000000000000, 0.000000000000000000, 0.000000000000000000, 0.000000000000000000, 0.000000000000000000, 0.000000000000000000 ) ;
#4049 = MECHANICAL_DESIGN_GEOMETRIC_PRESENTATION_REPRESENTATION (  '', ( #483 ), #6198 ) ;
#4050 = UNCERTAINTY_MEASURE_WITH_UNIT (LENGTH_MEASURE( 1.000000000000000082E-05 ), #4243, 'distance_accuracy_value', 'NONE');
#4051 = EDGE_LOOP ( 'NONE', ( #6841, #7544, #4393, #4288 ) ) ;
#4052 = DIMENSIONAL_EXPONENTS ( 1.000000000000000000, 0.000000000000000000, 0.000000000000000000, 0.000000000000000000, 0.000000000000000000, 0.000000000000000000, 0.000000000000000000 ) ;
#4053 = STYLED_ITEM ( 'NONE', ( #1121 ), #7838 ) ;
#4054 = LINE ( 'NONE', #5313, #3618 ) ;
#4055 =( GEOMETRIC_REPRESENTATION_CONTEXT ( 3 ) GLOBAL_UNCERTAINTY_ASSIGNED_CONTEXT ( ( #5964 ) ) GLOBAL_UNIT_ASSIGNED_CONTEXT ( ( #5703, #51, #3310 ) ) REPRESENTATION_CONTEXT ( 'NONE', 'WORKASPACE' ) );
#4056 = CARTESIAN_POINT ( 'NONE',  ( -0.1682650702838976442, 0.1300921114227165387, 0.09448818897637795144 ) ) ;
#4057 = SURFACE_STYLE_FILL_AREA ( #5278 ) ;
#4058 = ORIENTED_EDGE ( 'NONE', *, *, #2124, .T. ) ;
#4059 = LINE ( 'NONE', #5930, #6801 ) ;
#4060 = SURFACE_STYLE_USAGE ( .BOTH. , #7035 ) ;
#4061 = LINE ( 'NONE', #4671, #1655 ) ;
#4062 = DIRECTION ( 'NONE',  ( 1.000000000000000000, 0.000000000000000000, 0.000000000000000000 ) ) ;
#4063 = VECTOR ( 'NONE', #7181, 39.37007874015748143 ) ;
#4064 = CARTESIAN_POINT ( 'NONE',  ( 0.1181102362204724532, -0.2572565284661417206, 0.02492565335188976286 ) ) ;
#4065 = EDGE_CURVE ( 'NONE', #1776, #6346, #2672, .T. ) ;
#4066 = EDGE_CURVE ( 'NONE', #397, #3665, #4398, .T. ) ;
#4067 = CYLINDRICAL_SURFACE ( 'NONE', #5875, 0.003937007874015749712 ) ;
#4068 = FILL_AREA_STYLE ('',( #6915 ) ) ;
#4069 = VERTEX_POINT ( 'NONE', #4500 ) ;
#4070 =( NAMED_UNIT ( * ) SI_UNIT ( $, .STERADIAN. ) SOLID_ANGLE_UNIT ( ) );
#4071 = FACE_OUTER_BOUND ( 'NONE', #1220, .T. ) ;
#4072 = DIMENSIONAL_EXPONENTS ( 1.000000000000000000, 0.000000000000000000, 0.000000000000000000, 0.000000000000000000, 0.000000000000000000, 0.000000000000000000, 0.000000000000000000 ) ;
#4073 = DIRECTION ( 'NONE',  ( 0.000000000000000000, -1.000000000000000000, -0.000000000000000000 ) ) ;
#4074 = DIMENSIONAL_EXPONENTS ( 1.000000000000000000, 0.000000000000000000, 0.000000000000000000, 0.000000000000000000, 0.000000000000000000, 0.000000000000000000, 0.000000000000000000 ) ;
#4075 = CARTESIAN_POINT ( 'NONE',  ( 0.1788576638454330847, -0.1040084880705905435, 0.09842519685039370636 ) ) ;
#4076 = EDGE_CURVE ( 'NONE', #766, #153, #6796, .T. ) ;
#4077 = MECHANICAL_DESIGN_GEOMETRIC_PRESENTATION_REPRESENTATION (  '', ( #3045 ), #1637 ) ;
#4078 = SURFACE_STYLE_USAGE ( .BOTH. , #3994 ) ;
#4079 = CIRCLE ( 'NONE', #628, 0.1884895708661417646 ) ;
#4080 = STYLED_ITEM ( 'NONE', ( #7338 ), #250 ) ;
#4081 = LENGTH_MEASURE_WITH_UNIT ( LENGTH_MEASURE( 0.02539999999999999897 ), #1017 );
#4082 = VERTEX_POINT ( 'NONE', #3243 ) ;
#4083 = DIRECTION ( 'NONE',  ( 0.000000000000000000, 0.000000000000000000, 1.000000000000000000 ) ) ;
#4084 = CARTESIAN_POINT ( 'NONE',  ( 0.09842519685039370636, -0.2651305442141732582, 0.007874015748031495954 ) ) ;
#4085 = DIRECTION ( 'NONE',  ( 0.000000000000000000, 0.000000000000000000, 1.000000000000000000 ) ) ;
#4086 = EDGE_CURVE ( 'NONE', #7479, #2817, #3783, .T. ) ;
#4087 =( NAMED_UNIT ( * ) SI_UNIT ( $, .STERADIAN. ) SOLID_ANGLE_UNIT ( ) );
#4088 = PRESENTATION_LAYER_ASSIGNMENT (  '', '', ( #5123 ) ) ;
#4089 = FACE_OUTER_BOUND ( 'NONE', #3674, .T. ) ;
#4090 =( LENGTH_UNIT ( ) NAMED_UNIT ( * ) SI_UNIT ( $, .METRE. ) );
#4091 = EDGE_LOOP ( 'NONE', ( #938, #4035, #4975, #684 ) ) ;
#4092 =( NAMED_UNIT ( * ) PLANE_ANGLE_UNIT ( ) SI_UNIT ( $, .RADIAN. ) );
#4093 = LENGTH_MEASURE_WITH_UNIT ( LENGTH_MEASURE( 0.02539999999999999897 ), #2135 );
#4094 = PRESENTATION_STYLE_ASSIGNMENT (( #6002 ) ) ;
#4095 = SURFACE_STYLE_USAGE ( .BOTH. , #7103 ) ;
#4096 = VERTEX_POINT ( 'NONE', #5641 ) ;
#4097 = ORIENTED_EDGE ( 'NONE', *, *, #2201, .T. ) ;
#4098 = DIRECTION ( 'NONE',  ( -1.000000000000000000, -0.000000000000000000, -0.000000000000000000 ) ) ;
#4099 = DIMENSIONAL_EXPONENTS ( 1.000000000000000000, 0.000000000000000000, 0.000000000000000000, 0.000000000000000000, 0.000000000000000000, 0.000000000000000000, 0.000000000000000000 ) ;
#4100 = SURFACE_STYLE_FILL_AREA ( #2261 ) ;
#4101 = STYLED_ITEM ( 'NONE', ( #440 ), #2021 ) ;
#4102 = CARTESIAN_POINT ( 'NONE',  ( 0.1181102362204724532, -0.2572565284661417206, 0.03279966909992126228 ) ) ;
#4103 = VECTOR ( 'NONE', #1852, 39.37007874015748143 ) ;
#4104 = CARTESIAN_POINT ( 'NONE',  ( -0.1317780450345669430, 0.1952958511832283695, 0.09448818897637795144 ) ) ;
#4105 = CARTESIAN_POINT ( 'NONE',  ( -0.07874015748031495954, -0.2572565284661417206, 0.03279966909992126228 ) ) ;
#4106 = VECTOR ( 'NONE', #2873, 39.37007874015748143 ) ;
#4107 = EDGE_CURVE ( 'NONE', #5012, #4338, #5684, .T. ) ;
#4108 = ADVANCED_FACE ( 'NONE', ( #7483 ), #2037, .T. ) ;
#4109 = LENGTH_MEASURE_WITH_UNIT ( LENGTH_MEASURE( 0.02539999999999999897 ), #590 );
#4110 = ORIENTED_EDGE ( 'NONE', *, *, #4107, .T. ) ;
#4111 = SURFACE_STYLE_FILL_AREA ( #476 ) ;
#4112 = DIRECTION ( 'NONE',  ( 1.000000000000000000, 0.000000000000000000, -0.000000000000000000 ) ) ;
#4113 = CARTESIAN_POINT ( 'NONE',  ( -0.1800760939070866207, 0.1992328590562992274, 0.000000000000000000 ) ) ;
#4114 = STYLED_ITEM ( 'NONE', ( #6640 ), #2445 ) ;
#4115 = ADVANCED_FACE ( 'NONE', ( #981 ), #4732, .T. ) ;
#4116 = ADVANCED_FACE ( 'NONE', ( #4610 ), #7088, .T. ) ;
#4117 = COLOUR_RGB ( '',0.7490196078431372584, 0.7490196078431372584, 0.7490196078431372584 ) ;
#4118 = LENGTH_MEASURE_WITH_UNIT ( LENGTH_MEASURE( 0.02539999999999999897 ), #3915 );
#4119 = FILL_AREA_STYLE_COLOUR ( '', #5638 ) ;
#4120 = FILL_AREA_STYLE_COLOUR ( '', #926 ) ;
#4121 =( CONVERSION_BASED_UNIT ( 'INCH', #2280 ) LENGTH_UNIT ( ) NAMED_UNIT ( #5343 ) );
#4122 = DIRECTION ( 'NONE',  ( -0.000000000000000000, 0.000000000000000000, 1.000000000000000000 ) ) ;
#4123 = SURFACE_STYLE_FILL_AREA ( #3486 ) ;
#4124 = EDGE_CURVE ( 'NONE', #153, #6564, #6990, .T. ) ;
#4125 = UNCERTAINTY_MEASURE_WITH_UNIT (LENGTH_MEASURE( 1.000000000000000082E-05 ), #4310, 'distance_accuracy_value', 'NONE');
#4126 = ORIENTED_EDGE ( 'NONE', *, *, #3442, .F. ) ;
#4127 = AXIS2_PLACEMENT_3D ( 'NONE', #4958, #662, #3104 ) ;
#4128 = LINE ( 'NONE', #4780, #3335 ) ;
#4129 = LINE ( 'NONE', #1095, #1438 ) ;
#4130 = STYLED_ITEM ( 'NONE', ( #2082 ), #5105 ) ;
#4131 =( LENGTH_UNIT ( ) NAMED_UNIT ( * ) SI_UNIT ( $, .METRE. ) );
#4132 = ORIENTED_EDGE ( 'NONE', *, *, #5362, .T. ) ;
#4133 = FILL_AREA_STYLE ('',( #4715 ) ) ;
#4134 = CARTESIAN_POINT ( 'NONE',  ( 1.151187631659842660E-12, 0.06052617843948818882, 0.09448818897637795144 ) ) ;
#4135 =( NAMED_UNIT ( * ) SI_UNIT ( $, .STERADIAN. ) SOLID_ANGLE_UNIT ( ) );
#4136 = STYLED_ITEM ( 'NONE', ( #2064 ), #5161 ) ;
#4137 = LENGTH_MEASURE_WITH_UNIT ( LENGTH_MEASURE( 0.02539999999999999897 ), #1139 );
#4138 =( NAMED_UNIT ( * ) PLANE_ANGLE_UNIT ( ) SI_UNIT ( $, .RADIAN. ) );
#4139 = PRESENTATION_LAYER_ASSIGNMENT (  '', '', ( #571 ) ) ;
#4140 = ORIENTED_EDGE ( 'NONE', *, *, #2306, .F. ) ;
#4141 = DIRECTION ( 'NONE',  ( 0.000000000000000000, 1.000000000000000000, -0.000000000000000000 ) ) ;
#4142 = SURFACE_STYLE_USAGE ( .BOTH. , #7150 ) ;
#4143 = CARTESIAN_POINT ( 'NONE',  ( -0.1732283464579676413, 0.04035433070866142197, -0.04724409448751938634 ) ) ;
#4144 = FILL_AREA_STYLE_COLOUR ( '', #1955 ) ;
#4145 =( NAMED_UNIT ( * ) SI_UNIT ( $, .STERADIAN. ) SOLID_ANGLE_UNIT ( ) );
#4146 = CIRCLE ( 'NONE', #689, 0.1028445393700787441 ) ;
#4147 = LINE ( 'NONE', #6565, #576 ) ;
#4148 = VECTOR ( 'NONE', #5082, 39.37007874015748143 ) ;
#4149 = DIMENSIONAL_EXPONENTS ( 1.000000000000000000, 0.000000000000000000, 0.000000000000000000, 0.000000000000000000, 0.000000000000000000, 0.000000000000000000, 0.000000000000000000 ) ;
#4150 = DIRECTION ( 'NONE',  ( 1.000000000000000000, 0.000000000000000000, 0.000000000000000000 ) ) ;
#4151 = PRESENTATION_STYLE_ASSIGNMENT (( #3620 ) ) ;
#4152 = DIRECTION ( 'NONE',  ( -1.000000000000000000, 0.000000000000000000, 0.000000000000000000 ) ) ;
#4153 = VECTOR ( 'NONE', #1342, 39.37007874015748143 ) ;
#4154 = FILL_AREA_STYLE_COLOUR ( '', #4880 ) ;
#4155 = CARTESIAN_POINT ( 'NONE',  ( 0.000000000000000000, 0.1878684657093700749, 0.02492565335188976286 ) ) ;
#4156 = EDGE_CURVE ( 'NONE', #1392, #7649, #5372, .T. ) ;
#4158 = ORIENTED_EDGE ( 'NONE', *, *, #5970, .T. ) ;
#4157 = VECTOR ( 'NONE', #3671, 39.37007874015748143 ) ;
#4159 = EDGE_CURVE ( 'NONE', #4714, #6924, #5490, .T. ) ;
#4160 =( GEOMETRIC_REPRESENTATION_CONTEXT ( 3 ) GLOBAL_UNCERTAINTY_ASSIGNED_CONTEXT ( ( #3784 ) ) GLOBAL_UNIT_ASSIGNED_CONTEXT ( ( #6128, #3727, #139 ) ) REPRESENTATION_CONTEXT ( 'NONE', 'WORKASPACE' ) );
#4161 = FILL_AREA_STYLE ('',( #4774 ) ) ;
#4162 = CARTESIAN_POINT ( 'NONE',  ( -0.2086614173228346636, -0.0006153978120464567193, 0.000000000000000000 ) ) ;
#4163 = PRESENTATION_LAYER_ASSIGNMENT (  '', '', ( #3020 ) ) ;
#4164 = SURFACE_SIDE_STYLE ('',( #4813 ) ) ;
#4165 = FACE_OUTER_BOUND ( 'NONE', #659, .T. ) ;
#4166 = ADVANCED_FACE ( 'NONE', ( #7800 ), #561, .F. ) ;
#4167 = CIRCLE ( 'NONE', #2889, 0.003937007874015749712 ) ;
#4168 = FACE_OUTER_BOUND ( 'NONE', #7269, .T. ) ;
#4169 = ORIENTED_EDGE ( 'NONE', *, *, #7160, .F. ) ;
#4170 = VECTOR ( 'NONE', #6269, 39.37007874015748143 ) ;
#4171 = SURFACE_SIDE_STYLE ('',( #7219 ) ) ;
#4172 = ORIENTED_EDGE ( 'NONE', *, *, #2402, .F. ) ;
#4173 = CARTESIAN_POINT ( 'NONE',  ( -0.2086614173228346636, 0.1276890742665748035, 0.000000000000000000 ) ) ;
#4174 = DIRECTION ( 'NONE',  ( -1.000000000000000000, 0.000000000000000000, 0.000000000000000000 ) ) ;
#4175 =( NAMED_UNIT ( * ) PLANE_ANGLE_UNIT ( ) SI_UNIT ( $, .RADIAN. ) );
#4176 = ADVANCED_FACE ( 'NONE', ( #1151 ), #6056, .T. ) ;
#4177 = STYLED_ITEM ( 'NONE', ( #71 ), #7812 ) ;
#4178 = FILL_AREA_STYLE ('',( #1736 ) ) ;
#4179 = VECTOR ( 'NONE', #6739, 39.37007874015748143 ) ;
#4180 = LINE ( 'NONE', #1180, #6004 ) ;
#4181 = SURFACE_SIDE_STYLE ('',( #510 ) ) ;
#4182 = ORIENTED_EDGE ( 'NONE', *, *, #205, .F. ) ;
#4183 = FILL_AREA_STYLE_COLOUR ( '', #3004 ) ;
#4184 = SURFACE_SIDE_STYLE ('',( #5471 ) ) ;
#4185 = DIRECTION ( 'NONE',  ( -0.000000000000000000, -0.000000000000000000, -1.000000000000000000 ) ) ;
#4186 =( GEOMETRIC_REPRESENTATION_CONTEXT ( 3 ) GLOBAL_UNCERTAINTY_ASSIGNED_CONTEXT ( ( #833 ) ) GLOBAL_UNIT_ASSIGNED_CONTEXT ( ( #6556, #5359, #2489 ) ) REPRESENTATION_CONTEXT ( 'NONE', 'WORKASPACE' ) );
#4187 = ORIENTED_EDGE ( 'NONE', *, *, #2740, .F. ) ;
#4188 = FACE_OUTER_BOUND ( 'NONE', #6476, .T. ) ;
#4189 =( CONVERSION_BASED_UNIT ( 'INCH', #2914 ) LENGTH_UNIT ( ) NAMED_UNIT ( #5051 ) );
#4190 = CARTESIAN_POINT ( 'NONE',  ( -0.07874015748031495954, -0.2651305442141732582, 0.007874015748031495954 ) ) ;
#4191 = DIRECTION ( 'NONE',  ( 0.000000000000000000, -0.000000000000000000, -1.000000000000000000 ) ) ;
#4192 = FACE_OUTER_BOUND ( 'NONE', #3572, .T. ) ;
#4193 = LINE ( 'NONE', #4736, #1467 ) ;
#4194 =( NAMED_UNIT ( * ) SI_UNIT ( $, .STERADIAN. ) SOLID_ANGLE_UNIT ( ) );
#4195 = VERTEX_POINT ( 'NONE', #6167 ) ;
#4196 = ORIENTED_EDGE ( 'NONE', *, *, #118, .T. ) ;
#4197 = CIRCLE ( 'NONE', #6982, 0.01968503937007875723 ) ;
#4198 = VECTOR ( 'NONE', #3538, 39.37007874015748143 ) ;
#4199 = DIRECTION ( 'NONE',  ( 0.000000000000000000, -0.000000000000000000, -1.000000000000000000 ) ) ;
#4200 = PRODUCT_RELATED_PRODUCT_CATEGORY ( 'part', '', ( #4606 ) ) ;
#4201 = ADVANCED_FACE ( 'NONE', ( #6873 ), #2621, .T. ) ;
#4202 = UNCERTAINTY_MEASURE_WITH_UNIT (LENGTH_MEASURE( 1.000000000000000082E-05 ), #485, 'distance_accuracy_value', 'NONE');
#4203 = DIRECTION ( 'NONE',  ( -0.000000000000000000, -1.000000000000000000, 0.000000000000000000 ) ) ;
#4204 = AXIS2_PLACEMENT_3D ( 'NONE', #7625, #934, #5240 ) ;
#4205 = AXIS2_PLACEMENT_3D ( 'NONE', #3467, #4030, #7591 ) ;
#4206 = DIMENSIONAL_EXPONENTS ( 1.000000000000000000, 0.000000000000000000, 0.000000000000000000, 0.000000000000000000, 0.000000000000000000, 0.000000000000000000, 0.000000000000000000 ) ;
#4207 = CARTESIAN_POINT ( 'NONE',  ( -0.01968503937007873988, -0.1983960629326377845, 0.02492565335188976286 ) ) ;
#4208 = VECTOR ( 'NONE', #3842, 39.37007874015748143 ) ;
#4209 = EDGE_CURVE ( 'NONE', #7882, #3717, #4435, .T. ) ;
#4210 = ORIENTED_EDGE ( 'NONE', *, *, #2367, .T. ) ;
#4211 =( NAMED_UNIT ( * ) SI_UNIT ( $, .STERADIAN. ) SOLID_ANGLE_UNIT ( ) );
#4212 = DIRECTION ( 'NONE',  ( 0.000000000000000000, 1.000000000000000000, 0.000000000000000000 ) ) ;
#4213 = DIRECTION ( 'NONE',  ( 0.000000000000000000, 0.000000000000000000, -1.000000000000000000 ) ) ;
#4214 = DIRECTION ( 'NONE',  ( 1.000000000000000000, -0.000000000000000000, 0.000000000000000000 ) ) ;
#4215 =( NAMED_UNIT ( * ) SI_UNIT ( $, .STERADIAN. ) SOLID_ANGLE_UNIT ( ) );
#4216 = CARTESIAN_POINT ( 'NONE',  ( -0.01968503937007873988, -0.2743811241349999874, 0.007874015748031495954 ) ) ;
#4217 =( GEOMETRIC_REPRESENTATION_CONTEXT ( 3 ) GLOBAL_UNCERTAINTY_ASSIGNED_CONTEXT ( ( #1495 ) ) GLOBAL_UNIT_ASSIGNED_CONTEXT ( ( #7376, #2565, #5616 ) ) REPRESENTATION_CONTEXT ( 'NONE', 'WORKASPACE' ) );
#4218 = EDGE_CURVE ( 'NONE', #6622, #1067, #1355, .T. ) ;
#4219 = SURFACE_STYLE_USAGE ( .BOTH. , #7224 ) ;
#4220 = AXIS2_PLACEMENT_3D ( 'NONE', #4113, #1585, #6460 ) ;
#4221 = SURFACE_SIDE_STYLE ('',( #4833 ) ) ;
#4222 = VERTEX_POINT ( 'NONE', #6786 ) ;
#4223 = DIRECTION ( 'NONE',  ( 0.000000000000000000, -1.000000000000000000, -0.000000000000000000 ) ) ;
#4224 = CARTESIAN_POINT ( 'NONE',  ( 0.1800760939070866207, 0.1300921114227165387, 0.09842519685039370636 ) ) ;
#4225 = VERTEX_POINT ( 'NONE', #7426 ) ;
#4226 = DIRECTION ( 'NONE',  ( 0.000000000000000000, 0.000000000000000000, 1.000000000000000000 ) ) ;
#4227 = DIMENSIONAL_EXPONENTS ( 1.000000000000000000, 0.000000000000000000, 0.000000000000000000, 0.000000000000000000, 0.000000000000000000, 0.000000000000000000, 0.000000000000000000 ) ;
#4228 = ORIENTED_EDGE ( 'NONE', *, *, #6672, .F. ) ;
#4229 = PLANE ( 'NONE',  #6390 ) ;
#4230 = UNCERTAINTY_MEASURE_WITH_UNIT (LENGTH_MEASURE( 1.000000000000000082E-05 ), #5188, 'distance_accuracy_value', 'NONE');
#4231 = VECTOR ( 'NONE', #1312, 39.37007874015748143 ) ;
#4232 = CYLINDRICAL_SURFACE ( 'NONE', #3588, 0.007874015748031495954 ) ;
#4233 = SURFACE_STYLE_FILL_AREA ( #1786 ) ;
#4234 = SURFACE_SIDE_STYLE ('',( #4312 ) ) ;
#4235 = CARTESIAN_POINT ( 'NONE',  ( 1.151187631659842660E-12, 0.06052617843948818882, 0.09448818897637795144 ) ) ;
#4236 = ORIENTED_EDGE ( 'NONE', *, *, #5126, .F. ) ;
#4237 = LENGTH_MEASURE_WITH_UNIT ( LENGTH_MEASURE( 0.02539999999999999897 ), #4971 );
#4238 = ORIENTED_EDGE ( 'NONE', *, *, #5264, .F. ) ;
#4239 = ORIENTED_EDGE ( 'NONE', *, *, #784, .T. ) ;
#4240 = DIRECTION ( 'NONE',  ( -1.000000000000000000, -0.000000000000000000, -0.000000000000000000 ) ) ;
#4241 = SURFACE_STYLE_USAGE ( .BOTH. , #5015 ) ;
#4242 = FILL_AREA_STYLE_COLOUR ( '', #392 ) ;
#4243 =( CONVERSION_BASED_UNIT ( 'INCH', #1209 ) LENGTH_UNIT ( ) NAMED_UNIT ( #448 ) );
#4244 = PLANE ( 'NONE',  #4558 ) ;
#4245 = STYLED_ITEM ( 'NONE', ( #6448 ), #149 ) ;
#4246 = EDGE_LOOP ( 'NONE', ( #2429, #1278, #449, #1797 ) ) ;
#4247 = DIRECTION ( 'NONE',  ( -0.000000000000000000, 0.000000000000000000, 1.000000000000000000 ) ) ;
#4248 = ORIENTED_EDGE ( 'NONE', *, *, #3376, .F. ) ;
#4249 = CARTESIAN_POINT ( 'NONE',  ( -0.1761390860324803243, 0.1952958511832283695, 0.09842519685039370636 ) ) ;
#4250 =( NAMED_UNIT ( * ) PLANE_ANGLE_UNIT ( ) SI_UNIT ( $, .RADIAN. ) );
#4251 = VECTOR ( 'NONE', #4737, 39.37007874015748143 ) ;
#4252 = ADVANCED_FACE ( 'NONE', ( #1317 ), #1275, .T. ) ;
#4253 = EDGE_CURVE ( 'NONE', #2825, #7479, #6414, .T. ) ;
#4254 =( NAMED_UNIT ( * ) SI_UNIT ( $, .STERADIAN. ) SOLID_ANGLE_UNIT ( ) );
#4255 = CARTESIAN_POINT ( 'NONE',  ( -0.09842519685039370636, -0.2651305442141732582, 0.000000000000000000 ) ) ;
#4256 = ORIENTED_EDGE ( 'NONE', *, *, #5126, .T. ) ;
#4257 =( LENGTH_UNIT ( ) NAMED_UNIT ( * ) SI_UNIT ( $, .METRE. ) );
#4258 = CARTESIAN_POINT ( 'NONE',  ( -0.1574803149606299191, 0.04035433070866142197, 0.000000000000000000 ) ) ;
#4259 = EDGE_CURVE ( 'NONE', #5354, #3256, #5904, .T. ) ;
#4260 = LENGTH_MEASURE_WITH_UNIT ( LENGTH_MEASURE( 0.02539999999999999897 ), #7193 );
#4261 = PRESENTATION_STYLE_ASSIGNMENT (( #2960 ) ) ;
#4262 =( NAMED_UNIT ( * ) SI_UNIT ( $, .STERADIAN. ) SOLID_ANGLE_UNIT ( ) );
#4263 = CARTESIAN_POINT ( 'NONE',  ( 0.1800760939070866207, 0.1300921114227165387, 0.09842519685039370636 ) ) ;
#4264 = CARTESIAN_POINT ( 'NONE',  ( 0.1574803149606299191, 0.04035433070866142197, 0.000000000000000000 ) ) ;
#4265 = FILL_AREA_STYLE ('',( #2400 ) ) ;
#4266 = ORIENTED_EDGE ( 'NONE', *, *, #6392, .F. ) ;
#4267 =( CONVERSION_BASED_UNIT ( 'INCH', #1398 ) LENGTH_UNIT ( ) NAMED_UNIT ( #2925 ) );
#4268 = DIRECTION ( 'NONE',  ( 0.7010151982605512533, -0.7131463326749426512, 0.000000000000000000 ) ) ;
#4269 =( GEOMETRIC_REPRESENTATION_CONTEXT ( 3 ) GLOBAL_UNCERTAINTY_ASSIGNED_CONTEXT ( ( #2112 ) ) GLOBAL_UNIT_ASSIGNED_CONTEXT ( ( #1490, #226, #5782 ) ) REPRESENTATION_CONTEXT ( 'NONE', 'WORKASPACE' ) );
#4270 = ORIENTED_EDGE ( 'NONE', *, *, #499, .F. ) ;
#4271 = ADVANCED_FACE ( 'NONE', ( #860 ), #2704, .T. ) ;
#4272 = AXIS2_PLACEMENT_3D ( 'NONE', #6494, #477, #3471 ) ;
#4273 = MECHANICAL_DESIGN_GEOMETRIC_PRESENTATION_REPRESENTATION (  '', ( #2236 ), #1453 ) ;
#4274 = CARTESIAN_POINT ( 'NONE',  ( -0.1867316795943700647, -0.06934995292858267546, 0.09842519685039370636 ) ) ;
#4275 = UNCERTAINTY_MEASURE_WITH_UNIT (LENGTH_MEASURE( 1.000000000000000082E-05 ), #2702, 'distance_accuracy_value', 'NONE');
#4276 = VERTEX_POINT ( 'NONE', #394 ) ;
#4277 = CYLINDRICAL_SURFACE ( 'NONE', #6812, 0.003937007874015747977 ) ;
#4278 =( GEOMETRIC_REPRESENTATION_CONTEXT ( 3 ) GLOBAL_UNCERTAINTY_ASSIGNED_CONTEXT ( ( #4931 ) ) GLOBAL_UNIT_ASSIGNED_CONTEXT ( ( #539, #3490, #7139 ) ) REPRESENTATION_CONTEXT ( 'NONE', 'WORKASPACE' ) );
#4279 = PRESENTATION_LAYER_ASSIGNMENT (  '', '', ( #3889 ) ) ;
#4280 = PRESENTATION_STYLE_ASSIGNMENT (( #5023 ) ) ;
#4281 = LINE ( 'NONE', #6691, #4157 ) ;
#4282 = COLOUR_RGB ( '',0.7490196078431372584, 0.7490196078431372584, 0.7490196078431372584 ) ;
#4283 = VECTOR ( 'NONE', #1153, 39.37007874015748143 ) ;
#4284 =( NAMED_UNIT ( * ) SI_UNIT ( $, .STERADIAN. ) SOLID_ANGLE_UNIT ( ) );
#4285 = ORIENTED_EDGE ( 'NONE', *, *, #1958, .T. ) ;
#4286 = SURFACE_SIDE_STYLE ('',( #2 ) ) ;
#4287 = DIRECTION ( 'NONE',  ( 1.000000000000000000, 0.000000000000000000, -0.000000000000000000 ) ) ;
#4288 = ORIENTED_EDGE ( 'NONE', *, *, #508, .F. ) ;
#4289 = DIRECTION ( 'NONE',  ( 1.000000000000000000, -4.512561924732999726E-16, 0.000000000000000000 ) ) ;
#4290 = DIRECTION ( 'NONE',  ( 0.000000000000000000, 0.000000000000000000, 1.000000000000000000 ) ) ;
#4291 = VECTOR ( 'NONE', #3261, 39.37007874015748143 ) ;
#4292 =( NAMED_UNIT ( * ) SI_UNIT ( $, .STERADIAN. ) SOLID_ANGLE_UNIT ( ) );
#4293 =( NAMED_UNIT ( * ) PLANE_ANGLE_UNIT ( ) SI_UNIT ( $, .RADIAN. ) );
#4294 =( NAMED_UNIT ( * ) SI_UNIT ( $, .STERADIAN. ) SOLID_ANGLE_UNIT ( ) );
#4295 = PRESENTATION_LAYER_ASSIGNMENT (  '', '', ( #5960 ) ) ;
#4296 =( GEOMETRIC_REPRESENTATION_CONTEXT ( 3 ) GLOBAL_UNCERTAINTY_ASSIGNED_CONTEXT ( ( #4778 ) ) GLOBAL_UNIT_ASSIGNED_CONTEXT ( ( #3468, #2187, #2745 ) ) REPRESENTATION_CONTEXT ( 'NONE', 'WORKASPACE' ) );
#4297 = CARTESIAN_POINT ( 'NONE',  ( 0.09842519685039370636, -0.2572565284661417206, 0.02098864547787401835 ) ) ;
#4298 =( CONVERSION_BASED_UNIT ( 'INCH', #1142 ) LENGTH_UNIT ( ) NAMED_UNIT ( #4942 ) );
#4299 = ORIENTED_EDGE ( 'NONE', *, *, #148, .T. ) ;
#4300 = VERTEX_POINT ( 'NONE', #5205 ) ;
#4301 = DIRECTION ( 'NONE',  ( 0.000000000000000000, 0.000000000000000000, 1.000000000000000000 ) ) ;
#4302 = EDGE_CURVE ( 'NONE', #6427, #2825, #6956, .T. ) ;
#4303 = FACE_OUTER_BOUND ( 'NONE', #6740, .T. ) ;
#4304 = FACE_OUTER_BOUND ( 'NONE', #4246, .T. ) ;
#4305 = CARTESIAN_POINT ( 'NONE',  ( 0.08661417322834646937, 0.04035433070866142197, 0.08661417322834646937 ) ) ;
#4306 = LINE ( 'NONE', #6164, #2744 ) ;
#4307 = UNCERTAINTY_MEASURE_WITH_UNIT (LENGTH_MEASURE( 1.000000000000000082E-05 ), #6889, 'distance_accuracy_value', 'NONE');
#4308 = AXIS2_PLACEMENT_3D ( 'NONE', #5306, #4772, #4085 ) ;
#4309 = VECTOR ( 'NONE', #1283, 39.37007874015748143 ) ;
#4310 =( CONVERSION_BASED_UNIT ( 'INCH', #2396 ) LENGTH_UNIT ( ) NAMED_UNIT ( #1661 ) );
#4311 = DIRECTION ( 'NONE',  ( 0.000000000000000000, 0.000000000000000000, 1.000000000000000000 ) ) ;
#4312 = SURFACE_STYLE_FILL_AREA ( #1868 ) ;
#4313 = PRESENTATION_STYLE_ASSIGNMENT (( #7317 ) ) ;
#4314 = STYLED_ITEM ( 'NONE', ( #1952 ), #4014 ) ;
#4315 = EDGE_CURVE ( 'NONE', #6351, #7534, #5290, .T. ) ;
#4316 = FACE_OUTER_BOUND ( 'NONE', #2656, .T. ) ;
#4317 = EDGE_LOOP ( 'NONE', ( #24, #4874, #2839, #2865 ) ) ;
#4318 = PLANE ( 'NONE',  #6497 ) ;
#4319 = VERTEX_POINT ( 'NONE', #5164 ) ;
#4320 = DIMENSIONAL_EXPONENTS ( 1.000000000000000000, 0.000000000000000000, 0.000000000000000000, 0.000000000000000000, 0.000000000000000000, 0.000000000000000000, 0.000000000000000000 ) ;
#4321 = CARTESIAN_POINT ( 'NONE',  ( 0.01968503937007873988, -0.2572565284661417206, 0.02098864547787401835 ) ) ;
#4322 = EDGE_CURVE ( 'NONE', #4714, #6405, #2790, .T. ) ;
#4323 = FILL_AREA_STYLE_COLOUR ( '', #345 ) ;
#4324 = CARTESIAN_POINT ( 'NONE',  ( 0.05118110236220472370, 0.1878684657093700749, 0.03279966909992126228 ) ) ;
#4325 = VECTOR ( 'NONE', #5885, 39.37007874015748143 ) ;
#4326 = CARTESIAN_POINT ( 'NONE',  ( 0.1574803149606299191, 0.04035433070866142197, -0.04330708661225397826 ) ) ;
#4327 = LINE ( 'NONE', #6846, #6963 ) ;
#4328 = AXIS2_PLACEMENT_3D ( 'NONE', #5210, #4726, #316 ) ;
#4329 = VERTEX_POINT ( 'NONE', #1543 ) ;
#4330 = AXIS2_PLACEMENT_3D ( 'NONE', #2522, #4987, #1341 ) ;
#4331 =( LENGTH_UNIT ( ) NAMED_UNIT ( * ) SI_UNIT ( $, .METRE. ) );
#4333 = ORIENTED_EDGE ( 'NONE', *, *, #447, .T. ) ;
#4332 = MECHANICAL_DESIGN_GEOMETRIC_PRESENTATION_REPRESENTATION (  '', ( #5989 ), #5878 ) ;
#4334 =( CONVERSION_BASED_UNIT ( 'INCH', #770 ) LENGTH_UNIT ( ) NAMED_UNIT ( #5393 ) );
#4335 = CARTESIAN_POINT ( 'NONE',  ( 0.01968503937007873988, -0.2915057198038976671, 0.007874015748031495954 ) ) ;
#4336 = CARTESIAN_POINT ( 'NONE',  ( -0.1840131017811023617, 0.1889558061521260102, 0.09842519685039370636 ) ) ;
#4337 = CARTESIAN_POINT ( 'NONE',  ( 0.1761390860343700904, 0.1889558061521260102, 0.09842519685039370636 ) ) ;
#4338 = VERTEX_POINT ( 'NONE', #7665 ) ;
#4339 = DIRECTION ( 'NONE',  ( 0.000000000000000000, -1.000000000000000000, -0.000000000000000000 ) ) ;
#4340 = VERTEX_POINT ( 'NONE', #3986 ) ;
#4341 = FILL_AREA_STYLE ('',( #3886 ) ) ;
#4342 = ORIENTED_EDGE ( 'NONE', *, *, #2455, .T. ) ;
#4343 = LINE ( 'NONE', #6131, #1692 ) ;
#4344 =( GEOMETRIC_REPRESENTATION_CONTEXT ( 3 ) GLOBAL_UNCERTAINTY_ASSIGNED_CONTEXT ( ( #3192 ) ) GLOBAL_UNIT_ASSIGNED_CONTEXT ( ( #5747, #3225, #6781 ) ) REPRESENTATION_CONTEXT ( 'NONE', 'WORKASPACE' ) );
#4345 = LINE ( 'NONE', #6827, #7817 ) ;
#4346 = CARTESIAN_POINT ( 'NONE',  ( 0.1761390860343700904, 0.1237520663915748081, 0.09842519685039370636 ) ) ;
#4347 = PRODUCT_RELATED_PRODUCT_CATEGORY ( 'part', '', ( #7682 ) ) ;
#4348 = STYLED_ITEM ( 'NONE', ( #3373 ), #1759 ) ;
#4349 = CARTESIAN_POINT ( 'NONE',  ( -0.1800760939070866207, 0.05890759595350394257, 0.09448818897637795144 ) ) ;
#4350 = DIRECTION ( 'NONE',  ( -0.000000000000000000, -0.000000000000000000, -1.000000000000000000 ) ) ;
#4351 = FILL_AREA_STYLE_COLOUR ( '', #1643 ) ;
#4352 = FACE_OUTER_BOUND ( 'NONE', #4421, .T. ) ;
#4353 =( NAMED_UNIT ( * ) SI_UNIT ( $, .STERADIAN. ) SOLID_ANGLE_UNIT ( ) );
#4354 = ORIENTED_EDGE ( 'NONE', *, *, #7112, .F. ) ;
#4355 = COLOUR_RGB ( '',0.2784313725490196179, 0.2784313725490196179, 0.2784313725490196179 ) ;
#4356 = CARTESIAN_POINT ( 'NONE',  ( 8.741913579724409950E-17, 0.2490157480314960647, 0.000000000000000000 ) ) ;
#4357 = ORIENTED_EDGE ( 'NONE', *, *, #1108, .F. ) ;
#4358 = ADVANCED_FACE ( 'NONE', ( #5245 ), #7629, .T. ) ;
#4359 =( LENGTH_UNIT ( ) NAMED_UNIT ( * ) SI_UNIT ( $, .METRE. ) );
#4360 =( GEOMETRIC_REPRESENTATION_CONTEXT ( 3 ) GLOBAL_UNCERTAINTY_ASSIGNED_CONTEXT ( ( #6675 ) ) GLOBAL_UNIT_ASSIGNED_CONTEXT ( ( #5404, #1746, #6017 ) ) REPRESENTATION_CONTEXT ( 'NONE', 'WORKASPACE' ) );
#4361 = CARTESIAN_POINT ( 'NONE',  ( 0.1585513363829527400, -0.1112605648740944836, 0.09842519685039370636 ) ) ;
#4362 = UNCERTAINTY_MEASURE_WITH_UNIT (LENGTH_MEASURE( 1.000000000000000082E-05 ), #7784, 'distance_accuracy_value', 'NONE');
#4363 = ORIENTED_EDGE ( 'NONE', *, *, #2305, .F. ) ;
#4364 = STYLED_ITEM ( 'NONE', ( #128 ), #4950 ) ;
#4365 = CARTESIAN_POINT ( 'NONE',  ( -0.05118110236220472370, 0.2641953671577952911, 0.01181102362204724393 ) ) ;
#4366 = EDGE_CURVE ( 'NONE', #2674, #565, #5363, .T. ) ;
#4367 = FILL_AREA_STYLE_COLOUR ( '', #1065 ) ;
#4368 = DIRECTION ( 'NONE',  ( -0.8139213391680412135, 0.5809750886629326816, 0.000000000000000000 ) ) ;
#4369 = DIMENSIONAL_EXPONENTS ( 1.000000000000000000, 0.000000000000000000, 0.000000000000000000, 0.000000000000000000, 0.000000000000000000, 0.000000000000000000, 0.000000000000000000 ) ;
#4370 = AXIS2_PLACEMENT_3D ( 'NONE', #219, #3843, #5072 ) ;
#4371 = ORIENTED_EDGE ( 'NONE', *, *, #3763, .T. ) ;
#4372 = FILL_AREA_STYLE ('',( #3213 ) ) ;
#4373 =( NAMED_UNIT ( * ) PLANE_ANGLE_UNIT ( ) SI_UNIT ( $, .RADIAN. ) );
#4374 = CARTESIAN_POINT ( 'NONE',  ( 8.397902984098424186E-17, 0.04035433070866142197, 0.09842519685039370636 ) ) ;
#4375 = SURFACE_STYLE_FILL_AREA ( #4465 ) ;
#4376 = LINE ( 'NONE', #2456, #2952 ) ;
#4377 = FILL_AREA_STYLE ('',( #6862 ) ) ;
#4378 = ORIENTED_EDGE ( 'NONE', *, *, #4850, .F. ) ;
#4379 = DIRECTION ( 'NONE',  ( 1.000000000000000000, 0.000000000000000000, -0.000000000000000000 ) ) ;
#4380 = CARTESIAN_POINT ( 'NONE',  ( -0.2047244094501181333, -0.06209787612507873533, 0.09448818897637795144 ) ) ;
#4381 = EDGE_LOOP ( 'NONE', ( #4940, #1269, #5434, #6682, #6028, #138, #3948 ) ) ;
#4382 = MECHANICAL_DESIGN_GEOMETRIC_PRESENTATION_REPRESENTATION (  '', ( #299 ), #5912 ) ;
#4383 = COLOUR_RGB ( '',0.7490196078431372584, 0.7490196078431372584, 0.7490196078431372584 ) ;
#4384 = EDGE_LOOP ( 'NONE', ( #4378, #681, #3484, #7853 ) ) ;
#4385 = FACE_OUTER_BOUND ( 'NONE', #1120, .T. ) ;
#4386 = DIRECTION ( 'NONE',  ( -0.000000000000000000, 0.000000000000000000, -1.000000000000000000 ) ) ;
#4387 = UNCERTAINTY_MEASURE_WITH_UNIT (LENGTH_MEASURE( 1.000000000000000082E-05 ), #5366, 'distance_accuracy_value', 'NONE');
#4388 = LINE ( 'NONE', #232, #6523 ) ;
#4389 = SURFACE_STYLE_FILL_AREA ( #7314 ) ;
#4390 = SURFACE_SIDE_STYLE ('',( #5632 ) ) ;
#4391 = FILL_AREA_STYLE_COLOUR ( '', #3003 ) ;
#4392 = SURFACE_STYLE_USAGE ( .BOTH. , #6681 ) ;
#4393 = ORIENTED_EDGE ( 'NONE', *, *, #403, .F. ) ;
#4394 = LENGTH_MEASURE_WITH_UNIT ( LENGTH_MEASURE( 0.02539999999999999897 ), #3012 );
#4395 = STYLED_ITEM ( 'NONE', ( #1164 ), #5519 ) ;
#4396 = ORIENTED_EDGE ( 'NONE', *, *, #5787, .F. ) ;
#4397 =( NAMED_UNIT ( * ) SI_UNIT ( $, .STERADIAN. ) SOLID_ANGLE_UNIT ( ) );
#4398 = LINE ( 'NONE', #756, #7473 ) ;
#4399 = VECTOR ( 'NONE', #665, 39.37007874015748143 ) ;
#4400 = ORIENTED_EDGE ( 'NONE', *, *, #447, .F. ) ;
#4401 = EDGE_CURVE ( 'NONE', #3792, #5823, #125, .T. ) ;
#4402 = CARTESIAN_POINT ( 'NONE',  ( 0.1821311594927688404, 0.1300921114227165387, 0.09800089332129849340 ) ) ;
#4403 = EDGE_CURVE ( 'NONE', #1320, #1934, #1774, .T. ) ;
#4404 =( NAMED_UNIT ( * ) SI_UNIT ( $, .STERADIAN. ) SOLID_ANGLE_UNIT ( ) );
#4405 = CARTESIAN_POINT ( 'NONE',  ( -0.1008760354330707765, 0.04035433070866139421, 0.08661417322874015445 ) ) ;
#4406 =( NAMED_UNIT ( * ) PLANE_ANGLE_UNIT ( ) SI_UNIT ( $, .RADIAN. ) );
#4407 = LINE ( 'NONE', #81, #6468 ) ;
#4408 = VECTOR ( 'NONE', #1435, 39.37007874015748143 ) ;
#4409 = ORIENTED_EDGE ( 'NONE', *, *, #5405, .F. ) ;
#4410 = FILL_AREA_STYLE_COLOUR ( '', #712 ) ;
#4411 = ORIENTED_EDGE ( 'NONE', *, *, #4156, .F. ) ;
#4412 = SURFACE_SIDE_STYLE ('',( #3215 ) ) ;
#4413 = SURFACE_SIDE_STYLE ('',( #5031 ) ) ;
#4414 = EDGE_CURVE ( 'NONE', #2678, #1927, #4869, .T. ) ;
#4415 =( LENGTH_UNIT ( ) NAMED_UNIT ( * ) SI_UNIT ( $, .METRE. ) );
#4416 = DIRECTION ( 'NONE',  ( 0.000000000000000000, 0.000000000000000000, -1.000000000000000000 ) ) ;
#4417 = DIRECTION ( 'NONE',  ( -0.000000000000000000, 0.000000000000000000, 1.000000000000000000 ) ) ;
#4418 =( GEOMETRIC_REPRESENTATION_CONTEXT ( 3 ) GLOBAL_UNCERTAINTY_ASSIGNED_CONTEXT ( ( #3327 ) ) GLOBAL_UNIT_ASSIGNED_CONTEXT ( ( #682, #580, #1295 ) ) REPRESENTATION_CONTEXT ( 'NONE', 'WORKASPACE' ) );
#4419 = FILL_AREA_STYLE ('',( #732 ) ) ;
#4420 = LINE ( 'NONE', #6124, #133 ) ;
#4421 = EDGE_LOOP ( 'NONE', ( #2338, #4636, #4998, #582 ) ) ;
#4422 = FILL_AREA_STYLE_COLOUR ( '', #334 ) ;
#4423 = PRESENTATION_LAYER_ASSIGNMENT (  '', '', ( #2629 ) ) ;
#4424 = ORIENTED_EDGE ( 'NONE', *, *, #6091, .F. ) ;
#4425 = SURFACE_STYLE_USAGE ( .BOTH. , #1350 ) ;
#4426 = ORIENTED_EDGE ( 'NONE', *, *, #5491, .T. ) ;
#4427 = PRESENTATION_LAYER_ASSIGNMENT (  '', '', ( #3647 ) ) ;
#4428 = CARTESIAN_POINT ( 'NONE',  ( -0.1186694271012992269, -0.2490157480314960647, 0.09448818897637795144 ) ) ;
#4429 = EDGE_CURVE ( 'NONE', #4598, #5155, #7788, .T. ) ;
#4430 = ORIENTED_EDGE ( 'NONE', *, *, #4414, .F. ) ;
#4431 = DIMENSIONAL_EXPONENTS ( 1.000000000000000000, 0.000000000000000000, 0.000000000000000000, 0.000000000000000000, 0.000000000000000000, 0.000000000000000000, 0.000000000000000000 ) ;
#4432 = PLANE ( 'NONE',  #1166 ) ;
#4433 =( CONVERSION_BASED_UNIT ( 'INCH', #1984 ) LENGTH_UNIT ( ) NAMED_UNIT ( #4700 ) );
#4434 = AXIS2_PLACEMENT_3D ( 'NONE', #5988, #1193, #4152 ) ;
#4435 = LINE ( 'NONE', #6751, #1106 ) ;
#4436 = FILL_AREA_STYLE ('',( #187 ) ) ;
#4437 = PRESENTATION_STYLE_ASSIGNMENT (( #1987 ) ) ;
#4438 = LINE ( 'NONE', #1359, #189 ) ;
#4439 = CARTESIAN_POINT ( 'NONE',  ( 0.1624883442576771919, -0.1151975727482677236, 0.000000000000000000 ) ) ;
#4440 = VERTEX_POINT ( 'NONE', #7712 ) ;
#4441 = SURFACE_STYLE_FILL_AREA ( #3859 ) ;
#4442 = VECTOR ( 'NONE', #4368, 39.37007874015748854 ) ;
#4443 = PLANE ( 'NONE',  #7053 ) ;
#4444 = ORIENTED_EDGE ( 'NONE', *, *, #2694, .T. ) ;
#4445 = PRESENTATION_STYLE_ASSIGNMENT (( #1368 ) ) ;
#4446 = MECHANICAL_DESIGN_GEOMETRIC_PRESENTATION_REPRESENTATION (  '', ( #611 ), #1625 ) ;
#4447 = SURFACE_SIDE_STYLE ('',( #2589 ) ) ;
#4448 = UNCERTAINTY_MEASURE_WITH_UNIT (LENGTH_MEASURE( 1.000000000000000082E-05 ), #4023, 'distance_accuracy_value', 'NONE');
#4449 = ORIENTED_EDGE ( 'NONE', *, *, #6966, .T. ) ;
#4450 = DIRECTION ( 'NONE',  ( 1.000000000000000000, 0.000000000000000000, 0.000000000000000000 ) ) ;
#4451 =( LENGTH_UNIT ( ) NAMED_UNIT ( * ) SI_UNIT ( $, .METRE. ) );
#4452 = PRODUCT_DEFINITION_CONTEXT ( 'detailed design', #5137, 'design' ) ;
#4453 = CARTESIAN_POINT ( 'NONE',  ( -0.1682650702838976442, 0.1300921114227165387, 0.09842519685039370636 ) ) ;
#4454 = DIRECTION ( 'NONE',  ( -1.000000000000000000, -0.000000000000000000, 0.000000000000000000 ) ) ;
#4455 = PRODUCT_DEFINITION ( 'UNKNOWN', '', #5095, #4782 ) ;
#4456 = EDGE_CURVE ( 'NONE', #4842, #6586, #5326, .T. ) ;
#4457 = CARTESIAN_POINT ( 'NONE',  ( 0.1624883442576772197, -0.2044385403713385729, 0.09448818897637795144 ) ) ;
#4458 = ORIENTED_EDGE ( 'NONE', *, *, #3081, .T. ) ;
#4459 =( CONVERSION_BASED_UNIT ( 'INCH', #4507 ) LENGTH_UNIT ( ) NAMED_UNIT ( #1689 ) );
#4460 =( CONVERSION_BASED_UNIT ( 'INCH', #1429 ) LENGTH_UNIT ( ) NAMED_UNIT ( #124 ) );
#4461 = ORIENTED_EDGE ( 'NONE', *, *, #3799, .F. ) ;
#4462 = LINE ( 'NONE', #6118, #2309 ) ;
#4463 =( LENGTH_UNIT ( ) NAMED_UNIT ( * ) SI_UNIT ( $, .METRE. ) );
#4464 = VECTOR ( 'NONE', #2131, 39.37007874015748143 ) ;
#4465 = FILL_AREA_STYLE ('',( #7412 ) ) ;
#4466 = DIRECTION ( 'NONE',  ( 1.000000000000000000, 0.000000000000000000, -0.000000000000000000 ) ) ;
#4467 = LINE ( 'NONE', #802, #6096 ) ;
#4468 = CARTESIAN_POINT ( 'NONE',  ( 0.05118110236220472370, 0.2563213514097637535, 0.03279966909992126228 ) ) ;
#4469 = EDGE_CURVE ( 'NONE', #7640, #3603, #2677, .T. ) ;
#4470 = EDGE_CURVE ( 'NONE', #4662, #2844, #6594, .T. ) ;
#4471 = VECTOR ( 'NONE', #1511, 39.37007874015748143 ) ;
#4472 = VECTOR ( 'NONE', #2406, 39.37007874015748143 ) ;
#4473 = LINE ( 'NONE', #5503, #2431 ) ;
#4474 = EDGE_LOOP ( 'NONE', ( #4747, #3039, #2631, #7537 ) ) ;
#4475 = ORIENTED_EDGE ( 'NONE', *, *, #6720, .F. ) ;
#4476 = CYLINDRICAL_SURFACE ( 'NONE', #6856, 0.007874015748031495954 ) ;
#4477 = SURFACE_SIDE_STYLE ('',( #1155 ) ) ;
#4478 = MECHANICAL_DESIGN_GEOMETRIC_PRESENTATION_REPRESENTATION (  '', ( #7878 ), #6495 ) ;
#4479 = UNCERTAINTY_MEASURE_WITH_UNIT (LENGTH_MEASURE( 1.000000000000000082E-05 ), #2426, 'distance_accuracy_value', 'NONE');
#4480 = PRESENTATION_LAYER_ASSIGNMENT (  '', '', ( #2417 ) ) ;
#4481 = MECHANICAL_DESIGN_GEOMETRIC_PRESENTATION_REPRESENTATION (  '', ( #6850 ), #6719 ) ;
#4482 = FILL_AREA_STYLE ('',( #2020 ) ) ;
#4483 = EDGE_CURVE ( 'NONE', #5773, #1245, #4180, .T. ) ;
#4484 = SURFACE_STYLE_FILL_AREA ( #5086 ) ;
#4485 = STYLED_ITEM ( 'NONE', ( #306 ), #1558 ) ;
#4486 =( CONVERSION_BASED_UNIT ( 'INCH', #3737 ) LENGTH_UNIT ( ) NAMED_UNIT ( #1865 ) );
#4487 = ORIENTED_EDGE ( 'NONE', *, *, #2149, .F. ) ;
#4488 =( LENGTH_UNIT ( ) NAMED_UNIT ( * ) SI_UNIT ( $, .METRE. ) );
#4489 = COLOUR_RGB ( '',0.7490196078431372584, 0.7490196078431372584, 0.7490196078431372584 ) ;
#4490 = DIRECTION ( 'NONE',  ( -1.000000000000000000, -0.000000000000000000, -0.000000000000000000 ) ) ;
#4491 =( NAMED_UNIT ( * ) SI_UNIT ( $, .STERADIAN. ) SOLID_ANGLE_UNIT ( ) );
#4492 = EDGE_LOOP ( 'NONE', ( #2002, #105, #6394, #4172 ) ) ;
#4493 = DIRECTION ( 'NONE',  ( 0.000000000000000000, 0.000000000000000000, -1.000000000000000000 ) ) ;
#4494 = FILL_AREA_STYLE_COLOUR ( '', #7172 ) ;
#4495 = ORIENTED_EDGE ( 'NONE', *, *, #3914, .F. ) ;
#4496 = COLOUR_RGB ( '',0.7490196078431372584, 0.7490196078431372584, 0.7490196078431372584 ) ;
#4497 = DIMENSIONAL_EXPONENTS ( 1.000000000000000000, 0.000000000000000000, 0.000000000000000000, 0.000000000000000000, 0.000000000000000000, 0.000000000000000000, 0.000000000000000000 ) ;
#4498 = VECTOR ( 'NONE', #432, 39.37007874015748854 ) ;
#4499 = CYLINDRICAL_SURFACE ( 'NONE', #3154, 0.003937007874015747977 ) ;
#4500 = CARTESIAN_POINT ( 'NONE',  ( 0.1008760354330709430, 0.04035433070866142891, 0.09842519685078740532 ) ) ;
#4501 =( GEOMETRIC_REPRESENTATION_CONTEXT ( 3 ) GLOBAL_UNCERTAINTY_ASSIGNED_CONTEXT ( ( #1148 ) ) GLOBAL_UNIT_ASSIGNED_CONTEXT ( ( #6880, #1456, #6962 ) ) REPRESENTATION_CONTEXT ( 'NONE', 'WORKASPACE' ) );
#4502 = EDGE_LOOP ( 'NONE', ( #157, #5570, #6431, #5822 ) ) ;
#4503 = VECTOR ( 'NONE', #3060, 39.37007874015748143 ) ;
#4504 = ORIENTED_EDGE ( 'NONE', *, *, #5058, .F. ) ;
#4505 = STYLED_ITEM ( 'NONE', ( #406 ), #2212 ) ;
#4506 = ORIENTED_EDGE ( 'NONE', *, *, #2169, .T. ) ;
#4507 = LENGTH_MEASURE_WITH_UNIT ( LENGTH_MEASURE( 0.02539999999999999897 ), #6233 );
#4508 = VERTEX_POINT ( 'NONE', #1109 ) ;
#4509 = PRESENTATION_STYLE_ASSIGNMENT (( #1890 ) ) ;
#4510 = PLANE ( 'NONE',  #3019 ) ;
#4511 =( CONVERSION_BASED_UNIT ( 'INCH', #2604 ) LENGTH_UNIT ( ) NAMED_UNIT ( #5002 ) );
#4512 =( NAMED_UNIT ( * ) PLANE_ANGLE_UNIT ( ) SI_UNIT ( $, .RADIAN. ) );
#4513 = LINE ( 'NONE', #1565, #2108 ) ;
#4514 = VECTOR ( 'NONE', #2097, 39.37007874015748143 ) ;
#4515 = DIRECTION ( 'NONE',  ( -1.000000000000000000, 0.000000000000000000, 0.000000000000000000 ) ) ;
#4516 = ORIENTED_EDGE ( 'NONE', *, *, #4401, .T. ) ;
#4517 = FACE_OUTER_BOUND ( 'NONE', #7476, .T. ) ;
#4518 = LENGTH_MEASURE_WITH_UNIT ( LENGTH_MEASURE( 0.02539999999999999897 ), #853 );
#4519 = SURFACE_SIDE_STYLE ('',( #7548 ) ) ;
#4520 = FILL_AREA_STYLE_COLOUR ( '', #6817 ) ;
#4521 = DIRECTION ( 'NONE',  ( -1.000000000000000000, 0.000000000000000000, 0.000000000000000000 ) ) ;
#4522 = SURFACE_STYLE_FILL_AREA ( #4482 ) ;
#4523 = MECHANICAL_DESIGN_GEOMETRIC_PRESENTATION_REPRESENTATION (  '', ( #1951 ), #429 ) ;
#4524 = EDGE_LOOP ( 'NONE', ( #6174, #6684, #6210, #6824 ) ) ;
#4525 = SURFACE_STYLE_USAGE ( .BOTH. , #2024 ) ;
#4526 =( NAMED_UNIT ( * ) PLANE_ANGLE_UNIT ( ) SI_UNIT ( $, .RADIAN. ) );
#4527 = FILL_AREA_STYLE_COLOUR ( '', #5549 ) ;
#4528 = ORIENTED_EDGE ( 'NONE', *, *, #5919, .F. ) ;
#4529 = EDGE_CURVE ( 'NONE', #6264, #153, #4756, .T. ) ;
#4530 = PRESENTATION_STYLE_ASSIGNMENT (( #2066 ) ) ;
#4531 = ORIENTED_EDGE ( 'NONE', *, *, #4065, .T. ) ;
#4532 = LINE ( 'NONE', #3241, #2760 ) ;
#4533 = UNCERTAINTY_MEASURE_WITH_UNIT (LENGTH_MEASURE( 1.000000000000000082E-05 ), #863, 'distance_accuracy_value', 'NONE');
#4534 = MECHANICAL_DESIGN_GEOMETRIC_PRESENTATION_REPRESENTATION (  '', ( #1434 ), #4003 ) ;
#4535 =( NAMED_UNIT ( * ) PLANE_ANGLE_UNIT ( ) SI_UNIT ( $, .RADIAN. ) );
#4536 = ADVANCED_FACE ( 'NONE', ( #7748 ), #7828, .F. ) ;
#4537 = ORIENTED_EDGE ( 'NONE', *, *, #824, .T. ) ;
#4538 =( LENGTH_UNIT ( ) NAMED_UNIT ( * ) SI_UNIT ( $, .METRE. ) );
#4539 = PRESENTATION_LAYER_ASSIGNMENT (  '', '', ( #4395 ) ) ;
#4540 = LENGTH_MEASURE_WITH_UNIT ( LENGTH_MEASURE( 0.02539999999999999897 ), #4659 );
#4541 = VERTEX_POINT ( 'NONE', #11 ) ;
#4542 = CARTESIAN_POINT ( 'NONE',  ( 0.06329531094598425667, 0.2490157480314960647, 0.09448818897637797920 ) ) ;
#4543 = ORIENTED_EDGE ( 'NONE', *, *, #7455, .T. ) ;
#4544 = DIRECTION ( 'NONE',  ( -0.000000000000000000, -0.000000000000000000, -1.000000000000000000 ) ) ;
#4545 = VECTOR ( 'NONE', #6418, 39.37007874015748143 ) ;
#4546 = STYLED_ITEM ( 'NONE', ( #2140 ), #5979 ) ;
#4547 = SHAPE_DEFINITION_REPRESENTATION ( #5880, #3493 ) ;
#4548 =( LENGTH_UNIT ( ) NAMED_UNIT ( * ) SI_UNIT ( $, .METRE. ) );
#4549 = MECHANICAL_DESIGN_GEOMETRIC_PRESENTATION_REPRESENTATION (  '', ( #6307 ), #4269 ) ;
#4550 = CARTESIAN_POINT ( 'NONE',  ( -0.1585513363839370082, -0.1112605648740944836, 0.09448818897637795144 ) ) ;
#4551 = PRESENTATION_LAYER_ASSIGNMENT (  '', '', ( #1974 ) ) ;
#4552 =( GEOMETRIC_REPRESENTATION_CONTEXT ( 3 ) GLOBAL_UNCERTAINTY_ASSIGNED_CONTEXT ( ( #1463 ) ) GLOBAL_UNIT_ASSIGNED_CONTEXT ( ( #5129, #5790, #7515 ) ) REPRESENTATION_CONTEXT ( 'NONE', 'WORKASPACE' ) );
#4553 = ORIENTED_EDGE ( 'NONE', *, *, #3189, .F. ) ;
#4554 = CARTESIAN_POINT ( 'NONE',  ( -0.2047244094501181333, -0.01227691951566929271, 0.09448818897637795144 ) ) ;
#4555 = DIRECTION ( 'NONE',  ( 2.222700233188000074E-16, 1.000000000000000000, -0.000000000000000000 ) ) ;
#4556 = CARTESIAN_POINT ( 'NONE',  ( -0.09199170751952756575, 0.1992328590562992274, 0.09448818897637795144 ) ) ;
#4557 = DIRECTION ( 'NONE',  ( 1.000000000000000000, 0.000000000000000000, -0.000000000000000000 ) ) ;
#4558 = AXIS2_PLACEMENT_3D ( 'NONE', #2443, #7373, #1210 ) ;
#4559 = LENGTH_MEASURE_WITH_UNIT ( LENGTH_MEASURE( 0.02539999999999999897 ), #7663 );
#4560 = LINE ( 'NONE', #6370, #1587 ) ;
#4561 = VECTOR ( 'NONE', #3977, 39.37007874015748143 ) ;
#4562 = UNCERTAINTY_MEASURE_WITH_UNIT (LENGTH_MEASURE( 1.000000000000000082E-05 ), #5130, 'distance_accuracy_value', 'NONE');
#4563 =( NAMED_UNIT ( * ) PLANE_ANGLE_UNIT ( ) SI_UNIT ( $, .RADIAN. ) );
#4564 = SURFACE_STYLE_FILL_AREA ( #4068 ) ;
#4565 = CARTESIAN_POINT ( 'NONE',  ( -0.01968503937007873988, -0.2533195205921259796, 0.02098864547787401835 ) ) ;
#4566 = PRESENTATION_LAYER_ASSIGNMENT (  '', '', ( #4038 ) ) ;
#4567 = CARTESIAN_POINT ( 'NONE',  ( -0.07874015748031495954, -0.2915057198038976671, 0.007874015748031495954 ) ) ;
#4568 = STYLED_ITEM ( 'NONE', ( #7612 ), #7490 ) ;
#4569 = ORIENTED_EDGE ( 'NONE', *, *, #5169, .F. ) ;
#4570 = EDGE_CURVE ( 'NONE', #3300, #7434, #4376, .T. ) ;
#4571 =( CONVERSION_BASED_UNIT ( 'INCH', #867 ) LENGTH_UNIT ( ) NAMED_UNIT ( #7449 ) );
#4572 = AXIS2_PLACEMENT_3D ( 'NONE', #6388, #3291, #3330 ) ;
#4573 = CIRCLE ( 'NONE', #7589, 0.003937007874015749712 ) ;
#4574 = ORIENTED_EDGE ( 'NONE', *, *, #3516, .T. ) ;
#4575 = CARTESIAN_POINT ( 'NONE',  ( 0.01968503937007873988, -0.2572565284661417206, 0.003937007874015747977 ) ) ;
#4576 = FILL_AREA_STYLE_COLOUR ( '', #6328 ) ;
#4577 = SURFACE_STYLE_USAGE ( .BOTH. , #2117 ) ;
#4578 = PRESENTATION_LAYER_ASSIGNMENT (  '', '', ( #605 ) ) ;
#4579 = CARTESIAN_POINT ( 'NONE',  ( -0.1827946717203543514, -0.01227691951566929271, 0.09842519685039370636 ) ) ;
#4580 = CARTESIAN_POINT ( 'NONE',  ( -0.2047244094501181333, 0.1237520663915748081, 0.09842519685039370636 ) ) ;
#4581 = EDGE_CURVE ( 'NONE', #5271, #6564, #4420, .T. ) ;
#4582 = EDGE_LOOP ( 'NONE', ( #7165, #2768, #4834, #5286 ) ) ;
#4583 = ORIENTED_EDGE ( 'NONE', *, *, #4799, .F. ) ;
#4584 = DIRECTION ( 'NONE',  ( 0.000000000000000000, 0.000000000000000000, 1.000000000000000000 ) ) ;
#4585 = FILL_AREA_STYLE ('',( #2127 ) ) ;
#4586 =( NAMED_UNIT ( * ) PLANE_ANGLE_UNIT ( ) SI_UNIT ( $, .RADIAN. ) );
#4587 = APPLICATION_PROTOCOL_DEFINITION ( 'draft international standard', 'automotive_design', 1998, #5137 ) ;
#4588 = DIRECTION ( 'NONE',  ( -0.000000000000000000, -0.000000000000000000, -1.000000000000000000 ) ) ;
#4589 = VERTEX_POINT ( 'NONE', #5073 ) ;
#4590 = CARTESIAN_POINT ( 'NONE',  ( 0.1800760939070866207, 0.1595239587874015541, 0.09448818897637795144 ) ) ;
#4591 = VERTEX_POINT ( 'NONE', #6082 ) ;
#4592 = LINE ( 'NONE', #7109, #7884 ) ;
#4593 =( NAMED_UNIT ( * ) PLANE_ANGLE_UNIT ( ) SI_UNIT ( $, .RADIAN. ) );
#4594 = STYLED_ITEM ( 'NONE', ( #6473 ), #1096 ) ;
#4595 = COLOUR_RGB ( '',0.2784313725490196179, 0.2784313725490196179, 0.2784313725490196179 ) ;
#4596 = PRESENTATION_STYLE_ASSIGNMENT (( #393 ) ) ;
#4597 =( LENGTH_UNIT ( ) NAMED_UNIT ( * ) SI_UNIT ( $, .METRE. ) );
#4598 = VERTEX_POINT ( 'NONE', #2010 ) ;
#4599 = LENGTH_MEASURE_WITH_UNIT ( LENGTH_MEASURE( 0.02539999999999999897 ), #3359 );
#4600 = LINE ( 'NONE', #1502, #5814 ) ;
#4601 = MECHANICAL_DESIGN_GEOMETRIC_PRESENTATION_REPRESENTATION (  '', ( #6359 ), #5494 ) ;
#4602 = DIRECTION ( 'NONE',  ( 4.445400466247999577E-16, 1.000000000000000000, -0.000000000000000000 ) ) ;
#4603 = LENGTH_MEASURE_WITH_UNIT ( LENGTH_MEASURE( 0.02539999999999999897 ), #5296 );
#4604 = FACE_OUTER_BOUND ( 'NONE', #763, .T. ) ;
#4605 = VERTEX_POINT ( 'NONE', #1976 ) ;
#4606 = PRODUCT ( 'Open CASCADE STEP translator 6.8 3_3', 'Open CASCADE STEP translator 6.8 3_3', '', ( #884 ) ) ;
#4607 = PRESENTATION_LAYER_ASSIGNMENT (  '', '', ( #5127 ) ) ;
#4608 = MECHANICAL_DESIGN_GEOMETRIC_PRESENTATION_REPRESENTATION (  '', ( #7370 ), #7233 ) ;
#4609 = LENGTH_MEASURE_WITH_UNIT ( LENGTH_MEASURE( 0.02539999999999999897 ), #1417 );
#4610 = FACE_OUTER_BOUND ( 'NONE', #3785, .T. ) ;
#4611 = SURFACE_STYLE_FILL_AREA ( #2155 ) ;
#4612 = UNCERTAINTY_MEASURE_WITH_UNIT (LENGTH_MEASURE( 1.000000000000000082E-05 ), #5803, 'distance_accuracy_value', 'NONE');
#4613 =( NAMED_UNIT ( * ) PLANE_ANGLE_UNIT ( ) SI_UNIT ( $, .RADIAN. ) );
#4614 = MECHANICAL_DESIGN_GEOMETRIC_PRESENTATION_REPRESENTATION (  '', ( #395 ), #4217 ) ;
#4615 =( GEOMETRIC_REPRESENTATION_CONTEXT ( 3 ) GLOBAL_UNCERTAINTY_ASSIGNED_CONTEXT ( ( #6649 ) ) GLOBAL_UNIT_ASSIGNED_CONTEXT ( ( #2906, #5429, #3569 ) ) REPRESENTATION_CONTEXT ( 'NONE', 'WORKASPACE' ) );
#4616 = EDGE_CURVE ( 'NONE', #5529, #3393, #4954, .T. ) ;
#4617 = ORIENTED_EDGE ( 'NONE', *, *, #1712, .F. ) ;
#4618 = DIRECTION ( 'NONE',  ( 0.000000000000000000, -1.000000000000000000, 0.000000000000000000 ) ) ;
#4619 = CARTESIAN_POINT ( 'NONE',  ( -0.07874015748031495954, -0.2533195205921259796, 0.02098864547787401835 ) ) ;
#4620 = STYLED_ITEM ( 'NONE', ( #5454 ), #1915 ) ;
#4621 = VECTOR ( 'NONE', #621, 39.37007874015748143 ) ;
#4622 = UNCERTAINTY_MEASURE_WITH_UNIT (LENGTH_MEASURE( 1.000000000000000082E-05 ), #1192, 'distance_accuracy_value', 'NONE');
#4623 = VERTEX_POINT ( 'NONE', #3099 ) ;
#4624 = DIMENSIONAL_EXPONENTS ( 1.000000000000000000, 0.000000000000000000, 0.000000000000000000, 0.000000000000000000, 0.000000000000000000, 0.000000000000000000, 0.000000000000000000 ) ;
#4625 = ORIENTED_EDGE ( 'NONE', *, *, #3307, .T. ) ;
#4626 = LENGTH_MEASURE_WITH_UNIT ( LENGTH_MEASURE( 0.02539999999999999897 ), #2811 );
#4627 = FACE_OUTER_BOUND ( 'NONE', #5340, .T. ) ;
#4628 = EDGE_CURVE ( 'NONE', #116, #2893, #4473, .T. ) ;
#4629 = AXIS2_PLACEMENT_3D ( 'NONE', #3670, #3788, #6147 ) ;
#4630 = DIRECTION ( 'NONE',  ( 0.000000000000000000, -0.000000000000000000, 1.000000000000000000 ) ) ;
#4631 = AXIS2_PLACEMENT_3D ( 'NONE', #6676, #1784, #3069 ) ;
#4632 = EDGE_LOOP ( 'NONE', ( #6969, #5958, #4924, #1307 ) ) ;
#4633 = DIMENSIONAL_EXPONENTS ( 1.000000000000000000, 0.000000000000000000, 0.000000000000000000, 0.000000000000000000, 0.000000000000000000, 0.000000000000000000, 0.000000000000000000 ) ;
#4634 =( NAMED_UNIT ( * ) PLANE_ANGLE_UNIT ( ) SI_UNIT ( $, .RADIAN. ) );
#4635 =( GEOMETRIC_REPRESENTATION_CONTEXT ( 3 ) GLOBAL_UNCERTAINTY_ASSIGNED_CONTEXT ( ( #2843 ) ) GLOBAL_UNIT_ASSIGNED_CONTEXT ( ( #804, #3845, #4211 ) ) REPRESENTATION_CONTEXT ( 'NONE', 'WORKASPACE' ) );
#4636 = ORIENTED_EDGE ( 'NONE', *, *, #979, .T. ) ;
#4637 = SURFACE_STYLE_FILL_AREA ( #5197 ) ;
#4638 = FILL_AREA_STYLE_COLOUR ( '', #1031 ) ;
#4639 = CARTESIAN_POINT ( 'NONE',  ( -0.1800760939070866207, 0.1889558061521260102, 0.09842519685039370636 ) ) ;
#4640 = MECHANICAL_DESIGN_GEOMETRIC_PRESENTATION_REPRESENTATION (  '', ( #3593 ), #1408 ) ;
#4641 = CARTESIAN_POINT ( 'NONE',  ( -0.1811505525413229511, 0.1300921114227165387, 0.09842519685076052405 ) ) ;
#4642 = CARTESIAN_POINT ( 'NONE',  ( -0.1867316795943700647, -0.1040084880705905435, 0.01968503937007873988 ) ) ;
#4643 = SURFACE_STYLE_USAGE ( .BOTH. , #396 ) ;
#4644 = VERTEX_POINT ( 'NONE', #5536 ) ;
#4645 = CARTESIAN_POINT ( 'NONE',  ( -0.2047244094501181333, 0.1237520663915748081, 0.09448818897637795144 ) ) ;
#4646 =( CONVERSION_BASED_UNIT ( 'INCH', #4599 ) LENGTH_UNIT ( ) NAMED_UNIT ( #3002 ) );
#4647 = FILL_AREA_STYLE ('',( #4527 ) ) ;
#4648 = LINE ( 'NONE', #7754, #6037 ) ;
#4649 = FACE_OUTER_BOUND ( 'NONE', #1954, .T. ) ;
#4650 = LINE ( 'NONE', #7050, #7194 ) ;
#4651 = DIRECTION ( 'NONE',  ( 0.000000000000000000, 0.000000000000000000, -1.000000000000000000 ) ) ;
#4652 = CARTESIAN_POINT ( 'NONE',  ( -0.1867316795943700647, -0.1040084880705905435, 0.01968503937007873988 ) ) ;
#4653 = ORIENTED_EDGE ( 'NONE', *, *, #5849, .F. ) ;
#4654 = LENGTH_MEASURE_WITH_UNIT ( LENGTH_MEASURE( 0.02539999999999999897 ), #4698 );
#4655 =( CONVERSION_BASED_UNIT ( 'INCH', #1552 ) LENGTH_UNIT ( ) NAMED_UNIT ( #4731 ) );
#4656 = SURFACE_STYLE_USAGE ( .BOTH. , #6613 ) ;
#4657 = ORIENTED_EDGE ( 'NONE', *, *, #1618, .F. ) ;
#4658 = SURFACE_STYLE_USAGE ( .BOTH. , #2840 ) ;
#4659 =( LENGTH_UNIT ( ) NAMED_UNIT ( * ) SI_UNIT ( $, .METRE. ) );
#4660 = EDGE_CURVE ( 'NONE', #1995, #1294, #6737, .T. ) ;
#4661 = EDGE_CURVE ( 'NONE', #6586, #4662, #3140, .T. ) ;
#4662 = VERTEX_POINT ( 'NONE', #4907 ) ;
#4663 = LINE ( 'NONE', #1604, #1528 ) ;
#4664 =( NAMED_UNIT ( * ) PLANE_ANGLE_UNIT ( ) SI_UNIT ( $, .RADIAN. ) );
#4665 = CARTESIAN_POINT ( 'NONE',  ( 0.1788576638454330847, -0.1112605648740944836, 0.09842519685039370636 ) ) ;
#4666 = AXIS2_PLACEMENT_3D ( 'NONE', #1322, #575, #2628 ) ;
#4667 = EDGE_CURVE ( 'NONE', #2288, #3277, #6777, .T. ) ;
#4668 = ORIENTED_EDGE ( 'NONE', *, *, #4977, .T. ) ;
#4669 = CYLINDRICAL_SURFACE ( 'NONE', #1986, 0.01968503937007875723 ) ;
#4670 = SURFACE_STYLE_FILL_AREA ( #7620 ) ;
#4671 = CARTESIAN_POINT ( 'NONE',  ( -0.1788576638464173252, -0.06209787612507874227, 0.09842519685039370636 ) ) ;
#4672 = DIMENSIONAL_EXPONENTS ( 1.000000000000000000, 0.000000000000000000, 0.000000000000000000, 0.000000000000000000, 0.000000000000000000, 0.000000000000000000, 0.000000000000000000 ) ;
#4673 = SURFACE_STYLE_USAGE ( .BOTH. , #5321 ) ;
#4674 = PRODUCT_DEFINITION_SHAPE ( 'NONE', 'NONE',  #7888 ) ;
#4675 = SURFACE_SIDE_STYLE ('',( #895 ) ) ;
#4676 = DIRECTION ( 'NONE',  ( 1.000000000000000000, 0.000000000000000000, 0.000000000000000000 ) ) ;
#4677 =( NAMED_UNIT ( * ) SI_UNIT ( $, .STERADIAN. ) SOLID_ANGLE_UNIT ( ) );
#4678 = DIMENSIONAL_EXPONENTS ( 1.000000000000000000, 0.000000000000000000, 0.000000000000000000, 0.000000000000000000, 0.000000000000000000, 0.000000000000000000, 0.000000000000000000 ) ;
#4679 = DIRECTION ( 'NONE',  ( 0.000000000000000000, 0.000000000000000000, -1.000000000000000000 ) ) ;
#4680 = EDGE_CURVE ( 'NONE', #2241, #594, #4992, .T. ) ;
#4681 = FACE_OUTER_BOUND ( 'NONE', #6087, .T. ) ;
#4682 = ORIENTED_EDGE ( 'NONE', *, *, #6338, .T. ) ;
#4683 = PRESENTATION_STYLE_ASSIGNMENT (( #7751 ) ) ;
#4684 = PRESENTATION_STYLE_ASSIGNMENT (( #7668 ) ) ;
#4685 = MECHANICAL_DESIGN_GEOMETRIC_PRESENTATION_REPRESENTATION (  '', ( #5440 ), #4278 ) ;
#4686 =( NAMED_UNIT ( * ) PLANE_ANGLE_UNIT ( ) SI_UNIT ( $, .RADIAN. ) );
#4687 = LENGTH_MEASURE_WITH_UNIT ( LENGTH_MEASURE( 0.02539999999999999897 ), #3430 );
#4688 = CARTESIAN_POINT ( 'NONE',  ( 0.1330390167485817343, 0.1992328590562978397, 0.09448818897637796532 ) ) ;
#4689 = FILL_AREA_STYLE_COLOUR ( '', #6424 ) ;
#4690 = DIMENSIONAL_EXPONENTS ( 1.000000000000000000, 0.000000000000000000, 0.000000000000000000, 0.000000000000000000, 0.000000000000000000, 0.000000000000000000, 0.000000000000000000 ) ;
#4691 = STYLED_ITEM ( 'NONE', ( #5920 ), #3288 ) ;
#4692 = VECTOR ( 'NONE', #2399, 39.37007874015748143 ) ;
#4693 = FILL_AREA_STYLE ('',( #5299 ) ) ;
#4694 =( CONVERSION_BASED_UNIT ( 'INCH', #4118 ) LENGTH_UNIT ( ) NAMED_UNIT ( #5242 ) );
#4695 = VERTEX_POINT ( 'NONE', #50 ) ;
#4696 = DIRECTION ( 'NONE',  ( 1.000000000000000000, 0.000000000000000000, 0.000000000000000000 ) ) ;
#4697 = COLOUR_RGB ( '',0.7490196078431372584, 0.7490196078431372584, 0.7490196078431372584 ) ;
#4698 =( LENGTH_UNIT ( ) NAMED_UNIT ( * ) SI_UNIT ( $, .METRE. ) );
#4699 = SURFACE_SIDE_STYLE ('',( #2239 ) ) ;
#4700 = DIMENSIONAL_EXPONENTS ( 1.000000000000000000, 0.000000000000000000, 0.000000000000000000, 0.000000000000000000, 0.000000000000000000, 0.000000000000000000, 0.000000000000000000 ) ;
#4701 = ORIENTED_EDGE ( 'NONE', *, *, #1242, .F. ) ;
#4702 = DIMENSIONAL_EXPONENTS ( 1.000000000000000000, 0.000000000000000000, 0.000000000000000000, 0.000000000000000000, 0.000000000000000000, 0.000000000000000000, 0.000000000000000000 ) ;
#4703 = VECTOR ( 'NONE', #5022, 39.37007874015748143 ) ;
#4704 = MECHANICAL_DESIGN_GEOMETRIC_PRESENTATION_REPRESENTATION (  '', ( #7329 ), #4296 ) ;
#4705 = UNCERTAINTY_MEASURE_WITH_UNIT (LENGTH_MEASURE( 1.000000000000000082E-05 ), #5636, 'distance_accuracy_value', 'NONE');
#4706 = ORIENTED_EDGE ( 'NONE', *, *, #1950, .F. ) ;
#4707 = FACE_OUTER_BOUND ( 'NONE', #6456, .T. ) ;
#4708 = COLOUR_RGB ( '',0.7490196078431372584, 0.7490196078431372584, 0.7490196078431372584 ) ;
#4709 = VECTOR ( 'NONE', #137, 39.37007874015748143 ) ;
#4710 = PRODUCT_RELATED_PRODUCT_CATEGORY ( 'part', '', ( #4021 ) ) ;
#4711 = EDGE_CURVE ( 'NONE', #6991, #1455, #7381, .T. ) ;
#4712 = LINE ( 'NONE', #4745, #5190 ) ;
#4713 = MECHANICAL_DESIGN_GEOMETRIC_PRESENTATION_REPRESENTATION (  '', ( #3661 ), #6829 ) ;
#4714 = VERTEX_POINT ( 'NONE', #6242 ) ;
#4715 = FILL_AREA_STYLE_COLOUR ( '', #5562 ) ;
#4716 = PRESENTATION_STYLE_ASSIGNMENT (( #2256 ) ) ;
#4717 =( NAMED_UNIT ( * ) SI_UNIT ( $, .STERADIAN. ) SOLID_ANGLE_UNIT ( ) );
#4718 = EDGE_LOOP ( 'NONE', ( #4657, #4182, #2156, #6715 ) ) ;
#4719 = CARTESIAN_POINT ( 'NONE',  ( -0.1840131017814691516, 0.1889558061521260102, 0.09556264761061400437 ) ) ;
#4720 = EDGE_CURVE ( 'NONE', #1569, #7439, #1303, .T. ) ;
#4721 = DIRECTION ( 'NONE',  ( -1.000000000000000000, 0.000000000000000000, 0.000000000000000000 ) ) ;
#4722 = SURFACE_STYLE_USAGE ( .BOTH. , #5939 ) ;
#4723 = EDGE_LOOP ( 'NONE', ( #7805, #6026, #1567, #2804 ) ) ;
#4724 =( NAMED_UNIT ( * ) PLANE_ANGLE_UNIT ( ) SI_UNIT ( $, .RADIAN. ) );
#4725 = APPLICATION_CONTEXT ( 'automotive_design' ) ;
#4726 = DIRECTION ( 'NONE',  ( 0.000000000000000000, 0.000000000000000000, -1.000000000000000000 ) ) ;
#4727 = LINE ( 'NONE', #4878, #7065 ) ;
#4728 = CARTESIAN_POINT ( 'NONE',  ( 0.1574803149606299191, 0.04035433070866142197, -0.04724409448818897572 ) ) ;
#4729 = FILL_AREA_STYLE_COLOUR ( '', #6003 ) ;
#4730 =( CONVERSION_BASED_UNIT ( 'INCH', #2867 ) LENGTH_UNIT ( ) NAMED_UNIT ( #5649 ) );
#4731 = DIMENSIONAL_EXPONENTS ( 1.000000000000000000, 0.000000000000000000, 0.000000000000000000, 0.000000000000000000, 0.000000000000000000, 0.000000000000000000, 0.000000000000000000 ) ;
#4732 = PLANE ( 'NONE',  #1882 ) ;
#4733 = AXIS2_PLACEMENT_3D ( 'NONE', #7694, #1062, #2514 ) ;
#4734 = COLOUR_RGB ( '',0.7490196078431372584, 0.7490196078431372584, 0.7490196078431372584 ) ;
#4735 =( CONVERSION_BASED_UNIT ( 'INCH', #4081 ) LENGTH_UNIT ( ) NAMED_UNIT ( #3502 ) );
#4736 = CARTESIAN_POINT ( 'NONE',  ( 0.000000000000000000, 0.2641953671577952911, 0.01181102362204724393 ) ) ;
#4737 = DIRECTION ( 'NONE',  ( -0.000000000000000000, -0.000000000000000000, 1.000000000000000000 ) ) ;
#4738 = DIRECTION ( 'NONE',  ( 0.000000000000000000, -0.000000000000000000, 1.000000000000000000 ) ) ;
#4739 = ORIENTED_EDGE ( 'NONE', *, *, #1848, .T. ) ;
#4740 = VERTEX_POINT ( 'NONE', #692 ) ;
#4741 =( NAMED_UNIT ( * ) PLANE_ANGLE_UNIT ( ) SI_UNIT ( $, .RADIAN. ) );
#4742 = DIRECTION ( 'NONE',  ( -0.000000000000000000, -1.000000000000000000, 0.000000000000000000 ) ) ;
#4743 =( CONVERSION_BASED_UNIT ( 'INCH', #7816 ) LENGTH_UNIT ( ) NAMED_UNIT ( #1021 ) );
#4744 = VECTOR ( 'NONE', #2550, 39.37007874015748143 ) ;
#4745 = CARTESIAN_POINT ( 'NONE',  ( 0.1867316795943701202, -0.05814270379311024112, 0.09448818897637795144 ) ) ;
#4746 = DIMENSIONAL_EXPONENTS ( 1.000000000000000000, 0.000000000000000000, 0.000000000000000000, 0.000000000000000000, 0.000000000000000000, 0.000000000000000000, 0.000000000000000000 ) ;
#4747 = ORIENTED_EDGE ( 'NONE', *, *, #6311, .F. ) ;
#4748 = DIRECTION ( 'NONE',  ( 0.000000000000000000, 0.000000000000000000, 1.000000000000000000 ) ) ;
#4749 = FILL_AREA_STYLE_COLOUR ( '', #2542 ) ;
#4750 = VECTOR ( 'NONE', #1364, 39.37007874015748143 ) ;
#4751 = DIRECTION ( 'NONE',  ( 0.000000000000000000, 0.000000000000000000, 1.000000000000000000 ) ) ;
#4752 =( CONVERSION_BASED_UNIT ( 'INCH', #2342 ) LENGTH_UNIT ( ) NAMED_UNIT ( #6529 ) );
#4753 = PRESENTATION_STYLE_ASSIGNMENT (( #6080 ) ) ;
#4754 = CARTESIAN_POINT ( 'NONE',  ( 0.09842519685039370636, -0.2651305442141732582, 0.000000000000000000 ) ) ;
#4755 = VECTOR ( 'NONE', #6766, 39.37007874015748143 ) ;
#4756 = LINE ( 'NONE', #4255, #6253 ) ;
#4757 = PRESENTATION_STYLE_ASSIGNMENT (( #4722 ) ) ;
#4758 = EDGE_LOOP ( 'NONE', ( #7227, #1029, #572, #5049 ) ) ;
#4759 = CARTESIAN_POINT ( 'NONE',  ( 0.1788576638454330847, -0.1112605648740944836, 0.09448818897637795144 ) ) ;
#4760 = LINE ( 'NONE', #4224, #1374 ) ;
#4761 = ADVANCED_FACE ( 'NONE', ( #734 ), #4822, .T. ) ;
#4762 = FILL_AREA_STYLE_COLOUR ( '', #1711 ) ;
#4763 = LINE ( 'NONE', #1699, #7049 ) ;
#4764 = EDGE_LOOP ( 'NONE', ( #3755, #1324, #4968, #904, #39, #1, #3818, #1757, #4504, #6644, #223, #1809, #2457, #2598, #7279, #7319, #1347, #5719, #4342, #5473, #434, #1158 ) ) ;
#4765 = VECTOR ( 'NONE', #6931, 39.37007874015748143 ) ;
#4766 = DIRECTION ( 'NONE',  ( 0.000000000000000000, -1.000000000000000000, 0.000000000000000000 ) ) ;
#4767 = PLANE ( 'NONE',  #3162 ) ;
#4768 = DIRECTION ( 'NONE',  ( 1.000000000000000000, 0.000000000000000000, 0.000000000000000000 ) ) ;
#4769 = EDGE_CURVE ( 'NONE', #6483, #4300, #6552, .T. ) ;
#4770 = PRESENTATION_STYLE_ASSIGNMENT (( #2323 ) ) ;
#4771 =( LENGTH_UNIT ( ) NAMED_UNIT ( * ) SI_UNIT ( $, .METRE. ) );
#4772 = DIRECTION ( 'NONE',  ( -1.000000000000000000, -0.000000000000000000, -0.000000000000000000 ) ) ;
#4773 = FILL_AREA_STYLE_COLOUR ( '', #2157 ) ;
#4774 = FILL_AREA_STYLE_COLOUR ( '', #7357 ) ;
#4775 =( NAMED_UNIT ( * ) PLANE_ANGLE_UNIT ( ) SI_UNIT ( $, .RADIAN. ) );
#4776 = DIMENSIONAL_EXPONENTS ( 1.000000000000000000, 0.000000000000000000, 0.000000000000000000, 0.000000000000000000, 0.000000000000000000, 0.000000000000000000, 0.000000000000000000 ) ;
#4777 = CLOSED_SHELL ( 'NONE', ( #2159, #7838, #1073, #7068, #5525, #893, #5441, #1445, #1354, #3712, #5602, #6454, #1149, #7793, #250, #6819, #1249, #5519, #469, #3537, #2100, #6, #4108, #7561, #4761, #2713, #3040, #5576, #3398, #3315, #1558, #4201, #869, #2327, #6759, #3288, #6620, #1420, #2212, #4115, #3489, #3472, #1670, #3231, #2345, #2407, #4252, #3982, #6807, #3485, #6050, #1619 ) ) ;
#4779 = ADVANCED_FACE ( 'NONE', ( #6624 ), #5973, .T. ) ;
#4778 = UNCERTAINTY_MEASURE_WITH_UNIT (LENGTH_MEASURE( 1.000000000000000082E-05 ), #3468, 'distance_accuracy_value', 'NONE');
#4780 = CARTESIAN_POINT ( 'NONE',  ( -0.01968503937007873988, -0.2743811241349999874, 0.02492565335188976286 ) ) ;
#4781 = DIRECTION ( 'NONE',  ( -0.000000000000000000, 0.000000000000000000, 1.000000000000000000 ) ) ;
#4782 = PRODUCT_DEFINITION_CONTEXT ( 'detailed design', #7790, 'design' ) ;
#4783 = DIRECTION ( 'NONE',  ( 0.000000000000000000, -1.000000000000000000, -0.000000000000000000 ) ) ;
#4784 = ORIENTED_EDGE ( 'NONE', *, *, #1412, .F. ) ;
#4785 =( NAMED_UNIT ( * ) SI_UNIT ( $, .STERADIAN. ) SOLID_ANGLE_UNIT ( ) );
#4786 = DIRECTION ( 'NONE',  ( -1.000000000000000000, 0.000000000000000000, 0.000000000000000000 ) ) ;
#4787 = DIRECTION ( 'NONE',  ( 0.000000000000000000, 0.000000000000000000, -1.000000000000000000 ) ) ;
#4788 = PRESENTATION_LAYER_ASSIGNMENT (  '', '', ( #5177 ) ) ;
#4789 =( CONVERSION_BASED_UNIT ( 'INCH', #2945 ) LENGTH_UNIT ( ) NAMED_UNIT ( #7636 ) );
#4790 =( CONVERSION_BASED_UNIT ( 'INCH', #2344 ) LENGTH_UNIT ( ) NAMED_UNIT ( #5957 ) );
#4791 = DIRECTION ( 'NONE',  ( 1.000000000000000000, 0.000000000000000000, 0.000000000000000000 ) ) ;
#4792 = ORIENTED_EDGE ( 'NONE', *, *, #5838, .F. ) ;
#4793 = CARTESIAN_POINT ( 'NONE',  ( -0.05118110236220472370, 0.1878684657093700749, 0.02492565335188976286 ) ) ;
#4794 = DIMENSIONAL_EXPONENTS ( 1.000000000000000000, 0.000000000000000000, 0.000000000000000000, 0.000000000000000000, 0.000000000000000000, 0.000000000000000000, 0.000000000000000000 ) ;
#4795 = PRESENTATION_STYLE_ASSIGNMENT (( #6526 ) ) ;
#4796 = CARTESIAN_POINT ( 'NONE',  ( 0.000000000000000000, 0.1878684657093700749, 0.02492565335188976286 ) ) ;
#4797 = PRESENTATION_LAYER_ASSIGNMENT (  '', '', ( #453 ) ) ;
#4798 = SURFACE_SIDE_STYLE ('',( #597 ) ) ;
#4799 = EDGE_CURVE ( 'NONE', #7333, #591, #4901, .T. ) ;
#4800 = COLOUR_RGB ( '',0.7490196078431372584, 0.7490196078431372584, 0.7490196078431372584 ) ;
#4801 =( NAMED_UNIT ( * ) PLANE_ANGLE_UNIT ( ) SI_UNIT ( $, .RADIAN. ) );
#4802 = SURFACE_SIDE_STYLE ('',( #3111 ) ) ;
#4803 = DIRECTION ( 'NONE',  ( 1.000000000000000000, 0.000000000000000000, 0.000000000000000000 ) ) ;
#4804 = DIRECTION ( 'NONE',  ( 0.000000000000000000, 0.000000000000000000, 1.000000000000000000 ) ) ;
#4805 = FILL_AREA_STYLE ('',( #2362 ) ) ;
#4806 = ORIENTED_EDGE ( 'NONE', *, *, #3389, .F. ) ;
#4807 = PRESENTATION_LAYER_ASSIGNMENT (  '', '', ( #5700 ) ) ;
#4808 = COLOUR_RGB ( '',0.2784313725490196179, 0.2784313725490196179, 0.2784313725490196179 ) ;
#4809 = EDGE_CURVE ( 'NONE', #1793, #91, #7255, .T. ) ;
#4810 = COLOUR_RGB ( '',0.2784313725490196179, 0.2784313725490196179, 0.2784313725490196179 ) ;
#4811 = COLOUR_RGB ( '',0.7490196078431372584, 0.7490196078431372584, 0.7490196078431372584 ) ;
#4812 = ORIENTED_EDGE ( 'NONE', *, *, #4581, .F. ) ;
#4813 = SURFACE_STYLE_FILL_AREA ( #1128 ) ;
#4814 = SURFACE_SIDE_STYLE ('',( #537 ) ) ;
#4815 = DIRECTION ( 'NONE',  ( -1.000000000000000000, 2.222700233188000074E-16, 0.000000000000000000 ) ) ;
#4816 = LENGTH_MEASURE_WITH_UNIT ( LENGTH_MEASURE( 0.02539999999999999897 ), #3636 );
#4817 = AXIS2_PLACEMENT_3D ( 'NONE', #7055, #7019, #7125 ) ;
#4818 = VECTOR ( 'NONE', #3775, 39.37007874015748143 ) ;
#4819 = EDGE_CURVE ( 'NONE', #5217, #1927, #1173, .T. ) ;
#4820 = SURFACE_SIDE_STYLE ('',( #6584 ) ) ;
#4821 = VERTEX_POINT ( 'NONE', #6074 ) ;
#4822 = CYLINDRICAL_SURFACE ( 'NONE', #3219, 0.1884895708661417646 ) ;
#4823 = DIRECTION ( 'NONE',  ( 0.000000000000000000, 0.000000000000000000, 1.000000000000000000 ) ) ;
#4824 = ORIENTED_EDGE ( 'NONE', *, *, #3754, .F. ) ;
#4825 = FILL_AREA_STYLE ('',( #6627 ) ) ;
#4826 = DIRECTION ( 'NONE',  ( -0.000000000000000000, 0.000000000000000000, 1.000000000000000000 ) ) ;
#4827 = FILL_AREA_STYLE ('',( #5360 ) ) ;
#4828 =( GEOMETRIC_REPRESENTATION_CONTEXT ( 3 ) GLOBAL_UNCERTAINTY_ASSIGNED_CONTEXT ( ( #6890 ) ) GLOBAL_UNIT_ASSIGNED_CONTEXT ( ( #4334, #619, #4292 ) ) REPRESENTATION_CONTEXT ( 'NONE', 'WORKASPACE' ) );
#4829 = SURFACE_SIDE_STYLE ('',( #1075 ) ) ;
#4830 = COLOUR_RGB ( '',0.7490196078431372584, 0.7490196078431372584, 0.7490196078431372584 ) ;
#4831 = DIMENSIONAL_EXPONENTS ( 1.000000000000000000, 0.000000000000000000, 0.000000000000000000, 0.000000000000000000, 0.000000000000000000, 0.000000000000000000, 0.000000000000000000 ) ;
#4832 = LENGTH_MEASURE_WITH_UNIT ( LENGTH_MEASURE( 0.02539999999999999897 ), #1621 );
#4833 = SURFACE_STYLE_FILL_AREA ( #1775 ) ;
#4834 = ORIENTED_EDGE ( 'NONE', *, *, #1607, .F. ) ;
#4835 = DIRECTION ( 'NONE',  ( 0.000000000000000000, -0.000000000000000000, -1.000000000000000000 ) ) ;
#4836 = ORIENTED_EDGE ( 'NONE', *, *, #4076, .F. ) ;
#4837 = ORIENTED_EDGE ( 'NONE', *, *, #558, .T. ) ;
#4838 = CARTESIAN_POINT ( 'NONE',  ( 0.1624883442576771919, -0.1151975727482677236, 0.09448818897637795144 ) ) ;
#4839 = DIRECTION ( 'NONE',  ( -1.000000000000000000, 2.256280962365999922E-16, 0.000000000000000000 ) ) ;
#4840 = FILL_AREA_STYLE_COLOUR ( '', #5927 ) ;
#4841 =( GEOMETRIC_REPRESENTATION_CONTEXT ( 3 ) GLOBAL_UNCERTAINTY_ASSIGNED_CONTEXT ( ( #2538 ) ) GLOBAL_UNIT_ASSIGNED_CONTEXT ( ( #1734, #4175, #3761 ) ) REPRESENTATION_CONTEXT ( 'NONE', 'WORKASPACE' ) );
#4842 = VERTEX_POINT ( 'NONE', #3564 ) ;
#4843 = FILL_AREA_STYLE_COLOUR ( '', #7213 ) ;
#4844 = ORIENTED_EDGE ( 'NONE', *, *, #6858, .F. ) ;
#4845 = MECHANICAL_DESIGN_GEOMETRIC_PRESENTATION_REPRESENTATION (  '', ( #2413 ), #7614 ) ;
#4846 = FILL_AREA_STYLE_COLOUR ( '', #6942 ) ;
#4847 = UNCERTAINTY_MEASURE_WITH_UNIT (LENGTH_MEASURE( 1.000000000000000082E-05 ), #2230, 'distance_accuracy_value', 'NONE');
#4848 = ORIENTED_EDGE ( 'NONE', *, *, #4414, .T. ) ;
#4849 = SURFACE_STYLE_USAGE ( .BOTH. , #4164 ) ;
#4850 = EDGE_CURVE ( 'NONE', #6924, #1285, #3052, .T. ) ;
#4851 = CARTESIAN_POINT ( 'NONE',  ( 0.1827946717203937643, -0.1151975727482677236, 0.000000000000000000 ) ) ;
#4852 = VECTOR ( 'NONE', #3354, 39.37007874015748143 ) ;
#4853 =( CONVERSION_BASED_UNIT ( 'INCH', #3163 ) LENGTH_UNIT ( ) NAMED_UNIT ( #1271 ) );
#4854 = COLOUR_RGB ( '',0.7490196078431372584, 0.7490196078431372584, 0.7490196078431372584 ) ;
#4855 =( NAMED_UNIT ( * ) SI_UNIT ( $, .STERADIAN. ) SOLID_ANGLE_UNIT ( ) );
#4856 = FACE_OUTER_BOUND ( 'NONE', #6744, .T. ) ;
#4857 = AXIS2_PLACEMENT_3D ( 'NONE', #1778, #5541, #3652 ) ;
#4858 = AXIS2_PLACEMENT_3D ( 'NONE', #5657, #6281, #6855 ) ;
#4859 = EDGE_LOOP ( 'NONE', ( #3579, #1123, #5653, #3452 ) ) ;
#4860 =( CONVERSION_BASED_UNIT ( 'INCH', #6693 ) LENGTH_UNIT ( ) NAMED_UNIT ( #1057 ) );
#4861 = EDGE_LOOP ( 'NONE', ( #1146, #5800 ) ) ;
#4862 = LINE ( 'NONE', #4173, #7369 ) ;
#4863 = PRESENTATION_STYLE_ASSIGNMENT (( #6811 ) ) ;
#4864 = EDGE_CURVE ( 'NONE', #2533, #1715, #2448, .T. ) ;
#4865 =( NAMED_UNIT ( * ) SI_UNIT ( $, .STERADIAN. ) SOLID_ANGLE_UNIT ( ) );
#4866 =( NAMED_UNIT ( * ) PLANE_ANGLE_UNIT ( ) SI_UNIT ( $, .RADIAN. ) );
#4867 =( NAMED_UNIT ( * ) PLANE_ANGLE_UNIT ( ) SI_UNIT ( $, .RADIAN. ) );
#4868 =( GEOMETRIC_REPRESENTATION_CONTEXT ( 3 ) GLOBAL_UNCERTAINTY_ASSIGNED_CONTEXT ( ( #6828 ) ) GLOBAL_UNIT_ASSIGNED_CONTEXT ( ( #7027, #6395, #6939 ) ) REPRESENTATION_CONTEXT ( 'NONE', 'WORKASPACE' ) );
#4869 = CIRCLE ( 'NONE', #3071, 0.007874015748031495954 ) ;
#4870 = LINE ( 'NONE', #9, #7270 ) ;
#4871 = CARTESIAN_POINT ( 'NONE',  ( -0.07874015748031495954, -0.2572565284661417206, 0.02492565335188976286 ) ) ;
#4872 = AXIS2_PLACEMENT_3D ( 'NONE', #3779, #1321, #241 ) ;
#4873 = LINE ( 'NONE', #3609, #5349 ) ;
#4874 = ORIENTED_EDGE ( 'NONE', *, *, #7505, .F. ) ;
#4875 = SURFACE_STYLE_USAGE ( .BOTH. , #6741 ) ;
#4876 = STYLED_ITEM ( 'NONE', ( #1693 ), #4536 ) ;
#4877 = ADVANCED_BREP_SHAPE_REPRESENTATION ( '', ( #751, #1997 ), #3787 ) ;
#4878 = CARTESIAN_POINT ( 'NONE',  ( 0.1800760939070866207, 0.1992328590562992274, 0.09448818897637795144 ) ) ;
#4879 = UNCERTAINTY_MEASURE_WITH_UNIT (LENGTH_MEASURE( 1.000000000000000082E-05 ), #2707, 'distance_accuracy_value', 'NONE');
#4880 = COLOUR_RGB ( '',0.7490196078431372584, 0.7490196078431372584, 0.7490196078431372584 ) ;
#4881 =( LENGTH_UNIT ( ) NAMED_UNIT ( * ) SI_UNIT ( $, .METRE. ) );
#4882 = SURFACE_STYLE_FILL_AREA ( #6092 ) ;
#4883 = CARTESIAN_POINT ( 'NONE',  ( -0.1827946717203543237, -0.1040084880705905296, 0.09842519685039370636 ) ) ;
#4884 = FILL_AREA_STYLE ('',( #4351 ) ) ;
#4885 = AXIS2_PLACEMENT_3D ( 'NONE', #5370, #7758, #21 ) ;
#4886 = CARTESIAN_POINT ( 'NONE',  ( -0.1840131017811023617, 0.1889558061521260102, 0.09842519685039370636 ) ) ;
#4887 = VERTEX_POINT ( 'NONE', #4943 ) ;
#4888 = CARTESIAN_POINT ( 'NONE',  ( 0.01968503937007873988, -0.2743811241349999874, 0.007874015748031495954 ) ) ;
#4889 = CARTESIAN_POINT ( 'NONE',  ( -0.07874015748031495954, -0.2743811241349999874, 0.02492565335188976286 ) ) ;
#4890 = ORIENTED_EDGE ( 'NONE', *, *, #6413, .T. ) ;
#4891 = CIRCLE ( 'NONE', #1814, 0.007874015748031499423 ) ;
#4892 = CARTESIAN_POINT ( 'NONE',  ( 0.01968503937007873988, -0.2572565284661417206, 0.03279966909992126228 ) ) ;
#4893 = LINE ( 'NONE', #7284, #1516 ) ;
#4894 = DIRECTION ( 'NONE',  ( 1.000000000000000000, 0.000000000000000000, 0.000000000000000000 ) ) ;
#4895 = EDGE_CURVE ( 'NONE', #4605, #5623, #6008, .T. ) ;
#4896 = ADVANCED_FACE ( 'NONE', ( #3677 ), #6117, .F. ) ;
#4897 = VECTOR ( 'NONE', #4214, 39.37007874015748143 ) ;
#4898 = VECTOR ( 'NONE', #3478, 39.37007874015748854 ) ;
#4899 = VERTEX_POINT ( 'NONE', #3874 ) ;
#4900 = DIRECTION ( 'NONE',  ( 1.000000000000000000, 0.000000000000000000, 0.000000000000000000 ) ) ;
#4901 = LINE ( 'NONE', #5390, #7249 ) ;
#4902 = FACE_OUTER_BOUND ( 'NONE', #6098, .T. ) ;
#4903 =( NAMED_UNIT ( * ) SI_UNIT ( $, .STERADIAN. ) SOLID_ANGLE_UNIT ( ) );
#4904 = VECTOR ( 'NONE', #7124, 39.37007874015748143 ) ;
#4905 = LINE ( 'NONE', #3059, #6760 ) ;
#4906 = EDGE_CURVE ( 'NONE', #3311, #72, #402, .T. ) ;
#4907 = CARTESIAN_POINT ( 'NONE',  ( -0.1170188464848605225, -0.2450787401532677212, 0.09842519685039370636 ) ) ;
#4908 = CARTESIAN_POINT ( 'NONE',  ( -0.09842519685039370636, -0.2572565284661417206, 0.03279966909992126228 ) ) ;
#4909 = ORIENTED_EDGE ( 'NONE', *, *, #2068, .T. ) ;
#4910 = CIRCLE ( 'NONE', #7554, 0.007874015748031495954 ) ;
#4911 = EDGE_LOOP ( 'NONE', ( #2363, #3053, #5328, #5346, #4994, #4126, #4187 ) ) ;
#4912 =( CONVERSION_BASED_UNIT ( 'INCH', #3690 ) LENGTH_UNIT ( ) NAMED_UNIT ( #4794 ) );
#4913 =( NAMED_UNIT ( * ) SI_UNIT ( $, .STERADIAN. ) SOLID_ANGLE_UNIT ( ) );
#4914 = EDGE_LOOP ( 'NONE', ( #2087, #2080, #1256, #3236 ) ) ;
#4915 = FILL_AREA_STYLE_COLOUR ( '', #6125 ) ;
#4916 =( CONVERSION_BASED_UNIT ( 'INCH', #2461 ) LENGTH_UNIT ( ) NAMED_UNIT ( #1380 ) );
#4917 =( GEOMETRIC_REPRESENTATION_CONTEXT ( 3 ) GLOBAL_UNCERTAINTY_ASSIGNED_CONTEXT ( ( #2287 ) ) GLOBAL_UNIT_ASSIGNED_CONTEXT ( ( #7031, #6515, #2933 ) ) REPRESENTATION_CONTEXT ( 'NONE', 'WORKASPACE' ) );
#4918 = PRESENTATION_STYLE_ASSIGNMENT (( #6089 ) ) ;
#4919 = EDGE_CURVE ( 'NONE', #6742, #4899, #5029, .T. ) ;
#4920 = FILL_AREA_STYLE_COLOUR ( '', #2899 ) ;
#4921 = LINE ( 'NONE', #1869, #5749 ) ;
#4922 = CONICAL_SURFACE ( 'NONE', #3015, 0.01968503937260312336, 0.7853981633974482790 ) ;
#4923 = LENGTH_MEASURE_WITH_UNIT ( LENGTH_MEASURE( 0.02539999999999999897 ), #666 );
#4924 = ORIENTED_EDGE ( 'NONE', *, *, #2695, .F. ) ;
#4925 = FILL_AREA_STYLE_COLOUR ( '', #4708 ) ;
#4926 = LENGTH_MEASURE_WITH_UNIT ( LENGTH_MEASURE( 0.02539999999999999897 ), #3076 );
#4927 = VECTOR ( 'NONE', #5509, 39.37007874015748143 ) ;
#4928 = ORIENTED_EDGE ( 'NONE', *, *, #3606, .T. ) ;
#4929 =( GEOMETRIC_REPRESENTATION_CONTEXT ( 3 ) GLOBAL_UNCERTAINTY_ASSIGNED_CONTEXT ( ( #3862 ) ) GLOBAL_UNIT_ASSIGNED_CONTEXT ( ( #4511, #6899, #844 ) ) REPRESENTATION_CONTEXT ( 'NONE', 'WORKASPACE' ) );
#4930 = CARTESIAN_POINT ( 'NONE',  ( -0.06329531094598424279, 0.2490157480314960647, 0.09448818897637796532 ) ) ;
#4931 = UNCERTAINTY_MEASURE_WITH_UNIT (LENGTH_MEASURE( 1.000000000000000082E-05 ), #539, 'distance_accuracy_value', 'NONE');
#4932 = ORIENTED_EDGE ( 'NONE', *, *, #1557, .F. ) ;
#4933 = CARTESIAN_POINT ( 'NONE',  ( -0.1827946717203543514, -0.06934995292858267546, 0.01968503937007873988 ) ) ;
#4934 = CIRCLE ( 'NONE', #5942, 0.007874015748031495954 ) ;
#4935 =( GEOMETRIC_REPRESENTATION_CONTEXT ( 3 ) GLOBAL_UNCERTAINTY_ASSIGNED_CONTEXT ( ( #5559 ) ) GLOBAL_UNIT_ASSIGNED_CONTEXT ( ( #303, #6363, #3348 ) ) REPRESENTATION_CONTEXT ( 'NONE', 'WORKASPACE' ) );
#4936 = PRODUCT_DEFINITION_CONTEXT ( 'detailed design', #6574, 'design' ) ;
#4937 = CARTESIAN_POINT ( 'NONE',  ( -0.09842519685039370636, -0.2690675520881889993, 0.007874015748031495954 ) ) ;
#4938 = DIRECTION ( 'NONE',  ( 1.000000000000000000, 0.000000000000000000, 0.000000000000000000 ) ) ;
#4939 = PRESENTATION_LAYER_ASSIGNMENT (  '', '', ( #5556 ) ) ;
#4940 = ORIENTED_EDGE ( 'NONE', *, *, #6161, .T. ) ;
#4941 = FILL_AREA_STYLE_COLOUR ( '', #3506 ) ;
#4942 = DIMENSIONAL_EXPONENTS ( 1.000000000000000000, 0.000000000000000000, 0.000000000000000000, 0.000000000000000000, 0.000000000000000000, 0.000000000000000000, 0.000000000000000000 ) ;
#4943 = CARTESIAN_POINT ( 'NONE',  ( 0.01968503937007873988, -0.2533195205921259796, 0.02492565335188976633 ) ) ;
#4944 = VERTEX_POINT ( 'NONE', #6770 ) ;
#4945 =( LENGTH_UNIT ( ) NAMED_UNIT ( * ) SI_UNIT ( $, .METRE. ) );
#4946 =( NAMED_UNIT ( * ) PLANE_ANGLE_UNIT ( ) SI_UNIT ( $, .RADIAN. ) );
#4947 = FACE_OUTER_BOUND ( 'NONE', #1601, .T. ) ;
#4948 =( NAMED_UNIT ( * ) SI_UNIT ( $, .STERADIAN. ) SOLID_ANGLE_UNIT ( ) );
#4949 =( GEOMETRIC_REPRESENTATION_CONTEXT ( 3 ) GLOBAL_UNCERTAINTY_ASSIGNED_CONTEXT ( ( #5891 ) ) GLOBAL_UNIT_ASSIGNED_CONTEXT ( ( #2671, #2110, #6421 ) ) REPRESENTATION_CONTEXT ( 'NONE', 'WORKASPACE' ) );
#4950 = ADVANCED_FACE ( 'NONE', ( #1926 ), #765, .T. ) ;
#4951 =( NAMED_UNIT ( * ) SI_UNIT ( $, .STERADIAN. ) SOLID_ANGLE_UNIT ( ) );
#4952 =( GEOMETRIC_REPRESENTATION_CONTEXT ( 3 ) GLOBAL_UNCERTAINTY_ASSIGNED_CONTEXT ( ( #4612 ) ) GLOBAL_UNIT_ASSIGNED_CONTEXT ( ( #5803, #5645, #7485 ) ) REPRESENTATION_CONTEXT ( 'NONE', 'WORKASPACE' ) );
#4953 = AXIS2_PLACEMENT_3D ( 'NONE', #1750, #66, #4191 ) ;
#4954 = LINE ( 'NONE', #1345, #4621 ) ;
#4955 = EDGE_LOOP ( 'NONE', ( #5900, #3426, #3491, #7304 ) ) ;
#4956 = DIRECTION ( 'NONE',  ( 1.000000000000000000, 3.365690350479220189E-32, 3.508517087549708661E-53 ) ) ;
#4957 = ORIENTED_EDGE ( 'NONE', *, *, #1462, .F. ) ;
#4958 = CARTESIAN_POINT ( 'NONE',  ( 0.1761390860343700904, 0.1237520663915748081, 0.09448818897637795144 ) ) ;
#4959 = ORIENTED_EDGE ( 'NONE', *, *, #4107, .F. ) ;
#4960 =( NAMED_UNIT ( * ) SI_UNIT ( $, .STERADIAN. ) SOLID_ANGLE_UNIT ( ) );
#4961 = EDGE_CURVE ( 'NONE', #5482, #6072, #3757, .T. ) ;
#4962 = FACE_OUTER_BOUND ( 'NONE', #2176, .T. ) ;
#4963 =( CONVERSION_BASED_UNIT ( 'INCH', #233 ) LENGTH_UNIT ( ) NAMED_UNIT ( #4431 ) );
#4964 =( LENGTH_UNIT ( ) NAMED_UNIT ( * ) SI_UNIT ( $, .METRE. ) );
#4965 = SURFACE_SIDE_STYLE ('',( #562 ) ) ;
#4966 =( LENGTH_UNIT ( ) NAMED_UNIT ( * ) SI_UNIT ( $, .METRE. ) );
#4967 =( NAMED_UNIT ( * ) PLANE_ANGLE_UNIT ( ) SI_UNIT ( $, .RADIAN. ) );
#4968 = ORIENTED_EDGE ( 'NONE', *, *, #5483, .F. ) ;
#4969 =( CONVERSION_BASED_UNIT ( 'INCH', #1199 ) LENGTH_UNIT ( ) NAMED_UNIT ( #962 ) );
#4970 = EDGE_CURVE ( 'NONE', #7057, #5146, #5569, .T. ) ;
#4971 =( LENGTH_UNIT ( ) NAMED_UNIT ( * ) SI_UNIT ( $, .METRE. ) );
#4972 = ORIENTED_EDGE ( 'NONE', *, *, #2882, .T. ) ;
#4973 = SURFACE_STYLE_FILL_AREA ( #713 ) ;
#4974 = SURFACE_SIDE_STYLE ('',( #5725 ) ) ;
#4975 = ORIENTED_EDGE ( 'NONE', *, *, #6145, .F. ) ;
#4976 = SURFACE_SIDE_STYLE ('',( #6722 ) ) ;
#4977 = EDGE_CURVE ( 'NONE', #6190, #6688, #2997, .T. ) ;
#4978 = SURFACE_SIDE_STYLE ('',( #5522 ) ) ;
#4979 = LINE ( 'NONE', #7374, #3539 ) ;
#4980 = ORIENTED_EDGE ( 'NONE', *, *, #1289, .F. ) ;
#4981 = FACE_OUTER_BOUND ( 'NONE', #4859, .T. ) ;
#4982 = MECHANICAL_DESIGN_GEOMETRIC_PRESENTATION_REPRESENTATION (  '', ( #4080 ), #111 ) ;
#4983 =( NAMED_UNIT ( * ) SI_UNIT ( $, .STERADIAN. ) SOLID_ANGLE_UNIT ( ) );
#4984 = ORIENTED_EDGE ( 'NONE', *, *, #5500, .F. ) ;
#4985 = LENGTH_MEASURE_WITH_UNIT ( LENGTH_MEASURE( 0.02539999999999999897 ), #652 );
#4986 =( NAMED_UNIT ( * ) SI_UNIT ( $, .STERADIAN. ) SOLID_ANGLE_UNIT ( ) );
#4987 = DIRECTION ( 'NONE',  ( 0.000000000000000000, 0.000000000000000000, 1.000000000000000000 ) ) ;
#4988 = CARTESIAN_POINT ( 'NONE',  ( 0.000000000000000000, 0.000000000000000000, 0.000000000000000000 ) ) ;
#4989 = LENGTH_MEASURE_WITH_UNIT ( LENGTH_MEASURE( 0.02539999999999999897 ), #3723 );
#4990 = AXIS2_PLACEMENT_3D ( 'NONE', #3604, #6658, #5974 ) ;
#4991 = PRESENTATION_LAYER_ASSIGNMENT (  '', '', ( #2544 ) ) ;
#4992 = LINE ( 'NONE', #7340, #896 ) ;
#4993 = DIRECTION ( 'NONE',  ( -0.000000000000000000, -0.000000000000000000, -1.000000000000000000 ) ) ;
#4994 = ORIENTED_EDGE ( 'NONE', *, *, #7205, .T. ) ;
#4995 = PLANE ( 'NONE',  #67 ) ;
#4996 = ORIENTED_EDGE ( 'NONE', *, *, #5371, .T. ) ;
#4997 = FACE_OUTER_BOUND ( 'NONE', #200, .T. ) ;
#4998 = ORIENTED_EDGE ( 'NONE', *, *, #4628, .F. ) ;
#4999 = LENGTH_MEASURE_WITH_UNIT ( LENGTH_MEASURE( 0.02539999999999999897 ), #2460 );
#5000 = PRESENTATION_LAYER_ASSIGNMENT (  '', '', ( #4348 ) ) ;
#5001 = DIRECTION ( 'NONE',  ( 0.000000000000000000, 0.000000000000000000, 1.000000000000000000 ) ) ;
#5002 = DIMENSIONAL_EXPONENTS ( 1.000000000000000000, 0.000000000000000000, 0.000000000000000000, 0.000000000000000000, 0.000000000000000000, 0.000000000000000000, 0.000000000000000000 ) ;
#5003 = MECHANICAL_DESIGN_GEOMETRIC_PRESENTATION_REPRESENTATION (  '', ( #520 ), #4615 ) ;
#5004 = DIRECTION ( 'NONE',  ( -0.000000000000000000, -0.000000000000000000, -1.000000000000000000 ) ) ;
#5005 = DIRECTION ( 'NONE',  ( 0.000000000000000000, 0.000000000000000000, 1.000000000000000000 ) ) ;
#5006 = VECTOR ( 'NONE', #2913, 39.37007874015748143 ) ;
#5007 = EDGE_CURVE ( 'NONE', #6924, #4714, #2435, .T. ) ;
#5008 = EDGE_CURVE ( 'NONE', #2208, #4821, #5414, .T. ) ;
#5009 =( LENGTH_UNIT ( ) NAMED_UNIT ( * ) SI_UNIT ( $, .METRE. ) );
#5010 = CARTESIAN_POINT ( 'NONE',  ( 0.07874015748031495954, -0.2533195205921259796, 0.02492565335188976633 ) ) ;
#5011 = LENGTH_MEASURE_WITH_UNIT ( LENGTH_MEASURE( 0.02539999999999999897 ), #4966 );
#5012 = VERTEX_POINT ( 'NONE', #1018 ) ;
#5013 =( LENGTH_UNIT ( ) NAMED_UNIT ( * ) SI_UNIT ( $, .METRE. ) );
#5014 = MECHANICAL_DESIGN_GEOMETRIC_PRESENTATION_REPRESENTATION (  '', ( #2958 ), #4360 ) ;
#5015 = SURFACE_SIDE_STYLE ('',( #2551 ) ) ;
#5016 = ORIENTED_EDGE ( 'NONE', *, *, #3625, .F. ) ;
#5017 =( CONVERSION_BASED_UNIT ( 'INCH', #7363 ) LENGTH_UNIT ( ) NAMED_UNIT ( #3992 ) );
#5018 = EDGE_CURVE ( 'NONE', #2023, #7434, #3443, .T. ) ;
#5019 = DIRECTION ( 'NONE',  ( 0.000000000000000000, -0.000000000000000000, 1.000000000000000000 ) ) ;
#5020 = UNCERTAINTY_MEASURE_WITH_UNIT (LENGTH_MEASURE( 1.000000000000000082E-05 ), #4267, 'distance_accuracy_value', 'NONE');
#5021 = EDGE_LOOP ( 'NONE', ( #627, #1036, #7860, #4531 ) ) ;
#5022 = DIRECTION ( 'NONE',  ( 4.445400466247999577E-16, -1.000000000000000000, 0.000000000000000000 ) ) ;
#5023 = SURFACE_STYLE_USAGE ( .BOTH. , #4978 ) ;
#5024 = EDGE_CURVE ( 'NONE', #7244, #7302, #2073, .T. ) ;
#5025 = SURFACE_STYLE_FILL_AREA ( #2562 ) ;
#5026 = AXIS2_PLACEMENT_3D ( 'NONE', #2224, #4679, #4721 ) ;
#5027 = ORIENTED_EDGE ( 'NONE', *, *, #3047, .F. ) ;
#5028 = LENGTH_MEASURE_WITH_UNIT ( LENGTH_MEASURE( 0.02539999999999999897 ), #6040 );
#5029 = LINE ( 'NONE', #2005, #2430 ) ;
#5030 = EDGE_LOOP ( 'NONE', ( #386, #4031, #6758, #5754 ) ) ;
#5031 = SURFACE_STYLE_FILL_AREA ( #6732 ) ;
#5032 = CARTESIAN_POINT ( 'NONE',  ( -0.1585513363839370082, -0.1112605648740944836, 0.09448818897637795144 ) ) ;
#5033 = SURFACE_SIDE_STYLE ('',( #3686 ) ) ;
#5034 = LENGTH_MEASURE_WITH_UNIT ( LENGTH_MEASURE( 0.02539999999999999897 ), #6156 );
#5035 = ORIENTED_EDGE ( 'NONE', *, *, #3242, .F. ) ;
#5036 = SURFACE_STYLE_FILL_AREA ( #2575 ) ;
#5037 = VERTEX_POINT ( 'NONE', #5915 ) ;
#5038 = ORIENTED_EDGE ( 'NONE', *, *, #6011, .T. ) ;
#5039 = FACE_BOUND ( 'NONE', #2809, .T. ) ;
#5040 = UNCERTAINTY_MEASURE_WITH_UNIT (LENGTH_MEASURE( 1.000000000000000082E-05 ), #1810, 'distance_accuracy_value', 'NONE');
#5041 = LINE ( 'NONE', #6252, #7023 ) ;
#5042 =( GEOMETRIC_REPRESENTATION_CONTEXT ( 3 ) GLOBAL_UNCERTAINTY_ASSIGNED_CONTEXT ( ( #2767 ) ) GLOBAL_UNIT_ASSIGNED_CONTEXT ( ( #7085, #2353, #1082 ) ) REPRESENTATION_CONTEXT ( 'NONE', 'WORKASPACE' ) );
#5043 = VERTEX_POINT ( 'NONE', #7764 ) ;
#5044 =( CONVERSION_BASED_UNIT ( 'INCH', #3898 ) LENGTH_UNIT ( ) NAMED_UNIT ( #1124 ) );
#5045 = DIRECTION ( 'NONE',  ( 0.000000000000000000, -1.000000000000000000, -0.000000000000000000 ) ) ;
#5047 = DIRECTION ( 'NONE',  ( 1.000000000000000000, 0.000000000000000000, 0.000000000000000000 ) ) ;
#5046 = AXIS2_PLACEMENT_3D ( 'NONE', #1947, #4815, #707 ) ;
#5048 = EDGE_CURVE ( 'NONE', #3717, #4821, #445, .T. ) ;
#5049 = ORIENTED_EDGE ( 'NONE', *, *, #7513, .T. ) ;
#5050 = EDGE_CURVE ( 'NONE', #594, #5054, #7536, .T. ) ;
#5051 = DIMENSIONAL_EXPONENTS ( 1.000000000000000000, 0.000000000000000000, 0.000000000000000000, 0.000000000000000000, 0.000000000000000000, 0.000000000000000000, 0.000000000000000000 ) ;
#5052 = FACE_OUTER_BOUND ( 'NONE', #3875, .T. ) ;
#5053 = VECTOR ( 'NONE', #5160, 39.37007874015748143 ) ;
#5054 = VERTEX_POINT ( 'NONE', #5337 ) ;
#5055 = CARTESIAN_POINT ( 'NONE',  ( 0.05118110236220472370, 0.2681323750318110322, 0.01181102362204724393 ) ) ;
#5056 = DIRECTION ( 'NONE',  ( 0.000000000000000000, -1.000000000000000000, -0.000000000000000000 ) ) ;
#5057 = AXIS2_PLACEMENT_3D ( 'NONE', #5635, #2026, #151 ) ;
#5058 = EDGE_CURVE ( 'NONE', #439, #2401, #6536, .T. ) ;
#5059 = PRESENTATION_LAYER_ASSIGNMENT (  '', '', ( #2486 ) ) ;
#5060 = FILL_AREA_STYLE_COLOUR ( '', #2642 ) ;
#5061 = COLOUR_RGB ( '',0.7490196078431372584, 0.7490196078431372584, 0.7490196078431372584 ) ;
#5062 = ORIENTED_EDGE ( 'NONE', *, *, #3763, .F. ) ;
#5063 = VECTOR ( 'NONE', #2419, 39.37007874015748143 ) ;
#5064 = CARTESIAN_POINT ( 'NONE',  ( 8.741913579724409950E-17, 0.04035433070866142197, 0.08661417322874015445 ) ) ;
#5065 = LINE ( 'NONE', #7454, #4291 ) ;
#5066 = SURFACE_SIDE_STYLE ('',( #4375 ) ) ;
#5067 = PLANE ( 'NONE',  #7429 ) ;
#5068 =( LENGTH_UNIT ( ) NAMED_UNIT ( * ) SI_UNIT ( $, .METRE. ) );
#5069 = ADVANCED_FACE ( 'NONE', ( #6937 ), #5303, .T. ) ;
#5070 = VECTOR ( 'NONE', #5228, 39.37007874015748854 ) ;
#5071 = STYLED_ITEM ( 'NONE', ( #6151 ), #6581 ) ;
#5072 = DIRECTION ( 'NONE',  ( 1.000000000000000000, 0.000000000000000000, -0.000000000000000000 ) ) ;
#5073 = CARTESIAN_POINT ( 'NONE',  ( -0.01968503937007873988, -0.2572565284661417206, 0.007874015748031495954 ) ) ;
#5074 = CARTESIAN_POINT ( 'NONE',  ( -0.1574803149606299191, 0.04035433070866142197, -0.04330708661456693365 ) ) ;
#5075 = VERTEX_POINT ( 'NONE', #524 ) ;
#5076 = PRESENTATION_STYLE_ASSIGNMENT (( #6905 ) ) ;
#5077 = VECTOR ( 'NONE', #5108, 39.37007874015748143 ) ;
#5078 = ORIENTED_EDGE ( 'NONE', *, *, #2799, .T. ) ;
#5079 = PLANE ( 'NONE',  #2937 ) ;
#5080 = FILL_AREA_STYLE ('',( #6246 ) ) ;
#5081 = DIRECTION ( 'NONE',  ( 0.000000000000000000, 1.000000000000000000, -0.000000000000000000 ) ) ;
#5082 = DIRECTION ( 'NONE',  ( 1.000000000000000000, 0.000000000000000000, 0.000000000000000000 ) ) ;
#5083 = MECHANICAL_DESIGN_GEOMETRIC_PRESENTATION_REPRESENTATION (  '', ( #2385 ), #5578 ) ;
#5084 = FACE_OUTER_BOUND ( 'NONE', #7265, .T. ) ;
#5085 = AXIS2_PLACEMENT_3D ( 'NONE', #1909, #4350, #101 ) ;
#5086 = FILL_AREA_STYLE ('',( #3736 ) ) ;
#5087 = ORIENTED_EDGE ( 'NONE', *, *, #7405, .F. ) ;
#5088 = DIRECTION ( 'NONE',  ( 0.000000000000000000, 0.000000000000000000, 1.000000000000000000 ) ) ;
#5089 = FILL_AREA_STYLE ('',( #4391 ) ) ;
#5090 =( GEOMETRIC_REPRESENTATION_CONTEXT ( 3 ) GLOBAL_UNCERTAINTY_ASSIGNED_CONTEXT ( ( #4448 ) ) GLOBAL_UNIT_ASSIGNED_CONTEXT ( ( #4023, #897, #5708 ) ) REPRESENTATION_CONTEXT ( 'NONE', 'WORKASPACE' ) );
#5091 = ORIENTED_EDGE ( 'NONE', *, *, #5352, .F. ) ;
#5092 = CARTESIAN_POINT ( 'NONE',  ( -0.1181102362204724532, -0.2690675520881889993, 0.01181102362204724393 ) ) ;
#5093 = STYLED_ITEM ( 'NONE', ( #1694 ), #3672 ) ;
#5094 = EDGE_LOOP ( 'NONE', ( #7408, #3364, #5606, #6542 ) ) ;
#5095 = PRODUCT_DEFINITION_FORMATION_WITH_SPECIFIED_SOURCE ( 'ANY', '', #3449, .NOT_KNOWN. ) ;
#5096 = SURFACE_STYLE_USAGE ( .BOTH. , #1547 ) ;
#5097 = DIRECTION ( 'NONE',  ( -4.512561924732999726E-16, -1.000000000000000000, -0.000000000000000000 ) ) ;
#5098 = UNCERTAINTY_MEASURE_WITH_UNIT (LENGTH_MEASURE( 1.000000000000000082E-05 ), #1406, 'distance_accuracy_value', 'NONE');
#5099 =( LENGTH_UNIT ( ) NAMED_UNIT ( * ) SI_UNIT ( $, .METRE. ) );
#5100 = CARTESIAN_POINT ( 'NONE',  ( 0.2047244094462598307, -0.06209787612507874227, 0.09842519685039370636 ) ) ;
#5101 = ORIENTED_EDGE ( 'NONE', *, *, #691, .T. ) ;
#5102 =( NAMED_UNIT ( * ) PLANE_ANGLE_UNIT ( ) SI_UNIT ( $, .RADIAN. ) );
#5103 =( CONVERSION_BASED_UNIT ( 'INCH', #3871 ) LENGTH_UNIT ( ) NAMED_UNIT ( #5892 ) );
#5104 = DIMENSIONAL_EXPONENTS ( 1.000000000000000000, 0.000000000000000000, 0.000000000000000000, 0.000000000000000000, 0.000000000000000000, 0.000000000000000000, 0.000000000000000000 ) ;
#5105 = ADVANCED_FACE ( 'NONE', ( #7804 ), #564, .T. ) ;
#5106 = ORIENTED_EDGE ( 'NONE', *, *, #6303, .T. ) ;
#5107 = DIRECTION ( 'NONE',  ( -0.000000000000000000, -0.000000000000000000, -1.000000000000000000 ) ) ;
#5108 = DIRECTION ( 'NONE',  ( -0.000000000000000000, 1.000000000000000000, 0.000000000000000000 ) ) ;
#5109 = PRESENTATION_LAYER_ASSIGNMENT (  '', '', ( #2285 ) ) ;
#5110 = PRODUCT_CONTEXT ( 'NONE', #1415, 'mechanical' ) ;
#5111 = SURFACE_SIDE_STYLE ('',( #6154 ) ) ;
#5112 = VECTOR ( 'NONE', #7198, 39.37007874015748143 ) ;
#5113 = CIRCLE ( 'NONE', #7487, 0.007874015748031499423 ) ;
#5114 = EDGE_CURVE ( 'NONE', #2600, #4004, #7393, .T. ) ;
#5115 = ORIENTED_EDGE ( 'NONE', *, *, #3773, .F. ) ;
#5116 = CARTESIAN_POINT ( 'NONE',  ( -0.1170188464848425230, -0.2450787401532677212, 0.09448818897637795144 ) ) ;
#5117 = VERTEX_POINT ( 'NONE', #1829 ) ;
#5118 = DIRECTION ( 'NONE',  ( 1.000000000000000000, 0.000000000000000000, 0.000000000000000000 ) ) ;
#5119 = DIRECTION ( 'NONE',  ( -0.000000000000000000, 0.000000000000000000, -1.000000000000000000 ) ) ;
#5120 =( GEOMETRIC_REPRESENTATION_CONTEXT ( 3 ) GLOBAL_UNCERTAINTY_ASSIGNED_CONTEXT ( ( #4387 ) ) GLOBAL_UNIT_ASSIGNED_CONTEXT ( ( #5366, #7118, #3989 ) ) REPRESENTATION_CONTEXT ( 'NONE', 'WORKASPACE' ) );
#5121 = LINE ( 'NONE', #7512, #3877 ) ;
#5122 = UNCERTAINTY_MEASURE_WITH_UNIT (LENGTH_MEASURE( 1.000000000000000082E-05 ), #8, 'distance_accuracy_value', 'NONE');
#5123 = STYLED_ITEM ( 'NONE', ( #5918 ), #469 ) ;
#5124 = MECHANICAL_DESIGN_GEOMETRIC_PRESENTATION_REPRESENTATION (  '', ( #6361 ), #1229 ) ;
#5125 = LENGTH_MEASURE_WITH_UNIT ( LENGTH_MEASURE( 0.02539999999999999897 ), #3274 );
#5126 = EDGE_CURVE ( 'NONE', #1978, #6622, #1789, .T. ) ;
#5127 = STYLED_ITEM ( 'NONE', ( #3186 ), #1445 ) ;
#5128 =( NAMED_UNIT ( * ) SI_UNIT ( $, .STERADIAN. ) SOLID_ANGLE_UNIT ( ) );
#5129 =( CONVERSION_BASED_UNIT ( 'INCH', #3427 ) LENGTH_UNIT ( ) NAMED_UNIT ( #3255 ) );
#5130 =( CONVERSION_BASED_UNIT ( 'INCH', #3235 ) LENGTH_UNIT ( ) NAMED_UNIT ( #2891 ) );
#5131 = DIRECTION ( 'NONE',  ( 1.000000000000000000, 0.000000000000000000, -0.000000000000000000 ) ) ;
#5132 = VERTEX_POINT ( 'NONE', #5597 ) ;
#5133 = PRESENTATION_STYLE_ASSIGNMENT (( #2031 ) ) ;
#5134 = SURFACE_STYLE_FILL_AREA ( #2669 ) ;
#5135 = ORIENTED_EDGE ( 'NONE', *, *, #6493, .F. ) ;
#5136 = CIRCLE ( 'NONE', #5886, 0.07874015748031495954 ) ;
#5137 = APPLICATION_CONTEXT ( 'automotive_design' ) ;
#5138 = DIRECTION ( 'NONE',  ( 0.000000000000000000, 0.000000000000000000, 1.000000000000000000 ) ) ;
#5139 = DIRECTION ( 'NONE',  ( 1.000000000000000000, 0.000000000000000000, 0.000000000000000000 ) ) ;
#5140 = EDGE_LOOP ( 'NONE', ( #3281, #7375, #3323, #1211 ) ) ;
#5141 = AXIS2_PLACEMENT_3D ( 'NONE', #6467, #982, #370 ) ;
#5142 = DIRECTION ( 'NONE',  ( -1.000000000000000000, -0.000000000000000000, -0.000000000000000000 ) ) ;
#5143 = VERTEX_POINT ( 'NONE', #7235 ) ;
#5144 = DIRECTION ( 'NONE',  ( -1.000000000000000000, 4.512561924732999726E-16, 0.000000000000000000 ) ) ;
#5145 = SURFACE_STYLE_FILL_AREA ( #3092 ) ;
#5146 = VERTEX_POINT ( 'NONE', #1944 ) ;
#5147 = DIRECTION ( 'NONE',  ( 1.000000000000000000, 0.000000000000000000, 0.000000000000000000 ) ) ;
#5148 = DIRECTION ( 'NONE',  ( -1.000000000000000000, -4.445400466247999577E-16, 0.000000000000000000 ) ) ;
#5149 = APPLICATION_PROTOCOL_DEFINITION ( 'draft international standard', 'automotive_design', 1998, #1415 ) ;
#5150 = PRESENTATION_STYLE_ASSIGNMENT (( #4010 ) ) ;
#5151 = ADVANCED_FACE ( 'NONE', ( #4316 ), #3623, .T. ) ;
#5152 = ADVANCED_FACE ( 'NONE', ( #6173 ), #2548, .T. ) ;
#5153 = CARTESIAN_POINT ( 'NONE',  ( -0.09199170751952756575, -0.1151975727482677236, 0.09448818897637795144 ) ) ;
#5154 =( GEOMETRIC_REPRESENTATION_CONTEXT ( 3 ) GLOBAL_UNCERTAINTY_ASSIGNED_CONTEXT ( ( #3710 ) ) GLOBAL_UNIT_ASSIGNED_CONTEXT ( ( #1973, #46, #4951 ) ) REPRESENTATION_CONTEXT ( 'NONE', 'WORKASPACE' ) );
#5155 = VERTEX_POINT ( 'NONE', #3199 ) ;
#5156 =( NAMED_UNIT ( * ) PLANE_ANGLE_UNIT ( ) SI_UNIT ( $, .RADIAN. ) );
#5157 = DIRECTION ( 'NONE',  ( -1.000000000000000000, -0.000000000000000000, 0.000000000000000000 ) ) ;
#5158 = LENGTH_MEASURE_WITH_UNIT ( LENGTH_MEASURE( 0.02539999999999999897 ), #2054 );
#5159 = DIRECTION ( 'NONE',  ( -1.000000000000000000, 0.000000000000000000, 0.000000000000000000 ) ) ;
#5160 = DIRECTION ( 'NONE',  ( -0.000000000000000000, -0.000000000000000000, -1.000000000000000000 ) ) ;
#5161 = ADVANCED_FACE ( 'NONE', ( #1361 ), #3897, .F. ) ;
#5162 = LINE ( 'NONE', #7553, #4514 ) ;
#5163 = CIRCLE ( 'NONE', #3232, 0.007874015748031495954 ) ;
#5164 = CARTESIAN_POINT ( 'NONE',  ( 0.1840131017811023617, 0.1300921114227165387, 0.01968503937007873988 ) ) ;
#5165 = FILL_AREA_STYLE_COLOUR ( '', #2608 ) ;
#5166 = VECTOR ( 'NONE', #5587, 39.37007874015748143 ) ;
#5167 = CARTESIAN_POINT ( 'NONE',  ( -0.1867316795943700647, -0.06934995292858267546, 0.01968503937007873988 ) ) ;
#5168 = VERTEX_POINT ( 'NONE', #7478 ) ;
#5169 = EDGE_CURVE ( 'NONE', #6469, #4222, #3362, .T. ) ;
#5170 =( LENGTH_UNIT ( ) NAMED_UNIT ( * ) SI_UNIT ( $, .METRE. ) );
#5171 = UNCERTAINTY_MEASURE_WITH_UNIT (LENGTH_MEASURE( 1.000000000000000082E-05 ), #7428, 'distance_accuracy_value', 'NONE');
#5172 = VERTEX_POINT ( 'NONE', #2028 ) ;
#5173 = CIRCLE ( 'NONE', #7286, 0.007874015748031495954 ) ;
#5174 = LINE ( 'NONE', #4575, #6355 ) ;
#5175 = CARTESIAN_POINT ( 'NONE',  ( 0.1574803149606299191, 0.04035433070866142197, -0.04724409448751938634 ) ) ;
#5176 = VERTEX_POINT ( 'NONE', #2105 ) ;
#5177 = STYLED_ITEM ( 'NONE', ( #7101 ), #5441 ) ;
#5178 =( NAMED_UNIT ( * ) PLANE_ANGLE_UNIT ( ) SI_UNIT ( $, .RADIAN. ) );
#5179 = VERTEX_POINT ( 'NONE', #4567 ) ;
#5180 = CARTESIAN_POINT ( 'NONE',  ( -0.1624883442576771919, -0.2044385403713385729, 0.09448818897637795144 ) ) ;
#5181 = ORIENTED_EDGE ( 'NONE', *, *, #1958, .F. ) ;
#5182 = LINE ( 'NONE', #990, #2425 ) ;
#5183 = FACE_OUTER_BOUND ( 'NONE', #2148, .T. ) ;
#5184 = VECTOR ( 'NONE', #4073, 39.37007874015748143 ) ;
#5185 =( GEOMETRIC_REPRESENTATION_CONTEXT ( 3 ) GLOBAL_UNCERTAINTY_ASSIGNED_CONTEXT ( ( #2197 ) ) GLOBAL_UNIT_ASSIGNED_CONTEXT ( ( #4730, #2276, #3029 ) ) REPRESENTATION_CONTEXT ( 'NONE', 'WORKASPACE' ) );
#5186 =( CONVERSION_BASED_UNIT ( 'INCH', #2727 ) LENGTH_UNIT ( ) NAMED_UNIT ( #2632 ) );
#5187 = APPLICATION_PROTOCOL_DEFINITION ( 'draft international standard', 'automotive_design', 1998, #3227 ) ;
#5188 =( CONVERSION_BASED_UNIT ( 'INCH', #297 ) LENGTH_UNIT ( ) NAMED_UNIT ( #5898 ) );
#5189 = CARTESIAN_POINT ( 'NONE',  ( 0.1827946717203543237, -0.06934995292858268934, 0.09842519685039370636 ) ) ;
#5190 = VECTOR ( 'NONE', #1064, 39.37007874015748143 ) ;
#5191 =( GEOMETRIC_REPRESENTATION_CONTEXT ( 3 ) GLOBAL_UNCERTAINTY_ASSIGNED_CONTEXT ( ( #3954 ) ) GLOBAL_UNIT_ASSIGNED_CONTEXT ( ( #1080, #4724, #4070 ) ) REPRESENTATION_CONTEXT ( 'NONE', 'WORKASPACE' ) );
#5192 = ORIENTED_EDGE ( 'NONE', *, *, #2102, .F. ) ;
#5193 = FILL_AREA_STYLE ('',( #852 ) ) ;
#5194 = CARTESIAN_POINT ( 'NONE',  ( -0.2086614173228346081, -0.06603488399787402208, 0.000000000000000000 ) ) ;
#5195 = ORIENTED_EDGE ( 'NONE', *, *, #6249, .T. ) ;
#5196 = LINE ( 'NONE', #3421, #759 ) ;
#5197 = FILL_AREA_STYLE ('',( #2735 ) ) ;
#5198 =( GEOMETRIC_REPRESENTATION_CONTEXT ( 3 ) GLOBAL_UNCERTAINTY_ASSIGNED_CONTEXT ( ( #1796 ) ) GLOBAL_UNIT_ASSIGNED_CONTEXT ( ( #1333, #4406, #5648 ) ) REPRESENTATION_CONTEXT ( 'NONE', 'WORKASPACE' ) );
#5199 = SURFACE_SIDE_STYLE ('',( #3423 ) ) ;
#5200 = SURFACE_SIDE_STYLE ('',( #3424 ) ) ;
#5201 = MECHANICAL_DESIGN_GEOMETRIC_PRESENTATION_REPRESENTATION (  '', ( #7070 ), #4935 ) ;
#5202 = LENGTH_MEASURE_WITH_UNIT ( LENGTH_MEASURE( 0.02539999999999999897 ), #1540 );
#5203 = MECHANICAL_DESIGN_GEOMETRIC_PRESENTATION_REPRESENTATION (  '', ( #2629 ), #5572 ) ;
#5204 = AXIS2_PLACEMENT_3D ( 'NONE', #4274, #2588, #6685 ) ;
#5205 = CARTESIAN_POINT ( 'NONE',  ( 0.1181102362204724671, -0.1983960629326377845, 0.02492565335188976286 ) ) ;
#5206 = DIRECTION ( 'NONE',  ( 1.000000000000000000, 0.000000000000000000, 0.000000000000000000 ) ) ;
#5207 = MECHANICAL_DESIGN_GEOMETRIC_PRESENTATION_REPRESENTATION (  '', ( #4038 ), #7444 ) ;
#5208 = EDGE_LOOP ( 'NONE', ( #2134, #1328, #4449, #4371 ) ) ;
#5209 =( NAMED_UNIT ( * ) PLANE_ANGLE_UNIT ( ) SI_UNIT ( $, .RADIAN. ) );
#5210 = CARTESIAN_POINT ( 'NONE',  ( -0.1574803149606299191, 0.04035433070866142197, -0.04724409448818897572 ) ) ;
#5211 = EDGE_CURVE ( 'NONE', #4440, #274, #1503, .T. ) ;
#5212 = EDGE_CURVE ( 'NONE', #2533, #663, #6378, .T. ) ;
#5213 = SURFACE_STYLE_USAGE ( .BOTH. , #5793 ) ;
#5214 = EDGE_LOOP ( 'NONE', ( #2136, #1464, #5284, #5780 ) ) ;
#5215 = CARTESIAN_POINT ( 'NONE',  ( -0.09842519685039370636, -0.2572565284661417206, 0.000000000000000000 ) ) ;
#5216 = AXIS2_PLACEMENT_3D ( 'NONE', #4374, #3681, #6772 ) ;
#5217 = VERTEX_POINT ( 'NONE', #318 ) ;
#5218 = FILL_AREA_STYLE_COLOUR ( '', #1733 ) ;
#5219 = DIRECTION ( 'NONE',  ( -1.000000000000000000, 0.000000000000000000, 0.000000000000000000 ) ) ;
#5220 = PRESENTATION_LAYER_ASSIGNMENT (  '', '', ( #2385 ) ) ;
#5221 = DIRECTION ( 'NONE',  ( -0.000000000000000000, -0.000000000000000000, -1.000000000000000000 ) ) ;
#5222 = EDGE_CURVE ( 'NONE', #336, #2719, #7596, .T. ) ;
#5223 = DIRECTION ( 'NONE',  ( 1.000000000000000000, 0.000000000000000000, 0.000000000000000000 ) ) ;
#5224 = CARTESIAN_POINT ( 'NONE',  ( -0.1008760354330707765, 0.04035433070866142197, 0.08661417322834646937 ) ) ;
#5225 = FACE_OUTER_BOUND ( 'NONE', #7253, .T. ) ;
#5226 = ORIENTED_EDGE ( 'NONE', *, *, #3189, .T. ) ;
#5227 = PRESENTATION_LAYER_ASSIGNMENT (  '', '', ( #1485 ) ) ;
#5228 = DIRECTION ( 'NONE',  ( 0.7071067811865474617, 0.000000000000000000, 0.7071067811865474617 ) ) ;
#5229 = ORIENTED_EDGE ( 'NONE', *, *, #478, .F. ) ;
#5230 = DIRECTION ( 'NONE',  ( -1.000000000000000000, 0.000000000000000000, -0.000000000000000000 ) ) ;
#5231 = DIRECTION ( 'NONE',  ( -0.000000000000000000, -0.000000000000000000, -1.000000000000000000 ) ) ;
#5232 =( NAMED_UNIT ( * ) SI_UNIT ( $, .STERADIAN. ) SOLID_ANGLE_UNIT ( ) );
#5233 = VECTOR ( 'NONE', #1032, 39.37007874015748143 ) ;
#5234 = ORIENTED_EDGE ( 'NONE', *, *, #1662, .T. ) ;
#5235 = CARTESIAN_POINT ( 'NONE',  ( -0.01968503937007873988, -0.2651305442141732582, 0.01181102362204724046 ) ) ;
#5236 = LINE ( 'NONE', #7107, #6420 ) ;
#5237 =( NAMED_UNIT ( * ) SI_UNIT ( $, .STERADIAN. ) SOLID_ANGLE_UNIT ( ) );
#5238 = CARTESIAN_POINT ( 'NONE',  ( -0.1624883442576771919, -0.2044385403713385729, 0.000000000000000000 ) ) ;
#5239 = PRESENTATION_STYLE_ASSIGNMENT (( #3314 ) ) ;
#5240 = DIRECTION ( 'NONE',  ( 0.000000000000000000, 0.000000000000000000, -1.000000000000000000 ) ) ;
#5241 = CARTESIAN_POINT ( 'NONE',  ( 0.07874015748031495954, -0.2572565284661417206, 0.03279966909992126228 ) ) ;
#5242 = DIMENSIONAL_EXPONENTS ( 1.000000000000000000, 0.000000000000000000, 0.000000000000000000, 0.000000000000000000, 0.000000000000000000, 0.000000000000000000, 0.000000000000000000 ) ;
#5243 = COLOUR_RGB ( '',0.7490196078431372584, 0.7490196078431372584, 0.7490196078431372584 ) ;
#5244 = FACE_OUTER_BOUND ( 'NONE', #4718, .T. ) ;
#5245 = FACE_OUTER_BOUND ( 'NONE', #2850, .T. ) ;
#5246 = LENGTH_MEASURE_WITH_UNIT ( LENGTH_MEASURE( 0.02539999999999999897 ), #2268 );
#5247 = SURFACE_STYLE_FILL_AREA ( #3855 ) ;
#5248 = DIRECTION ( 'NONE',  ( -0.7071067811865474617, 8.659560562354932858E-17, 0.7071067811865474617 ) ) ;
#5249 = CARTESIAN_POINT ( 'NONE',  ( 0.1377952755903397719, 0.04035433070866142197, -0.04330708661456693365 ) ) ;
#5250 = VECTOR ( 'NONE', #4803, 39.37007874015748143 ) ;
#5251 = PLANE ( 'NONE',  #4220 ) ;
#5252 = AXIS2_PLACEMENT_3D ( 'NONE', #781, #4311, #3774 ) ;
#5253 =( NAMED_UNIT ( * ) SI_UNIT ( $, .STERADIAN. ) SOLID_ANGLE_UNIT ( ) );
#5254 = PRODUCT ( 'Open CASCADE STEP translator 6.8 3_4', 'Open CASCADE STEP translator 6.8 3_4', '', ( #2728 ) ) ;
#5255 = ADVANCED_FACE ( 'NONE', ( #5333 ), #941, .T. ) ;
#5256 = ADVANCED_FACE ( 'NONE', ( #479 ), #3504, .F. ) ;
#5257 = VECTOR ( 'NONE', #4, 39.37007874015748143 ) ;
#5258 = PRESENTATION_LAYER_ASSIGNMENT (  '', '', ( #3669 ) ) ;
#5259 =( LENGTH_UNIT ( ) NAMED_UNIT ( * ) SI_UNIT ( $, .METRE. ) );
#5260 = UNCERTAINTY_MEASURE_WITH_UNIT (LENGTH_MEASURE( 1.000000000000000082E-05 ), #4860, 'distance_accuracy_value', 'NONE');
#5261 = VERTEX_POINT ( 'NONE', #7154 ) ;
#5262 = DIRECTION ( 'NONE',  ( 1.000000000000000000, 0.000000000000000000, -0.000000000000000000 ) ) ;
#5263 = VERTEX_POINT ( 'NONE', #2314 ) ;
#5264 = EDGE_CURVE ( 'NONE', #5586, #2401, #4648, .T. ) ;
#5265 = SURFACE_STYLE_FILL_AREA ( #4161 ) ;
#5266 =( LENGTH_UNIT ( ) NAMED_UNIT ( * ) SI_UNIT ( $, .METRE. ) );
#5267 = PRESENTATION_LAYER_ASSIGNMENT (  '', '', ( #2958 ) ) ;
#5268 = AXIS2_PLACEMENT_3D ( 'NONE', #1296, #3258, #722 ) ;
#5269 = AXIS2_PLACEMENT_3D ( 'NONE', #2526, #2494, #5621 ) ;
#5270 = UNCERTAINTY_MEASURE_WITH_UNIT (LENGTH_MEASURE( 1.000000000000000082E-05 ), #1628, 'distance_accuracy_value', 'NONE');
#5271 = VERTEX_POINT ( 'NONE', #1744 ) ;
#5272 = ORIENTED_EDGE ( 'NONE', *, *, #7455, .F. ) ;
#5273 =( NAMED_UNIT ( * ) PLANE_ANGLE_UNIT ( ) SI_UNIT ( $, .RADIAN. ) );
#5274 =( NAMED_UNIT ( * ) SI_UNIT ( $, .STERADIAN. ) SOLID_ANGLE_UNIT ( ) );
#5275 = CARTESIAN_POINT ( 'NONE',  ( 0.1330390167485787922, 0.1992328590562937596, 0.000000000000000000 ) ) ;
#5276 = ITEM_DEFINED_TRANSFORMATION ( 'NONE', 'NONE', #7095,  #1997 ) ;
#5277 = EDGE_CURVE ( 'NONE', #1934, #5179, #4763, .T. ) ;
#5278 = FILL_AREA_STYLE ('',( #3925 ) ) ;
#5279 = MECHANICAL_DESIGN_GEOMETRIC_PRESENTATION_REPRESENTATION (  '', ( #7779 ), #3085 ) ;
#5280 = VERTEX_POINT ( 'NONE', #6459 ) ;
#5281 =( LENGTH_UNIT ( ) NAMED_UNIT ( * ) SI_UNIT ( $, .METRE. ) );
#5282 = VECTOR ( 'NONE', #1475, 39.37007874015748143 ) ;
#5283 = LENGTH_MEASURE_WITH_UNIT ( LENGTH_MEASURE( 0.02539999999999999897 ), #6446 );
#5284 = ORIENTED_EDGE ( 'NONE', *, *, #3744, .F. ) ;
#5285 = CYLINDRICAL_SURFACE ( 'NONE', #3950, 0.003937007874015741038 ) ;
#5286 = ORIENTED_EDGE ( 'NONE', *, *, #6884, .T. ) ;
#5287 = DIRECTION ( 'NONE',  ( 1.000000000000000000, 0.000000000000000000, 0.000000000000000000 ) ) ;
#5288 = DIRECTION ( 'NONE',  ( 0.000000000000000000, -1.000000000000000000, -0.000000000000000000 ) ) ;
#5289 = PRESENTATION_LAYER_ASSIGNMENT (  '', '', ( #2572 ) ) ;
#5290 = LINE ( 'NONE', #3892, #6105 ) ;
#5291 =( NAMED_UNIT ( * ) PLANE_ANGLE_UNIT ( ) SI_UNIT ( $, .RADIAN. ) );
#5292 = ORIENTED_EDGE ( 'NONE', *, *, #7020, .T. ) ;
#5293 = APPLICATION_CONTEXT ( 'automotive_design' ) ;
#5294 =( NAMED_UNIT ( * ) SI_UNIT ( $, .STERADIAN. ) SOLID_ANGLE_UNIT ( ) );
#5295 = ORIENTED_EDGE ( 'NONE', *, *, #2789, .F. ) ;
#5296 =( LENGTH_UNIT ( ) NAMED_UNIT ( * ) SI_UNIT ( $, .METRE. ) );
#5297 = DIMENSIONAL_EXPONENTS ( 1.000000000000000000, 0.000000000000000000, 0.000000000000000000, 0.000000000000000000, 0.000000000000000000, 0.000000000000000000, 0.000000000000000000 ) ;
#5298 = DIMENSIONAL_EXPONENTS ( 1.000000000000000000, 0.000000000000000000, 0.000000000000000000, 0.000000000000000000, 0.000000000000000000, 0.000000000000000000, 0.000000000000000000 ) ;
#5299 = FILL_AREA_STYLE_COLOUR ( '', #6081 ) ;
#5300 = DIRECTION ( 'NONE',  ( -1.000000000000000000, 4.512561924732999726E-16, 0.000000000000000000 ) ) ;
#5301 = CARTESIAN_POINT ( 'NONE',  ( 0.1574803149606299191, 0.04035433070866142197, -0.04724409448751938634 ) ) ;
#5302 = ORIENTED_EDGE ( 'NONE', *, *, #6200, .F. ) ;
#5303 = CYLINDRICAL_SURFACE ( 'NONE', #5667, 0.007874015748031495954 ) ;
#5304 = PRODUCT_DEFINITION ( 'UNKNOWN', '', #5465, #6345 ) ;
#5305 = CARTESIAN_POINT ( 'NONE',  ( 0.1867316795943700647, -0.06934995292858267546, 0.01968503937007873988 ) ) ;
#5306 = CARTESIAN_POINT ( 'NONE',  ( 0.05118110236220472370, 0.2641953671577952911, 0.007874015748031495954 ) ) ;
#5307 = EDGE_CURVE ( 'NONE', #2329, #7593, #5173, .T. ) ;
#5308 = EDGE_LOOP ( 'NONE', ( #7780, #3234, #7768, #7813 ) ) ;
#5309 = MECHANICAL_DESIGN_GEOMETRIC_PRESENTATION_REPRESENTATION (  '', ( #2855 ), #2222 ) ;
#5310 = ORIENTED_EDGE ( 'NONE', *, *, #3850, .F. ) ;
#5311 = ORIENTED_EDGE ( 'NONE', *, *, #1513, .T. ) ;
#5312 = EDGE_CURVE ( 'NONE', #7410, #2972, #1114, .T. ) ;
#5313 = CARTESIAN_POINT ( 'NONE',  ( 0.07874015748031495954, -0.2743811241349999874, 0.000000000000000000 ) ) ;
#5314 = CARTESIAN_POINT ( 'NONE',  ( -0.07874015748031495954, -0.2915057198038976671, 0.000000000000000000 ) ) ;
#5315 = STYLED_ITEM ( 'NONE', ( #3947 ), #5576 ) ;
#5316 = LINE ( 'NONE', #3599, #2371 ) ;
#5317 = DIMENSIONAL_EXPONENTS ( 1.000000000000000000, 0.000000000000000000, 0.000000000000000000, 0.000000000000000000, 0.000000000000000000, 0.000000000000000000, 0.000000000000000000 ) ;
#5318 = ORIENTED_EDGE ( 'NONE', *, *, #5458, .T. ) ;
#5319 = CIRCLE ( 'NONE', #7299, 0.01574803149733771529 ) ;
#5320 = SURFACE_SIDE_STYLE ('',( #7581 ) ) ;
#5321 = SURFACE_SIDE_STYLE ('',( #5426 ) ) ;
#5322 = EDGE_CURVE ( 'NONE', #72, #838, #5236, .T. ) ;
#5323 = DIRECTION ( 'NONE',  ( -0.000000000000000000, 1.000000000000000000, 0.000000000000000000 ) ) ;
#5324 = CARTESIAN_POINT ( 'NONE',  ( 0.1827946717203543514, -0.1040084880705905573, 0.01968503937007873988 ) ) ;
#5325 =( GEOMETRIC_REPRESENTATION_CONTEXT ( 3 ) GLOBAL_UNCERTAINTY_ASSIGNED_CONTEXT ( ( #5171 ) ) GLOBAL_UNIT_ASSIGNED_CONTEXT ( ( #7428, #2625, #3857 ) ) REPRESENTATION_CONTEXT ( 'NONE', 'WORKASPACE' ) );
#5326 = LINE ( 'NONE', #2346, #4498 ) ;
#5327 = FILL_AREA_STYLE_COLOUR ( '', #1994 ) ;
#5328 = ORIENTED_EDGE ( 'NONE', *, *, #5787, .T. ) ;
#5329 = CARTESIAN_POINT ( 'NONE',  ( 8.741913579724409950E-17, 0.04035433070866142197, 0.000000000000000000 ) ) ;
#5330 = DIRECTION ( 'NONE',  ( -0.000000000000000000, -0.000000000000000000, -1.000000000000000000 ) ) ;
#5331 = PRESENTATION_LAYER_ASSIGNMENT (  '', '', ( #3887 ) ) ;
#5332 = FACE_OUTER_BOUND ( 'NONE', #3668, .T. ) ;
#5333 = FACE_OUTER_BOUND ( 'NONE', #2697, .T. ) ;
#5334 =( NAMED_UNIT ( * ) SI_UNIT ( $, .STERADIAN. ) SOLID_ANGLE_UNIT ( ) );
#5335 = CARTESIAN_POINT ( 'NONE',  ( 0.07874015748031495954, -0.2651305442141732582, 0.000000000000000000 ) ) ;
#5336 = CARTESIAN_POINT ( 'NONE',  ( -0.1788576638464173252, -0.06209787612507874227, 0.09448818897637795144 ) ) ;
#5337 = CARTESIAN_POINT ( 'NONE',  ( 0.1788576638459252188, -0.06934995292858267546, 0.09842519685039370636 ) ) ;
#5338 = VECTOR ( 'NONE', #1431, 39.37007874015748143 ) ;
#5339 = DIRECTION ( 'NONE',  ( 1.000000000000000000, 0.000000000000000000, 0.000000000000000000 ) ) ;
#5340 = EDGE_LOOP ( 'NONE', ( #7579, #5847, #414, #6301 ) ) ;
#5341 =( NAMED_UNIT ( * ) SI_UNIT ( $, .STERADIAN. ) SOLID_ANGLE_UNIT ( ) );
#5342 = AXIS2_PLACEMENT_3D ( 'NONE', #5055, #6928, #3908 ) ;
#5343 = DIMENSIONAL_EXPONENTS ( 1.000000000000000000, 0.000000000000000000, 0.000000000000000000, 0.000000000000000000, 0.000000000000000000, 0.000000000000000000, 0.000000000000000000 ) ;
#5344 = PRESENTATION_LAYER_ASSIGNMENT (  '', '', ( #5841 ) ) ;
#5345 = UNCERTAINTY_MEASURE_WITH_UNIT (LENGTH_MEASURE( 1.000000000000000082E-05 ), #4298, 'distance_accuracy_value', 'NONE');
#5346 = ORIENTED_EDGE ( 'NONE', *, *, #1557, .T. ) ;
#5347 =( NAMED_UNIT ( * ) SI_UNIT ( $, .STERADIAN. ) SOLID_ANGLE_UNIT ( ) );
#5348 = SURFACE_STYLE_FILL_AREA ( #2213 ) ;
#5349 = VECTOR ( 'NONE', #6703, 39.37007874015748143 ) ;
#5350 = DIRECTION ( 'NONE',  ( 1.000000000000000000, 0.000000000000000000, 0.000000000000000000 ) ) ;
#5351 = EDGE_CURVE ( 'NONE', #1945, #160, #3419, .T. ) ;
#5352 = EDGE_CURVE ( 'NONE', #7728, #1995, #304, .T. ) ;
#5353 = AXIS2_PLACEMENT_3D ( 'NONE', #1892, #6197, #7414 ) ;
#5354 = VERTEX_POINT ( 'NONE', #998 ) ;
#5355 = CARTESIAN_POINT ( 'NONE',  ( -0.1788576638464173252, -0.1040084880705905435, 0.09842519685039370636 ) ) ;
#5356 = DIRECTION ( 'NONE',  ( 1.000000000000000000, 0.000000000000000000, 0.000000000000000000 ) ) ;
#5357 = CARTESIAN_POINT ( 'NONE',  ( 0.1867316795943700647, -0.1040084880705905573, 0.01968503937007873988 ) ) ;
#5358 = DIRECTION ( 'NONE',  ( -0.000000000000000000, -0.000000000000000000, -1.000000000000000000 ) ) ;
#5359 =( NAMED_UNIT ( * ) PLANE_ANGLE_UNIT ( ) SI_UNIT ( $, .RADIAN. ) );
#5360 = FILL_AREA_STYLE_COLOUR ( '', #2796 ) ;
#5361 = SHAPE_REPRESENTATION ( 'Open CASCADE STEP translator 6.8 3_4', ( #1997 ), #3787 ) ;
#5362 = EDGE_CURVE ( 'NONE', #5378, #1978, #2896, .T. ) ;
#5363 = LINE ( 'NONE', #3649, #1240 ) ;
#5364 = FILL_AREA_STYLE ('',( #3687 ) ) ;
#5365 = ORIENTED_EDGE ( 'NONE', *, *, #3253, .F. ) ;
#5366 =( CONVERSION_BASED_UNIT ( 'INCH', #3501 ) LENGTH_UNIT ( ) NAMED_UNIT ( #450 ) );
#5367 = DIMENSIONAL_EXPONENTS ( 1.000000000000000000, 0.000000000000000000, 0.000000000000000000, 0.000000000000000000, 0.000000000000000000, 0.000000000000000000, 0.000000000000000000 ) ;
#5368 = DIMENSIONAL_EXPONENTS ( 1.000000000000000000, 0.000000000000000000, 0.000000000000000000, 0.000000000000000000, 0.000000000000000000, 0.000000000000000000, 0.000000000000000000 ) ;
#5369 = SURFACE_SIDE_STYLE ('',( #3546 ) ) ;
#5370 = CARTESIAN_POINT ( 'NONE',  ( -0.1840131017811023617, 0.1300921114227165387, 0.01968503937007873988 ) ) ;
#5371 = EDGE_CURVE ( 'NONE', #4623, #2794, #4910, .T. ) ;
#5372 = LINE ( 'NONE', #3585, #7880 ) ;
#5373 = COLOUR_RGB ( '',0.2784313725490196179, 0.2784313725490196179, 0.2784313725490196179 ) ;
#5374 = VECTOR ( 'NONE', #5056, 39.37007874015748143 ) ;
#5375 = DIRECTION ( 'NONE',  ( 1.000000000000000000, 0.000000000000000000, 0.000000000000000000 ) ) ;
#5376 = DIRECTION ( 'NONE',  ( 1.000000000000000000, 0.000000000000000000, 0.000000000000000000 ) ) ;
#5377 = CARTESIAN_POINT ( 'NONE',  ( 0.1682650702838976442, 0.1300921114227165387, 0.01968503937007873988 ) ) ;
#5378 = VERTEX_POINT ( 'NONE', #2781 ) ;
#5379 = COLOUR_RGB ( '',0.7490196078431372584, 0.7490196078431372584, 0.7490196078431372584 ) ;
#5380 = CIRCLE ( 'NONE', #4204, 0.007874015748031495954 ) ;
#5381 = CARTESIAN_POINT ( 'NONE',  ( -0.05118110236220472370, 0.2641953671577952911, 0.02492565335188976286 ) ) ;
#5382 = PRESENTATION_LAYER_ASSIGNMENT (  '', '', ( #4485 ) ) ;
#5383 = ORIENTED_EDGE ( 'NONE', *, *, #1261, .T. ) ;
#5384 = DIRECTION ( 'NONE',  ( -0.000000000000000000, -0.000000000000000000, -1.000000000000000000 ) ) ;
#5385 = LENGTH_MEASURE_WITH_UNIT ( LENGTH_MEASURE( 0.02539999999999999897 ), #4007 );
#5386 = FILL_AREA_STYLE_COLOUR ( '', #6489 ) ;
#5387 = DIRECTION ( 'NONE',  ( 1.000000000000000000, 0.000000000000000000, 0.000000000000000000 ) ) ;
#5388 = STYLED_ITEM ( 'NONE', ( #135 ), #4761 ) ;
#5389 = ORIENTED_EDGE ( 'NONE', *, *, #6052, .T. ) ;
#5390 = CARTESIAN_POINT ( 'NONE',  ( 0.1788576638464173252, -0.1040084880705905435, 0.01968503937007873988 ) ) ;
#5391 = ORIENTED_EDGE ( 'NONE', *, *, #3081, .F. ) ;
#5392 = LINE ( 'NONE', #3054, #5993 ) ;
#5393 = DIMENSIONAL_EXPONENTS ( 1.000000000000000000, 0.000000000000000000, 0.000000000000000000, 0.000000000000000000, 0.000000000000000000, 0.000000000000000000, 0.000000000000000000 ) ;
#5394 = DIRECTION ( 'NONE',  ( 1.000000000000000000, 0.000000000000000000, 0.000000000000000000 ) ) ;
#5395 = DIRECTION ( 'NONE',  ( 1.000000000000000000, 0.000000000000000000, -0.000000000000000000 ) ) ;
#5396 = PRESENTATION_LAYER_ASSIGNMENT (  '', '', ( #5388 ) ) ;
#5397 = EDGE_CURVE ( 'NONE', #3406, #5012, #3380, .T. ) ;
#5398 = SURFACE_STYLE_USAGE ( .BOTH. , #4829 ) ;
#5399 = AXIS2_PLACEMENT_3D ( 'NONE', #2515, #6070, #7330 ) ;
#5400 = DIRECTION ( 'NONE',  ( 0.000000000000000000, 1.000000000000000000, 0.000000000000000000 ) ) ;
#5401 =( CONVERSION_BASED_UNIT ( 'INCH', #7301 ) LENGTH_UNIT ( ) NAMED_UNIT ( #3091 ) );
#5402 = ORIENTED_EDGE ( 'NONE', *, *, #6102, .F. ) ;
#5403 = ORIENTED_EDGE ( 'NONE', *, *, #4711, .F. ) ;
#5404 =( CONVERSION_BASED_UNIT ( 'INCH', #2956 ) LENGTH_UNIT ( ) NAMED_UNIT ( #7104 ) );
#5405 = EDGE_CURVE ( 'NONE', #4069, #7071, #6993, .T. ) ;
#5406 = STYLED_ITEM ( 'NONE', ( #4918 ), #2437 ) ;
#5407 =( NAMED_UNIT ( * ) PLANE_ANGLE_UNIT ( ) SI_UNIT ( $, .RADIAN. ) );
#5408 = SHAPE_REPRESENTATION ( 'Open CASCADE STEP translator 6.8 3_2', ( #1997 ), #5591 ) ;
#5409 = VECTOR ( 'NONE', #3, 39.37007874015748143 ) ;
#5410 = COLOUR_RGB ( '',0.7490196078431372584, 0.7490196078431372584, 0.7490196078431372584 ) ;
#5411 = DIRECTION ( 'NONE',  ( 0.000000000000000000, 0.000000000000000000, 1.000000000000000000 ) ) ;
#5412 = CARTESIAN_POINT ( 'NONE',  ( 0.1028445393700788274, 0.04035433070866142197, 0.09448818897677166428 ) ) ;
#5413 = SURFACE_SIDE_STYLE ('',( #6024 ) ) ;
#5414 = LINE ( 'NONE', #6503, #5282 ) ;
#5415 = SURFACE_STYLE_USAGE ( .BOTH. , #1674 ) ;
#5416 = ADVANCED_FACE ( 'NONE', ( #346 ), #5931, .T. ) ;
#5417 = DIMENSIONAL_EXPONENTS ( 1.000000000000000000, 0.000000000000000000, 0.000000000000000000, 0.000000000000000000, 0.000000000000000000, 0.000000000000000000, 0.000000000000000000 ) ;
#5418 = FILL_AREA_STYLE_COLOUR ( '', #2620 ) ;
#5419 = UNCERTAINTY_MEASURE_WITH_UNIT (LENGTH_MEASURE( 1.000000000000000082E-05 ), #2286, 'distance_accuracy_value', 'NONE');
#5420 = VERTEX_POINT ( 'NONE', #7658 ) ;
#5421 = PLANE ( 'NONE',  #4733 ) ;
#5422 = CARTESIAN_POINT ( 'NONE',  ( -0.06329531094598425667, 0.2490157480314960647, 0.09448818897637797920 ) ) ;
#5423 = ORIENTED_EDGE ( 'NONE', *, *, #3754, .T. ) ;
#5424 = VERTEX_POINT ( 'NONE', #5194 ) ;
#5425 = PRESENTATION_STYLE_ASSIGNMENT (( #6076 ) ) ;
#5426 = SURFACE_STYLE_FILL_AREA ( #4825 ) ;
#5427 = STYLED_ITEM ( 'NONE', ( #1505 ), #5535 ) ;
#5428 =( GEOMETRIC_REPRESENTATION_CONTEXT ( 3 ) GLOBAL_UNCERTAINTY_ASSIGNED_CONTEXT ( ( #199 ) ) GLOBAL_UNIT_ASSIGNED_CONTEXT ( ( #2182, #6289, #3932 ) ) REPRESENTATION_CONTEXT ( 'NONE', 'WORKASPACE' ) );
#5429 =( NAMED_UNIT ( * ) PLANE_ANGLE_UNIT ( ) SI_UNIT ( $, .RADIAN. ) );
#5430 =( LENGTH_UNIT ( ) NAMED_UNIT ( * ) SI_UNIT ( $, .METRE. ) );
#5431 = ORIENTED_EDGE ( 'NONE', *, *, #935, .F. ) ;
#5432 = CARTESIAN_POINT ( 'NONE',  ( -0.2047244094501181333, 0.1237520663915748081, 0.09842519685039370636 ) ) ;
#5433 =( NAMED_UNIT ( * ) SI_UNIT ( $, .STERADIAN. ) SOLID_ANGLE_UNIT ( ) );
#5434 = ORIENTED_EDGE ( 'NONE', *, *, #7590, .F. ) ;
#5435 = VERTEX_POINT ( 'NONE', #6482 ) ;
#5436 = SURFACE_SIDE_STYLE ('',( #58 ) ) ;
#5437 =( GEOMETRIC_REPRESENTATION_CONTEXT ( 3 ) GLOBAL_UNCERTAINTY_ASSIGNED_CONTEXT ( ( #1549 ) ) GLOBAL_UNIT_ASSIGNED_CONTEXT ( ( #5186, #4586, #339 ) ) REPRESENTATION_CONTEXT ( 'NONE', 'WORKASPACE' ) );
#5438 = FILL_AREA_STYLE_COLOUR ( '', #6397 ) ;
#5439 = ADVANCED_FACE ( 'NONE', ( #2852 ), #5967, .T. ) ;
#5440 = STYLED_ITEM ( 'NONE', ( #7818 ), #3033 ) ;
#5441 = ADVANCED_FACE ( 'NONE', ( #2291 ), #2167, .T. ) ;
#5442 = DIRECTION ( 'NONE',  ( 0.000000000000000000, 0.000000000000000000, 1.000000000000000000 ) ) ;
#5443 = STYLED_ITEM ( 'NONE', ( #423 ), #6501 ) ;
#5444 = CARTESIAN_POINT ( 'NONE',  ( 0.1330390167485826780, 0.1992328590562992274, 0.000000000000000000 ) ) ;
#5445 =( CONVERSION_BASED_UNIT ( 'INCH', #7725 ) LENGTH_UNIT ( ) NAMED_UNIT ( #7798 ) );
#5446 = SURFACE_STYLE_USAGE ( .BOTH. , #1197 ) ;
#5447 = ORIENTED_EDGE ( 'NONE', *, *, #4253, .F. ) ;
#5448 = DIMENSIONAL_EXPONENTS ( 1.000000000000000000, 0.000000000000000000, 0.000000000000000000, 0.000000000000000000, 0.000000000000000000, 0.000000000000000000, 0.000000000000000000 ) ;
#5449 =( NAMED_UNIT ( * ) SI_UNIT ( $, .STERADIAN. ) SOLID_ANGLE_UNIT ( ) );
#5451 = EDGE_LOOP ( 'NONE', ( #1510, #2696, #2939, #983 ) ) ;
#5450 = AXIS2_PLACEMENT_3D ( 'NONE', #4326, #2121, #1424 ) ;
#5452 = EDGE_CURVE ( 'NONE', #2043, #1776, #4008, .T. ) ;
#5453 =( GEOMETRIC_REPRESENTATION_CONTEXT ( 3 ) GLOBAL_UNCERTAINTY_ASSIGNED_CONTEXT ( ( #6886 ) ) GLOBAL_UNIT_ASSIGNED_CONTEXT ( ( #3178, #7337, #3644 ) ) REPRESENTATION_CONTEXT ( 'NONE', 'WORKASPACE' ) );
#5454 = PRESENTATION_STYLE_ASSIGNMENT (( #2968 ) ) ;
#5455 = SURFACE_SIDE_STYLE ('',( #7102 ) ) ;
#5456 = STYLED_ITEM ( 'NONE', ( #574 ), #7522 ) ;
#5457 = MECHANICAL_DESIGN_GEOMETRIC_PRESENTATION_REPRESENTATION (  '', ( #963 ), #1738 ) ;
#5458 = EDGE_CURVE ( 'NONE', #2210, #1473, #4054, .T. ) ;
#5459 = ORIENTED_EDGE ( 'NONE', *, *, #3958, .T. ) ;
#5460 = LENGTH_MEASURE_WITH_UNIT ( LENGTH_MEASURE( 0.02539999999999999897 ), #3532 );
#5461 = FILL_AREA_STYLE ('',( #4749 ) ) ;
#5462 =( GEOMETRIC_REPRESENTATION_CONTEXT ( 3 ) GLOBAL_UNCERTAINTY_ASSIGNED_CONTEXT ( ( #1714 ) ) GLOBAL_UNIT_ASSIGNED_CONTEXT ( ( #3805, #5537, #658 ) ) REPRESENTATION_CONTEXT ( 'NONE', 'WORKASPACE' ) );
#5463 = FACE_BOUND ( 'NONE', #3129, .T. ) ;
#5464 = CARTESIAN_POINT ( 'NONE',  ( -0.09199170751952756575, -0.06603488399787402208, 0.09448818897637795144 ) ) ;
#5465 = PRODUCT_DEFINITION_FORMATION_WITH_SPECIFIED_SOURCE ( 'ANY', '', #4021, .NOT_KNOWN. ) ;
#5466 = DIRECTION ( 'NONE',  ( 0.000000000000000000, 1.000000000000000000, 0.000000000000000000 ) ) ;
#5467 = STYLED_ITEM ( 'NONE', ( #3475 ), #4116 ) ;
#5468 = DIRECTION ( 'NONE',  ( 1.000000000000000000, 0.000000000000000000, 0.000000000000000000 ) ) ;
#5469 = ORIENTED_EDGE ( 'NONE', *, *, #6292, .F. ) ;
#5470 = DIRECTION ( 'NONE',  ( -1.000000000000000000, -0.000000000000000000, -0.000000000000000000 ) ) ;
#5471 = SURFACE_STYLE_FILL_AREA ( #3575 ) ;
#5472 = LENGTH_MEASURE_WITH_UNIT ( LENGTH_MEASURE( 0.02539999999999999897 ), #1779 );
#5473 = ORIENTED_EDGE ( 'NONE', *, *, #195, .F. ) ;
#5474 =( LENGTH_UNIT ( ) NAMED_UNIT ( * ) SI_UNIT ( $, .METRE. ) );
#5475 = LINE ( 'NONE', #3583, #2441 ) ;
#5476 = FILL_AREA_STYLE_COLOUR ( '', #113 ) ;
#5477 = PLANE ( 'NONE',  #6231 ) ;
#5478 = FILL_AREA_STYLE ('',( #3777 ) ) ;
#5479 = ORIENTED_EDGE ( 'NONE', *, *, #6920, .F. ) ;
#5480 = SURFACE_STYLE_USAGE ( .BOTH. , #6099 ) ;
#5481 = EDGE_CURVE ( 'NONE', #2533, #6836, #7136, .T. ) ;
#5482 = VERTEX_POINT ( 'NONE', #1683 ) ;
#5483 = EDGE_CURVE ( 'NONE', #6836, #2746, #4129, .T. ) ;
#5484 =( GEOMETRIC_REPRESENTATION_CONTEXT ( 3 ) GLOBAL_UNCERTAINTY_ASSIGNED_CONTEXT ( ( #229 ) ) GLOBAL_UNIT_ASSIGNED_CONTEXT ( ( #1690, #2900, #4865 ) ) REPRESENTATION_CONTEXT ( 'NONE', 'WORKASPACE' ) );
#5485 = UNCERTAINTY_MEASURE_WITH_UNIT (LENGTH_MEASURE( 1.000000000000000082E-05 ), #7555, 'distance_accuracy_value', 'NONE');
#5486 = CARTESIAN_POINT ( 'NONE',  ( 0.1585513363807972420, -0.1112605648740944836, 0.09448818897637795144 ) ) ;
#5487 = LINE ( 'NONE', #674, #4703 ) ;
#5488 = CARTESIAN_POINT ( 'NONE',  ( 0.1181102362204724532, -0.2743811241349999874, 0.000000000000000000 ) ) ;
#5489 = MECHANICAL_DESIGN_GEOMETRIC_PRESENTATION_REPRESENTATION (  '', ( #2417 ), #6225 ) ;
#5490 = CIRCLE ( 'NONE', #875, 0.01968503937007875723 ) ;
#5491 = EDGE_CURVE ( 'NONE', #4541, #2023, #2336, .T. ) ;
#5492 = SURFACE_STYLE_USAGE ( .BOTH. , #675 ) ;
#5493 = LINE ( 'NONE', #1961, #464 ) ;
#5494 =( GEOMETRIC_REPRESENTATION_CONTEXT ( 3 ) GLOBAL_UNCERTAINTY_ASSIGNED_CONTEXT ( ( #1315 ) ) GLOBAL_UNIT_ASSIGNED_CONTEXT ( ( #4912, #3103, #5433 ) ) REPRESENTATION_CONTEXT ( 'NONE', 'WORKASPACE' ) );
#5495 = DIRECTION ( 'NONE',  ( 0.000000000000000000, 0.000000000000000000, -1.000000000000000000 ) ) ;
#5496 = ORIENTED_EDGE ( 'NONE', *, *, #359, .T. ) ;
#5497 = CARTESIAN_POINT ( 'NONE',  ( 0.1377952755905511861, 0.04035433070866142197, 0.000000000000000000 ) ) ;
#5498 = ORIENTED_EDGE ( 'NONE', *, *, #7567, .T. ) ;
#5499 = DIRECTION ( 'NONE',  ( 1.000000000000000000, 0.000000000000000000, 0.000000000000000000 ) ) ;
#5500 = EDGE_CURVE ( 'NONE', #2210, #1381, #3556, .T. ) ;
#5501 = AXIS2_PLACEMENT_3D ( 'NONE', #1845, #4289, #542 ) ;
#5502 =( NAMED_UNIT ( * ) PLANE_ANGLE_UNIT ( ) SI_UNIT ( $, .RADIAN. ) );
#5503 = CARTESIAN_POINT ( 'NONE',  ( -0.1585513363839370082, -0.1112605648740944836, 0.09448818897637795144 ) ) ;
#5504 = LINE ( 'NONE', #4908, #6336 ) ;
#5505 = ORIENTED_EDGE ( 'NONE', *, *, #6580, .T. ) ;
#5506 = DIRECTION ( 'NONE',  ( -0.5809750886629967415, 0.8139213391679955834, 0.000000000000000000 ) ) ;
#5507 = VERTEX_POINT ( 'NONE', #6436 ) ;
#5508 = SURFACE_STYLE_FILL_AREA ( #2351 ) ;
#5509 = DIRECTION ( 'NONE',  ( -1.000000000000000000, -2.670666003108999827E-16, -0.000000000000000000 ) ) ;
#5510 = CARTESIAN_POINT ( 'NONE',  ( 0.2047244094462598307, -0.06209787612507873533, 0.09448818897637795144 ) ) ;
#5511 = LINE ( 'NONE', #19, #4399 ) ;
#5512 =( NAMED_UNIT ( * ) SI_UNIT ( $, .STERADIAN. ) SOLID_ANGLE_UNIT ( ) );
#5513 = CARTESIAN_POINT ( 'NONE',  ( 0.1317780463944678571, 0.1952958516381093912, 0.09842519685039370636 ) ) ;
#5514 =( NAMED_UNIT ( * ) PLANE_ANGLE_UNIT ( ) SI_UNIT ( $, .RADIAN. ) );
#5515 = ORIENTED_EDGE ( 'NONE', *, *, #4660, .F. ) ;
#5516 = CARTESIAN_POINT ( 'NONE',  ( -0.1788576638464173252, -0.1112605648740944836, 0.09842519685039370636 ) ) ;
#5517 = ORIENTED_EDGE ( 'NONE', *, *, #3209, .T. ) ;
#5518 = MECHANICAL_DESIGN_GEOMETRIC_PRESENTATION_REPRESENTATION (  '', ( #7402 ), #5778 ) ;
#5519 = ADVANCED_FACE ( 'NONE', ( #955 ), #7214, .T. ) ;
#5520 =( REPRESENTATION_RELATIONSHIP ('NONE','NONE', #5946, #3493 ) REPRESENTATION_RELATIONSHIP_WITH_TRANSFORMATION ( #2774 )SHAPE_REPRESENTATION_RELATIONSHIP( ) );
#5521 = FILL_AREA_STYLE ('',( #1207 ) ) ;
#5522 = SURFACE_STYLE_FILL_AREA ( #162 ) ;
#5523 = AXIS2_PLACEMENT_3D ( 'NONE', #1351, #3226, #3272 ) ;
#5524 = LINE ( 'NONE', #1293, #85 ) ;
#5525 = ADVANCED_FACE ( 'NONE', ( #3635 ), #3860, .T. ) ;
#5526 = EDGE_CURVE ( 'NONE', #2646, #5054, #7247, .T. ) ;
#5527 = ORIENTED_EDGE ( 'NONE', *, *, #6858, .T. ) ;
#5528 = DIRECTION ( 'NONE',  ( -0.000000000000000000, -1.000000000000000000, 0.000000000000000000 ) ) ;
#5529 = VERTEX_POINT ( 'NONE', #1800 ) ;
#5530 = DIRECTION ( 'NONE',  ( -1.000000000000000000, -0.000000000000000000, 0.000000000000000000 ) ) ;
#5531 = SURFACE_STYLE_FILL_AREA ( #1811 ) ;
#5532 = SURFACE_SIDE_STYLE ('',( #771 ) ) ;
#5533 = MECHANICAL_DESIGN_GEOMETRIC_PRESENTATION_REPRESENTATION (  '', ( #1425 ), #5921 ) ;
#5534 = CARTESIAN_POINT ( 'NONE',  ( 0.1585513363800787334, -0.01227691951566929271, 0.09448818897637795144 ) ) ;
#5535 = ADVANCED_FACE ( 'NONE', ( #7432 ), #4443, .F. ) ;
#5536 = CARTESIAN_POINT ( 'NONE',  ( 0.1181102362204724671, -0.1983960629326377845, 0.03279966909992126228 ) ) ;
#5537 =( NAMED_UNIT ( * ) PLANE_ANGLE_UNIT ( ) SI_UNIT ( $, .RADIAN. ) );
#5538 = ORIENTED_EDGE ( 'NONE', *, *, #3127, .T. ) ;
#5539 = LINE ( 'NONE', #7266, #949 ) ;
#5540 = EDGE_LOOP ( 'NONE', ( #3269, #1507, #7610, #1041 ) ) ;
#5541 = DIRECTION ( 'NONE',  ( -0.000000000000000000, -0.000000000000000000, -1.000000000000000000 ) ) ;
#5542 = ORIENTED_EDGE ( 'NONE', *, *, #3336, .T. ) ;
#5543 = CARTESIAN_POINT ( 'NONE',  ( 0.1008760354330709430, 0.04035433070866142891, 0.08661417322874015445 ) ) ;
#5544 =( CONVERSION_BASED_UNIT ( 'INCH', #3810 ) LENGTH_UNIT ( ) NAMED_UNIT ( #441 ) );
#5545 = CARTESIAN_POINT ( 'NONE',  ( -0.1761390860324803243, 0.1237520663915748081, 0.09448818897637795144 ) ) ;
#5546 = CARTESIAN_POINT ( 'NONE',  ( -0.1574803149606299191, 0.04035433070866142197, -0.04724409448751938634 ) ) ;
#5547 = CARTESIAN_POINT ( 'NONE',  ( -0.1800760939070866207, 0.1276890742665748035, 0.000000000000000000 ) ) ;
#5548 = CARTESIAN_POINT ( 'NONE',  ( -0.1827946717203937088, -0.06603488399787402208, 0.000000000000000000 ) ) ;
#5549 = COLOUR_RGB ( '',0.7490196078431372584, 0.7490196078431372584, 0.7490196078431372584 ) ;
#5550 = DIRECTION ( 'NONE',  ( 0.000000000000000000, 1.000000000000000000, -0.000000000000000000 ) ) ;
#5551 = COLOUR_RGB ( '',0.7490196078431372584, 0.7490196078431372584, 0.7490196078431372584 ) ;
#5552 = ORIENTED_EDGE ( 'NONE', *, *, #3856, .F. ) ;
#5553 = DIRECTION ( 'NONE',  ( 0.7010151982602422782, -0.7131463326752462972, 0.000000000000000000 ) ) ;
#5554 = SURFACE_STYLE_USAGE ( .BOTH. , #1792 ) ;
#5555 = EDGE_LOOP ( 'NONE', ( #1700, #2348, #650, #1135 ) ) ;
#5556 = STYLED_ITEM ( 'NONE', ( #6767 ), #3083 ) ;
#5557 = VECTOR ( 'NONE', #4835, 39.37007874015748143 ) ;
#5558 = DIRECTION ( 'NONE',  ( 0.000000000000000000, 0.000000000000000000, 1.000000000000000000 ) ) ;
#5559 = UNCERTAINTY_MEASURE_WITH_UNIT (LENGTH_MEASURE( 1.000000000000000082E-05 ), #303, 'distance_accuracy_value', 'NONE');
#5560 = DIRECTION ( 'NONE',  ( -0.000000000000000000, 0.000000000000000000, 1.000000000000000000 ) ) ;
#5561 =( GEOMETRIC_REPRESENTATION_CONTEXT ( 3 ) GLOBAL_UNCERTAINTY_ASSIGNED_CONTEXT ( ( #6578 ) ) GLOBAL_UNIT_ASSIGNED_CONTEXT ( ( #7417, #6816, #4294 ) ) REPRESENTATION_CONTEXT ( 'NONE', 'WORKASPACE' ) );
#5562 = COLOUR_RGB ( '',0.7490196078431372584, 0.7490196078431372584, 0.7490196078431372584 ) ;
#5563 =( LENGTH_UNIT ( ) NAMED_UNIT ( * ) SI_UNIT ( $, .METRE. ) );
#5564 = DIRECTION ( 'NONE',  ( -1.000000000000000000, -0.000000000000000000, -0.000000000000000000 ) ) ;
#5565 = AXIS2_PLACEMENT_3D ( 'NONE', #1092, #2924, #4199 ) ;
#5566 = COLOUR_RGB ( '',0.7490196078431372584, 0.7490196078431372584, 0.7490196078431372584 ) ;
#5567 = CARTESIAN_POINT ( 'NONE',  ( 8.741913579724409950E-17, 0.04035433070866142197, 0.08661417322834646937 ) ) ;
#5568 = ORIENTED_EDGE ( 'NONE', *, *, #5883, .F. ) ;
#5569 = LINE ( 'NONE', #6192, #3077 ) ;
#5570 = ORIENTED_EDGE ( 'NONE', *, *, #986, .F. ) ;
#5571 = FILL_AREA_STYLE ('',( #799 ) ) ;
#5572 =( GEOMETRIC_REPRESENTATION_CONTEXT ( 3 ) GLOBAL_UNCERTAINTY_ASSIGNED_CONTEXT ( ( #5799 ) ) GLOBAL_UNIT_ASSIGNED_CONTEXT ( ( #468, #4946, #4986 ) ) REPRESENTATION_CONTEXT ( 'NONE', 'WORKASPACE' ) );
#5573 = SHAPE_REPRESENTATION_RELATIONSHIP ( 'NONE' , 'NONE' ,  #2111, #484 ) ;
#5574 = LINE ( 'NONE', #7415, #4208 ) ;
#5575 = EDGE_CURVE ( 'NONE', #7344, #2043, #2147, .T. ) ;
#5576 = ADVANCED_FACE ( 'NONE', ( #5795, #4604 ), #6964, .T. ) ;
#5577 = DIRECTION ( 'NONE',  ( -0.000000000000000000, 1.000000000000000000, 0.000000000000000000 ) ) ;
#5578 =( GEOMETRIC_REPRESENTATION_CONTEXT ( 3 ) GLOBAL_UNCERTAINTY_ASSIGNED_CONTEXT ( ( #7526 ) ) GLOBAL_UNIT_ASSIGNED_CONTEXT ( ( #3411, #4664, #2846 ) ) REPRESENTATION_CONTEXT ( 'NONE', 'WORKASPACE' ) );
#5579 = PRESENTATION_LAYER_ASSIGNMENT (  '', '', ( #483 ) ) ;
#5580 = DIRECTION ( 'NONE',  ( -0.000000000000000000, -0.000000000000000000, -1.000000000000000000 ) ) ;
#5581 = LINE ( 'NONE', #2527, #6077 ) ;
#5582 = ORIENTED_EDGE ( 'NONE', *, *, #1016, .T. ) ;
#5583 = PLANE ( 'NONE',  #6058 ) ;
#5584 = ORIENTED_EDGE ( 'NONE', *, *, #4529, .T. ) ;
#5585 = DIRECTION ( 'NONE',  ( 0.000000000000000000, 0.000000000000000000, 1.000000000000000000 ) ) ;
#5586 = VERTEX_POINT ( 'NONE', #4036 ) ;
#5587 = DIRECTION ( 'NONE',  ( -2.351874168306999907E-16, -1.000000000000000000, -0.000000000000000000 ) ) ;
#5588 = LINE ( 'NONE', #96, #3975 ) ;
#5589 = DIRECTION ( 'NONE',  ( 1.000000000000000000, 0.000000000000000000, -0.000000000000000000 ) ) ;
#5590 = UNCERTAINTY_MEASURE_WITH_UNIT (LENGTH_MEASURE( 1.000000000000000082E-05 ), #7379, 'distance_accuracy_value', 'NONE');
#5591 =( GEOMETRIC_REPRESENTATION_CONTEXT ( 3 ) GLOBAL_UNCERTAINTY_ASSIGNED_CONTEXT ( ( #1883 ) ) GLOBAL_UNIT_ASSIGNED_CONTEXT ( ( #1104, #7705, #2304 ) ) REPRESENTATION_CONTEXT ( 'NONE', 'WORKASPACE' ) );
#5592 = VECTOR ( 'NONE', #5495, 39.37007874015748143 ) ;
#5593 = EDGE_CURVE ( 'NONE', #1437, #2985, #6461, .T. ) ;
#5594 = SURFACE_SIDE_STYLE ('',( #4484 ) ) ;
#5595 = SURFACE_SIDE_STYLE ('',( #3233 ) ) ;
#5596 = CARTESIAN_POINT ( 'NONE',  ( -0.1585513363839370082, -0.1112605648740944836, 0.09842519685039370636 ) ) ;
#5597 = CARTESIAN_POINT ( 'NONE',  ( 0.08661417322834646937, 0.04035433070866142197, 0.09842519685078740532 ) ) ;
#5598 = ORIENTED_EDGE ( 'NONE', *, *, #4864, .T. ) ;
#5599 = PRESENTATION_STYLE_ASSIGNMENT (( #2032 ) ) ;
#5600 = DIRECTION ( 'NONE',  ( 1.000000000000000000, 0.000000000000000000, -0.000000000000000000 ) ) ;
#5601 = VERTEX_POINT ( 'NONE', #3434 ) ;
#5602 = ADVANCED_FACE ( 'NONE', ( #5879 ), #2231, .T. ) ;
#5603 = DIMENSIONAL_EXPONENTS ( 1.000000000000000000, 0.000000000000000000, 0.000000000000000000, 0.000000000000000000, 0.000000000000000000, 0.000000000000000000, 0.000000000000000000 ) ;
#5604 = LENGTH_MEASURE_WITH_UNIT ( LENGTH_MEASURE( 0.02539999999999999897 ), #6223 );
#5605 = DIRECTION ( 'NONE',  ( 0.000000000000000000, 0.000000000000000000, -1.000000000000000000 ) ) ;
#5606 = ORIENTED_EDGE ( 'NONE', *, *, #824, .F. ) ;
#5607 = CARTESIAN_POINT ( 'NONE',  ( 0.1181102362204724532, -0.2690675520881889993, 0.01181102362204724393 ) ) ;
#5608 = PRESENTATION_LAYER_ASSIGNMENT (  '', '', ( #2413 ) ) ;
#5609 = CARTESIAN_POINT ( 'NONE',  ( 0.1330390167485827058, 0.1992328590562992274, 0.000000000000000000 ) ) ;
#5610 = ORIENTED_EDGE ( 'NONE', *, *, #2502, .F. ) ;
#5611 = DIRECTION ( 'NONE',  ( 0.000000000000000000, -2.036321512455000055E-31, 1.000000000000000000 ) ) ;
#5612 =( GEOMETRIC_REPRESENTATION_CONTEXT ( 3 ) GLOBAL_UNCERTAINTY_ASSIGNED_CONTEXT ( ( #62 ) ) GLOBAL_UNIT_ASSIGNED_CONTEXT ( ( #1593, #7093, #4087 ) ) REPRESENTATION_CONTEXT ( 'NONE', 'WORKASPACE' ) );
#5613 = DIRECTION ( 'NONE',  ( 0.000000000000000000, -1.000000000000000000, -0.000000000000000000 ) ) ;
#5615 = VERTEX_POINT ( 'NONE', #5985 ) ;
#5614 = VECTOR ( 'NONE', #5712, 39.37007874015748143 ) ;
#5616 =( NAMED_UNIT ( * ) SI_UNIT ( $, .STERADIAN. ) SOLID_ANGLE_UNIT ( ) );
#5617 = PLANE ( 'NONE',  #3284 ) ;
#5618 = DIRECTION ( 'NONE',  ( 0.000000000000000000, 0.000000000000000000, 1.000000000000000000 ) ) ;
#5619 =( LENGTH_UNIT ( ) NAMED_UNIT ( * ) SI_UNIT ( $, .METRE. ) );
#5620 = AXIS2_PLACEMENT_3D ( 'NONE', #7808, #7204, #6027 ) ;
#5621 = DIRECTION ( 'NONE',  ( 0.000000000000000000, -0.000000000000000000, -1.000000000000000000 ) ) ;
#5622 = PRESENTATION_STYLE_ASSIGNMENT (( #3846 ) ) ;
#5623 = VERTEX_POINT ( 'NONE', #6018 ) ;
#5624 = LINE ( 'NONE', #7867, #7697 ) ;
#5625 = ORIENTED_EDGE ( 'NONE', *, *, #2807, .T. ) ;
#5626 = LINE ( 'NONE', #2531, #6240 ) ;
#5627 = PRODUCT_DEFINITION ( 'UNKNOWN', '', #1337, #6034 ) ;
#5628 = ORIENTED_EDGE ( 'NONE', *, *, #7039, .T. ) ;
#5629 = EDGE_CURVE ( 'NONE', #3858, #5779, #559, .T. ) ;
#5630 = CARTESIAN_POINT ( 'NONE',  ( -0.09199170751952756575, -0.0006153978120464567193, 0.000000000000000000 ) ) ;
#5631 =( GEOMETRIC_REPRESENTATION_CONTEXT ( 3 ) GLOBAL_UNCERTAINTY_ASSIGNED_CONTEXT ( ( #533 ) ) GLOBAL_UNIT_ASSIGNED_CONTEXT ( ( #3602, #7781, #2414 ) ) REPRESENTATION_CONTEXT ( 'NONE', 'WORKASPACE' ) );
#5632 = SURFACE_STYLE_FILL_AREA ( #2543 ) ;
#5633 = FILL_AREA_STYLE ('',( #6833 ) ) ;
#5634 = EDGE_CURVE ( 'NONE', #5179, #766, #7192, .T. ) ;
#5635 = CARTESIAN_POINT ( 'NONE',  ( -0.1788576638464173252, -0.1112605648740944836, 0.09448818897637795144 ) ) ;
#5636 =( CONVERSION_BASED_UNIT ( 'INCH', #5717 ) LENGTH_UNIT ( ) NAMED_UNIT ( #3204 ) );
#5637 = ORIENTED_EDGE ( 'NONE', *, *, #4159, .F. ) ;
#5638 = COLOUR_RGB ( '',0.7490196078431372584, 0.7490196078431372584, 0.7490196078431372584 ) ;
#5639 = VERTEX_POINT ( 'NONE', #3547 ) ;
#5640 = DIRECTION ( 'NONE',  ( 0.000000000000000000, 0.000000000000000000, 1.000000000000000000 ) ) ;
#5641 = CARTESIAN_POINT ( 'NONE',  ( -0.1771653543307086798, 0.04035433070866142197, 0.000000000000000000 ) ) ;
#5643 = EDGE_CURVE ( 'NONE', #6007, #5179, #7873, .T. ) ;
#5642 = UNCERTAINTY_MEASURE_WITH_UNIT (LENGTH_MEASURE( 1.000000000000000082E-05 ), #6419, 'distance_accuracy_value', 'NONE');
#5644 = ORIENTED_EDGE ( 'NONE', *, *, #2984, .T. ) ;
#5645 =( NAMED_UNIT ( * ) PLANE_ANGLE_UNIT ( ) SI_UNIT ( $, .RADIAN. ) );
#5646 = MECHANICAL_DESIGN_GEOMETRIC_PRESENTATION_REPRESENTATION (  '', ( #2572 ), #6273 ) ;
#5647 = CARTESIAN_POINT ( 'NONE',  ( -0.2047244094501181333, -0.06209787612507874227, 0.09448818897637795144 ) ) ;
#5648 =( NAMED_UNIT ( * ) SI_UNIT ( $, .STERADIAN. ) SOLID_ANGLE_UNIT ( ) );
#5649 = DIMENSIONAL_EXPONENTS ( 1.000000000000000000, 0.000000000000000000, 0.000000000000000000, 0.000000000000000000, 0.000000000000000000, 0.000000000000000000, 0.000000000000000000 ) ;
#5650 = ORIENTED_EDGE ( 'NONE', *, *, #4065, .F. ) ;
#5651 = SURFACE_SIDE_STYLE ('',( #210 ) ) ;
#5652 =( CONVERSION_BASED_UNIT ( 'INCH', #211 ) LENGTH_UNIT ( ) NAMED_UNIT ( #7858 ) );
#5653 = ORIENTED_EDGE ( 'NONE', *, *, #3230, .T. ) ;
#5654 = PLANE ( 'NONE',  #2170 ) ;
#5655 = CARTESIAN_POINT ( 'NONE',  ( 0.1181102362204724532, -0.2572565284661417206, 0.02098864547787401835 ) ) ;
#5656 = DIRECTION ( 'NONE',  ( 2.222700233188000074E-16, 1.000000000000000000, -0.000000000000000000 ) ) ;
#5657 = CARTESIAN_POINT ( 'NONE',  ( -0.2086614173228346636, 0.1276890742665748035, 0.000000000000000000 ) ) ;
#5658 = PRODUCT_DEFINITION_SHAPE ( 'NONE', 'NONE',  #7890 ) ;
#5659 = VECTOR ( 'NONE', #5081, 39.37007874015748143 ) ;
#5660 = CARTESIAN_POINT ( 'NONE',  ( 0.1840131017811024450, 0.1889558061521260102, 0.09448818897637795144 ) ) ;
#5661 = DIRECTION ( 'NONE',  ( 0.000000000000000000, -1.000000000000000000, 0.000000000000000000 ) ) ;
#5662 = EDGE_LOOP ( 'NONE', ( #7342, #872, #4739, #4228 ) ) ;
#5663 = DIRECTION ( 'NONE',  ( 0.000000000000000000, 0.000000000000000000, -1.000000000000000000 ) ) ;
#5664 = ORIENTED_EDGE ( 'NONE', *, *, #6413, .F. ) ;
#5665 =( NAMED_UNIT ( * ) SI_UNIT ( $, .STERADIAN. ) SOLID_ANGLE_UNIT ( ) );
#5666 =( NAMED_UNIT ( * ) PLANE_ANGLE_UNIT ( ) SI_UNIT ( $, .RADIAN. ) );
#5667 = AXIS2_PLACEMENT_3D ( 'NONE', #407, #5992, #1673 ) ;
#5668 = DIRECTION ( 'NONE',  ( -2.256280962365999922E-16, 1.000000000000000000, -0.000000000000000000 ) ) ;
#5669 = FILL_AREA_STYLE_COLOUR ( '', #5551 ) ;
#5670 = DIRECTION ( 'NONE',  ( -0.000000000000000000, 1.000000000000000000, 0.000000000000000000 ) ) ;
#5671 = FILL_AREA_STYLE_COLOUR ( '', #2668 ) ;
#5672 = EDGE_LOOP ( 'NONE', ( #6808, #749, #2530, #3964 ) ) ;
#5673 = SURFACE_STYLE_USAGE ( .BOTH. , #818 ) ;
#5674 =( LENGTH_UNIT ( ) NAMED_UNIT ( * ) SI_UNIT ( $, .METRE. ) );
#5675 = DIRECTION ( 'NONE',  ( 2.256280962365999922E-16, 1.000000000000000000, -0.000000000000000000 ) ) ;
#5676 = ORIENTED_EDGE ( 'NONE', *, *, #3825, .T. ) ;
#5677 = DIRECTION ( 'NONE',  ( 1.000000000000000000, 0.000000000000000000, 0.000000000000000000 ) ) ;
#5678 = SURFACE_SIDE_STYLE ('',( #3238 ) ) ;
#5679 = VECTOR ( 'NONE', #6583, 39.37007874015748143 ) ;
#5680 = ORIENTED_EDGE ( 'NONE', *, *, #1053, .T. ) ;
#5681 = APPLICATION_CONTEXT ( 'automotive_design' ) ;
#5682 = EDGE_CURVE ( 'NONE', #3169, #6190, #3507, .T. ) ;
#5683 = FACE_OUTER_BOUND ( 'NONE', #3679, .T. ) ;
#5684 = LINE ( 'NONE', #198, #2778 ) ;
#5685 = VECTOR ( 'NONE', #1043, 39.37007874015748143 ) ;
#5686 = LENGTH_MEASURE_WITH_UNIT ( LENGTH_MEASURE( 0.02539999999999999897 ), #4451 );
#5687 = ORIENTED_EDGE ( 'NONE', *, *, #457, .F. ) ;
#5688 = AXIS2_PLACEMENT_3D ( 'NONE', #5834, #3938, #7046 ) ;
#5689 = ADVANCED_FACE ( 'NONE', ( #7721 ), #7155, .T. ) ;
#5690 = SURFACE_SIDE_STYLE ('',( #837 ) ) ;
#5691 = COLOUR_RGB ( '',0.2784313725490196179, 0.2784313725490196179, 0.2784313725490196179 ) ;
#5692 = ORIENTED_EDGE ( 'NONE', *, *, #2502, .T. ) ;
#5693 = AXIS2_PLACEMENT_3D ( 'NONE', #930, #5663, #5705 ) ;
#5694 = FILL_AREA_STYLE ('',( #4410 ) ) ;
#5695 = DIRECTION ( 'NONE',  ( 1.000000000000000000, 0.000000000000000000, 0.000000000000000000 ) ) ;
#5696 = SURFACE_SIDE_STYLE ('',( #3260 ) ) ;
#5697 = SURFACE_SIDE_STYLE ('',( #2601 ) ) ;
#5698 = SURFACE_STYLE_FILL_AREA ( #256 ) ;
#5699 = SHAPE_DEFINITION_REPRESENTATION ( #7623, #5946 ) ;
#5700 = STYLED_ITEM ( 'NONE', ( #7771 ), #3278 ) ;
#5701 = EDGE_CURVE ( 'NONE', #5143, #4319, #4147, .T. ) ;
#5702 = STYLED_ITEM ( 'NONE', ( #2487 ), #6530 ) ;
#5703 =( CONVERSION_BASED_UNIT ( 'INCH', #3268 ) LENGTH_UNIT ( ) NAMED_UNIT ( #20 ) );
#5704 = ORIENTED_EDGE ( 'NONE', *, *, #2306, .T. ) ;
#5705 = DIRECTION ( 'NONE',  ( -1.000000000000000000, 0.000000000000000000, 0.000000000000000000 ) ) ;
#5706 = STYLED_ITEM ( 'NONE', ( #6119 ), #7355 ) ;
#5707 = SURFACE_STYLE_USAGE ( .BOTH. , #4020 ) ;
#5708 =( NAMED_UNIT ( * ) SI_UNIT ( $, .STERADIAN. ) SOLID_ANGLE_UNIT ( ) );
#5709 = CARTESIAN_POINT ( 'NONE',  ( 0.07874015748031495954, -0.1983960629326377845, 0.003937007874015747977 ) ) ;
#5710 = CIRCLE ( 'NONE', #2255, 0.01574803149733771529 ) ;
#5711 = MECHANICAL_DESIGN_GEOMETRIC_PRESENTATION_REPRESENTATION (  '', ( #2260 ), #3906 ) ;
#5712 = DIRECTION ( 'NONE',  ( 0.000000000000000000, -2.036321512455000055E-31, 1.000000000000000000 ) ) ;
#5713 = ORIENTED_EDGE ( 'NONE', *, *, #792, .F. ) ;
#5714 = CARTESIAN_POINT ( 'NONE',  ( 0.1827946717203937088, -0.06603488399787402208, 0.09448818897637795144 ) ) ;
#5715 =( NAMED_UNIT ( * ) SI_UNIT ( $, .STERADIAN. ) SOLID_ANGLE_UNIT ( ) );
#5716 =( LENGTH_UNIT ( ) NAMED_UNIT ( * ) SI_UNIT ( $, .METRE. ) );
#5717 = LENGTH_MEASURE_WITH_UNIT ( LENGTH_MEASURE( 0.02539999999999999897 ), #3280 );
#5718 = VECTOR ( 'NONE', #1633, 39.37007874015748143 ) ;
#5719 = ORIENTED_EDGE ( 'NONE', *, *, #7549, .T. ) ;
#5720 = CARTESIAN_POINT ( 'NONE',  ( -0.1181102362204724671, -0.2915057198038976671, 0.007874015748031495954 ) ) ;
#5721 = PRESENTATION_LAYER_ASSIGNMENT (  '', '', ( #5093 ) ) ;
#5722 = CARTESIAN_POINT ( 'NONE',  ( 0.1788576638454330847, -0.1040084880705905435, 0.09448818897637795144 ) ) ;
#5723 = ORIENTED_EDGE ( 'NONE', *, *, #148, .F. ) ;
#5724 = CARTESIAN_POINT ( 'NONE',  ( 0.1788576638464173252, -0.1040084880705905435, 0.09842519685039370636 ) ) ;
#5725 = SURFACE_STYLE_FILL_AREA ( #3289 ) ;
#5726 = UNCERTAINTY_MEASURE_WITH_UNIT (LENGTH_MEASURE( 1.000000000000000082E-05 ), #6981, 'distance_accuracy_value', 'NONE');
#5727 = ORIENTED_EDGE ( 'NONE', *, *, #2892, .F. ) ;
#5728 = EDGE_CURVE ( 'NONE', #6977, #3078, #7679, .T. ) ;
#5729 = CARTESIAN_POINT ( 'NONE',  ( 0.05118110236220472370, 0.2523843435357480680, 0.02492565335188976286 ) ) ;
#5730 = EDGE_CURVE ( 'NONE', #4508, #663, #2578, .T. ) ;
#5731 = ORIENTED_EDGE ( 'NONE', *, *, #6091, .T. ) ;
#5732 = SURFACE_SIDE_STYLE ('',( #3960 ) ) ;
#5733 = DIRECTION ( 'NONE',  ( -0.000000000000000000, 1.000000000000000000, 0.000000000000000000 ) ) ;
#5734 = ORIENTED_EDGE ( 'NONE', *, *, #2556, .F. ) ;
#5735 = ORIENTED_EDGE ( 'NONE', *, *, #7601, .T. ) ;
#5736 = CARTESIAN_POINT ( 'NONE',  ( 0.1186694271012985052, -0.2490157480314953431, 0.000000000000000000 ) ) ;
#5737 = EDGE_CURVE ( 'NONE', #3451, #880, #4306, .T. ) ;
#5738 = STYLED_ITEM ( 'NONE', ( #5150 ), #869 ) ;
#5739 = FILL_AREA_STYLE_COLOUR ( '', #1842 ) ;
#5740 = APPLICATION_PROTOCOL_DEFINITION ( 'draft international standard', 'automotive_design', 1998, #3619 ) ;
#5741 = DIRECTION ( 'NONE',  ( 1.000000000000000000, 0.000000000000000000, 0.000000000000000000 ) ) ;
#5742 = CARTESIAN_POINT ( 'NONE',  ( -0.1867316795943700647, -0.1040084880705905435, 0.09448818897637795144 ) ) ;
#5743 =( GEOMETRIC_REPRESENTATION_CONTEXT ( 3 ) GLOBAL_UNCERTAINTY_ASSIGNED_CONTEXT ( ( #858 ) ) GLOBAL_UNIT_ASSIGNED_CONTEXT ( ( #2758, #911, #7566 ) ) REPRESENTATION_CONTEXT ( 'NONE', 'WORKASPACE' ) );
#5744 =( GEOMETRIC_REPRESENTATION_CONTEXT ( 3 ) GLOBAL_UNCERTAINTY_ASSIGNED_CONTEXT ( ( #2462 ) ) GLOBAL_UNIT_ASSIGNED_CONTEXT ( ( #6110, #645, #4404 ) ) REPRESENTATION_CONTEXT ( 'NONE', 'WORKASPACE' ) );
#5745 = ORIENTED_EDGE ( 'NONE', *, *, #1471, .T. ) ;
#5746 = VERTEX_POINT ( 'NONE', #700 ) ;
#5747 =( CONVERSION_BASED_UNIT ( 'INCH', #141 ) LENGTH_UNIT ( ) NAMED_UNIT ( #4702 ) );
#5748 = EDGE_CURVE ( 'NONE', #2043, #2241, #4345, .T. ) ;
#5749 = VECTOR ( 'NONE', #2962, 39.37007874015748143 ) ;
#5750 = UNCERTAINTY_MEASURE_WITH_UNIT (LENGTH_MEASURE( 1.000000000000000082E-05 ), #2284, 'distance_accuracy_value', 'NONE');
#5751 = MECHANICAL_DESIGN_GEOMETRIC_PRESENTATION_REPRESENTATION (  '', ( #5123 ), #5612 ) ;
#5752 = CARTESIAN_POINT ( 'NONE',  ( 0.1788576638454330847, -0.06209787612507874227, 0.09842519685039370636 ) ) ;
#5753 =( GEOMETRIC_REPRESENTATION_CONTEXT ( 3 ) GLOBAL_UNCERTAINTY_ASSIGNED_CONTEXT ( ( #1401 ) ) GLOBAL_UNIT_ASSIGNED_CONTEXT ( ( #891, #6484, #5237 ) ) REPRESENTATION_CONTEXT ( 'NONE', 'WORKASPACE' ) );
#5754 = ORIENTED_EDGE ( 'NONE', *, *, #2986, .F. ) ;
#5755 = CARTESIAN_POINT ( 'NONE',  ( 0.07086614173228346358, 0.04035433070866142197, 0.08267716535472441342 ) ) ;
#5756 = AXIS2_PLACEMENT_3D ( 'NONE', #2267, #7185, #6046 ) ;
#5757 = ORIENTED_EDGE ( 'NONE', *, *, #4616, .T. ) ;
#5758 = CARTESIAN_POINT ( 'NONE',  ( -0.07874015748031495954, -0.2651305442141732582, 0.02492565335188976286 ) ) ;
#5759 =( LENGTH_UNIT ( ) NAMED_UNIT ( * ) SI_UNIT ( $, .METRE. ) );
#5760 = EDGE_LOOP ( 'NONE', ( #7481, #6063, #3200, #2833 ) ) ;
#5761 = COLOUR_RGB ( '',0.7490196078431372584, 0.7490196078431372584, 0.7490196078431372584 ) ;
#5762 = SURFACE_STYLE_FILL_AREA ( #908 ) ;
#5763 = STYLED_ITEM ( 'NONE', ( #5133 ), #1948 ) ;
#5764 = VERTEX_POINT ( 'NONE', #6673 ) ;
#5765 = CARTESIAN_POINT ( 'NONE',  ( 0.1800760939070866207, -0.01227691951566929271, 0.09842519685039370636 ) ) ;
#5766 = CARTESIAN_POINT ( 'NONE',  ( -0.1800760939070866207, 0.1276890742665748035, 0.09448818897637795144 ) ) ;
#5767 = SURFACE_STYLE_FILL_AREA ( #368 ) ;
#5768 = ORIENTED_EDGE ( 'NONE', *, *, #2367, .F. ) ;
#5769 = FILL_AREA_STYLE_COLOUR ( '', #7014 ) ;
#5770 = COLOUR_RGB ( '',0.7490196078431372584, 0.7490196078431372584, 0.7490196078431372584 ) ;
#5771 = ORIENTED_EDGE ( 'NONE', *, *, #5222, .T. ) ;
#5772 =( NAMED_UNIT ( * ) SI_UNIT ( $, .STERADIAN. ) SOLID_ANGLE_UNIT ( ) );
#5773 = VERTEX_POINT ( 'NONE', #98 ) ;
#5774 = FILL_AREA_STYLE_COLOUR ( '', #1656 ) ;
#5775 = LINE ( 'NONE', #6396, #1469 ) ;
#5776 = DIRECTION ( 'NONE',  ( 1.000000000000000000, 0.000000000000000000, 0.000000000000000000 ) ) ;
#5777 = EDGE_CURVE ( 'NONE', #2998, #4096, #1055, .T. ) ;
#5778 =( GEOMETRIC_REPRESENTATION_CONTEXT ( 3 ) GLOBAL_UNCERTAINTY_ASSIGNED_CONTEXT ( ( #607 ) ) GLOBAL_UNIT_ASSIGNED_CONTEXT ( ( #4790, #5502, #4254 ) ) REPRESENTATION_CONTEXT ( 'NONE', 'WORKASPACE' ) );
#5779 = VERTEX_POINT ( 'NONE', #3812 ) ;
#5780 = ORIENTED_EDGE ( 'NONE', *, *, #1185, .T. ) ;
#5781 = SURFACE_STYLE_USAGE ( .BOTH. , #7072 ) ;
#5782 =( NAMED_UNIT ( * ) SI_UNIT ( $, .STERADIAN. ) SOLID_ANGLE_UNIT ( ) );
#5783 =( REPRESENTATION_RELATIONSHIP ('NONE','NONE', #5946, #7241 ) REPRESENTATION_RELATIONSHIP_WITH_TRANSFORMATION ( #6984 )SHAPE_REPRESENTATION_RELATIONSHIP( ) );
#5784 = DIRECTION ( 'NONE',  ( 0.000000000000000000, 0.000000000000000000, 1.000000000000000000 ) ) ;
#5785 = FACE_OUTER_BOUND ( 'NONE', #2610, .T. ) ;
#5786 = FILL_AREA_STYLE ('',( #2142 ) ) ;
#5787 = EDGE_CURVE ( 'NONE', #4004, #5176, #6707, .T. ) ;
#5788 = SURFACE_STYLE_USAGE ( .BOTH. , #3391 ) ;
#5789 = ORIENTED_EDGE ( 'NONE', *, *, #1923, .F. ) ;
#5790 =( NAMED_UNIT ( * ) PLANE_ANGLE_UNIT ( ) SI_UNIT ( $, .RADIAN. ) );
#5791 = AXIS2_PLACEMENT_3D ( 'NONE', #5630, #3691, #696 ) ;
#5792 = PRESENTATION_STYLE_ASSIGNMENT (( #4033 ) ) ;
#5793 = SURFACE_SIDE_STYLE ('',( #239 ) ) ;
#5794 = SURFACE_SIDE_STYLE ('',( #4441 ) ) ;
#5795 = FACE_BOUND ( 'NONE', #2722, .T. ) ;
#5796 = VERTEX_POINT ( 'NONE', #3695 ) ;
#5797 = PRESENTATION_STYLE_ASSIGNMENT (( #6384 ) ) ;
#5798 = PRESENTATION_STYLE_ASSIGNMENT (( #6534 ) ) ;
#5799 = UNCERTAINTY_MEASURE_WITH_UNIT (LENGTH_MEASURE( 1.000000000000000082E-05 ), #468, 'distance_accuracy_value', 'NONE');
#5800 = ORIENTED_EDGE ( 'NONE', *, *, #7078, .F. ) ;
#5801 =( GEOMETRIC_REPRESENTATION_CONTEXT ( 3 ) GLOBAL_UNCERTAINTY_ASSIGNED_CONTEXT ( ( #6512 ) ) GLOBAL_UNIT_ASSIGNED_CONTEXT ( ( #3412, #379, #2813 ) ) REPRESENTATION_CONTEXT ( 'NONE', 'WORKASPACE' ) );
#5802 = CARTESIAN_POINT ( 'NONE',  ( 0.01968503937007873988, -0.1983960629326377845, 0.02492565335188976286 ) ) ;
#5803 =( CONVERSION_BASED_UNIT ( 'INCH', #6227 ) LENGTH_UNIT ( ) NAMED_UNIT ( #4099 ) );
#5804 = SURFACE_STYLE_USAGE ( .BOTH. , #913 ) ;
#5805 = ORIENTED_EDGE ( 'NONE', *, *, #6293, .F. ) ;
#5806 = SURFACE_STYLE_FILL_AREA ( #3369 ) ;
#5807 = AXIS2_PLACEMENT_3D ( 'NONE', #4258, #5004, #7386 ) ;
#5808 = LINE ( 'NONE', #2765, #3639 ) ;
#5809 = PRODUCT_DEFINITION_SHAPE ( 'NONE', 'NONE',  #5627 ) ;
#5810 = UNCERTAINTY_MEASURE_WITH_UNIT (LENGTH_MEASURE( 1.000000000000000082E-05 ), #4963, 'distance_accuracy_value', 'NONE');
#5811 = VERTEX_POINT ( 'NONE', #6747 ) ;
#5812 = DIRECTION ( 'NONE',  ( 0.000000000000000000, 0.000000000000000000, -1.000000000000000000 ) ) ;
#5813 = CARTESIAN_POINT ( 'NONE',  ( -0.1761390860324803243, 0.1952958511832283695, 0.09448818897637795144 ) ) ;
#5814 = VECTOR ( 'NONE', #5131, 39.37007874015748143 ) ;
#5815 = DIRECTION ( 'NONE',  ( -0.000000000000000000, -0.000000000000000000, -1.000000000000000000 ) ) ;
#5816 = PRESENTATION_STYLE_ASSIGNMENT (( #2168 ) ) ;
#5817 = SURFACE_STYLE_USAGE ( .BOTH. , #3880 ) ;
#5818 = CIRCLE ( 'NONE', #6933, 0.007874015748031495954 ) ;
#5819 = VECTOR ( 'NONE', #2350, 39.37007874015748143 ) ;
#5820 = ORIENTED_EDGE ( 'NONE', *, *, #3863, .F. ) ;
#5821 = CARTESIAN_POINT ( 'NONE',  ( -0.01968503937007873988, -0.2572565284661417206, 0.02492565335188976286 ) ) ;
#5822 = ORIENTED_EDGE ( 'NONE', *, *, #3442, .T. ) ;
#5823 = VERTEX_POINT ( 'NONE', #144 ) ;
#5824 = SURFACE_STYLE_USAGE ( .BOTH. , #4519 ) ;
#5825 = EDGE_CURVE ( 'NONE', #1067, #1115, #2617, .T. ) ;
#5826 = PRESENTATION_LAYER_ASSIGNMENT (  '', '', ( #595 ) ) ;
#5827 = ADVANCED_FACE ( 'NONE', ( #4962 ), #4432, .T. ) ;
#5828 = CARTESIAN_POINT ( 'NONE',  ( -0.1186694271012988661, -0.2490157480314957039, 0.09448818897637795144 ) ) ;
#5829 = DIRECTION ( 'NONE',  ( -1.000000000000000000, -0.000000000000000000, 0.000000000000000000 ) ) ;
#5830 = AXIS2_PLACEMENT_3D ( 'NONE', #2335, #1681, #1024 ) ;
#5831 = STYLED_ITEM ( 'NONE', ( #4445 ), #3398 ) ;
#5832 = CARTESIAN_POINT ( 'NONE',  ( 0.09842519685039370636, -0.2572565284661417206, 0.03279966909992126228 ) ) ;
#5833 = PRESENTATION_STYLE_ASSIGNMENT (( #4643 ) ) ;
#5834 = CARTESIAN_POINT ( 'NONE',  ( 8.741913579724409950E-17, 0.04035433070866142197, 0.08661417322874015445 ) ) ;
#5835 = FILL_AREA_STYLE ('',( #1582 ) ) ;
#5836 = DIRECTION ( 'NONE',  ( 0.000000000000000000, 0.000000000000000000, 1.000000000000000000 ) ) ;
#5837 = DIRECTION ( 'NONE',  ( 0.000000000000000000, -0.000000000000000000, 1.000000000000000000 ) ) ;
#5838 = EDGE_CURVE ( 'NONE', #1311, #7011, #5319, .T. ) ;
#5839 = SURFACE_STYLE_FILL_AREA ( #7010 ) ;
#5840 = COLOUR_RGB ( '',0.2784313725490196179, 0.2784313725490196179, 0.2784313725490196179 ) ;
#5841 = STYLED_ITEM ( 'NONE', ( #7475 ), #3560 ) ;
#5842 =( LENGTH_UNIT ( ) NAMED_UNIT ( * ) SI_UNIT ( $, .METRE. ) );
#5843 = SURFACE_STYLE_FILL_AREA ( #4693 ) ;
#5844 =( GEOMETRIC_REPRESENTATION_CONTEXT ( 3 ) GLOBAL_UNCERTAINTY_ASSIGNED_CONTEXT ( ( #5020 ) ) GLOBAL_UNIT_ASSIGNED_CONTEXT ( ( #4267, #812, #3853 ) ) REPRESENTATION_CONTEXT ( 'NONE', 'WORKASPACE' ) );
#5845 = CARTESIAN_POINT ( 'NONE',  ( -0.1800760939070866207, 0.1300921114227165387, 0.09842519685039370636 ) ) ;
#5846 = STYLED_ITEM ( 'NONE', ( #1346 ), #3712 ) ;
#5847 = ORIENTED_EDGE ( 'NONE', *, *, #6090, .F. ) ;
#5848 = DIRECTION ( 'NONE',  ( 0.000000000000000000, -1.000000000000000000, -0.000000000000000000 ) ) ;
#5849 = EDGE_CURVE ( 'NONE', #4195, #3313, #6133, .T. ) ;
#5850 = ORIENTED_EDGE ( 'NONE', *, *, #7757, .T. ) ;
#5851 = DIRECTION ( 'NONE',  ( 1.000000000000000000, 0.000000000000000000, 0.000000000000000000 ) ) ;
#5852 = DIRECTION ( 'NONE',  ( 1.000000000000000000, 0.000000000000000000, 0.000000000000000000 ) ) ;
#5853 = CARTESIAN_POINT ( 'NONE',  ( -0.05118110236220472370, 0.1878684657093700749, 0.03279966909992126228 ) ) ;
#5854 = ORIENTED_EDGE ( 'NONE', *, *, #2436, .F. ) ;
#5855 = ORIENTED_EDGE ( 'NONE', *, *, #4850, .T. ) ;
#5856 =( LENGTH_UNIT ( ) NAMED_UNIT ( * ) SI_UNIT ( $, .METRE. ) );
#5857 = PRODUCT_CONTEXT ( 'NONE', #1685, 'mechanical' ) ;
#5858 = DIRECTION ( 'NONE',  ( 1.000000000000000000, 0.000000000000000000, 0.000000000000000000 ) ) ;
#5859 = CARTESIAN_POINT ( 'NONE',  ( -0.09842519685039370636, -0.2572565284661417206, 0.02098864547787401835 ) ) ;
#5860 = AXIS2_PLACEMENT_3D ( 'NONE', #2729, #5858, #6438 ) ;
#5861 = ORIENTED_EDGE ( 'NONE', *, *, #5397, .F. ) ;
#5862 =( CONVERSION_BASED_UNIT ( 'INCH', #1687 ) LENGTH_UNIT ( ) NAMED_UNIT ( #7180 ) );
#5863 = PRESENTATION_STYLE_ASSIGNMENT (( #4060 ) ) ;
#5864 = CARTESIAN_POINT ( 'NONE',  ( 0.05118110236220472370, 0.2641953671577952911, 0.01181102362204724393 ) ) ;
#5865 = CARTESIAN_POINT ( 'NONE',  ( -0.1028445393700786609, 0.04035433070866142891, 0.08661417322874015445 ) ) ;
#5866 = SHAPE_REPRESENTATION_RELATIONSHIP ( 'NONE' , 'NONE' ,  #3493, #2390 ) ;
#5867 = LINE ( 'NONE', #4104, #3325 ) ;
#5868 =( LENGTH_UNIT ( ) NAMED_UNIT ( * ) SI_UNIT ( $, .METRE. ) );
#5869 = AXIS2_PLACEMENT_3D ( 'NONE', #4084, #3329, #7018 ) ;
#5870 = EDGE_CURVE ( 'NONE', #369, #6351, #5511, .T. ) ;
#5871 = CARTESIAN_POINT ( 'NONE',  ( 0.1800760939070866207, 0.1889558061521260102, 0.09842519685039370636 ) ) ;
#5872 = ORIENTED_EDGE ( 'NONE', *, *, #3209, .F. ) ;
#5873 = FILL_AREA_STYLE_COLOUR ( '', #752 ) ;
#5874 = COLOUR_RGB ( '',0.2784313725490196179, 0.2784313725490196179, 0.2784313725490196179 ) ;
#5875 = AXIS2_PLACEMENT_3D ( 'NONE', #156, #1539, #5784 ) ;
#5876 = EDGE_LOOP ( 'NONE', ( #3027, #6193, #4299, #6705, #890, #864, #5757, #5496, #7094, #2469, #5542, #6048 ) ) ;
#5877 = SURFACE_STYLE_USAGE ( .BOTH. , #5369 ) ;
#5878 =( GEOMETRIC_REPRESENTATION_CONTEXT ( 3 ) GLOBAL_UNCERTAINTY_ASSIGNED_CONTEXT ( ( #4202 ) ) GLOBAL_UNIT_ASSIGNED_CONTEXT ( ( #485, #7760, #5987 ) ) REPRESENTATION_CONTEXT ( 'NONE', 'WORKASPACE' ) );
#5879 = FACE_OUTER_BOUND ( 'NONE', #788, .T. ) ;
#5880 = PRODUCT_DEFINITION_SHAPE ( 'NONE', 'NONE',  #4455 ) ;
#5881 =( GEOMETRIC_REPRESENTATION_CONTEXT ( 3 ) GLOBAL_UNCERTAINTY_ASSIGNED_CONTEXT ( ( #2701 ) ) GLOBAL_UNIT_ASSIGNED_CONTEXT ( ( #7421, #1268, #5665 ) ) REPRESENTATION_CONTEXT ( 'NONE', 'WORKASPACE' ) );
#5882 = EDGE_CURVE ( 'NONE', #7333, #6219, #5121, .T. ) ;
#5883 = EDGE_CURVE ( 'NONE', #1363, #5261, #2787, .T. ) ;
#5884 = LINE ( 'NONE', #443, #2250 ) ;
#5885 = DIRECTION ( 'NONE',  ( -0.000000000000000000, 1.000000000000000000, 0.000000000000000000 ) ) ;
#5886 = AXIS2_PLACEMENT_3D ( 'NONE', #6317, #841, #3302 ) ;
#5887 = ORIENTED_EDGE ( 'NONE', *, *, #3524, .T. ) ;
#5888 = DIMENSIONAL_EXPONENTS ( 1.000000000000000000, 0.000000000000000000, 0.000000000000000000, 0.000000000000000000, 0.000000000000000000, 0.000000000000000000, 0.000000000000000000 ) ;
#5889 = ADVANCED_FACE ( 'NONE', ( #7551 ), #228, .T. ) ;
#5890 = MECHANICAL_DESIGN_GEOMETRIC_PRESENTATION_REPRESENTATION (  '', ( #7647 ), #5631 ) ;
#5891 = UNCERTAINTY_MEASURE_WITH_UNIT (LENGTH_MEASURE( 1.000000000000000082E-05 ), #2671, 'distance_accuracy_value', 'NONE');
#5892 = DIMENSIONAL_EXPONENTS ( 1.000000000000000000, 0.000000000000000000, 0.000000000000000000, 0.000000000000000000, 0.000000000000000000, 0.000000000000000000, 0.000000000000000000 ) ;
#5893 = ORIENTED_EDGE ( 'NONE', *, *, #6621, .F. ) ;
#5894 = LINE ( 'NONE', #6033, #4472 ) ;
#5895 = DIRECTION ( 'NONE',  ( -4.445400466247999577E-16, -1.000000000000000000, 0.000000000000000000 ) ) ;
#5896 = LINE ( 'NONE', #5859, #3753 ) ;
#5897 = ORIENTED_EDGE ( 'NONE', *, *, #750, .T. ) ;
#5898 = DIMENSIONAL_EXPONENTS ( 1.000000000000000000, 0.000000000000000000, 0.000000000000000000, 0.000000000000000000, 0.000000000000000000, 0.000000000000000000, 0.000000000000000000 ) ;
#5899 = PRESENTATION_LAYER_ASSIGNMENT (  '', '', ( #7647 ) ) ;
#5900 = ORIENTED_EDGE ( 'NONE', *, *, #2546, .F. ) ;
#5901 = ORIENTED_EDGE ( 'NONE', *, *, #3825, .F. ) ;
#5902 = CARTESIAN_POINT ( 'NONE',  ( -0.1840131017811023617, 0.1889558061521260102, 0.09448818897637795144 ) ) ;
#5903 = CARTESIAN_POINT ( 'NONE',  ( 0.000000000000000000, -0.2533195205921259796, 0.02492565335188976633 ) ) ;
#5904 = LINE ( 'NONE', #2143, #382 ) ;
#5905 = FILL_AREA_STYLE ('',( #3936 ) ) ;
#5906 = EDGE_LOOP ( 'NONE', ( #667, #2432, #2227, #3966 ) ) ;
#5907 = LINE ( 'NONE', #512, #5819 ) ;
#5908 = DIMENSIONAL_EXPONENTS ( 1.000000000000000000, 0.000000000000000000, 0.000000000000000000, 0.000000000000000000, 0.000000000000000000, 0.000000000000000000, 0.000000000000000000 ) ;
#5909 = FILL_AREA_STYLE ('',( #4144 ) ) ;
#5910 = LENGTH_MEASURE_WITH_UNIT ( LENGTH_MEASURE( 0.02539999999999999897 ), #2192 );
#5911 = SURFACE_STYLE_USAGE ( .BOTH. , #3617 ) ;
#5912 =( GEOMETRIC_REPRESENTATION_CONTEXT ( 3 ) GLOBAL_UNCERTAINTY_ASSIGNED_CONTEXT ( ( #3273 ) ) GLOBAL_UNIT_ASSIGNED_CONTEXT ( ( #5544, #6247, #2660 ) ) REPRESENTATION_CONTEXT ( 'NONE', 'WORKASPACE' ) );
#5913 =( NAMED_UNIT ( * ) PLANE_ANGLE_UNIT ( ) SI_UNIT ( $, .RADIAN. ) );
#5914 =( CONVERSION_BASED_UNIT ( 'INCH', #2322 ) LENGTH_UNIT ( ) NAMED_UNIT ( #4746 ) );
#5915 = CARTESIAN_POINT ( 'NONE',  ( -0.05118110236220472370, 0.2563213514097637535, 0.03279966909992126228 ) ) ;
#5916 = FILL_AREA_STYLE_COLOUR ( '', #1203 ) ;
#5918 = PRESENTATION_STYLE_ASSIGNMENT (( #4656 ) ) ;
#5917 = PRESENTATION_LAYER_ASSIGNMENT (  '', '', ( #1425 ) ) ;
#5919 = EDGE_CURVE ( 'NONE', #2241, #7659, #2479, .T. ) ;
#5920 = PRESENTATION_STYLE_ASSIGNMENT (( #5961 ) ) ;
#5921 =( GEOMETRIC_REPRESENTATION_CONTEXT ( 3 ) GLOBAL_UNCERTAINTY_ASSIGNED_CONTEXT ( ( #7852 ) ) GLOBAL_UNIT_ASSIGNED_CONTEXT ( ( #2626, #1409, #4491 ) ) REPRESENTATION_CONTEXT ( 'NONE', 'WORKASPACE' ) );
#5922 = LENGTH_MEASURE_WITH_UNIT ( LENGTH_MEASURE( 0.02539999999999999897 ), #1717 );
#5923 = DIRECTION ( 'NONE',  ( 0.000000000000000000, -0.000000000000000000, -1.000000000000000000 ) ) ;
#5924 = EDGE_CURVE ( 'NONE', #2586, #5529, #6869, .T. ) ;
#5925 = APPLICATION_CONTEXT ( 'automotive_design' ) ;
#5926 = DIRECTION ( 'NONE',  ( 0.000000000000000000, 0.000000000000000000, -1.000000000000000000 ) ) ;
#5927 = COLOUR_RGB ( '',0.7490196078431372584, 0.7490196078431372584, 0.7490196078431372584 ) ;
#5928 = ORIENTED_EDGE ( 'NONE', *, *, #5008, .T. ) ;
#5929 = AXIS2_PLACEMENT_3D ( 'NONE', #6954, #6452, #7000 ) ;
#5930 = CARTESIAN_POINT ( 'NONE',  ( 0.1867316795943700647, -0.06934995292858267546, 0.09448818897637795144 ) ) ;
#5931 = CYLINDRICAL_SURFACE ( 'NONE', #6541, 0.007874015748031495954 ) ;
#5932 = LINE ( 'NONE', #7257, #3455 ) ;
#5933 = DIMENSIONAL_EXPONENTS ( 1.000000000000000000, 0.000000000000000000, 0.000000000000000000, 0.000000000000000000, 0.000000000000000000, 0.000000000000000000, 0.000000000000000000 ) ;
#5934 = CARTESIAN_POINT ( 'NONE',  ( 0.1788576638454330847, -0.1040084880705905573, 0.09448818897637795144 ) ) ;
#5935 =( LENGTH_UNIT ( ) NAMED_UNIT ( * ) SI_UNIT ( $, .METRE. ) );
#5936 = VECTOR ( 'NONE', #2614, 39.37007874015748143 ) ;
#5937 = COLOUR_RGB ( '',0.7490196078431372584, 0.7490196078431372584, 0.7490196078431372584 ) ;
#5938 = CARTESIAN_POINT ( 'NONE',  ( -0.1181102362204724671, -0.1983960629326377845, 0.03279966909992126228 ) ) ;
#5939 = SURFACE_SIDE_STYLE ('',( #7713 ) ) ;
#5940 = ORIENTED_EDGE ( 'NONE', *, *, #4819, .T. ) ;
#5941 = CARTESIAN_POINT ( 'NONE',  ( 0.1624883442576772197, -0.2044385403713385729, 0.000000000000000000 ) ) ;
#5942 = AXIS2_PLACEMENT_3D ( 'NONE', #6726, #5564, #3714 ) ;
#5943 =( NAMED_UNIT ( * ) SI_UNIT ( $, .STERADIAN. ) SOLID_ANGLE_UNIT ( ) );
#5944 = EDGE_LOOP ( 'NONE', ( #4537, #5479, #5625, #3245 ) ) ;
#5945 = FILL_AREA_STYLE_COLOUR ( '', #4355 ) ;
#5946 = SHAPE_REPRESENTATION ( 'EVQ-VVD00203B', ( #230, #361, #7095, #3660, #5353, #7472, #3170 ), #4828 ) ;
#5947 = DIMENSIONAL_EXPONENTS ( 1.000000000000000000, 0.000000000000000000, 0.000000000000000000, 0.000000000000000000, 0.000000000000000000, 0.000000000000000000, 0.000000000000000000 ) ;
#5948 = COLOUR_RGB ( '',0.2784313725490196179, 0.2784313725490196179, 0.2784313725490196179 ) ;
#5949 = VECTOR ( 'NONE', #7275, 39.37007874015748143 ) ;
#5950 = LENGTH_MEASURE_WITH_UNIT ( LENGTH_MEASURE( 0.02539999999999999897 ), #6568 );
#5951 = CARTESIAN_POINT ( 'NONE',  ( 0.1840131017811023617, 0.1889558061521260102, 0.09842519685039370636 ) ) ;
#5952 = CARTESIAN_POINT ( 'NONE',  ( 0.000000000000000000, 0.2563213514097637535, 0.03279966909992126228 ) ) ;
#5953 = LINE ( 'NONE', #5336, #4692 ) ;
#5954 = SURFACE_STYLE_USAGE ( .BOTH. , #2325 ) ;
#5955 = LINE ( 'NONE', #490, #1327 ) ;
#5956 = STYLED_ITEM ( 'NONE', ( #3079 ), #3315 ) ;
#5957 = DIMENSIONAL_EXPONENTS ( 1.000000000000000000, 0.000000000000000000, 0.000000000000000000, 0.000000000000000000, 0.000000000000000000, 0.000000000000000000, 0.000000000000000000 ) ;
#5958 = ORIENTED_EDGE ( 'NONE', *, *, #5211, .T. ) ;
#5959 = DIMENSIONAL_EXPONENTS ( 1.000000000000000000, 0.000000000000000000, 0.000000000000000000, 0.000000000000000000, 0.000000000000000000, 0.000000000000000000, 0.000000000000000000 ) ;
#5960 = STYLED_ITEM ( 'NONE', ( #7064 ), #7491 ) ;
#5961 = SURFACE_STYLE_USAGE ( .BOTH. , #7810 ) ;
#5962 = EDGE_CURVE ( 'NONE', #2329, #997, #2094, .T. ) ;
#5963 = EDGE_CURVE ( 'NONE', #1363, #5773, #268, .T. ) ;
#5964 = UNCERTAINTY_MEASURE_WITH_UNIT (LENGTH_MEASURE( 1.000000000000000082E-05 ), #5703, 'distance_accuracy_value', 'NONE');
#5965 = EDGE_LOOP ( 'NONE', ( #1026, #7176 ) ) ;
#5966 = PLANE ( 'NONE',  #3973 ) ;
#5967 = PLANE ( 'NONE',  #1047 ) ;
#5968 = DIRECTION ( 'NONE',  ( 0.000000000000000000, 0.000000000000000000, -1.000000000000000000 ) ) ;
#5969 = AXIS2_PLACEMENT_3D ( 'NONE', #3646, #6239, #6699 ) ;
#5970 = EDGE_CURVE ( 'NONE', #6879, #357, #4560, .T. ) ;
#5971 = ORIENTED_EDGE ( 'NONE', *, *, #5737, .T. ) ;
#5972 = DIRECTION ( 'NONE',  ( -0.000000000000000000, -0.000000000000000000, -1.000000000000000000 ) ) ;
#5973 = PLANE ( 'NONE',  #7032 ) ;
#5974 = DIRECTION ( 'NONE',  ( 0.000000000000000000, 0.000000000000000000, -1.000000000000000000 ) ) ;
#5975 = FACE_OUTER_BOUND ( 'NONE', #4091, .T. ) ;
#5976 = CARTESIAN_POINT ( 'NONE',  ( 0.1170188464649534882, -0.2450787401554232192, 0.09448818897637795144 ) ) ;
#5977 = LENGTH_MEASURE_WITH_UNIT ( LENGTH_MEASURE( 0.02539999999999999897 ), #506 );
#5978 = DIRECTION ( 'NONE',  ( 0.000000000000000000, 0.000000000000000000, -1.000000000000000000 ) ) ;
#5979 = ADVANCED_FACE ( 'NONE', ( #5785 ), #309, .T. ) ;
#5980 = CARTESIAN_POINT ( 'NONE',  ( 0.05905511811023913399, 0.09243604943040213684, 0.000000000000000000 ) ) ;
#5981 = ORIENTED_EDGE ( 'NONE', *, *, #1780, .T. ) ;
#5982 = CARTESIAN_POINT ( 'NONE',  ( -0.1682650702838976442, 0.1300921114227165387, 0.09842519685039370636 ) ) ;
#5983 =( NAMED_UNIT ( * ) SI_UNIT ( $, .STERADIAN. ) SOLID_ANGLE_UNIT ( ) );
#5984 = SURFACE_SIDE_STYLE ('',( #1084 ) ) ;
#5985 = CARTESIAN_POINT ( 'NONE',  ( -0.2086614173228346636, 0.1276890742665748035, 0.09448818897637795144 ) ) ;
#5986 =( NAMED_UNIT ( * ) SI_UNIT ( $, .STERADIAN. ) SOLID_ANGLE_UNIT ( ) );
#5987 =( NAMED_UNIT ( * ) SI_UNIT ( $, .STERADIAN. ) SOLID_ANGLE_UNIT ( ) );
#5988 = CARTESIAN_POINT ( 'NONE',  ( 8.741913579724409950E-17, 0.04035433070866142197, 0.08661417322874015445 ) ) ;
#5989 = STYLED_ITEM ( 'NONE', ( #4261 ), #4176 ) ;
#5990 =( NAMED_UNIT ( * ) SI_UNIT ( $, .STERADIAN. ) SOLID_ANGLE_UNIT ( ) );
#5991 = CARTESIAN_POINT ( 'NONE',  ( 0.000000000000000000, -0.2915057198038976671, 0.000000000000000000 ) ) ;
#5992 = DIRECTION ( 'NONE',  ( -1.000000000000000000, -0.000000000000000000, -0.000000000000000000 ) ) ;
#5993 = VECTOR ( 'NONE', #4823, 39.37007874015748143 ) ;
#5994 = PRESENTATION_LAYER_ASSIGNMENT (  '', '', ( #515 ) ) ;
#5995 = DIRECTION ( 'NONE',  ( 0.7071067811865474617, 0.000000000000000000, 0.7071067811865474617 ) ) ;
#5996 = SURFACE_SIDE_STYLE ('',( #3551 ) ) ;
#5997 = STYLED_ITEM ( 'NONE', ( #7211 ), #1905 ) ;
#5998 = CARTESIAN_POINT ( 'NONE',  ( -0.1330390167485817066, 0.1992328590562978397, 0.09448818897637796532 ) ) ;
#5999 = FILL_AREA_STYLE_COLOUR ( '', #6196 ) ;
#6000 = FILL_AREA_STYLE ('',( #5386 ) ) ;
#6001 = CARTESIAN_POINT ( 'NONE',  ( 0.09842519685039370636, -0.2651305442141732582, 0.000000000000000000 ) ) ;
#6002 = SURFACE_STYLE_USAGE ( .BOTH. , #5455 ) ;
#6003 = COLOUR_RGB ( '',0.7490196078431372584, 0.7490196078431372584, 0.7490196078431372584 ) ;
#6004 = VECTOR ( 'NONE', #2308, 39.37007874015748143 ) ;
#6005 = DIRECTION ( 'NONE',  ( 0.8139213391679954723, 0.5809750886629966304, -0.000000000000000000 ) ) ;
#6006 = DIMENSIONAL_EXPONENTS ( 1.000000000000000000, 0.000000000000000000, 0.000000000000000000, 0.000000000000000000, 0.000000000000000000, 0.000000000000000000, 0.000000000000000000 ) ;
#6007 = VERTEX_POINT ( 'NONE', #7457 ) ;
#6008 = LINE ( 'NONE', #6695, #1930 ) ;
#6009 = LINE ( 'NONE', #7142, #1520 ) ;
#6010 = LENGTH_MEASURE_WITH_UNIT ( LENGTH_MEASURE( 0.02539999999999999897 ), #2303 );
#6011 = EDGE_CURVE ( 'NONE', #4842, #3901, #2650, .T. ) ;
#6012 = PRESENTATION_STYLE_ASSIGNMENT (( #620 ) ) ;
#6013 = ORIENTED_EDGE ( 'NONE', *, *, #2357, .F. ) ;
#6014 =( NAMED_UNIT ( * ) PLANE_ANGLE_UNIT ( ) SI_UNIT ( $, .RADIAN. ) );
#6015 = DIRECTION ( 'NONE',  ( -0.000000000000000000, -0.000000000000000000, -1.000000000000000000 ) ) ;
#6016 = ORIENTED_EDGE ( 'NONE', *, *, #5962, .F. ) ;
#6017 =( NAMED_UNIT ( * ) SI_UNIT ( $, .STERADIAN. ) SOLID_ANGLE_UNIT ( ) );
#6018 = CARTESIAN_POINT ( 'NONE',  ( -0.01968503937007873988, -0.2915057198038976671, 0.000000000000000000 ) ) ;
#6019 = EDGE_CURVE ( 'NONE', #2513, #1202, #3841, .T. ) ;
#6020 = SURFACE_STYLE_FILL_AREA ( #3697 ) ;
#6021 = DIRECTION ( 'NONE',  ( 0.000000000000000000, 0.000000000000000000, -1.000000000000000000 ) ) ;
#6022 =( CONVERSION_BASED_UNIT ( 'INCH', #6057 ) LENGTH_UNIT ( ) NAMED_UNIT ( #7042 ) );
#6023 =( NAMED_UNIT ( * ) PLANE_ANGLE_UNIT ( ) SI_UNIT ( $, .RADIAN. ) );
#6024 = SURFACE_STYLE_FILL_AREA ( #1088 ) ;
#6025 = SURFACE_SIDE_STYLE ('',( #7200 ) ) ;
#6026 = ORIENTED_EDGE ( 'NONE', *, *, #1950, .T. ) ;
#6027 = DIRECTION ( 'NONE',  ( 0.000000000000000000, -0.000000000000000000, -1.000000000000000000 ) ) ;
#6028 = ORIENTED_EDGE ( 'NONE', *, *, #4660, .T. ) ;
#6029 =( NAMED_UNIT ( * ) PLANE_ANGLE_UNIT ( ) SI_UNIT ( $, .RADIAN. ) );
#6030 = UNCERTAINTY_MEASURE_WITH_UNIT (LENGTH_MEASURE( 1.000000000000000082E-05 ), #281, 'distance_accuracy_value', 'NONE');
#6031 = VERTEX_POINT ( 'NONE', #6238 ) ;
#6032 = DIRECTION ( 'NONE',  ( -1.000000000000000000, -0.000000000000000000, 0.000000000000000000 ) ) ;
#6033 = CARTESIAN_POINT ( 'NONE',  ( -0.01968503937007873988, -0.2572565284661417206, 0.03279966909992126228 ) ) ;
#6034 = PRODUCT_DEFINITION_CONTEXT ( 'detailed design', #3227, 'design' ) ;
#6035 =( NAMED_UNIT ( * ) SI_UNIT ( $, .STERADIAN. ) SOLID_ANGLE_UNIT ( ) );
#6036 = DIMENSIONAL_EXPONENTS ( 1.000000000000000000, 0.000000000000000000, 0.000000000000000000, 0.000000000000000000, 0.000000000000000000, 0.000000000000000000, 0.000000000000000000 ) ;
#6037 = VECTOR ( 'NONE', #4185, 39.37007874015748143 ) ;
#6038 = LINE ( 'NONE', #577, #3395 ) ;
#6039 = ORIENTED_EDGE ( 'NONE', *, *, #5058, .T. ) ;
#6040 =( LENGTH_UNIT ( ) NAMED_UNIT ( * ) SI_UNIT ( $, .METRE. ) );
#6041 =( LENGTH_UNIT ( ) NAMED_UNIT ( * ) SI_UNIT ( $, .METRE. ) );
#6042 = COLOUR_RGB ( '',0.7490196078431372584, 0.7490196078431372584, 0.7490196078431372584 ) ;
#6043 = CARTESIAN_POINT ( 'NONE',  ( 0.1624883442576772197, -0.0006153978120464567193, 0.000000000000000000 ) ) ;
#6044 = CARTESIAN_POINT ( 'NONE',  ( 0.000000000000000000, -0.2915057198038976671, 0.007874015748031495954 ) ) ;
#6045 = PRESENTATION_LAYER_ASSIGNMENT (  '', '', ( #4546 ) ) ;
#6046 = DIRECTION ( 'NONE',  ( 0.000000000000000000, 0.000000000000000000, -1.000000000000000000 ) ) ;
#6047 = PLANE ( 'NONE',  #1752 ) ;
#6048 = ORIENTED_EDGE ( 'NONE', *, *, #4769, .T. ) ;
#6049 = LINE ( 'NONE', #6560, #330 ) ;
#6050 = ADVANCED_FACE ( 'NONE', ( #2773 ), #5067, .T. ) ;
#6051 = ORIENTED_EDGE ( 'NONE', *, *, #3863, .T. ) ;
#6052 = EDGE_CURVE ( 'NONE', #6904, #6219, #3970, .T. ) ;
#6053 = CARTESIAN_POINT ( 'NONE',  ( -0.1181102362204724532, -0.2651305442141732582, 0.003937007874015747977 ) ) ;
#6054 = AXIS2_PLACEMENT_3D ( 'NONE', #3988, #3394, #5088 ) ;
#6055 = VECTOR ( 'NONE', #6005, 39.37007874015748854 ) ;
#6056 = CYLINDRICAL_SURFACE ( 'NONE', #5252, 0.01968503937007875723 ) ;
#6057 = LENGTH_MEASURE_WITH_UNIT ( LENGTH_MEASURE( 0.02539999999999999897 ), #4964 );
#6058 = AXIS2_PLACEMENT_3D ( 'NONE', #624, #5506, #90 ) ;
#6059 = SURFACE_STYLE_FILL_AREA ( #7840 ) ;
#6060 = ADVANCED_FACE ( 'NONE', ( #1480 ), #236, .T. ) ;
#6061 = LINE ( 'NONE', #5991, #5949 ) ;
#6062 = DIRECTION ( 'NONE',  ( 0.000000000000000000, 0.000000000000000000, 1.000000000000000000 ) ) ;
#6063 = ORIENTED_EDGE ( 'NONE', *, *, #5024, .F. ) ;
#6064 = PRESENTATION_LAYER_ASSIGNMENT (  '', '', ( #7837 ) ) ;
#6065 = EDGE_CURVE ( 'NONE', #72, #3311, #1171, .T. ) ;
#6066 = ORIENTED_EDGE ( 'NONE', *, *, #4529, .F. ) ;
#6067 = MANIFOLD_SOLID_BREP ( 'Imported1', #3367 ) ;
#6068 = FILL_AREA_STYLE_COLOUR ( '', #6382 ) ;
#6069 = COLOUR_RGB ( '',0.7490196078431372584, 0.7490196078431372584, 0.7490196078431372584 ) ;
#6070 = DIRECTION ( 'NONE',  ( -0.000000000000000000, -0.000000000000000000, -1.000000000000000000 ) ) ;
#6071 = FILL_AREA_STYLE ('',( #1803 ) ) ;
#6072 = VERTEX_POINT ( 'NONE', #4645 ) ;
#6073 = MECHANICAL_DESIGN_GEOMETRIC_PRESENTATION_REPRESENTATION (  '', ( #7843 ), #1484 ) ;
#6074 = CARTESIAN_POINT ( 'NONE',  ( -0.05905511811023909235, 0.09243604943040198418, 0.09842519685039370636 ) ) ;
#6075 = ORIENTED_EDGE ( 'NONE', *, *, #2316, .T. ) ;
#6076 = SURFACE_STYLE_USAGE ( .BOTH. , #6697 ) ;
#6077 = VECTOR ( 'NONE', #773, 39.37007874015748143 ) ;
#6078 =( CONVERSION_BASED_UNIT ( 'INCH', #1175 ) LENGTH_UNIT ( ) NAMED_UNIT ( #1639 ) );
#6079 = DIRECTION ( 'NONE',  ( 1.000000000000000000, 0.000000000000000000, 0.000000000000000000 ) ) ;
#6080 = SURFACE_STYLE_USAGE ( .BOTH. , #7742 ) ;
#6081 = COLOUR_RGB ( '',0.7490196078431372584, 0.7490196078431372584, 0.7490196078431372584 ) ;
#6082 = CARTESIAN_POINT ( 'NONE',  ( 0.1840131017811023617, 0.1300921114227165387, 0.09448818897637795144 ) ) ;
#6083 = ORIENTED_EDGE ( 'NONE', *, *, #1183, .T. ) ;
#6084 = VERTEX_POINT ( 'NONE', #5755 ) ;
#6085 = DIRECTION ( 'NONE',  ( 0.000000000000000000, -2.036321512455000055E-31, 1.000000000000000000 ) ) ;
#6086 = FACE_OUTER_BOUND ( 'NONE', #4764, .T. ) ;
#6087 = EDGE_LOOP ( 'NONE', ( #798, #7108, #7283, #1856 ) ) ;
#6088 =( NAMED_UNIT ( * ) PLANE_ANGLE_UNIT ( ) SI_UNIT ( $, .RADIAN. ) );
#6089 = SURFACE_STYLE_USAGE ( .BOTH. , #1749 ) ;
#6090 = EDGE_CURVE ( 'NONE', #4276, #1925, #6457, .T. ) ;
#6091 = EDGE_CURVE ( 'NONE', #4004, #1657, #3894, .T. ) ;
#6092 = FILL_AREA_STYLE ('',( #5476 ) ) ;
#6093 =( LENGTH_UNIT ( ) NAMED_UNIT ( * ) SI_UNIT ( $, .METRE. ) );
#6094 = DIRECTION ( 'NONE',  ( -0.000000000000000000, -1.000000000000000000, -0.000000000000000000 ) ) ;
#6095 = CARTESIAN_POINT ( 'NONE',  ( 0.05118110236220472370, 0.1878684657093700749, 0.02492565335188976286 ) ) ;
#6096 = VECTOR ( 'NONE', #4417, 39.37007874015748143 ) ;
#6097 = DIRECTION ( 'NONE',  ( -1.000000000000000000, 9.189026923619149741E-47, 1.871181320309386366E-77 ) ) ;
#6098 = EDGE_LOOP ( 'NONE', ( #140, #7493, #3741, #7292 ) ) ;
#6099 = SURFACE_SIDE_STYLE ('',( #3038 ) ) ;
#6100 = DIRECTION ( 'NONE',  ( 0.000000000000000000, -1.033269005039449977E-31, 1.000000000000000000 ) ) ;
#6101 = ORIENTED_EDGE ( 'NONE', *, *, #1566, .F. ) ;
#6102 = EDGE_CURVE ( 'NONE', #2985, #369, #6876, .T. ) ;
#6103 = ADVANCED_FACE ( 'NONE', ( #7594 ), #1449, .T. ) ;
#6104 = STYLED_ITEM ( 'NONE', ( #4313 ), #1149 ) ;
#6105 = VECTOR ( 'NONE', #6330, 39.37007874015748143 ) ;
#6106 = UNCERTAINTY_MEASURE_WITH_UNIT (LENGTH_MEASURE( 1.000000000000000082E-05 ), #3195, 'distance_accuracy_value', 'NONE');
#6107 = VERTEX_POINT ( 'NONE', #4759 ) ;
#6108 = FILL_AREA_STYLE ('',( #4323 ) ) ;
#6109 = VECTOR ( 'NONE', #7558, 39.37007874015748143 ) ;
#6110 =( CONVERSION_BASED_UNIT ( 'INCH', #1163 ) LENGTH_UNIT ( ) NAMED_UNIT ( #2331 ) );
#6111 =( GEOMETRIC_REPRESENTATION_CONTEXT ( 3 ) GLOBAL_UNCERTAINTY_ASSIGNED_CONTEXT ( ( #3813 ) ) GLOBAL_UNIT_ASSIGNED_CONTEXT ( ( #1553, #2365, #569 ) ) REPRESENTATION_CONTEXT ( 'NONE', 'WORKASPACE' ) );
#6112 = EDGE_CURVE ( 'NONE', #7756, #3185, #2909, .T. ) ;
#6113 = VECTOR ( 'NONE', #2818, 39.37007874015748143 ) ;
#6114 = CARTESIAN_POINT ( 'NONE',  ( -1.777545739647244141E-12, 0.1952958511832283695, 0.09448818897637795144 ) ) ;
#6115 = ORIENTED_EDGE ( 'NONE', *, *, #6870, .T. ) ;
#6116 = DIRECTION ( 'NONE',  ( 0.000000000000000000, 0.000000000000000000, -1.000000000000000000 ) ) ;
#6117 = CYLINDRICAL_SURFACE ( 'NONE', #5268, 0.003937007874015747977 ) ;
#6118 = CARTESIAN_POINT ( 'NONE',  ( -0.09199170751952756575, 0.1992328590562992274, 0.09448818897637795144 ) ) ;
#6119 = PRESENTATION_STYLE_ASSIGNMENT (( #6659 ) ) ;
#6120 = SURFACE_STYLE_FILL_AREA ( #217 ) ;
#6121 = CIRCLE ( 'NONE', #2681, 0.007874015748031499423 ) ;
#6122 = EDGE_CURVE ( 'NONE', #6346, #1889, #2228, .T. ) ;
#6123 = FILL_AREA_STYLE_COLOUR ( '', #3844 ) ;
#6124 = CARTESIAN_POINT ( 'NONE',  ( -0.09842519685039370636, -0.2572565284661417762, 0.007874015748031495954 ) ) ;
#6125 = COLOUR_RGB ( '',0.7490196078431372584, 0.7490196078431372584, 0.7490196078431372584 ) ;
#6126 = PLANE ( 'NONE',  #1998 ) ;
#6127 = ORIENTED_EDGE ( 'NONE', *, *, #7683, .T. ) ;
#6128 =( CONVERSION_BASED_UNIT ( 'INCH', #3651 ) LENGTH_UNIT ( ) NAMED_UNIT ( #6784 ) );
#6129 = ORIENTED_EDGE ( 'NONE', *, *, #4809, .T. ) ;
#6130 = ORIENTED_EDGE ( 'NONE', *, *, #6672, .T. ) ;
#6131 = CARTESIAN_POINT ( 'NONE',  ( -0.05905511811023622659, -0.01172738801307087256, 0.08661417322834646937 ) ) ;
#6132 = PRESENTATION_STYLE_ASSIGNMENT (( #3188 ) ) ;
#6133 = LINE ( 'NONE', #185, #4148 ) ;
#6134 = MECHANICAL_DESIGN_GEOMETRIC_PRESENTATION_REPRESENTATION (  '', ( #1390 ), #3709 ) ;
#6135 = PLANE ( 'NONE',  #2154 ) ;
#6136 = VECTOR ( 'NONE', #7876, 39.37007874015748143 ) ;
#6137 = SURFACE_STYLE_FILL_AREA ( #4265 ) ;
#6138 = ORIENTED_EDGE ( 'NONE', *, *, #3295, .F. ) ;
#6139 = ORIENTED_EDGE ( 'NONE', *, *, #5838, .T. ) ;
#6140 = VECTOR ( 'NONE', #5829, 39.37007874015748143 ) ;
#6141 = FILL_AREA_STYLE ('',( #1282 ) ) ;
#6142 =( LENGTH_UNIT ( ) NAMED_UNIT ( * ) SI_UNIT ( $, .METRE. ) );
#6143 = MANIFOLD_SOLID_BREP ( 'Imported1', #6525 ) ;
#6144 = EDGE_CURVE ( 'NONE', #3717, #3665, #1719, .T. ) ;
#6145 = EDGE_CURVE ( 'NONE', #4821, #397, #2748, .T. ) ;
#6146 = CARTESIAN_POINT ( 'NONE',  ( 0.07874015748031495954, -0.2572565284661417206, 0.007874015748031495954 ) ) ;
#6147 = DIRECTION ( 'NONE',  ( -0.7010151983298378298, -0.7131463326068347985, 0.000000000000000000 ) ) ;
#6148 = LINE ( 'NONE', #1377, #6183 ) ;
#6149 = CARTESIAN_POINT ( 'NONE',  ( -0.1800760939070866207, 0.1889558061521260102, 0.09448818897637795144 ) ) ;
#6150 = ORIENTED_EDGE ( 'NONE', *, *, #7469, .T. ) ;
#6151 = PRESENTATION_STYLE_ASSIGNMENT (( #7334 ) ) ;
#6152 = CARTESIAN_POINT ( 'NONE',  ( -0.1574803149606299191, 0.04035433070866142197, 0.000000000000000000 ) ) ;
#6153 = EDGE_CURVE ( 'NONE', #1473, #2586, #6049, .T. ) ;
#6154 = SURFACE_STYLE_FILL_AREA ( #4419 ) ;
#6155 = FILL_AREA_STYLE_COLOUR ( '', #5761 ) ;
#6156 =( LENGTH_UNIT ( ) NAMED_UNIT ( * ) SI_UNIT ( $, .METRE. ) );
#6157 = ORIENTED_EDGE ( 'NONE', *, *, #5264, .T. ) ;
#6158 = VECTOR ( 'NONE', #7701, 39.37007874015748143 ) ;
#6159 = CARTESIAN_POINT ( 'NONE',  ( 0.1827946717203937088, -0.06603488399787402208, 0.000000000000000000 ) ) ;
#6160 = ORIENTED_EDGE ( 'NONE', *, *, #365, .F. ) ;
#6161 = EDGE_CURVE ( 'NONE', #7702, #2191, #6597, .T. ) ;
#6162 = LINE ( 'NONE', #1397, #2072 ) ;
#6163 = DIRECTION ( 'NONE',  ( -1.000000000000000000, -0.000000000000000000, -0.000000000000000000 ) ) ;
#6164 = CARTESIAN_POINT ( 'NONE',  ( 0.09842519685039370636, -0.2690675520881889993, 0.007874015748031495954 ) ) ;
#6165 = SURFACE_SIDE_STYLE ('',( #1402 ) ) ;
#6166 = APPLICATION_CONTEXT ( 'automotive_design' ) ;
#6167 = CARTESIAN_POINT ( 'NONE',  ( -0.01968503937007873988, -0.2572565284661417206, 0.02098864547787401835 ) ) ;
#6168 = PLANE ( 'NONE',  #348 ) ;
#6169 = DIRECTION ( 'NONE',  ( -0.000000000000000000, 1.000000000000000000, 0.000000000000000000 ) ) ;
#6170 = STYLED_ITEM ( 'NONE', ( #2793 ), #6967 ) ;
#6171 = CARTESIAN_POINT ( 'NONE',  ( 0.2047244094462598307, -0.01227691951566929271, 0.09448818897637795144 ) ) ;
#6172 = VECTOR ( 'NONE', #7836, 39.37007874015748143 ) ;
#6173 = FACE_OUTER_BOUND ( 'NONE', #126, .T. ) ;
#6174 = ORIENTED_EDGE ( 'NONE', *, *, #2594, .F. ) ;
#6175 = DIRECTION ( 'NONE',  ( -3.321391753813820219E-47, 1.000000000000000000, 1.033269005039449977E-31 ) ) ;
#6176 = VERTEX_POINT ( 'NONE', #3470 ) ;
#6177 = AXIS2_PLACEMENT_3D ( 'NONE', #2251, #5926, #463 ) ;
#6178 = AXIS2_PLACEMENT_3D ( 'NONE', #5329, #2951, #2982 ) ;
#6179 = DIRECTION ( 'NONE',  ( -0.000000000000000000, 1.000000000000000000, 0.000000000000000000 ) ) ;
#6180 =( NAMED_UNIT ( * ) SI_UNIT ( $, .STERADIAN. ) SOLID_ANGLE_UNIT ( ) );
#6181 = UNCERTAINTY_MEASURE_WITH_UNIT (LENGTH_MEASURE( 1.000000000000000082E-05 ), #3386, 'distance_accuracy_value', 'NONE');
#6182 = EDGE_LOOP ( 'NONE', ( #3529, #5087, #2300, #6979 ) ) ;
#6183 = VECTOR ( 'NONE', #4894, 39.37007874015748143 ) ;
#6184 = CARTESIAN_POINT ( 'NONE',  ( -0.1788576638464173252, -0.06934995292858267546, 0.09448818897637795144 ) ) ;
#6185 = PRESENTATION_LAYER_ASSIGNMENT (  '', '', ( #4568 ) ) ;
#6186 = COLOUR_RGB ( '',0.7490196078431372584, 0.7490196078431372584, 0.7490196078431372584 ) ;
#6187 = EDGE_CURVE ( 'NONE', #7659, #7333, #5907, .T. ) ;
#6188 = DIRECTION ( 'NONE',  ( -0.000000000000000000, -0.000000000000000000, -1.000000000000000000 ) ) ;
#6189 = DIMENSIONAL_EXPONENTS ( 1.000000000000000000, 0.000000000000000000, 0.000000000000000000, 0.000000000000000000, 0.000000000000000000, 0.000000000000000000, 0.000000000000000000 ) ;
#6190 = VERTEX_POINT ( 'NONE', #4793 ) ;
#6191 = CARTESIAN_POINT ( 'NONE',  ( 0.1827946717203543514, -0.1040084880705905435, 0.09842519685039370636 ) ) ;
#6192 = CARTESIAN_POINT ( 'NONE',  ( 0.1800760939070866207, 0.1300921114227165387, 0.01968503937007873988 ) ) ;
#6193 = ORIENTED_EDGE ( 'NONE', *, *, #6870, .F. ) ;
#6194 =( LENGTH_UNIT ( ) NAMED_UNIT ( * ) SI_UNIT ( $, .METRE. ) );
#6195 = SURFACE_STYLE_FILL_AREA ( #6733 ) ;
#6196 = COLOUR_RGB ( '',0.7490196078431372584, 0.7490196078431372584, 0.7490196078431372584 ) ;
#6197 = DIRECTION ( 'NONE',  ( 0.000000000000000000, 0.000000000000000000, 1.000000000000000000 ) ) ;
#6198 =( GEOMETRIC_REPRESENTATION_CONTEXT ( 3 ) GLOBAL_UNCERTAINTY_ASSIGNED_CONTEXT ( ( #3963 ) ) GLOBAL_UNIT_ASSIGNED_CONTEXT ( ( #4486, #2580, #2705 ) ) REPRESENTATION_CONTEXT ( 'NONE', 'WORKASPACE' ) );
#6199 = DIRECTION ( 'NONE',  ( 0.000000000000000000, -1.000000000000000000, 0.000000000000000000 ) ) ;
#6200 = EDGE_CURVE ( 'NONE', #1933, #1854, #435, .T. ) ;
#6201 = VECTOR ( 'NONE', #3121, 39.37007874015748143 ) ;
#6202 =( GEOMETRIC_REPRESENTATION_CONTEXT ( 3 ) GLOBAL_UNCERTAINTY_ASSIGNED_CONTEXT ( ( #5345 ) ) GLOBAL_UNIT_ASSIGNED_CONTEXT ( ( #4298, #2980, #6595 ) ) REPRESENTATION_CONTEXT ( 'NONE', 'WORKASPACE' ) );
#6203 = DIRECTION ( 'NONE',  ( -0.000000000000000000, 0.000000000000000000, 1.000000000000000000 ) ) ;
#6204 = CARTESIAN_POINT ( 'NONE',  ( -0.05905511811023909235, 0.09243604943040198418, 0.000000000000000000 ) ) ;
#6205 = ORIENTED_EDGE ( 'NONE', *, *, #4209, .T. ) ;
#6206 = PRESENTATION_STYLE_ASSIGNMENT (( #4875 ) ) ;
#6207 = ORIENTED_EDGE ( 'NONE', *, *, #1768, .F. ) ;
#6208 = SURFACE_STYLE_USAGE ( .BOTH. , #7467 ) ;
#6209 = LINE ( 'NONE', #4428, #4927 ) ;
#6210 = ORIENTED_EDGE ( 'NONE', *, *, #606, .F. ) ;
#6211 = CARTESIAN_POINT ( 'NONE',  ( -0.1574803149606299191, 0.04035433070866142197, -0.04330708661456693365 ) ) ;
#6212 = UNCERTAINTY_MEASURE_WITH_UNIT (LENGTH_MEASURE( 1.000000000000000082E-05 ), #428, 'distance_accuracy_value', 'NONE');
#6213 = AXIS2_PLACEMENT_3D ( 'NONE', #1886, #123, #1916 ) ;
#6214 = EDGE_CURVE ( 'NONE', #5424, #5811, #1144, .T. ) ;
#6215 = PRODUCT_DEFINITION_SHAPE ( 'NONE', 'NONE',  #7891 ) ;
#6216 = EDGE_CURVE ( 'NONE', #4644, #1363, #2738, .T. ) ;
#6217 = CARTESIAN_POINT ( 'NONE',  ( 0.2086614173228346636, -0.06603488399787402208, 0.000000000000000000 ) ) ;
#6218 = SURFACE_STYLE_FILL_AREA ( #5478 ) ;
#6219 = VERTEX_POINT ( 'NONE', #1658 ) ;
#6220 = LINE ( 'NONE', #2584, #4750 ) ;
#6221 = FILL_AREA_STYLE ('',( #7847 ) ) ;
#6222 = EDGE_LOOP ( 'NONE', ( #2473, #989, #6848, #3758 ) ) ;
#6223 =( LENGTH_UNIT ( ) NAMED_UNIT ( * ) SI_UNIT ( $, .METRE. ) );
#6224 = DIRECTION ( 'NONE',  ( -0.000000000000000000, 1.000000000000000000, 0.000000000000000000 ) ) ;
#6225 =( GEOMETRIC_REPRESENTATION_CONTEXT ( 3 ) GLOBAL_UNCERTAINTY_ASSIGNED_CONTEXT ( ( #1903 ) ) GLOBAL_UNIT_ASSIGNED_CONTEXT ( ( #3056, #4867, #3648 ) ) REPRESENTATION_CONTEXT ( 'NONE', 'WORKASPACE' ) );
#6226 = EDGE_LOOP ( 'NONE', ( #7466, #7666 ) ) ;
#6227 = LENGTH_MEASURE_WITH_UNIT ( LENGTH_MEASURE( 0.02539999999999999897 ), #5099 );
#6228 = STYLED_ITEM ( 'NONE', ( #7456 ), #262 ) ;
#6229 = FACE_OUTER_BOUND ( 'NONE', #321, .T. ) ;
#6230 = CARTESIAN_POINT ( 'NONE',  ( 0.05118110236220472370, 0.2563213514097637535, 0.03279966909992126228 ) ) ;
#6231 = AXIS2_PLACEMENT_3D ( 'NONE', #7881, #2995, #1118 ) ;
#6232 = VERTEX_POINT ( 'NONE', #5941 ) ;
#6233 =( LENGTH_UNIT ( ) NAMED_UNIT ( * ) SI_UNIT ( $, .METRE. ) );
#6234 = PRESENTATION_LAYER_ASSIGNMENT (  '', '', ( #7746 ) ) ;
#6235 = FACE_OUTER_BOUND ( 'NONE', #5906, .T. ) ;
#6236 =( LENGTH_UNIT ( ) NAMED_UNIT ( * ) SI_UNIT ( $, .METRE. ) );
#6237 = SURFACE_STYLE_USAGE ( .BOTH. , #5066 ) ;
#6238 = CARTESIAN_POINT ( 'NONE',  ( -0.1028445393700787441, 0.04035433070866142197, 0.09448818897677166428 ) ) ;
#6239 = DIRECTION ( 'NONE',  ( 0.000000000000000000, 0.000000000000000000, 1.000000000000000000 ) ) ;
#6240 = VECTOR ( 'NONE', #1898, 39.37007874015748143 ) ;
#6241 = MECHANICAL_DESIGN_GEOMETRIC_PRESENTATION_REPRESENTATION (  '', ( #5738 ), #7240 ) ;
#6242 = CARTESIAN_POINT ( 'NONE',  ( 0.1771653543309200940, 0.04035433070866142197, -0.04330708661456693365 ) ) ;
#6243 = LINE ( 'NONE', #4337, #4179 ) ;
#6244 = ORIENTED_EDGE ( 'NONE', *, *, #164, .F. ) ;
#6245 = ORIENTED_EDGE ( 'NONE', *, *, #2415, .F. ) ;
#6246 = FILL_AREA_STYLE_COLOUR ( '', #7158 ) ;
#6247 =( NAMED_UNIT ( * ) PLANE_ANGLE_UNIT ( ) SI_UNIT ( $, .RADIAN. ) );
#6248 = DIMENSIONAL_EXPONENTS ( 1.000000000000000000, 0.000000000000000000, 0.000000000000000000, 0.000000000000000000, 0.000000000000000000, 0.000000000000000000, 0.000000000000000000 ) ;
#6249 = EDGE_CURVE ( 'NONE', #1182, #439, #7831, .T. ) ;
#6250 = EDGE_CURVE ( 'NONE', #5261, #204, #6635, .T. ) ;
#6251 = DIRECTION ( 'NONE',  ( 0.000000000000000000, -1.000000000000000000, 0.000000000000000000 ) ) ;
#6252 = CARTESIAN_POINT ( 'NONE',  ( 0.1827946717203937088, -0.1151975727482677236, 0.000000000000000000 ) ) ;
#6253 = VECTOR ( 'NONE', #2979, 39.37007874015748143 ) ;
#6254 =( NAMED_UNIT ( * ) SI_UNIT ( $, .STERADIAN. ) SOLID_ANGLE_UNIT ( ) );
#6255 = SURFACE_STYLE_USAGE ( .BOTH. , #4234 ) ;
#6256 = EDGE_LOOP ( 'NONE', ( #4516, #5610, #2908, #7418, #3161, #7737, #3500 ) ) ;
#6257 =( LENGTH_UNIT ( ) NAMED_UNIT ( * ) SI_UNIT ( $, .METRE. ) );
#6258 = LINE ( 'NONE', #6171, #6434 ) ;
#6259 = DIRECTION ( 'NONE',  ( 0.000000000000000000, -1.000000000000000000, 0.000000000000000000 ) ) ;
#6260 = CARTESIAN_POINT ( 'NONE',  ( -0.1800760939070866207, 0.1300921114227165387, 0.01968503937007873988 ) ) ;
#6261 = EDGE_CURVE ( 'NONE', #5037, #3169, #5624, .T. ) ;
#6262 = CIRCLE ( 'NONE', #5399, 0.1028445393700787441 ) ;
#6263 = FILL_AREA_STYLE_COLOUR ( '', #7675 ) ;
#6264 = VERTEX_POINT ( 'NONE', #3101 ) ;
#6265 = CARTESIAN_POINT ( 'NONE',  ( 0.06329531094598424279, 0.2490157480314960647, 1.086113088249227873E-79 ) ) ;
#6266 = PRESENTATION_LAYER_ASSIGNMENT (  '', '', ( #146 ) ) ;
#6267 = UNCERTAINTY_MEASURE_WITH_UNIT (LENGTH_MEASURE( 1.000000000000000082E-05 ), #2611, 'distance_accuracy_value', 'NONE');
#6268 = ORIENTED_EDGE ( 'NONE', *, *, #7590, .T. ) ;
#6269 = DIRECTION ( 'NONE',  ( 0.000000000000000000, -1.000000000000000000, -0.000000000000000000 ) ) ;
#6270 = EDGE_CURVE ( 'NONE', #4340, #1925, #53, .T. ) ;
#6271 =( NAMED_UNIT ( * ) PLANE_ANGLE_UNIT ( ) SI_UNIT ( $, .RADIAN. ) );
#6272 = UNCERTAINTY_MEASURE_WITH_UNIT (LENGTH_MEASURE( 1.000000000000000082E-05 ), #4789, 'distance_accuracy_value', 'NONE');
#6273 =( GEOMETRIC_REPRESENTATION_CONTEXT ( 3 ) GLOBAL_UNCERTAINTY_ASSIGNED_CONTEXT ( ( #1205 ) ) GLOBAL_UNIT_ASSIGNED_CONTEXT ( ( #2384, #4138, #6593 ) ) REPRESENTATION_CONTEXT ( 'NONE', 'WORKASPACE' ) );
#6274 = LENGTH_MEASURE_WITH_UNIT ( LENGTH_MEASURE( 0.02539999999999999897 ), #1555 );
#6275 =( NAMED_UNIT ( * ) PLANE_ANGLE_UNIT ( ) SI_UNIT ( $, .RADIAN. ) );
#6276 = VECTOR ( 'NONE', #933, 39.37007874015748143 ) ;
#6277 = ORIENTED_EDGE ( 'NONE', *, *, #6153, .T. ) ;
#6278 = FILL_AREA_STYLE ('',( #3257 ) ) ;
#6279 = FACE_OUTER_BOUND ( 'NONE', #2641, .T. ) ;
#6280 = CARTESIAN_POINT ( 'NONE',  ( 0.06329531094598427055, 0.2490157480314960370, 0.09448818897637796532 ) ) ;
#6281 = DIRECTION ( 'NONE',  ( -1.000000000000000000, -2.256280962365999922E-16, 0.000000000000000000 ) ) ;
#6282 = ADVANCED_BREP_SHAPE_REPRESENTATION ( '', ( #3308, #1997 ), #4186 ) ;
#6283 = EDGE_LOOP ( 'NONE', ( #3337, #7404, #1764, #3627 ) ) ;
#6284 = ORIENTED_EDGE ( 'NONE', *, *, #6907, .F. ) ;
#6285 = CARTESIAN_POINT ( 'NONE',  ( 0.1181102362204724532, -0.2651305442141732582, 0.000000000000000000 ) ) ;
#6286 = CARTESIAN_POINT ( 'NONE',  ( 0.01968503937007873988, -0.2651305442141732582, 0.02492565335188976286 ) ) ;
#6287 = VECTOR ( 'NONE', #6097, 39.37007874015748143 ) ;
#6288 = DIRECTION ( 'NONE',  ( -0.000000000000000000, -1.000000000000000000, 0.000000000000000000 ) ) ;
#6289 =( NAMED_UNIT ( * ) PLANE_ANGLE_UNIT ( ) SI_UNIT ( $, .RADIAN. ) );
#6290 = SURFACE_STYLE_USAGE ( .BOTH. , #6871 ) ;
#6291 = AXIS2_PLACEMENT_3D ( 'NONE', #7047, #1584, #5837 ) ;
#6292 = EDGE_CURVE ( 'NONE', #5168, #1561, #6668, .T. ) ;
#6293 = EDGE_CURVE ( 'NONE', #1320, #766, #5539, .T. ) ;
#6294 = PRESENTATION_STYLE_ASSIGNMENT (( #6710 ) ) ;
#6295 = VERTEX_POINT ( 'NONE', #1221 ) ;
#6296 = SURFACE_SIDE_STYLE ('',( #5247 ) ) ;
#6297 = DIRECTION ( 'NONE',  ( 0.000000000000000000, -0.000000000000000000, 1.000000000000000000 ) ) ;
#6298 = DIRECTION ( 'NONE',  ( 0.000000000000000000, 0.000000000000000000, -1.000000000000000000 ) ) ;
#6299 = EDGE_LOOP ( 'NONE', ( #1745, #6600, #1841, #4236, #1253, #4400, #4543 ) ) ;
#6300 = AXIS2_PLACEMENT_3D ( 'NONE', #993, #3525, #5923 ) ;
#6301 = ORIENTED_EDGE ( 'NONE', *, *, #7549, .F. ) ;
#6302 = DIRECTION ( 'NONE',  ( -1.000000000000000000, -0.000000000000000000, -0.000000000000000000 ) ) ;
#6303 = EDGE_CURVE ( 'NONE', #6879, #1933, #7303, .T. ) ;
#6304 = DIRECTION ( 'NONE',  ( -1.000000000000000000, -0.000000000000000000, -0.000000000000000000 ) ) ;
#6305 = AXIS2_PLACEMENT_3D ( 'NONE', #6211, #60, #7424 ) ;
#6306 = ORIENTED_EDGE ( 'NONE', *, *, #5701, .T. ) ;
#6307 = STYLED_ITEM ( 'NONE', ( #349 ), #7167 ) ;
#6308 = DIRECTION ( 'NONE',  ( 0.000000000000000000, 0.000000000000000000, 1.000000000000000000 ) ) ;
#6309 = ORIENTED_EDGE ( 'NONE', *, *, #6250, .T. ) ;
#6310 = FILL_AREA_STYLE ('',( #5769 ) ) ;
#6311 = EDGE_CURVE ( 'NONE', #1468, #7640, #7343, .T. ) ;
#6312 = CARTESIAN_POINT ( 'NONE',  ( 0.1840131017811023617, 0.1300921114227165387, 0.09842519685039370636 ) ) ;
#6313 = VERTEX_POINT ( 'NONE', #1818 ) ;
#6314 = AXIS2_PLACEMENT_3D ( 'NONE', #7218, #2339, #4016 ) ;
#6315 = DIRECTION ( 'NONE',  ( -0.000000000000000000, 1.000000000000000000, 0.000000000000000000 ) ) ;
#6316 = ORIENTED_EDGE ( 'NONE', *, *, #5825, .T. ) ;
#6317 = CARTESIAN_POINT ( 'NONE',  ( 8.741913579724409950E-17, 0.04035433070866142197, 0.09842519685039370636 ) ) ;
#6318 =( NAMED_UNIT ( * ) SI_UNIT ( $, .STERADIAN. ) SOLID_ANGLE_UNIT ( ) );
#6319 = VECTOR ( 'NONE', #2475, 39.37007874015748143 ) ;
#6320 = VECTOR ( 'NONE', #6116, 39.37007874015748143 ) ;
#6321 = CARTESIAN_POINT ( 'NONE',  ( -0.1867316795943700647, -0.06934995292858267546, 0.09842519685039370636 ) ) ;
#6322 = EDGE_LOOP ( 'NONE', ( #5062, #4363 ) ) ;
#6323 = AXIS2_PLACEMENT_3D ( 'NONE', #1730, #4213, #4174 ) ;
#6324 =( GEOMETRIC_REPRESENTATION_CONTEXT ( 3 ) GLOBAL_UNCERTAINTY_ASSIGNED_CONTEXT ( ( #1881 ) ) GLOBAL_UNIT_ASSIGNED_CONTEXT ( ( #5017, #1159, #6761 ) ) REPRESENTATION_CONTEXT ( 'NONE', 'WORKASPACE' ) );
#6325 = LINE ( 'NONE', #4556, #2453 ) ;
#6326 = APPLICATION_CONTEXT ( 'automotive_design' ) ;
#6327 = LENGTH_MEASURE_WITH_UNIT ( LENGTH_MEASURE( 0.02539999999999999897 ), #4025 );
#6328 = COLOUR_RGB ( '',0.7490196078431372584, 0.7490196078431372584, 0.7490196078431372584 ) ;
#6329 = CIRCLE ( 'NONE', #5085, 0.007874015748031499423 ) ;
#6330 = DIRECTION ( 'NONE',  ( -0.000000000000000000, 0.000000000000000000, -1.000000000000000000 ) ) ;
#6331 = SURFACE_STYLE_USAGE ( .BOTH. , #6296 ) ;
#6332 =( NAMED_UNIT ( * ) PLANE_ANGLE_UNIT ( ) SI_UNIT ( $, .RADIAN. ) );
#6333 =( LENGTH_UNIT ( ) NAMED_UNIT ( * ) SI_UNIT ( $, .METRE. ) );
#6334 = MECHANICAL_DESIGN_GEOMETRIC_PRESENTATION_REPRESENTATION (  '', ( #2777 ), #5090 ) ;
#6335 = LENGTH_MEASURE_WITH_UNIT ( LENGTH_MEASURE( 0.02539999999999999897 ), #5013 );
#6336 = VECTOR ( 'NONE', #1219, 39.37007874015748143 ) ;
#6337 =( NAMED_UNIT ( * ) SI_UNIT ( $, .STERADIAN. ) SOLID_ANGLE_UNIT ( ) );
#6338 = EDGE_CURVE ( 'NONE', #5435, #2972, #1897, .T. ) ;
#6339 = LINE ( 'NONE', #7013, #2122 ) ;
#6340 = DIRECTION ( 'NONE',  ( 0.000000000000000000, 0.000000000000000000, 1.000000000000000000 ) ) ;
#6341 = UNCERTAINTY_MEASURE_WITH_UNIT (LENGTH_MEASURE( 1.000000000000000082E-05 ), #3009, 'distance_accuracy_value', 'NONE');
#6342 = CARTESIAN_POINT ( 'NONE',  ( -0.1800760939070866207, -0.01227691951566929271, 0.09842519685039370636 ) ) ;
#6343 = SURFACE_STYLE_FILL_AREA ( #3405 ) ;
#6344 = ADVANCED_FACE ( 'NONE', ( #7383 ), #5583, .T. ) ;
#6345 = PRODUCT_DEFINITION_CONTEXT ( 'detailed design', #5925, 'design' ) ;
#6346 = VERTEX_POINT ( 'NONE', #14 ) ;
#6347 = ADVANCED_FACE ( 'NONE', ( #2529 ), #4995, .F. ) ;
#6348 =( NAMED_UNIT ( * ) SI_UNIT ( $, .STERADIAN. ) SOLID_ANGLE_UNIT ( ) );
#6349 = CARTESIAN_POINT ( 'NONE',  ( 0.01968503937007873988, -0.2915057198038976671, 0.003937007874015747977 ) ) ;
#6350 = DIRECTION ( 'NONE',  ( 1.000000000000000000, -0.000000000000000000, 0.000000000000000000 ) ) ;
#6351 = VERTEX_POINT ( 'NONE', #3312 ) ;
#6352 =( CONVERSION_BASED_UNIT ( 'INCH', #3338 ) LENGTH_UNIT ( ) NAMED_UNIT ( #4776 ) );
#6353 = DIRECTION ( 'NONE',  ( 0.000000000000000000, 0.000000000000000000, 1.000000000000000000 ) ) ;
#6354 = LENGTH_MEASURE_WITH_UNIT ( LENGTH_MEASURE( 0.02539999999999999897 ), #4463 );
#6355 = VECTOR ( 'NONE', #2199, 39.37007874015748143 ) ;
#6356 = CARTESIAN_POINT ( 'NONE',  ( -0.1788576638464173252, -0.06209787612507874227, 0.09842519685039370636 ) ) ;
#6357 = SURFACE_STYLE_FILL_AREA ( #6478 ) ;
#6358 = CARTESIAN_POINT ( 'NONE',  ( -0.01968503937007873988, -0.2651305442141732582, 0.003937007874015747977 ) ) ;
#6359 = STYLED_ITEM ( 'NONE', ( #7868 ), #1310 ) ;
#6360 = MECHANICAL_DESIGN_GEOMETRIC_PRESENTATION_REPRESENTATION (  '', ( #3943 ), #5484 ) ;
#6361 = STYLED_ITEM ( 'NONE', ( #100 ), #4252 ) ;
#6362 = ORIENTED_EDGE ( 'NONE', *, *, #4769, .F. ) ;
#6363 =( NAMED_UNIT ( * ) PLANE_ANGLE_UNIT ( ) SI_UNIT ( $, .RADIAN. ) );
#6364 = DIRECTION ( 'NONE',  ( 0.000000000000000000, 0.000000000000000000, 1.000000000000000000 ) ) ;
#6365 = FILL_AREA_STYLE_COLOUR ( '', #5379 ) ;
#6366 = DIRECTION ( 'NONE',  ( -1.000000000000000000, -0.000000000000000000, 0.000000000000000000 ) ) ;
#6367 = CARTESIAN_POINT ( 'NONE',  ( -0.1574803149606299191, 0.04035433070866142197, -0.04330708661225397826 ) ) ;
#6368 = ADVANCED_FACE ( 'NONE', ( #264 ), #344, .F. ) ;
#6369 = CIRCLE ( 'NONE', #3692, 0.07874015748031495954 ) ;
#6370 = CARTESIAN_POINT ( 'NONE',  ( 0.1317780459292600959, 0.1952958520929904407, 0.09448818897637795144 ) ) ;
#6371 = UNCERTAINTY_MEASURE_WITH_UNIT (LENGTH_MEASURE( 1.000000000000000082E-05 ), #293, 'distance_accuracy_value', 'NONE');
#6372 = COLOUR_RGB ( '',0.2784313725490196179, 0.2784313725490196179, 0.2784313725490196179 ) ;
#6373 = CARTESIAN_POINT ( 'NONE',  ( -0.1800760939070866207, 0.1300921114227165387, 0.09842519685039370636 ) ) ;
#6374 = LENGTH_MEASURE_WITH_UNIT ( LENGTH_MEASURE( 0.02539999999999999897 ), #4597 );
#6375 = SURFACE_STYLE_FILL_AREA ( #5905 ) ;
#6376 = LINE ( 'NONE', #3939, #1648 ) ;
#6377 = SURFACE_STYLE_FILL_AREA ( #360 ) ;
#6378 = LINE ( 'NONE', #903, #7416 ) ;
#6379 =( NAMED_UNIT ( * ) SI_UNIT ( $, .STERADIAN. ) SOLID_ANGLE_UNIT ( ) );
#6380 = DIRECTION ( 'NONE',  ( 1.000000000000000000, 0.000000000000000000, -0.000000000000000000 ) ) ;
#6381 = ORIENTED_EDGE ( 'NONE', *, *, #4970, .F. ) ;
#6382 = COLOUR_RGB ( '',0.7490196078431372584, 0.7490196078431372584, 0.7490196078431372584 ) ;
#6383 =( CONVERSION_BASED_UNIT ( 'INCH', #4609 ) LENGTH_UNIT ( ) NAMED_UNIT ( #5298 ) );
#6384 = SURFACE_STYLE_USAGE ( .BOTH. , #2153 ) ;
#6385 = COLOUR_RGB ( '',0.7490196078431372584, 0.7490196078431372584, 0.7490196078431372584 ) ;
#6386 = ORIENTED_EDGE ( 'NONE', *, *, #1815, .T. ) ;
#6387 = LINE ( 'NONE', #7770, #6601 ) ;
#6388 = CARTESIAN_POINT ( 'NONE',  ( -0.1317780450345669430, 0.1952958511832283695, 0.09448818897637795144 ) ) ;
#6389 = VERTEX_POINT ( 'NONE', #5235 ) ;
#6390 = AXIS2_PLACEMENT_3D ( 'NONE', #5545, #7871, #6638 ) ;
#6391 = EDGE_CURVE ( 'NONE', #6072, #1437, #2089, .T. ) ;
#6392 = EDGE_CURVE ( 'NONE', #4662, #6176, #1531, .T. ) ;
#6393 = ORIENTED_EDGE ( 'NONE', *, *, #1016, .F. ) ;
#6394 = ORIENTED_EDGE ( 'NONE', *, *, #3524, .F. ) ;
#6395 =( NAMED_UNIT ( * ) PLANE_ANGLE_UNIT ( ) SI_UNIT ( $, .RADIAN. ) );
#6396 = CARTESIAN_POINT ( 'NONE',  ( 0.2086614173228346913, -0.0006153978120464567193, 0.000000000000000000 ) ) ;
#6397 = COLOUR_RGB ( '',0.2784313725490196179, 0.2784313725490196179, 0.2784313725490196179 ) ;
#6398 = AXIS2_PLACEMENT_3D ( 'NONE', #5064, #2564, #5695 ) ;
#6399 = PRODUCT_CONTEXT ( 'NONE', #6166, 'mechanical' ) ;
#6400 = DIRECTION ( 'NONE',  ( -1.000000000000000000, -0.000000000000000000, 0.000000000000000000 ) ) ;
#6401 = DIRECTION ( 'NONE',  ( 0.000000000000000000, 0.000000000000000000, 1.000000000000000000 ) ) ;
#6402 = EDGE_CURVE ( 'NONE', #3185, #6072, #6404, .T. ) ;
#6403 = ORIENTED_EDGE ( 'NONE', *, *, #5018, .T. ) ;
#6404 = LINE ( 'NONE', #1393, #1178 ) ;
#6405 = VERTEX_POINT ( 'NONE', #1568 ) ;
#6406 = CARTESIAN_POINT ( 'NONE',  ( 0.07874015748031495954, -0.2651305442141732582, 0.02492565335188976286 ) ) ;
#6407 = LINE ( 'NONE', #1441, #421 ) ;
#6408 = PRESENTATION_STYLE_ASSIGNMENT (( #389 ) ) ;
#6409 = CARTESIAN_POINT ( 'NONE',  ( 0.000000000000000000, 0.000000000000000000, 0.000000000000000000 ) ) ;
#6410 =( LENGTH_UNIT ( ) NAMED_UNIT ( * ) SI_UNIT ( $, .METRE. ) );
#6411 = LENGTH_MEASURE_WITH_UNIT ( LENGTH_MEASURE( 0.02539999999999999897 ), #5868 );
#6412 = CARTESIAN_POINT ( 'NONE',  ( 0.000000000000000000, -0.2915057198038976671, 0.007874015748031495954 ) ) ;
#6413 = EDGE_CURVE ( 'NONE', #5075, #4225, #1066, .T. ) ;
#6414 = LINE ( 'NONE', #4642, #3814 ) ;
#6415 =( NAMED_UNIT ( * ) SI_UNIT ( $, .STERADIAN. ) SOLID_ANGLE_UNIT ( ) );
#6416 = DIRECTION ( 'NONE',  ( -4.445400466247999577E-16, 1.000000000000000000, -0.000000000000000000 ) ) ;
#6417 = FILL_AREA_STYLE ('',( #5873 ) ) ;
#6418 = DIRECTION ( 'NONE',  ( -1.000000000000000000, -0.000000000000000000, 0.000000000000000000 ) ) ;
#6419 =( CONVERSION_BASED_UNIT ( 'INCH', #7562 ) LENGTH_UNIT ( ) NAMED_UNIT ( #3742 ) );
#6420 = VECTOR ( 'NONE', #6364, 39.37007874015748143 ) ;
#6421 =( NAMED_UNIT ( * ) SI_UNIT ( $, .STERADIAN. ) SOLID_ANGLE_UNIT ( ) );
#6422 = UNCERTAINTY_MEASURE_WITH_UNIT (LENGTH_MEASURE( 1.000000000000000082E-05 ), #4655, 'distance_accuracy_value', 'NONE');
#6423 = ORIENTED_EDGE ( 'NONE', *, *, #5452, .F. ) ;
#6424 = COLOUR_RGB ( '',0.7490196078431372584, 0.7490196078431372584, 0.7490196078431372584 ) ;
#6425 = DIRECTION ( 'NONE',  ( -0.000000000000000000, -0.000000000000000000, -1.000000000000000000 ) ) ;
#6426 = DIRECTION ( 'NONE',  ( -0.000000000000000000, 0.000000000000000000, -1.000000000000000000 ) ) ;
#6427 = VERTEX_POINT ( 'NONE', #2174 ) ;
#6428 = VECTOR ( 'NONE', #3151, 39.37007874015748143 ) ;
#6429 = SURFACE_SIDE_STYLE ('',( #4002 ) ) ;
#6430 = UNCERTAINTY_MEASURE_WITH_UNIT (LENGTH_MEASURE( 1.000000000000000082E-05 ), #3250, 'distance_accuracy_value', 'NONE');
#6431 = ORIENTED_EDGE ( 'NONE', *, *, #731, .F. ) ;
#6432 = ORIENTED_EDGE ( 'NONE', *, *, #6261, .T. ) ;
#6433 = SURFACE_SIDE_STYLE ('',( #3374 ) ) ;
#6434 = VECTOR ( 'NONE', #3112, 39.37007874015748143 ) ;
#6435 = VECTOR ( 'NONE', #4141, 39.37007874015748143 ) ;
#6436 = CARTESIAN_POINT ( 'NONE',  ( -0.1788576638464173252, -0.1040084880705905573, 0.09448818897637795144 ) ) ;
#6437 = ITEM_DEFINED_TRANSFORMATION ( 'NONE', 'NONE', #3660,  #1997 ) ;
#6438 = DIRECTION ( 'NONE',  ( 0.000000000000000000, 0.000000000000000000, -1.000000000000000000 ) ) ;
#6439 = EDGE_CURVE ( 'NONE', #7593, #6295, #3848, .T. ) ;
#6440 = LINE ( 'NONE', #6987, #7569 ) ;
#6441 = STYLED_ITEM ( 'NONE', ( #261 ), #2837 ) ;
#6442 =( GEOMETRIC_REPRESENTATION_CONTEXT ( 3 ) GLOBAL_UNCERTAINTY_ASSIGNED_CONTEXT ( ( #6267 ) ) GLOBAL_UNIT_ASSIGNED_CONTEXT ( ( #2611, #5156, #7465 ) ) REPRESENTATION_CONTEXT ( 'NONE', 'WORKASPACE' ) );
#6443 =( GEOMETRIC_REPRESENTATION_CONTEXT ( 3 ) GLOBAL_UNCERTAINTY_ASSIGNED_CONTEXT ( ( #364 ) ) GLOBAL_UNIT_ASSIGNED_CONTEXT ( ( #2783, #2053, #4135 ) ) REPRESENTATION_CONTEXT ( 'NONE', 'WORKASPACE' ) );
#6444 = ORIENTED_EDGE ( 'NONE', *, *, #7735, .F. ) ;
#6445 = FILL_AREA_STYLE_COLOUR ( '', #6679 ) ;
#6446 =( LENGTH_UNIT ( ) NAMED_UNIT ( * ) SI_UNIT ( $, .METRE. ) );
#6447 = VERTEX_POINT ( 'NONE', #2051 ) ;
#6448 = PRESENTATION_STYLE_ASSIGNMENT (( #4022 ) ) ;
#6449 = DIRECTION ( 'NONE',  ( -1.000000000000000000, -0.000000000000000000, 0.000000000000000000 ) ) ;
#6450 = CIRCLE ( 'NONE', #3146, 0.003937007874015749712 ) ;
#6451 = LINE ( 'NONE', #3202, #7755 ) ;
#6452 = DIRECTION ( 'NONE',  ( 0.000000000000000000, 0.000000000000000000, 1.000000000000000000 ) ) ;
#6453 =( GEOMETRIC_REPRESENTATION_CONTEXT ( 3 ) GLOBAL_UNCERTAINTY_ASSIGNED_CONTEXT ( ( #5260 ) ) GLOBAL_UNIT_ASSIGNED_CONTEXT ( ( #4860, #7254, #1254 ) ) REPRESENTATION_CONTEXT ( 'NONE', 'WORKASPACE' ) );
#6454 = ADVANCED_FACE ( 'NONE', ( #4517 ), #1068, .T. ) ;
#6455 = LINE ( 'NONE', #969, #1682 ) ;
#6456 = EDGE_LOOP ( 'NONE', ( #2685, #1266, #6798, #1394, #2173, #1728, #1595, #541, #2497, #1500, #5676, #3211 ) ) ;
#6457 = LINE ( 'NONE', #5714, #2872 ) ;
#6458 = CARTESIAN_POINT ( 'NONE',  ( -0.1788576638464173252, -0.06209787612507874227, 0.09448818897637795144 ) ) ;
#6459 = CARTESIAN_POINT ( 'NONE',  ( 0.2086614173228346913, 0.1276890742665748035, 0.000000000000000000 ) ) ;
#6460 = DIRECTION ( 'NONE',  ( 0.000000000000000000, 0.000000000000000000, 1.000000000000000000 ) ) ;
#6461 = LINE ( 'NONE', #1626, #4011 ) ;
#6462 = MECHANICAL_DESIGN_GEOMETRIC_PRESENTATION_REPRESENTATION (  '', ( #5960 ), #3022 ) ;
#6463 = STYLED_ITEM ( 'NONE', ( #4757 ), #3657 ) ;
#6464 = EDGE_CURVE ( 'NONE', #4096, #6977, #466, .T. ) ;
#6465 =( NAMED_UNIT ( * ) SI_UNIT ( $, .STERADIAN. ) SOLID_ANGLE_UNIT ( ) );
#6466 = CIRCLE ( 'NONE', #4308, 0.007874015748031495954 ) ;
#6467 = CARTESIAN_POINT ( 'NONE',  ( 8.741913579724409950E-17, 0.04035433070866142197, 0.09842519685078740532 ) ) ;
#6468 = VECTOR ( 'NONE', #6768, 39.37007874015748143 ) ;
#6469 = VERTEX_POINT ( 'NONE', #960 ) ;
#6470 = CARTESIAN_POINT ( 'NONE',  ( -0.1624883442576771919, -0.1151975727482677236, 0.09448818897637795144 ) ) ;
#6471 = CARTESIAN_POINT ( 'NONE',  ( -0.07874015748031495954, -0.2572565284661417206, 0.03279966909992126228 ) ) ;
#6472 = ORIENTED_EDGE ( 'NONE', *, *, #1804, .T. ) ;
#6473 = PRESENTATION_STYLE_ASSIGNMENT (( #4658 ) ) ;
#6474 = DIRECTION ( 'NONE',  ( 0.000000000000000000, -1.000000000000000000, -0.000000000000000000 ) ) ;
#6475 = ORIENTED_EDGE ( 'NONE', *, *, #2694, .F. ) ;
#6476 = EDGE_LOOP ( 'NONE', ( #3563, #953, #615, #6793 ) ) ;
#6477 = CARTESIAN_POINT ( 'NONE',  ( -0.1624883442576771919, -0.1151975727482677236, 0.09448818897637795144 ) ) ;
#6478 = FILL_AREA_STYLE ('',( #7653 ) ) ;
#6479 = MECHANICAL_DESIGN_GEOMETRIC_PRESENTATION_REPRESENTATION (  '', ( #3669 ), #1782 ) ;
#6480 = ORIENTED_EDGE ( 'NONE', *, *, #4403, .F. ) ;
#6481 = FILL_AREA_STYLE ('',( #6445 ) ) ;
#6482 = CARTESIAN_POINT ( 'NONE',  ( 0.01968503937007873988, -0.1983960629326377845, 0.02492565335188976286 ) ) ;
#6483 = VERTEX_POINT ( 'NONE', #3459 ) ;
#6484 =( NAMED_UNIT ( * ) PLANE_ANGLE_UNIT ( ) SI_UNIT ( $, .RADIAN. ) );
#6485 = DIMENSIONAL_EXPONENTS ( 1.000000000000000000, 0.000000000000000000, 0.000000000000000000, 0.000000000000000000, 0.000000000000000000, 0.000000000000000000, 0.000000000000000000 ) ;
#6486 = CARTESIAN_POINT ( 'NONE',  ( -0.01968503937007873988, -0.2690675520881889993, 0.01181102362204724393 ) ) ;
#6487 = FACE_OUTER_BOUND ( 'NONE', #415, .T. ) ;
#6488 = FILL_AREA_STYLE ('',( #6953 ) ) ;
#6489 = COLOUR_RGB ( '',0.2784313725490196179, 0.2784313725490196179, 0.2784313725490196179 ) ;
#6490 = CARTESIAN_POINT ( 'NONE',  ( -0.1840131017811023617, 0.1300921114227165387, 0.09448818897637795144 ) ) ;
#6491 = DIRECTION ( 'NONE',  ( 1.000000000000000000, 0.000000000000000000, 0.000000000000000000 ) ) ;
#6492 = ORIENTED_EDGE ( 'NONE', *, *, #6112, .F. ) ;
#6493 = EDGE_CURVE ( 'NONE', #3372, #5012, #4059, .T. ) ;
#6494 = CARTESIAN_POINT ( 'NONE',  ( 0.000000000000000000, -0.2572565284661417206, 0.03279966909992126228 ) ) ;
#6495 =( GEOMETRIC_REPRESENTATION_CONTEXT ( 3 ) GLOBAL_UNCERTAINTY_ASSIGNED_CONTEXT ( ( #6748 ) ) GLOBAL_UNIT_ASSIGNED_CONTEXT ( ( #4646, #975, #1038 ) ) REPRESENTATION_CONTEXT ( 'NONE', 'WORKASPACE' ) );
#6496 =( NAMED_UNIT ( * ) PLANE_ANGLE_UNIT ( ) SI_UNIT ( $, .RADIAN. ) );
#6497 = AXIS2_PLACEMENT_3D ( 'NONE', #7238, #3115, #1279 ) ;
#6498 = AXIS2_PLACEMENT_3D ( 'NONE', #4349, #1907, #2541 ) ;
#6499 = DIMENSIONAL_EXPONENTS ( 1.000000000000000000, 0.000000000000000000, 0.000000000000000000, 0.000000000000000000, 0.000000000000000000, 0.000000000000000000, 0.000000000000000000 ) ;
#6500 = PRESENTATION_LAYER_ASSIGNMENT (  '', '', ( #1781 ) ) ;
#6501 = ADVANCED_FACE ( 'NONE', ( #1726 ), #1611, .F. ) ;
#6502 = ORIENTED_EDGE ( 'NONE', *, *, #1712, .T. ) ;
#6503 = CARTESIAN_POINT ( 'NONE',  ( -0.05905511811023622659, 0.09243604943039369914, 0.09842519685039370636 ) ) ;
#6504 = CARTESIAN_POINT ( 'NONE',  ( -0.1827946717203543514, -0.08667922049956693076, 0.09448818897637795144 ) ) ;
#6505 = FACE_OUTER_BOUND ( 'NONE', #56, .T. ) ;
#6506 = STYLED_ITEM ( 'NONE', ( #3838 ), #1703 ) ;
#6507 = DIRECTION ( 'NONE',  ( -1.000000000000000000, 9.189026923619149741E-47, 1.871181320309386366E-77 ) ) ;
#6508 = ORIENTED_EDGE ( 'NONE', *, *, #6464, .F. ) ;
#6509 = FACE_BOUND ( 'NONE', #6322, .T. ) ;
#6510 = PLANE ( 'NONE',  #830 ) ;
#6511 =( GEOMETRIC_REPRESENTATION_CONTEXT ( 3 ) GLOBAL_UNCERTAINTY_ASSIGNED_CONTEXT ( ( #3030 ) ) GLOBAL_UNIT_ASSIGNED_CONTEXT ( ( #7121, #1665, #2866 ) ) REPRESENTATION_CONTEXT ( 'NONE', 'WORKASPACE' ) );
#6512 = UNCERTAINTY_MEASURE_WITH_UNIT (LENGTH_MEASURE( 1.000000000000000082E-05 ), #3412, 'distance_accuracy_value', 'NONE');
#6513 =( NAMED_UNIT ( * ) SI_UNIT ( $, .STERADIAN. ) SOLID_ANGLE_UNIT ( ) );
#6514 = SURFACE_SIDE_STYLE ('',( #376 ) ) ;
#6515 =( NAMED_UNIT ( * ) PLANE_ANGLE_UNIT ( ) SI_UNIT ( $, .RADIAN. ) );
#6516 =( NAMED_UNIT ( * ) SI_UNIT ( $, .STERADIAN. ) SOLID_ANGLE_UNIT ( ) );
#6517 = STYLED_ITEM ( 'NONE', ( #5798 ), #2159 ) ;
#6518 = PRESENTATION_STYLE_ASSIGNMENT (( #4095 ) ) ;
#6519 = ORIENTED_EDGE ( 'NONE', *, *, #7643, .F. ) ;
#6520 = SURFACE_STYLE_USAGE ( .BOTH. , #6551 ) ;
#6521 = CARTESIAN_POINT ( 'NONE',  ( 0.07874015748031495954, 0.04035433070866142197, 0.08267716535472441342 ) ) ;
#6522 =( LENGTH_UNIT ( ) NAMED_UNIT ( * ) SI_UNIT ( $, .METRE. ) );
#6523 = VECTOR ( 'NONE', #2619, 39.37007874015748143 ) ;
#6524 = EDGE_LOOP ( 'NONE', ( #604, #6403, #774, #7045, #6780, #3624, #7015, #13, #1161, #1405, #5598, #6444, #5181, #7506, #553, #3259, #3381, #3239, #2387, #2508, #6769, #5292 ) ) ;
#6525 = CLOSED_SHELL ( 'NONE', ( #1704, #7504, #3523, #6060, #5416, #2058, #4014, #3429, #1915, #7345, #3657, #5069, #7685, #3033 ) ) ;
#6526 = SURFACE_STYLE_USAGE ( .BOTH. , #438 ) ;
#6527 = SURFACE_STYLE_USAGE ( .BOTH. , #5984 ) ;
#6528 =( NAMED_UNIT ( * ) SI_UNIT ( $, .STERADIAN. ) SOLID_ANGLE_UNIT ( ) );
#6529 = DIMENSIONAL_EXPONENTS ( 1.000000000000000000, 0.000000000000000000, 0.000000000000000000, 0.000000000000000000, 0.000000000000000000, 0.000000000000000000, 0.000000000000000000 ) ;
#6530 = ADVANCED_FACE ( 'NONE', ( #7657 ), #4669, .T. ) ;
#6531 = EDGE_CURVE ( 'NONE', #5639, #2897, #1212, .T. ) ;
#6532 = CARTESIAN_POINT ( 'NONE',  ( 0.09842519685039370636, -0.2651305442141732582, 0.03279966909992126228 ) ) ;
#6533 =( NAMED_UNIT ( * ) PLANE_ANGLE_UNIT ( ) SI_UNIT ( $, .RADIAN. ) );
#6534 = SURFACE_STYLE_USAGE ( .BOTH. , #2754 ) ;
#6535 = FACE_OUTER_BOUND ( 'NONE', #3518, .T. ) ;
#6536 = LINE ( 'NONE', #7726, #4904 ) ;
#6537 = CARTESIAN_POINT ( 'NONE',  ( -0.1800760939070866207, 0.1889558061521260102, 0.01968503937007873988 ) ) ;
#6538 = EDGE_CURVE ( 'NONE', #591, #4338, #3050, .T. ) ;
#6539 = DIRECTION ( 'NONE',  ( 0.000000000000000000, 0.000000000000000000, -1.000000000000000000 ) ) ;
#6540 = DIMENSIONAL_EXPONENTS ( 1.000000000000000000, 0.000000000000000000, 0.000000000000000000, 0.000000000000000000, 0.000000000000000000, 0.000000000000000000, 0.000000000000000000 ) ;
#6541 = AXIS2_PLACEMENT_3D ( 'NONE', #2299, #931, #1612 ) ;
#6542 = ORIENTED_EDGE ( 'NONE', *, *, #1241, .T. ) ;
#6543 =( GEOMETRIC_REPRESENTATION_CONTEXT ( 3 ) GLOBAL_UNCERTAINTY_ASSIGNED_CONTEXT ( ( #5642 ) ) GLOBAL_UNIT_ASSIGNED_CONTEXT ( ( #6419, #7086, #5253 ) ) REPRESENTATION_CONTEXT ( 'NONE', 'WORKASPACE' ) );
#6544 = EDGE_CURVE ( 'NONE', #2459, #5117, #1172, .T. ) ;
#6545 = DIRECTION ( 'NONE',  ( 1.000000000000000000, 0.000000000000000000, 0.000000000000000000 ) ) ;
#6546 = DIMENSIONAL_EXPONENTS ( 1.000000000000000000, 0.000000000000000000, 0.000000000000000000, 0.000000000000000000, 0.000000000000000000, 0.000000000000000000, 0.000000000000000000 ) ;
#6547 = DIMENSIONAL_EXPONENTS ( 1.000000000000000000, 0.000000000000000000, 0.000000000000000000, 0.000000000000000000, 0.000000000000000000, 0.000000000000000000, 0.000000000000000000 ) ;
#6548 =( GEOMETRIC_REPRESENTATION_CONTEXT ( 3 ) GLOBAL_UNCERTAINTY_ASSIGNED_CONTEXT ( ( #909 ) ) GLOBAL_UNIT_ASSIGNED_CONTEXT ( ( #6598, #2987, #5983 ) ) REPRESENTATION_CONTEXT ( 'NONE', 'WORKASPACE' ) );
#6549 = VERTEX_POINT ( 'NONE', #127 ) ;
#6550 = MECHANICAL_DESIGN_GEOMETRIC_PRESENTATION_REPRESENTATION (  '', ( #1713 ), #2868 ) ;
#6551 = SURFACE_SIDE_STYLE ('',( #1651 ) ) ;
#6552 = LINE ( 'NONE', #1727, #7262 ) ;
#6553 = CARTESIAN_POINT ( 'NONE',  ( -0.1317780459459700904, 0.1952958511832283695, 0.09448818897637795144 ) ) ;
#6554 = DIRECTION ( 'NONE',  ( 0.000000000000000000, 0.000000000000000000, 1.000000000000000000 ) ) ;
#6555 = LINE ( 'NONE', #1071, #4198 ) ;
#6556 =( CONVERSION_BASED_UNIT ( 'INCH', #470 ) LENGTH_UNIT ( ) NAMED_UNIT ( #7741 ) );
#6557 =( GEOMETRIC_REPRESENTATION_CONTEXT ( 3 ) GLOBAL_UNCERTAINTY_ASSIGNED_CONTEXT ( ( #6181 ) ) GLOBAL_UNIT_ASSIGNED_CONTEXT ( ( #3386, #7075, #1617 ) ) REPRESENTATION_CONTEXT ( 'NONE', 'WORKASPACE' ) );
#6558 = DIRECTION ( 'NONE',  ( 0.000000000000000000, 0.000000000000000000, 1.000000000000000000 ) ) ;
#6559 = ORIENTED_EDGE ( 'NONE', *, *, #3607, .F. ) ;
#6560 = CARTESIAN_POINT ( 'NONE',  ( 0.07874015748031495954, -0.2915057198038976671, 0.003937007874015747977 ) ) ;
#6561 = PRESENTATION_STYLE_ASSIGNMENT (( #4142 ) ) ;
#6562 = MECHANICAL_DESIGN_GEOMETRIC_PRESENTATION_REPRESENTATION (  '', ( #471 ), #6324 ) ;
#6563 = SURFACE_STYLE_USAGE ( .BOTH. , #7834 ) ;
#6564 = VERTEX_POINT ( 'NONE', #2519 ) ;
#6565 = CARTESIAN_POINT ( 'NONE',  ( 0.1840131017811023617, 0.1300921114227165387, 0.01968503937007873988 ) ) ;
#6566 = CIRCLE ( 'NONE', #2883, 0.003937007874015747977 ) ;
#6567 =( GEOMETRIC_REPRESENTATION_CONTEXT ( 3 ) GLOBAL_UNCERTAINTY_ASSIGNED_CONTEXT ( ( #2590 ) ) GLOBAL_UNIT_ASSIGNED_CONTEXT ( ( #5445, #1788, #6643 ) ) REPRESENTATION_CONTEXT ( 'NONE', 'WORKASPACE' ) );
#6568 =( LENGTH_UNIT ( ) NAMED_UNIT ( * ) SI_UNIT ( $, .METRE. ) );
#6569 =( LENGTH_UNIT ( ) NAMED_UNIT ( * ) SI_UNIT ( $, .METRE. ) );
#6570 = DIRECTION ( 'NONE',  ( -0.000000000000000000, -0.000000000000000000, -1.000000000000000000 ) ) ;
#6571 = MECHANICAL_DESIGN_GEOMETRIC_PRESENTATION_REPRESENTATION (  '', ( #7837 ), #6947 ) ;
#6572 = AXIS2_PLACEMENT_3D ( 'NONE', #5724, #2633, #1508 ) ;
#6573 =( LENGTH_UNIT ( ) NAMED_UNIT ( * ) SI_UNIT ( $, .METRE. ) );
#6574 = APPLICATION_CONTEXT ( 'automotive_design' ) ;
#6575 =( NAMED_UNIT ( * ) PLANE_ANGLE_UNIT ( ) SI_UNIT ( $, .RADIAN. ) );
#6576 = FILL_AREA_STYLE ('',( #4846 ) ) ;
#6577 = AXIS2_PLACEMENT_3D ( 'NONE', #6787, #3893, #273 ) ;
#6578 = UNCERTAINTY_MEASURE_WITH_UNIT (LENGTH_MEASURE( 1.000000000000000082E-05 ), #7417, 'distance_accuracy_value', 'NONE');
#6579 = CARTESIAN_POINT ( 'NONE',  ( -0.09842519685039370636, -0.1983960629326377845, 0.02492565335188976286 ) ) ;
#6580 = EDGE_CURVE ( 'NONE', #3028, #7479, #3090, .T. ) ;
#6581 = ADVANCED_FACE ( 'NONE', ( #4981 ), #4922, .T. ) ;
#6582 = PRESENTATION_LAYER_ASSIGNMENT (  '', '', ( #7843 ) ) ;
#6583 = DIRECTION ( 'NONE',  ( 0.000000000000000000, -0.000000000000000000, -1.000000000000000000 ) ) ;
#6584 = SURFACE_STYLE_FILL_AREA ( #7251 ) ;
#6585 = ORIENTED_EDGE ( 'NONE', *, *, #419, .F. ) ;
#6586 = VERTEX_POINT ( 'NONE', #335 ) ;
#6587 = SURFACE_STYLE_USAGE ( .BOTH. , #502 ) ;
#6588 = CARTESIAN_POINT ( 'NONE',  ( -0.07874015748031495954, -0.1983960629326377845, 0.03279966909992126228 ) ) ;
#6589 = LINE ( 'NONE', #544, #709 ) ;
#6590 = ADVANCED_FACE ( 'NONE', ( #6978 ), #2081, .T. ) ;
#6591 = CARTESIAN_POINT ( 'NONE',  ( 8.741913579724409950E-17, 0.04035433070866142197, 0.08661417322834646937 ) ) ;
#6592 = CARTESIAN_POINT ( 'NONE',  ( -0.07874015748031495954, -0.2743811241349999874, 0.003937007874015747977 ) ) ;
#6593 =( NAMED_UNIT ( * ) SI_UNIT ( $, .STERADIAN. ) SOLID_ANGLE_UNIT ( ) );
#6594 = LINE ( 'NONE', #1739, #7887 ) ;
#6595 =( NAMED_UNIT ( * ) SI_UNIT ( $, .STERADIAN. ) SOLID_ANGLE_UNIT ( ) );
#6596 = ORIENTED_EDGE ( 'NONE', *, *, #6293, .T. ) ;
#6597 = LINE ( 'NONE', #5982, #1314 ) ;
#6598 =( CONVERSION_BASED_UNIT ( 'INCH', #5472 ) LENGTH_UNIT ( ) NAMED_UNIT ( #7681 ) );
#6599 = DIRECTION ( 'NONE',  ( 1.000000000000000000, 0.000000000000000000, 0.000000000000000000 ) ) ;
#6600 = ORIENTED_EDGE ( 'NONE', *, *, #5825, .F. ) ;
#6601 = VECTOR ( 'NONE', #5995, 39.37007874015748854 ) ;
#6602 =( CONVERSION_BASED_UNIT ( 'INCH', #4260 ) LENGTH_UNIT ( ) NAMED_UNIT ( #5908 ) );
#6603 = DIRECTION ( 'NONE',  ( 1.000000000000000000, 0.000000000000000000, 0.000000000000000000 ) ) ;
#6604 = COLOUR_RGB ( '',0.7490196078431372584, 0.7490196078431372584, 0.7490196078431372584 ) ;
#6605 = SURFACE_STYLE_USAGE ( .BOTH. , #6678 ) ;
#6606 = CIRCLE ( 'NONE', #7120, 0.003937007874015749712 ) ;
#6607 = PRESENTATION_LAYER_ASSIGNMENT (  '', '', ( #2539 ) ) ;
#6608 =( LENGTH_UNIT ( ) NAMED_UNIT ( * ) SI_UNIT ( $, .METRE. ) );
#6609 = DIRECTION ( 'NONE',  ( -1.000000000000000000, -0.000000000000000000, -0.000000000000000000 ) ) ;
#6610 = CARTESIAN_POINT ( 'NONE',  ( -0.05905511811024195118, 0.09243604943039873678, 0.08661417322834646937 ) ) ;
#6611 = VERTEX_POINT ( 'NONE', #5180 ) ;
#6612 = CYLINDRICAL_SURFACE ( 'NONE', #6961, 0.1028445393700787441 ) ;
#6613 = SURFACE_SIDE_STYLE ('',( #7164 ) ) ;
#6614 = ORIENTED_EDGE ( 'NONE', *, *, #6934, .F. ) ;
#6615 = LENGTH_MEASURE_WITH_UNIT ( LENGTH_MEASURE( 0.02539999999999999897 ), #2881 );
#6616 = FACE_OUTER_BOUND ( 'NONE', #2244, .T. ) ;
#6617 = CARTESIAN_POINT ( 'NONE',  ( 0.1788576638454330847, -0.1112605648740944836, 0.09842519685039370636 ) ) ;
#6618 = AXIS2_PLACEMENT_3D ( 'NONE', #4796, #1225, #6671 ) ;
#6619 = PRESENTATION_LAYER_ASSIGNMENT (  '', '', ( #2179 ) ) ;
#6620 = ADVANCED_FACE ( 'NONE', ( #7451 ), #3873, .F. ) ;
#6621 = EDGE_CURVE ( 'NONE', #1455, #5639, #2874, .T. ) ;
#6622 = VERTEX_POINT ( 'NONE', #3212 ) ;
#6623 = CARTESIAN_POINT ( 'NONE',  ( 0.2047244094462598307, 0.1237520663915748081, 0.09842519685039370636 ) ) ;
#6624 = FACE_OUTER_BOUND ( 'NONE', #623, .T. ) ;
#6625 = EDGE_LOOP ( 'NONE', ( #6205, #2654, #1223, #2683 ) ) ;
#6626 = CARTESIAN_POINT ( 'NONE',  ( -0.1761390860324803243, 0.1952958511832283695, 0.09842519685039370636 ) ) ;
#6627 = FILL_AREA_STYLE_COLOUR ( '', #1606 ) ;
#6628 = MECHANICAL_DESIGN_GEOMETRIC_PRESENTATION_REPRESENTATION (  '', ( #136 ), #3217 ) ;
#6629 = DIRECTION ( 'NONE',  ( -1.000000000000000000, 0.000000000000000000, 0.000000000000000000 ) ) ;
#6630 = SURFACE_STYLE_FILL_AREA ( #4827 ) ;
#6631 = LENGTH_MEASURE_WITH_UNIT ( LENGTH_MEASURE( 0.02539999999999999897 ), #2978 );
#6632 = EDGE_CURVE ( 'NONE', #5054, #3372, #168, .T. ) ;
#6633 = DIMENSIONAL_EXPONENTS ( 1.000000000000000000, 0.000000000000000000, 0.000000000000000000, 0.000000000000000000, 0.000000000000000000, 0.000000000000000000, 0.000000000000000000 ) ;
#6634 = ORIENTED_EDGE ( 'NONE', *, *, #3253, .T. ) ;
#6635 = LINE ( 'NONE', #3612, #3011 ) ;
#6636 = CARTESIAN_POINT ( 'NONE',  ( -0.09842519685039370636, -0.2572565284661417206, 0.02492565335188976286 ) ) ;
#6637 = ORIENTED_EDGE ( 'NONE', *, *, #2807, .F. ) ;
#6638 = DIRECTION ( 'NONE',  ( 0.000000000000000000, -0.000000000000000000, 1.000000000000000000 ) ) ;
#6639 =( GEOMETRIC_REPRESENTATION_CONTEXT ( 3 ) GLOBAL_UNCERTAINTY_ASSIGNED_CONTEXT ( ( #4275 ) ) GLOBAL_UNIT_ASSIGNED_CONTEXT ( ( #2702, #4563, #353 ) ) REPRESENTATION_CONTEXT ( 'NONE', 'WORKASPACE' ) );
#6640 = PRESENTATION_STYLE_ASSIGNMENT (( #560 ) ) ;
#6641 = EDGE_CURVE ( 'NONE', #439, #1887, #3837, .T. ) ;
#6642 = CARTESIAN_POINT ( 'NONE',  ( -0.1788576638464173252, -0.06209787612507874227, 0.09842519685039370636 ) ) ;
#6643 =( NAMED_UNIT ( * ) SI_UNIT ( $, .STERADIAN. ) SOLID_ANGLE_UNIT ( ) );
#6644 = ORIENTED_EDGE ( 'NONE', *, *, #6249, .F. ) ;
#6645 =( LENGTH_UNIT ( ) NAMED_UNIT ( * ) SI_UNIT ( $, .METRE. ) );
#6646 = FILL_AREA_STYLE_COLOUR ( '', #2296 ) ;
#6647 = VERTEX_POINT ( 'NONE', #2360 ) ;
#6648 = CIRCLE ( 'NONE', #669, 0.003937007874015747977 ) ;
#6649 = UNCERTAINTY_MEASURE_WITH_UNIT (LENGTH_MEASURE( 1.000000000000000082E-05 ), #2906, 'distance_accuracy_value', 'NONE');
#6650 = CARTESIAN_POINT ( 'NONE',  ( 0.1788576638464173252, -0.1040084880705905435, 0.09448818897637795144 ) ) ;
#6651 = FACE_OUTER_BOUND ( 'NONE', #5760, .T. ) ;
#6652 = FILL_AREA_STYLE ('',( #4242 ) ) ;
#6653 = COLOUR_RGB ( '',0.2784313725490196179, 0.2784313725490196179, 0.2784313725490196179 ) ;
#6654 = SURFACE_STYLE_FILL_AREA ( #6071 ) ;
#6655 = ORIENTED_EDGE ( 'NONE', *, *, #7159, .T. ) ;
#6656 = SURFACE_STYLE_USAGE ( .BOTH. , #1765 ) ;
#6657 = ORIENTED_EDGE ( 'NONE', *, *, #37, .T. ) ;
#6658 = DIRECTION ( 'NONE',  ( -1.000000000000000000, -0.000000000000000000, -0.000000000000000000 ) ) ;
#6659 = SURFACE_STYLE_USAGE ( .BOTH. , #4413 ) ;
#6660 = FILL_AREA_STYLE_COLOUR ( '', #3441 ) ;
#6661 = EDGE_CURVE ( 'NONE', #2998, #3078, #7841, .T. ) ;
#6662 = DIRECTION ( 'NONE',  ( 0.000000000000000000, 0.000000000000000000, -1.000000000000000000 ) ) ;
#6663 = SURFACE_SIDE_STYLE ('',( #1107 ) ) ;
#6664 = VECTOR ( 'NONE', #517, 39.37007874015748143 ) ;
#6665 = DIRECTION ( 'NONE',  ( 0.000000000000000000, 0.000000000000000000, 1.000000000000000000 ) ) ;
#6666 = CARTESIAN_POINT ( 'NONE',  ( -0.09842519685039370636, -0.2651305442141732582, 0.000000000000000000 ) ) ;
#6667 = ORIENTED_EDGE ( 'NONE', *, *, #777, .T. ) ;
#6668 = LINE ( 'NONE', #3807, #3137 ) ;
#6669 = CIRCLE ( 'NONE', #7306, 0.1028445393700787441 ) ;
#6670 = VERTEX_POINT ( 'NONE', #1753 ) ;
#6671 = DIRECTION ( 'NONE',  ( -1.000000000000000000, 0.000000000000000000, -0.000000000000000000 ) ) ;
#6672 = EDGE_CURVE ( 'NONE', #3300, #1182, #2278, .T. ) ;
#6673 = CARTESIAN_POINT ( 'NONE',  ( -0.1840131017811023617, 0.1300921114227165387, 0.01968503937007873988 ) ) ;
#6674 = AXIS2_PLACEMENT_3D ( 'NONE', #2008, #6813, #4466 ) ;
#6675 = UNCERTAINTY_MEASURE_WITH_UNIT (LENGTH_MEASURE( 1.000000000000000082E-05 ), #5404, 'distance_accuracy_value', 'NONE');
#6676 = CARTESIAN_POINT ( 'NONE',  ( 8.741913579724409950E-17, 0.04035433070866142197, 0.09448818897637795144 ) ) ;
#6677 = DIRECTION ( 'NONE',  ( 0.000000000000000000, 0.000000000000000000, 1.000000000000000000 ) ) ;
#6678 = SURFACE_SIDE_STYLE ('',( #3254 ) ) ;
#6679 = COLOUR_RGB ( '',0.7490196078431372584, 0.7490196078431372584, 0.7490196078431372584 ) ;
#6680 = PLANE ( 'NONE',  #3748 ) ;
#6681 = SURFACE_SIDE_STYLE ('',( #6137 ) ) ;
#6682 = ORIENTED_EDGE ( 'NONE', *, *, #986, .T. ) ;
#6683 = EDGE_CURVE ( 'NONE', #6935, #2329, #7803, .T. ) ;
#6684 = ORIENTED_EDGE ( 'NONE', *, *, #7683, .F. ) ;
#6685 = DIRECTION ( 'NONE',  ( 0.000000000000000000, -0.000000000000000000, 1.000000000000000000 ) ) ;
#6686 = MECHANICAL_DESIGN_GEOMETRIC_PRESENTATION_REPRESENTATION (  '', ( #5706 ), #1076 ) ;
#6687 = VECTOR ( 'NONE', #280, 39.37007874015748143 ) ;
#6688 = VERTEX_POINT ( 'NONE', #6095 ) ;
#6689 = VECTOR ( 'NONE', #6308, 39.37007874015748143 ) ;
#6690 = FILL_AREA_STYLE_COLOUR ( '', #3582 ) ;
#6691 = CARTESIAN_POINT ( 'NONE',  ( -0.1181102362204724532, -0.2743811241349999874, 0.02492565335188976286 ) ) ;
#6692 = ORIENTED_EDGE ( 'NONE', *, *, #5924, .F. ) ;
#6693 = LENGTH_MEASURE_WITH_UNIT ( LENGTH_MEASURE( 0.02539999999999999897 ), #3756 );
#6694 = PRESENTATION_LAYER_ASSIGNMENT (  '', '', ( #849 ) ) ;
#6695 = CARTESIAN_POINT ( 'NONE',  ( -0.01968503937007873988, -0.2743811241349999874, 0.000000000000000000 ) ) ;
#6696 = ORIENTED_EDGE ( 'NONE', *, *, #5458, .F. ) ;
#6697 = SURFACE_SIDE_STYLE ('',( #7293 ) ) ;
#6698 =( GEOMETRIC_REPRESENTATION_CONTEXT ( 3 ) GLOBAL_UNCERTAINTY_ASSIGNED_CONTEXT ( ( #1640 ) ) GLOBAL_UNIT_ASSIGNED_CONTEXT ( ( #2000, #2483, #4284 ) ) REPRESENTATION_CONTEXT ( 'NONE', 'WORKASPACE' ) );
#6699 = DIRECTION ( 'NONE',  ( 1.000000000000000000, 0.000000000000000000, 0.000000000000000000 ) ) ;
#6700 = LINE ( 'NONE', #7066, #1217 ) ;
#6701 = FILL_AREA_STYLE ('',( #6123 ) ) ;
#6702 = PRESENTATION_LAYER_ASSIGNMENT (  '', '', ( #3661 ) ) ;
#6703 = DIRECTION ( 'NONE',  ( -1.000000000000000000, -0.000000000000000000, -0.000000000000000000 ) ) ;
#6704 = ORIENTED_EDGE ( 'NONE', *, *, #6632, .T. ) ;
#6705 = ORIENTED_EDGE ( 'NONE', *, *, #6531, .T. ) ;
#6706 = PLANE ( 'NONE',  #6618 ) ;
#6707 = LINE ( 'NONE', #1940, #7177 ) ;
#6708 = EDGE_CURVE ( 'NONE', #1202, #2985, #5953, .T. ) ;
#6709 = EDGE_CURVE ( 'NONE', #1514, #2288, #4193, .T. ) ;
#6710 = SURFACE_STYLE_USAGE ( .BOTH. , #2022 ) ;
#6711 = CARTESIAN_POINT ( 'NONE',  ( -0.1848098080801268139, -0.1040084880705905435, 0.09802831339483369932 ) ) ;
#6712 = PLANE ( 'NONE',  #6988 ) ;
#6713 = CARTESIAN_POINT ( 'NONE',  ( -0.01968503937007873988, -0.2651305442141732582, 0.007874015748031495954 ) ) ;
#6714 = AXIS2_PLACEMENT_3D ( 'NONE', #1300, #6199, #3097 ) ;
#6715 = ORIENTED_EDGE ( 'NONE', *, *, #3568, .F. ) ;
#6716 = FACE_OUTER_BOUND ( 'NONE', #5208, .T. ) ;
#6717 = ORIENTED_EDGE ( 'NONE', *, *, #2091, .F. ) ;
#6718 =( GEOMETRIC_REPRESENTATION_CONTEXT ( 3 ) GLOBAL_UNCERTAINTY_ASSIGNED_CONTEXT ( ( #7387 ) ) GLOBAL_UNIT_ASSIGNED_CONTEXT ( ( #7295, #3722, #3096 ) ) REPRESENTATION_CONTEXT ( 'NONE', 'WORKASPACE' ) );
#6719 =( GEOMETRIC_REPRESENTATION_CONTEXT ( 3 ) GLOBAL_UNCERTAINTY_ASSIGNED_CONTEXT ( ( #5485 ) ) GLOBAL_UNIT_ASSIGNED_CONTEXT ( ( #7555, #2059, #272 ) ) REPRESENTATION_CONTEXT ( 'NONE', 'WORKASPACE' ) );
#6720 = EDGE_CURVE ( 'NONE', #5623, #6742, #6061, .T. ) ;
#6721 = UNCERTAINTY_MEASURE_WITH_UNIT (LENGTH_MEASURE( 1.000000000000000082E-05 ), #5103, 'distance_accuracy_value', 'NONE');
#6722 = SURFACE_STYLE_FILL_AREA ( #6108 ) ;
#6723 = STYLED_ITEM ( 'NONE', ( #2747 ), #1287 ) ;
#6724 = AXIS2_PLACEMENT_3D ( 'NONE', #2181, #5047, #966 ) ;
#6725 = CARTESIAN_POINT ( 'NONE',  ( 0.1170188464628346553, -0.2450787401618897965, 0.09448818897637795144 ) ) ;
#6726 = CARTESIAN_POINT ( 'NONE',  ( -0.1181102362204724532, -0.2572565284661417206, 0.02492565335188976286 ) ) ;
#6727 = PRESENTATION_LAYER_ASSIGNMENT (  '', '', ( #7501 ) ) ;
#6728 = DIRECTION ( 'NONE',  ( -1.000000000000000000, -0.000000000000000000, 0.000000000000000000 ) ) ;
#6729 = ORIENTED_EDGE ( 'NONE', *, *, #4919, .T. ) ;
#6730 = DIRECTION ( 'NONE',  ( -1.000000000000000000, 0.000000000000000000, 0.000000000000000000 ) ) ;
#6731 = ORIENTED_EDGE ( 'NONE', *, *, #4086, .T. ) ;
#6732 = FILL_AREA_STYLE ('',( #130 ) ) ;
#6733 = FILL_AREA_STYLE ('',( #1891 ) ) ;
#6734 = PRESENTATION_STYLE_ASSIGNMENT (( #45 ) ) ;
#6735 =( GEOMETRIC_REPRESENTATION_CONTEXT ( 3 ) GLOBAL_UNCERTAINTY_ASSIGNED_CONTEXT ( ( #6371 ) ) GLOBAL_UNIT_ASSIGNED_CONTEXT ( ( #293, #5273, #7651 ) ) REPRESENTATION_CONTEXT ( 'NONE', 'WORKASPACE' ) );
#6736 =( LENGTH_UNIT ( ) NAMED_UNIT ( * ) SI_UNIT ( $, .METRE. ) );
#6737 = LINE ( 'NONE', #1264, #1246 ) ;
#6738 = VECTOR ( 'NONE', #1504, 39.37007874015748143 ) ;
#6739 = DIRECTION ( 'NONE',  ( 0.000000000000000000, -0.000000000000000000, -1.000000000000000000 ) ) ;
#6740 = EDGE_LOOP ( 'NONE', ( #5431, #7210, #366, #5704, #7063, #603, #1911, #6729, #4239, #5582, #5078, #783 ) ) ;
#6741 = SURFACE_SIDE_STYLE ('',( #3766 ) ) ;
#6742 = VERTEX_POINT ( 'NONE', #3587 ) ;
#6743 = CARTESIAN_POINT ( 'NONE',  ( 0.07874015748031495954, -0.1983960629326377845, 0.03279966909992126228 ) ) ;
#6744 = EDGE_LOOP ( 'NONE', ( #711, #5101, #3937, #3872 ) ) ;
#6745 = CARTESIAN_POINT ( 'NONE',  ( 8.741913579724409950E-17, 0.04035433070866142197, 0.09448818897677166428 ) ) ;
#6746 =( LENGTH_UNIT ( ) NAMED_UNIT ( * ) SI_UNIT ( $, .METRE. ) );
#6747 = CARTESIAN_POINT ( 'NONE',  ( -0.1827946717203937088, -0.06603488399787402208, 0.000000000000000000 ) ) ;
#6748 = UNCERTAINTY_MEASURE_WITH_UNIT (LENGTH_MEASURE( 1.000000000000000082E-05 ), #4646, 'distance_accuracy_value', 'NONE');
#6749 =( GEOMETRIC_REPRESENTATION_CONTEXT ( 3 ) GLOBAL_UNCERTAINTY_ASSIGNED_CONTEXT ( ( #925 ) ) GLOBAL_UNIT_ASSIGNED_CONTEXT ( ( #4735, #1045, #947 ) ) REPRESENTATION_CONTEXT ( 'NONE', 'WORKASPACE' ) );
#6750 =( LENGTH_UNIT ( ) NAMED_UNIT ( * ) SI_UNIT ( $, .METRE. ) );
#6751 = CARTESIAN_POINT ( 'NONE',  ( -0.05905511811023622659, -0.0006153978120464567193, 0.000000000000000000 ) ) ;
#6752 = FACE_OUTER_BOUND ( 'NONE', #4632, .T. ) ;
#6753 = SURFACE_STYLE_USAGE ( .BOTH. , #2582 ) ;
#6754 = AXIS2_PLACEMENT_3D ( 'NONE', #4453, #4618, #1044 ) ;
#6755 = ORIENTED_EDGE ( 'NONE', *, *, #6884, .F. ) ;
#6756 = COLOUR_RGB ( '',0.2784313725490196179, 0.2784313725490196179, 0.2784313725490196179 ) ;
#6757 = CARTESIAN_POINT ( 'NONE',  ( 0.1761390860343700904, 0.1889558061521260102, 0.09448818897637795144 ) ) ;
#6758 = ORIENTED_EDGE ( 'NONE', *, *, #6052, .F. ) ;
#6759 = ADVANCED_FACE ( 'NONE', ( #602 ), #1706, .F. ) ;
#6760 = VECTOR ( 'NONE', #5466, 39.37007874015748143 ) ;
#6761 =( NAMED_UNIT ( * ) SI_UNIT ( $, .STERADIAN. ) SOLID_ANGLE_UNIT ( ) );
#6762 = FILL_AREA_STYLE ('',( #3828 ) ) ;
#6763 = ORIENTED_EDGE ( 'NONE', *, *, #1566, .T. ) ;
#6764 = LENGTH_MEASURE_WITH_UNIT ( LENGTH_MEASURE( 0.02539999999999999897 ), #1247 );
#6765 = EDGE_CURVE ( 'NONE', #6405, #1285, #3148, .T. ) ;
#6766 = DIRECTION ( 'NONE',  ( 0.000000000000000000, 0.000000000000000000, -1.000000000000000000 ) ) ;
#6767 = PRESENTATION_STYLE_ASSIGNMENT (( #3789 ) ) ;
#6768 = DIRECTION ( 'NONE',  ( 0.000000000000000000, -0.000000000000000000, -1.000000000000000000 ) ) ;
#6769 = ORIENTED_EDGE ( 'NONE', *, *, #6920, .T. ) ;
#6770 = CARTESIAN_POINT ( 'NONE',  ( -0.1008760354330707765, 0.04035433070866139421, 0.09842519685078740532 ) ) ;
#6771 = ORIENTED_EDGE ( 'NONE', *, *, #6392, .T. ) ;
#6772 = DIRECTION ( 'NONE',  ( 1.000000000000000000, 0.000000000000000000, -0.000000000000000000 ) ) ;
#6773 = DIRECTION ( 'NONE',  ( 0.000000000000000000, 0.000000000000000000, 1.000000000000000000 ) ) ;
#6774 = DIRECTION ( 'NONE',  ( -0.000000000000000000, 1.000000000000000000, 0.000000000000000000 ) ) ;
#6775 = VECTOR ( 'NONE', #3460, 39.37007874015748143 ) ;
#6776 = PRESENTATION_STYLE_ASSIGNMENT (( #134 ) ) ;
#6777 = LINE ( 'NONE', #87, #4503 ) ;
#6778 = ORIENTED_EDGE ( 'NONE', *, *, #928, .T. ) ;
#6779 = CARTESIAN_POINT ( 'NONE',  ( 0.1761390860343700904, 0.1952958511832283695, 0.09842519685039370636 ) ) ;
#6780 = ORIENTED_EDGE ( 'NONE', *, *, #1678, .T. ) ;
#6781 =( NAMED_UNIT ( * ) SI_UNIT ( $, .STERADIAN. ) SOLID_ANGLE_UNIT ( ) );
#6782 = EDGE_LOOP ( 'NONE', ( #6657, #6763, #2418, #6778 ) ) ;
#6783 = CYLINDRICAL_SURFACE ( 'NONE', #3833, 0.1028445393700787441 ) ;
#6784 = DIMENSIONAL_EXPONENTS ( 1.000000000000000000, 0.000000000000000000, 0.000000000000000000, 0.000000000000000000, 0.000000000000000000, 0.000000000000000000, 0.000000000000000000 ) ;
#6785 = SURFACE_STYLE_FILL_AREA ( #1273 ) ;
#6786 = CARTESIAN_POINT ( 'NONE',  ( 0.2086614173228346913, 0.1276890742665748035, 0.09448818897637795144 ) ) ;
#6787 = CARTESIAN_POINT ( 'NONE',  ( 0.1800760939070866207, 0.1276890742665748035, 0.000000000000000000 ) ) ;
#6788 = SURFACE_STYLE_FILL_AREA ( #1942 ) ;
#6789 = VECTOR ( 'NONE', #6959, 39.37007874015748143 ) ;
#6790 = ORIENTED_EDGE ( 'NONE', *, *, #6019, .T. ) ;
#6791 = LINE ( 'NONE', #154, #6738 ) ;
#6792 =( NAMED_UNIT ( * ) PLANE_ANGLE_UNIT ( ) SI_UNIT ( $, .RADIAN. ) );
#6793 = ORIENTED_EDGE ( 'NONE', *, *, #1972, .T. ) ;
#6794 = AXIS2_PLACEMENT_3D ( 'NONE', #1262, #3221, #175 ) ;
#6795 = MECHANICAL_DESIGN_GEOMETRIC_PRESENTATION_REPRESENTATION (  '', ( #825 ), #6442 ) ;
#6796 = LINE ( 'NONE', #2070, #231 ) ;
#6797 = UNCERTAINTY_MEASURE_WITH_UNIT (LENGTH_MEASURE( 1.000000000000000082E-05 ), #4969, 'distance_accuracy_value', 'NONE');
#6798 = ORIENTED_EDGE ( 'NONE', *, *, #7792, .F. ) ;
#6799 = LINE ( 'NONE', #2071, #1872 ) ;
#6800 = PRESENTATION_LAYER_ASSIGNMENT (  '', '', ( #4691 ) ) ;
#6801 = VECTOR ( 'NONE', #2298, 39.37007874015748143 ) ;
#6802 =( LENGTH_UNIT ( ) NAMED_UNIT ( * ) SI_UNIT ( $, .METRE. ) );
#6803 = UNCERTAINTY_MEASURE_WITH_UNIT (LENGTH_MEASURE( 1.000000000000000082E-05 ), #1259, 'distance_accuracy_value', 'NONE');
#6804 = LINE ( 'NONE', #1884, #4755 ) ;
#6805 = SURFACE_SIDE_STYLE ('',( #163 ) ) ;
#6806 = LINE ( 'NONE', #614, #5592 ) ;
#6807 = ADVANCED_FACE ( 'NONE', ( #6535 ), #6680, .F. ) ;
#6808 = ORIENTED_EDGE ( 'NONE', *, *, #2789, .T. ) ;
#6809 =( LENGTH_UNIT ( ) NAMED_UNIT ( * ) SI_UNIT ( $, .METRE. ) );
#6810 = ORIENTED_EDGE ( 'NONE', *, *, #4366, .F. ) ;
#6811 = SURFACE_STYLE_USAGE ( .BOTH. , #2451 ) ;
#6812 = AXIS2_PLACEMENT_3D ( 'NONE', #2559, #1129, #117 ) ;
#6813 = DIRECTION ( 'NONE',  ( 0.000000000000000000, 0.000000000000000000, 1.000000000000000000 ) ) ;
#6814 = DIRECTION ( 'NONE',  ( 1.000000000000000000, 0.000000000000000000, 0.000000000000000000 ) ) ;
#6815 = FILL_AREA_STYLE_COLOUR ( '', #2662 ) ;
#6816 =( NAMED_UNIT ( * ) PLANE_ANGLE_UNIT ( ) SI_UNIT ( $, .RADIAN. ) );
#6817 = COLOUR_RGB ( '',0.2784313725490196179, 0.2784313725490196179, 0.2784313725490196179 ) ;
#6818 = VECTOR ( 'NONE', #3673, 39.37007874015748143 ) ;
#6819 = ADVANCED_FACE ( 'NONE', ( #4352 ), #3198, .T. ) ;
#6820 =( NAMED_UNIT ( * ) SI_UNIT ( $, .STERADIAN. ) SOLID_ANGLE_UNIT ( ) );
#6821 = LINE ( 'NONE', #1304, #4709 ) ;
#6822 = ORIENTED_EDGE ( 'NONE', *, *, #271, .T. ) ;
#6823 =( LENGTH_UNIT ( ) NAMED_UNIT ( * ) SI_UNIT ( $, .METRE. ) );
#6824 = ORIENTED_EDGE ( 'NONE', *, *, #2858, .T. ) ;
#6825 = CARTESIAN_POINT ( 'NONE',  ( 0.1840131017811023617, 0.05890759595350394257, 0.09448818897637795144 ) ) ;
#6826 = ORIENTED_EDGE ( 'NONE', *, *, #3773, .T. ) ;
#6827 = CARTESIAN_POINT ( 'NONE',  ( -1.777545739647244141E-12, -0.1040084880705905435, 0.09842519685039370636 ) ) ;
#6828 = UNCERTAINTY_MEASURE_WITH_UNIT (LENGTH_MEASURE( 1.000000000000000082E-05 ), #7027, 'distance_accuracy_value', 'NONE');
#6829 =( GEOMETRIC_REPRESENTATION_CONTEXT ( 3 ) GLOBAL_UNCERTAINTY_ASSIGNED_CONTEXT ( ( #6030 ) ) GLOBAL_UNIT_ASSIGNED_CONTEXT ( ( #281, #2831, #1509 ) ) REPRESENTATION_CONTEXT ( 'NONE', 'WORKASPACE' ) );
#6830 = EDGE_CURVE ( 'NONE', #4589, #4605, #6929, .T. ) ;
#6831 = DIRECTION ( 'NONE',  ( -0.000000000000000000, 1.000000000000000000, 0.000000000000000000 ) ) ;
#6832 = LINE ( 'NONE', #1356, #4818 ) ;
#6833 = FILL_AREA_STYLE_COLOUR ( '', #6604 ) ;
#6834 = CARTESIAN_POINT ( 'NONE',  ( 0.1840131017811023617, 0.1300921114227165387, 0.01968503937007873988 ) ) ;
#6835 = CARTESIAN_POINT ( 'NONE',  ( 0.2086614173228346636, 0.1276890742665748035, 0.09448818897637795144 ) ) ;
#6836 = VERTEX_POINT ( 'NONE', #3073 ) ;
#6837 =( LENGTH_UNIT ( ) NAMED_UNIT ( * ) SI_UNIT ( $, .METRE. ) );
#6838 = DIMENSIONAL_EXPONENTS ( 1.000000000000000000, 0.000000000000000000, 0.000000000000000000, 0.000000000000000000, 0.000000000000000000, 0.000000000000000000, 0.000000000000000000 ) ;
#6839 = FILL_AREA_STYLE ('',( #5218 ) ) ;
#6840 =( NAMED_UNIT ( * ) PLANE_ANGLE_UNIT ( ) SI_UNIT ( $, .RADIAN. ) );
#6841 = ORIENTED_EDGE ( 'NONE', *, *, #5371, .F. ) ;
#6842 = FACE_OUTER_BOUND ( 'NONE', #5555, .T. ) ;
#6843 = STYLED_ITEM ( 'NONE', ( #1632 ), #964 ) ;
#6844 = SURFACE_STYLE_USAGE ( .BOTH. , #2764 ) ;
#6845 = DIRECTION ( 'NONE',  ( 0.000000000000000000, -0.000000000000000000, -1.000000000000000000 ) ) ;
#6846 = CARTESIAN_POINT ( 'NONE',  ( 0.2086614173228346636, -0.06603488399787402208, 0.000000000000000000 ) ) ;
#6847 =( GEOMETRIC_REPRESENTATION_CONTEXT ( 3 ) GLOBAL_UNCERTAINTY_ASSIGNED_CONTEXT ( ( #4879 ) ) GLOBAL_UNIT_ASSIGNED_CONTEXT ( ( #2707, #4526, #5715 ) ) REPRESENTATION_CONTEXT ( 'NONE', 'WORKASPACE' ) );
#6848 = ORIENTED_EDGE ( 'NONE', *, *, #1780, .F. ) ;
#6849 = VECTOR ( 'NONE', #6507, 39.37007874015748143 ) ;
#6851 = ORIENTED_EDGE ( 'NONE', *, *, #3969, .T. ) ;
#6850 = STYLED_ITEM ( 'NONE', ( #355 ), #4271 ) ;
#6852 = CYLINDRICAL_SURFACE ( 'NONE', #4330, 0.1028445393700787441 ) ;
#6853 = PRESENTATION_STYLE_ASSIGNMENT (( #6983 ) ) ;
#6854 = APPLICATION_PROTOCOL_DEFINITION ( 'draft international standard', 'automotive_design', 1998, #5293 ) ;
#6855 = DIRECTION ( 'NONE',  ( 2.256280962365999922E-16, -1.000000000000000000, 0.000000000000000000 ) ) ;
#6856 = AXIS2_PLACEMENT_3D ( 'NONE', #505, #5394, #2341 ) ;
#6857 = EDGE_CURVE ( 'NONE', #6586, #246, #4438, .T. ) ;
#6858 = EDGE_CURVE ( 'NONE', #2065, #3224, #6258, .T. ) ;
#6859 = COLOUR_RGB ( '',0.7490196078431372584, 0.7490196078431372584, 0.7490196078431372584 ) ;
#6860 = LENGTH_MEASURE_WITH_UNIT ( LENGTH_MEASURE( 0.02539999999999999897 ), #6736 );
#6861 = DIRECTION ( 'NONE',  ( -1.000000000000000000, -0.000000000000000000, -0.000000000000000000 ) ) ;
#6862 = FILL_AREA_STYLE_COLOUR ( '', #1748 ) ;
#6863 = ORIENTED_EDGE ( 'NONE', *, *, #2266, .F. ) ;
#6864 = ORIENTED_EDGE ( 'NONE', *, *, #1618, .T. ) ;
#6865 = DIRECTION ( 'NONE',  ( 0.000000000000000000, 0.000000000000000000, -1.000000000000000000 ) ) ;
#6866 =( LENGTH_UNIT ( ) NAMED_UNIT ( * ) SI_UNIT ( $, .METRE. ) );
#6867 = VECTOR ( 'NONE', #4791, 39.37007874015748143 ) ;
#6868 = DIRECTION ( 'NONE',  ( -0.7131463326752464083, -0.7010151982602423892, 0.000000000000000000 ) ) ;
#6869 = LINE ( 'NONE', #1400, #3508 ) ;
#6870 = EDGE_CURVE ( 'NONE', #204, #4644, #190, .T. ) ;
#6871 = SURFACE_SIDE_STYLE ('',( #4522 ) ) ;
#6872 = VECTOR ( 'NONE', #6861, 39.37007874015748143 ) ;
#6873 = FACE_OUTER_BOUND ( 'NONE', #4524, .T. ) ;
#6874 = CARTESIAN_POINT ( 'NONE',  ( -0.2047244094501181333, 0.1237520663915748081, 0.09448818897637795144 ) ) ;
#6875 = ORIENTED_EDGE ( 'NONE', *, *, #1863, .F. ) ;
#6876 = LINE ( 'NONE', #6918, #459 ) ;
#6877 = DIRECTION ( 'NONE',  ( 0.000000000000000000, -0.000000000000000000, -1.000000000000000000 ) ) ;
#6878 = LENGTH_MEASURE_WITH_UNIT ( LENGTH_MEASURE( 0.02539999999999999897 ), #6960 );
#6879 = VERTEX_POINT ( 'NONE', #5513 ) ;
#6880 =( CONVERSION_BASED_UNIT ( 'INCH', #6335 ) LENGTH_UNIT ( ) NAMED_UNIT ( #3600 ) );
#6881 = PRESENTATION_LAYER_ASSIGNMENT (  '', '', ( #6517 ) ) ;
#6882 = AXIS2_PLACEMENT_3D ( 'NONE', #7091, #6353, #4696 ) ;
#6883 = ORIENTED_EDGE ( 'NONE', *, *, #5728, .T. ) ;
#6884 = EDGE_CURVE ( 'NONE', #2844, #116, #3159, .T. ) ;
#6885 = DIRECTION ( 'NONE',  ( -1.000000000000000000, 0.000000000000000000, 0.000000000000000000 ) ) ;
#6886 = UNCERTAINTY_MEASURE_WITH_UNIT (LENGTH_MEASURE( 1.000000000000000082E-05 ), #3178, 'distance_accuracy_value', 'NONE');
#6887 = VERTEX_POINT ( 'NONE', #69 ) ;
#6888 = CARTESIAN_POINT ( 'NONE',  ( 0.1867316795943700647, -0.1040084880705905435, 0.09448818897637795144 ) ) ;
#6889 =( CONVERSION_BASED_UNIT ( 'INCH', #5686 ) LENGTH_UNIT ( ) NAMED_UNIT ( #3494 ) );
#6890 = UNCERTAINTY_MEASURE_WITH_UNIT (LENGTH_MEASURE( 1.000000000000000082E-05 ), #4334, 'distance_accuracy_value', 'NONE');
#6891 = ORIENTED_EDGE ( 'NONE', *, *, #7440, .T. ) ;
#6892 = STYLED_ITEM ( 'NONE', ( #6776 ), #2703 ) ;
#6893 = LINE ( 'NONE', #6349, #7188 ) ;
#6894 =( LENGTH_UNIT ( ) NAMED_UNIT ( * ) SI_UNIT ( $, .METRE. ) );
#6895 = VECTOR ( 'NONE', #5119, 39.37007874015748143 ) ;
#6896 = ORIENTED_EDGE ( 'NONE', *, *, #3358, .F. ) ;
#6897 = SURFACE_SIDE_STYLE ('',( #5145 ) ) ;
#6898 = LINE ( 'NONE', #922, #5338 ) ;
#6899 =( NAMED_UNIT ( * ) PLANE_ANGLE_UNIT ( ) SI_UNIT ( $, .RADIAN. ) );
#6900 = APPLICATION_PROTOCOL_DEFINITION ( 'draft international standard', 'automotive_design', 1998, #6326 ) ;
#6901 = CONICAL_SURFACE ( 'NONE', #3803, 0.01968503937260312336, 0.7853981633974482790 ) ;
#6902 = LINE ( 'NONE', #6944, #699 ) ;
#6903 = FACE_OUTER_BOUND ( 'NONE', #7635, .T. ) ;
#6904 = VERTEX_POINT ( 'NONE', #7356 ) ;
#6905 = SURFACE_STYLE_USAGE ( .BOTH. , #7580 ) ;
#6906 = ORIENTED_EDGE ( 'NONE', *, *, #7206, .T. ) ;
#6907 = EDGE_CURVE ( 'NONE', #3451, #5529, #1910, .T. ) ;
#6908 = VECTOR ( 'NONE', #3663, 39.37007874015748143 ) ;
#6909 = PLANE ( 'NONE',  #2206 ) ;
#6910 = CARTESIAN_POINT ( 'NONE',  ( -0.05905511811023622659, -0.01172738801307663184, 0.000000000000000000 ) ) ;
#6911 = PRESENTATION_STYLE_ASSIGNMENT (( #3854 ) ) ;
#6912 = UNCERTAINTY_MEASURE_WITH_UNIT (LENGTH_MEASURE( 1.000000000000000082E-05 ), #2045, 'distance_accuracy_value', 'NONE');
#6913 =( NAMED_UNIT ( * ) PLANE_ANGLE_UNIT ( ) SI_UNIT ( $, .RADIAN. ) );
#6914 = PRESENTATION_LAYER_ASSIGNMENT (  '', '', ( #2855 ) ) ;
#6915 = FILL_AREA_STYLE_COLOUR ( '', #4854 ) ;
#6916 =( NAMED_UNIT ( * ) PLANE_ANGLE_UNIT ( ) SI_UNIT ( $, .RADIAN. ) );
#6917 = VERTEX_POINT ( 'NONE', #3896 ) ;
#6918 = CARTESIAN_POINT ( 'NONE',  ( -0.1788576638464173252, -0.01227691951566929271, 0.09448818897637795144 ) ) ;
#6919 = DIRECTION ( 'NONE',  ( 1.000000000000000000, 0.000000000000000000, 0.000000000000000000 ) ) ;
#6920 = EDGE_CURVE ( 'NONE', #4222, #3378, #7516, .T. ) ;
#6921 = CARTESIAN_POINT ( 'NONE',  ( 0.1181102362204724532, -0.2743811241349999874, 0.007874015748031495954 ) ) ;
#6922 = ORIENTED_EDGE ( 'NONE', *, *, #3242, .T. ) ;
#6923 =( GEOMETRIC_REPRESENTATION_CONTEXT ( 3 ) GLOBAL_UNCERTAINTY_ASSIGNED_CONTEXT ( ( #2673 ) ) GLOBAL_UNIT_ASSIGNED_CONTEXT ( ( #4853, #6792, #748 ) ) REPRESENTATION_CONTEXT ( 'NONE', 'WORKASPACE' ) );
#6924 = VERTEX_POINT ( 'NONE', #5249 ) ;
#6925 = MECHANICAL_DESIGN_GEOMETRIC_PRESENTATION_REPRESENTATION (  '', ( #1443 ), #3276 ) ;
#6926 = AXIS2_PLACEMENT_3D ( 'NONE', #2019, #3888, #4521 ) ;
#6927 = ORIENTED_EDGE ( 'NONE', *, *, #4366, .T. ) ;
#6928 = DIRECTION ( 'NONE',  ( -1.000000000000000000, -0.000000000000000000, -0.000000000000000000 ) ) ;
#6929 = CIRCLE ( 'NONE', #2607, 0.007874015748031495954 ) ;
#6930 = PRESENTATION_LAYER_ASSIGNMENT (  '', '', ( #946 ) ) ;
#6931 = DIRECTION ( 'NONE',  ( 0.000000000000000000, -1.000000000000000000, -0.000000000000000000 ) ) ;
#6932 = PRESENTATION_STYLE_ASSIGNMENT (( #3298 ) ) ;
#6933 = AXIS2_PLACEMENT_3D ( 'NONE', #7778, #6545, #5968 ) ;
#6934 = EDGE_CURVE ( 'NONE', #5746, #2065, #4600, .T. ) ;
#6935 = VERTEX_POINT ( 'NONE', #3940 ) ;
#6936 = VECTOR ( 'NONE', #2655, 39.37007874015748143 ) ;
#6937 = FACE_OUTER_BOUND ( 'NONE', #2667, .T. ) ;
#6938 = ORIENTED_EDGE ( 'NONE', *, *, #5924, .T. ) ;
#6939 =( NAMED_UNIT ( * ) SI_UNIT ( $, .STERADIAN. ) SOLID_ANGLE_UNIT ( ) );
#6940 = CARTESIAN_POINT ( 'NONE',  ( -0.1800760939070866207, 0.1595239587874015541, 0.05905511811023622659 ) ) ;
#6941 = SURFACE_SIDE_STYLE ('',( #6357 ) ) ;
#6942 = COLOUR_RGB ( '',0.2784313725490196179, 0.2784313725490196179, 0.2784313725490196179 ) ;
#6943 = VECTOR ( 'NONE', #4804, 39.37007874015748143 ) ;
#6944 = CARTESIAN_POINT ( 'NONE',  ( -0.1840131017811023617, 0.05890759595350394257, 0.09448818897637795144 ) ) ;
#6945 = VERTEX_POINT ( 'NONE', #3320 ) ;
#6946 = LENGTH_MEASURE_WITH_UNIT ( LENGTH_MEASURE( 0.02539999999999999897 ), #6823 );
#6947 =( GEOMETRIC_REPRESENTATION_CONTEXT ( 3 ) GLOBAL_UNCERTAINTY_ASSIGNED_CONTEXT ( ( #4362 ) ) GLOBAL_UNIT_ASSIGNED_CONTEXT ( ( #7784, #3536, #2380 ) ) REPRESENTATION_CONTEXT ( 'NONE', 'WORKASPACE' ) );
#6948 = ORIENTED_EDGE ( 'NONE', *, *, #1471, .F. ) ;
#6949 = DIRECTION ( 'NONE',  ( 0.000000000000000000, 0.000000000000000000, -1.000000000000000000 ) ) ;
#6950 = COLOUR_RGB ( '',0.7490196078431372584, 0.7490196078431372584, 0.7490196078431372584 ) ;
#6951 = LENGTH_MEASURE_WITH_UNIT ( LENGTH_MEASURE( 0.02539999999999999897 ), #1571 );
#6952 = DIRECTION ( 'NONE',  ( 1.000000000000000000, 0.000000000000000000, 0.000000000000000000 ) ) ;
#6953 = FILL_AREA_STYLE_COLOUR ( '', #1367 ) ;
#6954 = CARTESIAN_POINT ( 'NONE',  ( 0.07874015748031495954, 0.04035433070866142197, 0.08267716535433070058 ) ) ;
#6955 = COLOUR_RGB ( '',0.2784313725490196179, 0.2784313725490196179, 0.2784313725490196179 ) ;
#6956 = LINE ( 'NONE', #1498, #1646 ) ;
#6957 = CARTESIAN_POINT ( 'NONE',  ( 0.1835887982520071904, 0.1889558061521260379, 0.09654325456206019895 ) ) ;
#6958 = ORIENTED_EDGE ( 'NONE', *, *, #4711, .T. ) ;
#6959 = DIRECTION ( 'NONE',  ( -0.000000000000000000, -0.000000000000000000, -1.000000000000000000 ) ) ;
#6960 =( LENGTH_UNIT ( ) NAMED_UNIT ( * ) SI_UNIT ( $, .METRE. ) );
#6961 = AXIS2_PLACEMENT_3D ( 'NONE', #3931, #7586, #5159 ) ;
#6962 =( NAMED_UNIT ( * ) SI_UNIT ( $, .STERADIAN. ) SOLID_ANGLE_UNIT ( ) );
#6963 = VECTOR ( 'NONE', #678, 39.37007874015748143 ) ;
#6964 = PLANE ( 'NONE',  #2088 ) ;
#6965 = ORIENTED_EDGE ( 'NONE', *, *, #3744, .T. ) ;
#6966 = EDGE_CURVE ( 'NONE', #4225, #6031, #7084, .T. ) ;
#6967 = ADVANCED_FACE ( 'NONE', ( #1583 ), #940, .T. ) ;
#6968 = UNCERTAINTY_MEASURE_WITH_UNIT (LENGTH_MEASURE( 1.000000000000000082E-05 ), #4916, 'distance_accuracy_value', 'NONE');
#6969 = ORIENTED_EDGE ( 'NONE', *, *, #3201, .T. ) ;
#6970 = DIRECTION ( 'NONE',  ( -0.000000000000000000, 1.000000000000000000, 0.000000000000000000 ) ) ;
#6971 = SURFACE_SIDE_STYLE ('',( #2716 ) ) ;
#6972 = ORIENTED_EDGE ( 'NONE', *, *, #6632, .F. ) ;
#6973 = DIRECTION ( 'NONE',  ( 0.000000000000000000, -1.000000000000000000, -0.000000000000000000 ) ) ;
#6974 = EDGE_CURVE ( 'NONE', #5796, #6469, #2708, .T. ) ;
#6975 = CARTESIAN_POINT ( 'NONE',  ( 0.2047244094462598307, 0.1237520663915747943, 0.09448818897637795144 ) ) ;
#6976 = UNCERTAINTY_MEASURE_WITH_UNIT (LENGTH_MEASURE( 1.000000000000000082E-05 ), #521, 'distance_accuracy_value', 'NONE');
#6977 = VERTEX_POINT ( 'NONE', #7634 ) ;
#6978 = FACE_OUTER_BOUND ( 'NONE', #4018, .T. ) ;
#6979 = ORIENTED_EDGE ( 'NONE', *, *, #3924, .F. ) ;
#6980 = CARTESIAN_POINT ( 'NONE',  ( 0.000000000000000000, 0.2641953671577952911, 0.03279966909992126228 ) ) ;
#6981 =( CONVERSION_BASED_UNIT ( 'INCH', #6354 ) LENGTH_UNIT ( ) NAMED_UNIT ( #7132 ) );
#6982 = AXIS2_PLACEMENT_3D ( 'NONE', #7054, #6425, #2715 ) ;
#6983 = SURFACE_STYLE_USAGE ( .BOTH. , #295 ) ;
#6984 = ITEM_DEFINED_TRANSFORMATION ( 'NONE', 'NONE', #7472,  #1997 ) ;
#6985 = CARTESIAN_POINT ( 'NONE',  ( -0.1028445393700786609, 0.04035433070866142891, 0.09448818897677166428 ) ) ;
#6986 = ADVANCED_FACE ( 'NONE', ( #238 ), #2189, .T. ) ;
#6987 = CARTESIAN_POINT ( 'NONE',  ( -0.1761390860324803243, -0.01227691951566929271, 0.09448818897637795144 ) ) ;
#6988 = AXIS2_PLACEMENT_3D ( 'NONE', #6217, #6169, #6297 ) ;
#6989 = MECHANICAL_DESIGN_GEOMETRIC_PRESENTATION_REPRESENTATION (  '', ( #3676 ), #5744 ) ;
#6990 = CIRCLE ( 'NONE', #2934, 0.007874015748031495954 ) ;
#6991 = VERTEX_POINT ( 'NONE', #7152 ) ;
#6992 = DIRECTION ( 'NONE',  ( -0.5809750886629967415, -0.8139213391679955834, 0.000000000000000000 ) ) ;
#6993 = LINE ( 'NONE', #3349, #6775 ) ;
#6994 = ORIENTED_EDGE ( 'NONE', *, *, #322, .T. ) ;
#6995 =( LENGTH_UNIT ( ) NAMED_UNIT ( * ) SI_UNIT ( $, .METRE. ) );
#6996 = PRODUCT_DEFINITION_SHAPE ( 'NONE', 'NONE',  #7734 ) ;
#6997 = DIRECTION ( 'NONE',  ( 0.7010151983298378298, -0.7131463326068347985, 0.000000000000000000 ) ) ;
#6998 = CARTESIAN_POINT ( 'NONE',  ( 0.1181102362204724532, -0.2572565284661417206, 0.003937007874015747977 ) ) ;
#6999 = STYLED_ITEM ( 'NONE', ( #5425 ), #1619 ) ;
#7000 = DIRECTION ( 'NONE',  ( 1.000000000000000000, 0.000000000000000000, -0.000000000000000000 ) ) ;
#7001 = MECHANICAL_DESIGN_GEOMETRIC_PRESENTATION_REPRESENTATION (  '', ( #2544 ), #3058 ) ;
#7002 = LINE ( 'NONE', #6412, #2577 ) ;
#7003 = DIRECTION ( 'NONE',  ( 0.000000000000000000, 0.000000000000000000, -1.000000000000000000 ) ) ;
#7004 = MECHANICAL_DESIGN_GEOMETRIC_PRESENTATION_REPRESENTATION (  '', ( #4348 ), #6735 ) ;
#7005 =( CONVERSION_BASED_UNIT ( 'INCH', #5246 ) LENGTH_UNIT ( ) NAMED_UNIT ( #3696 ) );
#7006 = ORIENTED_EDGE ( 'NONE', *, *, #1824, .F. ) ;
#7007 = SURFACE_STYLE_USAGE ( .BOTH. , #902 ) ;
#7008 = CARTESIAN_POINT ( 'NONE',  ( 0.05905511811024205526, -0.01172738801307596918, 0.08661417322834646937 ) ) ;
#7009 = ORIENTED_EDGE ( 'NONE', *, *, #5397, .T. ) ;
#7010 = FILL_AREA_STYLE ('',( #4689 ) ) ;
#7011 = VERTEX_POINT ( 'NONE', #4143 ) ;
#7012 =( GEOMETRIC_REPRESENTATION_CONTEXT ( 3 ) GLOBAL_UNCERTAINTY_ASSIGNED_CONTEXT ( ( #1227 ) ) GLOBAL_UNIT_ASSIGNED_CONTEXT ( ( #5044, #3237, #6379 ) ) REPRESENTATION_CONTEXT ( 'NONE', 'WORKASPACE' ) );
#7013 = CARTESIAN_POINT ( 'NONE',  ( -0.1761390860324803243, -0.01227691951566929271, 0.09448818897637795144 ) ) ;
#7014 = COLOUR_RGB ( '',0.7490196078431372584, 0.7490196078431372584, 0.7490196078431372584 ) ;
#7015 = ORIENTED_EDGE ( 'NONE', *, *, #3047, .T. ) ;
#7016 = VECTOR ( 'NONE', #3176, 39.37007874015748143 ) ;
#7017 = PRODUCT_DEFINITION ( 'UNKNOWN', '', #3415, #4452 ) ;
#7018 = DIRECTION ( 'NONE',  ( 0.000000000000000000, 0.000000000000000000, -1.000000000000000000 ) ) ;
#7019 = DIRECTION ( 'NONE',  ( -0.000000000000000000, 1.000000000000000000, 0.000000000000000000 ) ) ;
#7020 = EDGE_CURVE ( 'NONE', #3378, #263, #4727, .T. ) ;
#7021 = ORIENTED_EDGE ( 'NONE', *, *, #2947, .T. ) ;
#7022 = LINE ( 'NONE', #2076, #1676 ) ;
#7023 = VECTOR ( 'NONE', #1274, 39.37007874015748143 ) ;
#7024 = FILL_AREA_STYLE ('',( #2160 ) ) ;
#7025 = ORIENTED_EDGE ( 'NONE', *, *, #7078, .T. ) ;
#7026 = ORIENTED_EDGE ( 'NONE', *, *, #4029, .T. ) ;
#7027 =( CONVERSION_BASED_UNIT ( 'INCH', #954 ) LENGTH_UNIT ( ) NAMED_UNIT ( #6547 ) );
#7028 = ADVANCED_FACE ( 'NONE', ( #2910 ), #1698, .F. ) ;
#7029 = STYLED_ITEM ( 'NONE', ( #4596 ), #2587 ) ;
#7030 = CARTESIAN_POINT ( 'NONE',  ( -0.01968503937007873988, -0.2915057198038976671, 0.003937007874015747977 ) ) ;
#7031 =( CONVERSION_BASED_UNIT ( 'INCH', #7732 ) LENGTH_UNIT ( ) NAMED_UNIT ( #3852 ) );
#7032 = AXIS2_PLACEMENT_3D ( 'NONE', #7291, #7823, #503 ) ;
#7033 =( LENGTH_UNIT ( ) NAMED_UNIT ( * ) SI_UNIT ( $, .METRE. ) );
#7034 = ORIENTED_EDGE ( 'NONE', *, *, #6187, .F. ) ;
#7035 = SURFACE_SIDE_STYLE ('',( #4670 ) ) ;
#7036 = LINE ( 'NONE', #2854, #3450 ) ;
#7037 = DIMENSIONAL_EXPONENTS ( 1.000000000000000000, 0.000000000000000000, 0.000000000000000000, 0.000000000000000000, 0.000000000000000000, 0.000000000000000000, 0.000000000000000000 ) ;
#7038 = FILL_AREA_STYLE_COLOUR ( '', #2481 ) ;
#7039 = EDGE_CURVE ( 'NONE', #838, #1187, #4146, .T. ) ;
#7040 = DIRECTION ( 'NONE',  ( 0.000000000000000000, 0.000000000000000000, 1.000000000000000000 ) ) ;
#7041 = FILL_AREA_STYLE_COLOUR ( '', #753 ) ;
#7042 = DIMENSIONAL_EXPONENTS ( 1.000000000000000000, 0.000000000000000000, 0.000000000000000000, 0.000000000000000000, 0.000000000000000000, 0.000000000000000000, 0.000000000000000000 ) ;
#7043 = DIRECTION ( 'NONE',  ( 1.000000000000000000, 0.000000000000000000, 0.000000000000000000 ) ) ;
#7044 = SURFACE_STYLE_FILL_AREA ( #2186 ) ;
#7045 = ORIENTED_EDGE ( 'NONE', *, *, #2996, .F. ) ;
#7046 = DIRECTION ( 'NONE',  ( 1.000000000000000000, 0.000000000000000000, 0.000000000000000000 ) ) ;
#7047 = CARTESIAN_POINT ( 'NONE',  ( 0.09842519685039370636, -0.1983960629326377845, 0.02492565335188976286 ) ) ;
#7048 = DIMENSIONAL_EXPONENTS ( 1.000000000000000000, 0.000000000000000000, 0.000000000000000000, 0.000000000000000000, 0.000000000000000000, 0.000000000000000000, 0.000000000000000000 ) ;
#7049 = VECTOR ( 'NONE', #4034, 39.37007874015748143 ) ;
#7050 = CARTESIAN_POINT ( 'NONE',  ( -0.1840131017811023617, 0.1889558061521260102, 0.01968503937007873988 ) ) ;
#7051 = LENGTH_MEASURE_WITH_UNIT ( LENGTH_MEASURE( 0.02539999999999999897 ), #6142 );
#7052 = DIRECTION ( 'NONE',  ( 0.000000000000000000, 0.000000000000000000, -1.000000000000000000 ) ) ;
#7053 = AXIS2_PLACEMENT_3D ( 'NONE', #7599, #2828, #1586 ) ;
#7054 = CARTESIAN_POINT ( 'NONE',  ( 0.1574803149606299191, 0.04035433070866142197, 0.000000000000000000 ) ) ;
#7055 = CARTESIAN_POINT ( 'NONE',  ( 0.000000000000000000, 0.3147934927945275629, 0.000000000000000000 ) ) ;
#7056 = DIRECTION ( 'NONE',  ( 0.000000000000000000, 0.000000000000000000, 1.000000000000000000 ) ) ;
#7057 = VERTEX_POINT ( 'NONE', #2352 ) ;
#7058 = SURFACE_STYLE_USAGE ( .BOTH. , #452 ) ;
#7059 = MECHANICAL_DESIGN_GEOMETRIC_PRESENTATION_REPRESENTATION (  '', ( #4546 ), #6557 ) ;
#7060 =( CONVERSION_BASED_UNIT ( 'INCH', #7648 ) LENGTH_UNIT ( ) NAMED_UNIT ( #4052 ) );
#7061 = PRODUCT_DEFINITION_SHAPE ( 'NONE', 'NONE',  #5304 ) ;
#7062 = UNCERTAINTY_MEASURE_WITH_UNIT (LENGTH_MEASURE( 1.000000000000000082E-05 ), #6022, 'distance_accuracy_value', 'NONE');
#7063 = ORIENTED_EDGE ( 'NONE', *, *, #5024, .T. ) ;
#7064 = PRESENTATION_STYLE_ASSIGNMENT (( #1642 ) ) ;
#7065 = VECTOR ( 'NONE', #7752, 39.37007874015748143 ) ;
#7066 = CARTESIAN_POINT ( 'NONE',  ( -1.777545739647244141E-12, 0.1889558061521260102, 0.09842519685039370636 ) ) ;
#7067 = DIRECTION ( 'NONE',  ( -1.000000000000000000, -0.000000000000000000, -0.000000000000000000 ) ) ;
#7068 = ADVANCED_FACE ( 'NONE', ( #5332 ), #2421, .T. ) ;
#7069 = CIRCLE ( 'NONE', #7696, 0.003937007874015749712 ) ;
#7070 = STYLED_ITEM ( 'NONE', ( #2458 ), #6347 ) ;
#7071 = VERTEX_POINT ( 'NONE', #5543 ) ;
#7072 = SURFACE_SIDE_STYLE ('',( #3350 ) ) ;
#7073 = PLANE ( 'NONE',  #7325 ) ;
#7074 = AXIS2_PLACEMENT_3D ( 'NONE', #7331, #7447, #6845 ) ;
#7075 =( NAMED_UNIT ( * ) PLANE_ANGLE_UNIT ( ) SI_UNIT ( $, .RADIAN. ) );
#7076 = VECTOR ( 'NONE', #7289, 39.37007874015748143 ) ;
#7077 = CARTESIAN_POINT ( 'NONE',  ( -0.1788576638464173252, -0.06934995292858267546, 0.09842519685039370636 ) ) ;
#7078 = EDGE_CURVE ( 'NONE', #7071, #2257, #1033, .T. ) ;
#7079 =( GEOMETRIC_REPRESENTATION_CONTEXT ( 3 ) GLOBAL_UNCERTAINTY_ASSIGNED_CONTEXT ( ( #672 ) ) GLOBAL_UNIT_ASSIGNED_CONTEXT ( ( #6383, #4039, #6465 ) ) REPRESENTATION_CONTEXT ( 'NONE', 'WORKASPACE' ) );
#7080 = PRESENTATION_STYLE_ASSIGNMENT (( #971 ) ) ;
#7081 =( LENGTH_UNIT ( ) NAMED_UNIT ( * ) SI_UNIT ( $, .METRE. ) );
#7082 = ORIENTED_EDGE ( 'NONE', *, *, #7145, .F. ) ;
#7083 = DIRECTION ( 'NONE',  ( -1.000000000000000000, 2.222700233188000074E-16, 0.000000000000000000 ) ) ;
#7084 = LINE ( 'NONE', #317, #6789 ) ;
#7085 =( CONVERSION_BASED_UNIT ( 'INCH', #4687 ) LENGTH_UNIT ( ) NAMED_UNIT ( #4206 ) );
#7086 =( NAMED_UNIT ( * ) PLANE_ANGLE_UNIT ( ) SI_UNIT ( $, .RADIAN. ) );
#7087 = DIMENSIONAL_EXPONENTS ( 1.000000000000000000, 0.000000000000000000, 0.000000000000000000, 0.000000000000000000, 0.000000000000000000, 0.000000000000000000, 0.000000000000000000 ) ;
#7088 = PLANE ( 'NONE',  #1369 ) ;
#7089 =( GEOMETRIC_REPRESENTATION_CONTEXT ( 3 ) GLOBAL_UNCERTAINTY_ASSIGNED_CONTEXT ( ( #1953 ) ) GLOBAL_UNIT_ASSIGNED_CONTEXT ( ( #4121, #1756, #7806 ) ) REPRESENTATION_CONTEXT ( 'NONE', 'WORKASPACE' ) );
#7090 = SURFACE_SIDE_STYLE ('',( #3512 ) ) ;
#7091 = CARTESIAN_POINT ( 'NONE',  ( 0.1574803149606299191, 0.04035433070866142197, -0.04330708661456693365 ) ) ;
#7092 = PRESENTATION_STYLE_ASSIGNMENT (( #5415 ) ) ;
#7093 =( NAMED_UNIT ( * ) PLANE_ANGLE_UNIT ( ) SI_UNIT ( $, .RADIAN. ) );
#7094 = ORIENTED_EDGE ( 'NONE', *, *, #2639, .T. ) ;
#7095 = AXIS2_PLACEMENT_3D ( 'NONE', #4988, #7296, #7378 ) ;
#7096 = AXIS2_PLACEMENT_3D ( 'NONE', #714, #6224, #5019 ) ;
#7097 = LENGTH_MEASURE_WITH_UNIT ( LENGTH_MEASURE( 0.02539999999999999897 ), #413 );
#7098 = DIMENSIONAL_EXPONENTS ( 1.000000000000000000, 0.000000000000000000, 0.000000000000000000, 0.000000000000000000, 0.000000000000000000, 0.000000000000000000, 0.000000000000000000 ) ;
#7099 = LINE ( 'NONE', #4162, #7442 ) ;
#7100 = CARTESIAN_POINT ( 'NONE',  ( 0.1574803149606299191, 0.04035433070866142197, 0.000000000000000000 ) ) ;
#7101 = PRESENTATION_STYLE_ASSIGNMENT (( #7693 ) ) ;
#7102 = SURFACE_STYLE_FILL_AREA ( #7776 ) ;
#7103 = SURFACE_SIDE_STYLE ('',( #6654 ) ) ;
#7104 = DIMENSIONAL_EXPONENTS ( 1.000000000000000000, 0.000000000000000000, 0.000000000000000000, 0.000000000000000000, 0.000000000000000000, 0.000000000000000000, 0.000000000000000000 ) ;
#7105 = COLOUR_RGB ( '',0.2784313725490196179, 0.2784313725490196179, 0.2784313725490196179 ) ;
#7106 = ORIENTED_EDGE ( 'NONE', *, *, #2316, .F. ) ;
#7107 = CARTESIAN_POINT ( 'NONE',  ( -0.1028445393700786609, 0.04035433070866142891, 0.09448818897637795144 ) ) ;
#7108 = ORIENTED_EDGE ( 'NONE', *, *, #5481, .T. ) ;
#7109 = CARTESIAN_POINT ( 'NONE',  ( 0.07874015748031495954, -0.2572565284661417206, 0.003937007874015747977 ) ) ;
#7110 = SURFACE_SIDE_STYLE ('',( #4100 ) ) ;
#7111 = ADVANCED_FACE ( 'NONE', ( #1270, #5039, #1224, #6086 ), #3147, .F. ) ;
#7112 = EDGE_CURVE ( 'NONE', #5117, #383, #3066, .T. ) ;
#7113 = SURFACE_STYLE_USAGE ( .BOTH. , #5199 ) ;
#7114 = CARTESIAN_POINT ( 'NONE',  ( 0.1181102362204724532, -0.2651305442141732582, 0.007874015748031495954 ) ) ;
#7115 = DIRECTION ( 'NONE',  ( 0.000000000000000000, -1.000000000000000000, 0.000000000000000000 ) ) ;
#7116 = ORIENTED_EDGE ( 'NONE', *, *, #7601, .F. ) ;
#7117 = CARTESIAN_POINT ( 'NONE',  ( 0.000000000000000000, -0.2572565284661417206, 0.02492565335188976286 ) ) ;
#7118 =( NAMED_UNIT ( * ) PLANE_ANGLE_UNIT ( ) SI_UNIT ( $, .RADIAN. ) );
#7119 = STYLED_ITEM ( 'NONE', ( #4684 ), #1298 ) ;
#7120 = AXIS2_PLACEMENT_3D ( 'NONE', #2877, #2202, #7056 ) ;
#7121 =( CONVERSION_BASED_UNIT ( 'INCH', #5910 ) LENGTH_UNIT ( ) NAMED_UNIT ( #4227 ) );
#7122 = EDGE_CURVE ( 'NONE', #7882, #2208, #4343, .T. ) ;
#7123 =( NAMED_UNIT ( * ) SI_UNIT ( $, .STERADIAN. ) SOLID_ANGLE_UNIT ( ) );
#7124 = DIRECTION ( 'NONE',  ( -1.000000000000000000, -0.000000000000000000, -0.000000000000000000 ) ) ;
#7125 = DIRECTION ( 'NONE',  ( 0.000000000000000000, -0.000000000000000000, 1.000000000000000000 ) ) ;
#7126 = EDGE_CURVE ( 'NONE', #1187, #838, #6669, .T. ) ;
#7127 = VECTOR ( 'NONE', #3919, 39.37007874015748143 ) ;
#7128 = FILL_AREA_STYLE ('',( #4773 ) ) ;
#7129 = AXIS2_PLACEMENT_3D ( 'NONE', #1141, #6558, #509 ) ;
#7130 = CARTESIAN_POINT ( 'NONE',  ( 0.1417322834632922246, 0.04035433070866142197, -0.04724409448751938634 ) ) ;
#7131 = DIRECTION ( 'NONE',  ( 0.000000000000000000, 0.000000000000000000, -1.000000000000000000 ) ) ;
#7132 = DIMENSIONAL_EXPONENTS ( 1.000000000000000000, 0.000000000000000000, 0.000000000000000000, 0.000000000000000000, 0.000000000000000000, 0.000000000000000000, 0.000000000000000000 ) ;
#7133 = PRESENTATION_LAYER_ASSIGNMENT (  '', '', ( #2691 ) ) ;
#7134 = UNCERTAINTY_MEASURE_WITH_UNIT (LENGTH_MEASURE( 1.000000000000000082E-05 ), #2970, 'distance_accuracy_value', 'NONE');
#7135 = LINE ( 'NONE', #6650, #1917 ) ;
#7136 = LINE ( 'NONE', #7774, #5679 ) ;
#7137 = DIRECTION ( 'NONE',  ( -4.512561924731610345E-16, -1.000000000000000000, 1.389654727862720099E-28 ) ) ;
#7138 = CIRCLE ( 'NONE', #7639, 0.003937007874015747977 ) ;
#7139 =( NAMED_UNIT ( * ) SI_UNIT ( $, .STERADIAN. ) SOLID_ANGLE_UNIT ( ) );
#7140 = LENGTH_MEASURE_WITH_UNIT ( LENGTH_MEASURE( 0.02539999999999999897 ), #5281 );
#7141 = DIMENSIONAL_EXPONENTS ( 1.000000000000000000, 0.000000000000000000, 0.000000000000000000, 0.000000000000000000, 0.000000000000000000, 0.000000000000000000, 0.000000000000000000 ) ;
#7142 = CARTESIAN_POINT ( 'NONE',  ( -0.1585513363868110426, -0.2028275265790945026, 0.09448818897637795144 ) ) ;
#7143 =( GEOMETRIC_REPRESENTATION_CONTEXT ( 3 ) GLOBAL_UNCERTAINTY_ASSIGNED_CONTEXT ( ( #1058 ) ) GLOBAL_UNIT_ASSIGNED_CONTEXT ( ( #4433, #6913, #3153 ) ) REPRESENTATION_CONTEXT ( 'NONE', 'WORKASPACE' ) );
#7144 = FILL_AREA_STYLE_COLOUR ( '', #4117 ) ;
#7145 = EDGE_CURVE ( 'NONE', #6232, #3858, #182, .T. ) ;
#7146 = EDGE_CURVE ( 'NONE', #91, #570, #6209, .T. ) ;
#7147 = FILL_AREA_STYLE ('',( #2386 ) ) ;
#7148 = ORIENTED_EDGE ( 'NONE', *, *, #5748, .F. ) ;
#7149 = DIRECTION ( 'NONE',  ( -1.000000000000000000, 0.000000000000000000, 0.000000000000000000 ) ) ;
#7150 = SURFACE_SIDE_STYLE ('',( #5508 ) ) ;
#7151 = DIMENSIONAL_EXPONENTS ( 1.000000000000000000, 0.000000000000000000, 0.000000000000000000, 0.000000000000000000, 0.000000000000000000, 0.000000000000000000, 0.000000000000000000 ) ;
#7152 = CARTESIAN_POINT ( 'NONE',  ( 0.07874015748031495954, -0.2651305442141732582, 0.01181102362204724046 ) ) ;
#7153 = DIMENSIONAL_EXPONENTS ( 1.000000000000000000, 0.000000000000000000, 0.000000000000000000, 0.000000000000000000, 0.000000000000000000, 0.000000000000000000, 0.000000000000000000 ) ;
#7154 = CARTESIAN_POINT ( 'NONE',  ( 0.07874015748031495954, -0.2572565284661417206, 0.03279966909992126228 ) ) ;
#7155 = PLANE ( 'NONE',  #3379 ) ;
#7156 = FACE_OUTER_BOUND ( 'NONE', #93, .T. ) ;
#7157 =( GEOMETRIC_REPRESENTATION_CONTEXT ( 3 ) GLOBAL_UNCERTAINTY_ASSIGNED_CONTEXT ( ( #2368 ) ) GLOBAL_UNIT_ASSIGNED_CONTEXT ( ( #7676, #2965, #4194 ) ) REPRESENTATION_CONTEXT ( 'NONE', 'WORKASPACE' ) );
#7158 = COLOUR_RGB ( '',0.2784313725490196179, 0.2784313725490196179, 0.2784313725490196179 ) ;
#7159 = EDGE_CURVE ( 'NONE', #4591, #2706, #1937, .T. ) ;
#7160 = EDGE_CURVE ( 'NONE', #2893, #1834, #17, .T. ) ;
#7161 =( NAMED_UNIT ( * ) PLANE_ANGLE_UNIT ( ) SI_UNIT ( $, .RADIAN. ) );
#7162 = CARTESIAN_POINT ( 'NONE',  ( -0.05905511811023622659, -0.01172738801307663184, 0.09842519685039370636 ) ) ;
#7163 = FILL_AREA_STYLE ('',( #5916 ) ) ;
#7164 = SURFACE_STYLE_FILL_AREA ( #7128 ) ;
#7165 = ORIENTED_EDGE ( 'NONE', *, *, #4628, .T. ) ;
#7166 = FACE_OUTER_BOUND ( 'NONE', #82, .T. ) ;
#7167 = ADVANCED_FACE ( 'NONE', ( #4303 ), #1534, .T. ) ;
#7168 = PRESENTATION_LAYER_ASSIGNMENT (  '', '', ( #5427 ) ) ;
#7169 = LINE ( 'NONE', #1680, #3698 ) ;
#7170 = FACE_OUTER_BOUND ( 'NONE', #4384, .T. ) ;
#7171 = CARTESIAN_POINT ( 'NONE',  ( 0.1800760939070866207, 0.05890759595350394257, 0.09448818897637795144 ) ) ;
#7172 = COLOUR_RGB ( '',0.7490196078431372584, 0.7490196078431372584, 0.7490196078431372584 ) ;
#7173 = CARTESIAN_POINT ( 'NONE',  ( -0.1377952755905511861, 0.04035433070866142197, 0.000000000000000000 ) ) ;
#7174 = EDGE_CURVE ( 'NONE', #7640, #6688, #6407, .T. ) ;
#7175 = STYLED_ITEM ( 'NONE', ( #2313 ), #7068 ) ;
#7176 = ORIENTED_EDGE ( 'NONE', *, *, #6065, .T. ) ;
#7177 = VECTOR ( 'NONE', #4386, 39.37007874015748143 ) ;
#7178 = DIRECTION ( 'NONE',  ( -1.000000000000000000, 9.189026923619149741E-47, 1.871181320309386366E-77 ) ) ;
#7179 = CARTESIAN_POINT ( 'NONE',  ( 0.07874015748031495954, -0.2572565284661417206, 0.02098864547787401835 ) ) ;
#7180 = DIMENSIONAL_EXPONENTS ( 1.000000000000000000, 0.000000000000000000, 0.000000000000000000, 0.000000000000000000, 0.000000000000000000, 0.000000000000000000, 0.000000000000000000 ) ;
#7181 = DIRECTION ( 'NONE',  ( -1.000000000000000000, -0.000000000000000000, -0.000000000000000000 ) ) ;
#7182 = LENGTH_MEASURE_WITH_UNIT ( LENGTH_MEASURE( 0.02539999999999999897 ), #6410 );
#7183 = VECTOR ( 'NONE', #5577, 39.37007874015748143 ) ;
#7184 = AXIS2_PLACEMENT_3D ( 'NONE', #7187, #1010, #7149 ) ;
#7185 = DIRECTION ( 'NONE',  ( -1.000000000000000000, -0.000000000000000000, -0.000000000000000000 ) ) ;
#7186 = VERTEX_POINT ( 'NONE', #6286 ) ;
#7187 = CARTESIAN_POINT ( 'NONE',  ( 8.741913579724409950E-17, 0.04035433070866142197, 0.09842519685039370636 ) ) ;
#7188 = VECTOR ( 'NONE', #2721, 39.37007874015748143 ) ;
#7189 = LENGTH_MEASURE_WITH_UNIT ( LENGTH_MEASURE( 0.02539999999999999897 ), #2953 );
#7190 = VECTOR ( 'NONE', #2863, 39.37007874015748143 ) ;
#7191 = DIRECTION ( 'NONE',  ( 0.000000000000000000, 0.000000000000000000, 1.000000000000000000 ) ) ;
#7192 = LINE ( 'NONE', #2991, #6172 ) ;
#7193 =( LENGTH_UNIT ( ) NAMED_UNIT ( * ) SI_UNIT ( $, .METRE. ) );
#7194 = VECTOR ( 'NONE', #6350, 39.37007874015748143 ) ;
#7195 = COLOUR_RGB ( '',0.7490196078431372584, 0.7490196078431372584, 0.7490196078431372584 ) ;
#7196 = LENGTH_MEASURE_WITH_UNIT ( LENGTH_MEASURE( 0.02539999999999999897 ), #2916 );
#7197 = SURFACE_STYLE_USAGE ( .BOTH. , #4802 ) ;
#7198 = DIRECTION ( 'NONE',  ( -4.445400466247999577E-16, -1.000000000000000000, 0.000000000000000000 ) ) ;
#7199 = CARTESIAN_POINT ( 'NONE',  ( -0.05118110236220472370, 0.2563213514097637535, 0.03279966909992126228 ) ) ;
#7200 = SURFACE_STYLE_FILL_AREA ( #4805 ) ;
#7201 = STYLED_ITEM ( 'NONE', ( #3711 ), #7561 ) ;
#7202 = ORIENTED_EDGE ( 'NONE', *, *, #5212, .T. ) ;
#7203 = COLOUR_RGB ( '',0.2784313725490196179, 0.2784313725490196179, 0.2784313725490196179 ) ;
#7204 = DIRECTION ( 'NONE',  ( 0.000000000000000000, -1.000000000000000000, 0.000000000000000000 ) ) ;
#7205 = EDGE_CURVE ( 'NONE', #3910, #7728, #388, .T. ) ;
#7206 = EDGE_CURVE ( 'NONE', #5132, #5172, #4891, .T. ) ;
#7207 = AXIS2_PLACEMENT_3D ( 'NONE', #25, #2470, #2364 ) ;
#7208 = MECHANICAL_DESIGN_GEOMETRIC_PRESENTATION_REPRESENTATION (  '', ( #1485 ), #4055 ) ;
#7209 = UNCERTAINTY_MEASURE_WITH_UNIT (LENGTH_MEASURE( 1.000000000000000082E-05 ), #1470, 'distance_accuracy_value', 'NONE');
#7210 = ORIENTED_EDGE ( 'NONE', *, *, #7513, .F. ) ;
#7211 = PRESENTATION_STYLE_ASSIGNMENT (( #4849 ) ) ;
#7212 = FILL_AREA_STYLE_COLOUR ( '', #4810 ) ;
#7213 = COLOUR_RGB ( '',0.2784313725490196179, 0.2784313725490196179, 0.2784313725490196179 ) ;
#7214 = PLANE ( 'NONE',  #5046 ) ;
#7215 =( GEOMETRIC_REPRESENTATION_CONTEXT ( 3 ) GLOBAL_UNCERTAINTY_ASSIGNED_CONTEXT ( ( #7609 ) ) GLOBAL_UNIT_ASSIGNED_CONTEXT ( ( #1370, #6840, #6180 ) ) REPRESENTATION_CONTEXT ( 'NONE', 'WORKASPACE' ) );
#7216 = EDGE_CURVE ( 'NONE', #263, #2023, #6325, .T. ) ;
#7217 = EDGE_LOOP ( 'NONE', ( #5805, #1630, #5584, #4836 ) ) ;
#7218 = CARTESIAN_POINT ( 'NONE',  ( 0.1170188464628346553, -0.2450787401618897965, 0.09448818897637795144 ) ) ;
#7219 = SURFACE_STYLE_FILL_AREA ( #616 ) ;
#7220 =( CONVERSION_BASED_UNIT ( 'INCH', #6010 ) LENGTH_UNIT ( ) NAMED_UNIT ( #1652 ) );
#7221 = EDGE_CURVE ( 'NONE', #3169, #336, #2177, .T. ) ;
#7222 = PLANE ( 'NONE',  #2830 ) ;
#7223 = VECTOR ( 'NONE', #6774, 39.37007874015748143 ) ;
#7224 = SURFACE_SIDE_STYLE ('',( #2860 ) ) ;
#7225 = ORIENTED_EDGE ( 'NONE', *, *, #4456, .T. ) ;
#7226 = CARTESIAN_POINT ( 'NONE',  ( -0.06329531094598425667, 0.2490157480314960647, 0.000000000000000000 ) ) ;
#7227 = ORIENTED_EDGE ( 'NONE', *, *, #2556, .T. ) ;
#7228 = FILL_AREA_STYLE ('',( #3577 ) ) ;
#7229 = FILL_AREA_STYLE_COLOUR ( '', #2361 ) ;
#7230 = AXIS2_PLACEMENT_3D ( 'NONE', #3084, #161, #2593 ) ;
#7231 = CYLINDRICAL_SURFACE ( 'NONE', #4631, 0.1028445393700787441 ) ;
#7232 = MECHANICAL_DESIGN_GEOMETRIC_PRESENTATION_REPRESENTATION (  '', ( #2805 ), #6847 ) ;
#7233 =( GEOMETRIC_REPRESENTATION_CONTEXT ( 3 ) GLOBAL_UNCERTAINTY_ASSIGNED_CONTEXT ( ( #2057 ) ) GLOBAL_UNIT_ASSIGNED_CONTEXT ( ( #351, #7587, #4677 ) ) REPRESENTATION_CONTEXT ( 'NONE', 'WORKASPACE' ) );
#7234 = CARTESIAN_POINT ( 'NONE',  ( 0.05118110236220472370, 0.2563213514097637535, 0.000000000000000000 ) ) ;
#7235 = CARTESIAN_POINT ( 'NONE',  ( 0.1840131017811024172, 0.1889558061521260102, 0.01968503937007873988 ) ) ;
#7236 = ORIENTED_EDGE ( 'NONE', *, *, #7443, .F. ) ;
#7237 = DIMENSIONAL_EXPONENTS ( 1.000000000000000000, 0.000000000000000000, 0.000000000000000000, 0.000000000000000000, 0.000000000000000000, 0.000000000000000000, 0.000000000000000000 ) ;
#7238 = CARTESIAN_POINT ( 'NONE',  ( -0.2086614173228346636, -0.06603488399787402208, 0.000000000000000000 ) ) ;
#7239 = EDGE_LOOP ( 'NONE', ( #1305, #109, #543, #302 ) ) ;
#7240 =( GEOMETRIC_REPRESENTATION_CONTEXT ( 3 ) GLOBAL_UNCERTAINTY_ASSIGNED_CONTEXT ( ( #4230 ) ) GLOBAL_UNIT_ASSIGNED_CONTEXT ( ( #5188, #2374, #4855 ) ) REPRESENTATION_CONTEXT ( 'NONE', 'WORKASPACE' ) );
#7241 = SHAPE_REPRESENTATION ( 'Open CASCADE STEP translator 6.8 2', ( #1997 ), #4186 ) ;
#7242 = EDGE_CURVE ( 'NONE', #6389, #7244, #854, .T. ) ;
#7243 = AXIS2_PLACEMENT_3D ( 'NONE', #6980, #2166, #2725 ) ;
#7244 = VERTEX_POINT ( 'NONE', #2698 ) ;
#7245 =( CONVERSION_BASED_UNIT ( 'INCH', #535 ) LENGTH_UNIT ( ) NAMED_UNIT ( #7769 ) );
#7246 = CARTESIAN_POINT ( 'NONE',  ( -0.1827946717203937088, -0.06603488399787402208, 0.000000000000000000 ) ) ;
#7247 = LINE ( 'NONE', #6617, #3251 ) ;
#7248 = COLOUR_RGB ( '',0.7490196078431372584, 0.7490196078431372584, 0.7490196078431372584 ) ;
#7249 = VECTOR ( 'NONE', #7178, 39.37007874015748143 ) ;
#7250 = MECHANICAL_DESIGN_GEOMETRIC_PRESENTATION_REPRESENTATION (  '', ( #4876 ), #267 ) ;
#7251 = FILL_AREA_STYLE ('',( #2294 ) ) ;
#7252 = ADVANCED_FACE ( 'NONE', ( #3351 ), #4476, .T. ) ;
#7253 = EDGE_LOOP ( 'NONE', ( #4682, #3614, #5734, #888 ) ) ;
#7254 =( NAMED_UNIT ( * ) PLANE_ANGLE_UNIT ( ) SI_UNIT ( $, .RADIAN. ) );
#7255 = LINE ( 'NONE', #1808, #3830 ) ;
#7256 = ORIENTED_EDGE ( 'NONE', *, *, #7221, .F. ) ;
#7257 = CARTESIAN_POINT ( 'NONE',  ( 0.1788576638454330847, -0.1112605648740944836, 0.09448818897637795144 ) ) ;
#7258 = FACE_BOUND ( 'NONE', #411, .T. ) ;
#7259 = VECTOR ( 'NONE', #698, 39.37007874015748143 ) ;
#7260 = CYLINDRICAL_SURFACE ( 'NONE', #507, 0.1008760354330708597 ) ;
#7261 = MECHANICAL_DESIGN_GEOMETRIC_PRESENTATION_REPRESENTATION (  '', ( #146 ), #7143 ) ;
#7262 = VECTOR ( 'NONE', #3017, 39.37007874015748143 ) ;
#7263 = EDGE_CURVE ( 'NONE', #3256, #5168, #3497, .T. ) ;
#7264 = CARTESIAN_POINT ( 'NONE',  ( -0.09842519685039370636, -0.2651305442141732582, 0.01181102362204724046 ) ) ;
#7265 = EDGE_LOOP ( 'NONE', ( #7789, #4553, #2311, #5229 ) ) ;
#7266 = CARTESIAN_POINT ( 'NONE',  ( -0.09842519685039370636, -0.2915057198038976671, 0.000000000000000000 ) ) ;
#7267 = CARTESIAN_POINT ( 'NONE',  ( 0.09842519685039370636, -0.1983960629326377845, 0.02492565335188976286 ) ) ;
#7268 = DIRECTION ( 'NONE',  ( 1.000000000000000000, 0.000000000000000000, 0.000000000000000000 ) ) ;
#7269 = EDGE_LOOP ( 'NONE', ( #1992, #6083, #7546, #4444 ) ) ;
#7270 = VECTOR ( 'NONE', #2454, 39.37007874015748143 ) ;
#7271 = DIRECTION ( 'NONE',  ( 0.000000000000000000, 0.000000000000000000, 1.000000000000000000 ) ) ;
#7272 = STYLED_ITEM ( 'NONE', ( #7584 ), #7252 ) ;
#7273 =( NAMED_UNIT ( * ) SI_UNIT ( $, .STERADIAN. ) SOLID_ANGLE_UNIT ( ) );
#7274 = FACE_OUTER_BOUND ( 'NONE', #5451, .T. ) ;
#7275 = DIRECTION ( 'NONE',  ( 1.000000000000000000, 0.000000000000000000, 0.000000000000000000 ) ) ;
#7276 = EDGE_LOOP ( 'NONE', ( #194, #333, #6826, #6508 ) ) ;
#7277 =( LENGTH_UNIT ( ) NAMED_UNIT ( * ) SI_UNIT ( $, .METRE. ) );
#7278 = DIRECTION ( 'NONE',  ( -0.000000000000000000, 1.000000000000000000, 0.000000000000000000 ) ) ;
#7279 = ORIENTED_EDGE ( 'NONE', *, *, #3041, .T. ) ;
#7280 =( GEOMETRIC_REPRESENTATION_CONTEXT ( 3 ) GLOBAL_UNCERTAINTY_ASSIGNED_CONTEXT ( ( #7552 ) ) GLOBAL_UNIT_ASSIGNED_CONTEXT ( ( #7220, #1770, #2976 ) ) REPRESENTATION_CONTEXT ( 'NONE', 'WORKASPACE' ) );
#7281 = LINE ( 'NONE', #3117, #6319 ) ;
#7282 = UNCERTAINTY_MEASURE_WITH_UNIT (LENGTH_MEASURE( 1.000000000000000082E-05 ), #4460, 'distance_accuracy_value', 'NONE');
#7283 = ORIENTED_EDGE ( 'NONE', *, *, #5483, .T. ) ;
#7284 = CARTESIAN_POINT ( 'NONE',  ( -0.1827946717203543514, -0.1040084880705905435, 0.01968503937007873988 ) ) ;
#7285 = DIRECTION ( 'NONE',  ( 0.7010151984155978955, 0.7131463325225334549, 0.000000000000000000 ) ) ;
#7286 = AXIS2_PLACEMENT_3D ( 'NONE', #555, #6599, #2988 ) ;
#7287 = CARTESIAN_POINT ( 'NONE',  ( -0.07874015748031495954, -0.1983960629326377845, 0.02492565335188976286 ) ) ;
#7288 = ORIENTED_EDGE ( 'NONE', *, *, #6216, .F. ) ;
#7289 = DIRECTION ( 'NONE',  ( 1.000000000000000000, 0.000000000000000000, 0.000000000000000000 ) ) ;
#7290 = DIMENSIONAL_EXPONENTS ( 1.000000000000000000, 0.000000000000000000, 0.000000000000000000, 0.000000000000000000, 0.000000000000000000, 0.000000000000000000, 0.000000000000000000 ) ;
#7291 = CARTESIAN_POINT ( 'NONE',  ( 0.09842519685039370636, -0.2572565284661417206, 0.000000000000000000 ) ) ;
#7292 = ORIENTED_EDGE ( 'NONE', *, *, #5362, .F. ) ;
#7293 = SURFACE_STYLE_FILL_AREA ( #5461 ) ;
#7294 = VECTOR ( 'NONE', #4781, 39.37007874015748143 ) ;
#7295 =( CONVERSION_BASED_UNIT ( 'INCH', #43 ) LENGTH_UNIT ( ) NAMED_UNIT ( #6540 ) );
#7296 = DIRECTION ( 'NONE',  ( 0.000000000000000000, 0.000000000000000000, 1.000000000000000000 ) ) ;
#7297 = EDGE_CURVE ( 'NONE', #5263, #6389, #260, .T. ) ;
#7298 = FACE_BOUND ( 'NONE', #4861, .T. ) ;
#7299 = AXIS2_PLACEMENT_3D ( 'NONE', #5546, #1864, #3228 ) ;
#7300 = CARTESIAN_POINT ( 'NONE',  ( 0.07874015748031495954, -0.2651305442141732582, 0.003937007874015747977 ) ) ;
#7301 = LENGTH_MEASURE_WITH_UNIT ( LENGTH_MEASURE( 0.02539999999999999897 ), #5430 );
#7302 = VERTEX_POINT ( 'NONE', #2302 ) ;
#7303 = LINE ( 'NONE', #6779, #2879 ) ;
#7304 = ORIENTED_EDGE ( 'NONE', *, *, #3155, .F. ) ;
#7305 = PLANE ( 'NONE',  #119 ) ;
#7306 = AXIS2_PLACEMENT_3D ( 'NONE', #6745, #7384, #3769 ) ;
#7307 = CARTESIAN_POINT ( 'NONE',  ( 0.1624883442576771919, -0.2044385403713385729, 0.000000000000000000 ) ) ;
#7308 = FILL_AREA_STYLE ('',( #4915 ) ) ;
#7309 = MECHANICAL_DESIGN_GEOMETRIC_PRESENTATION_REPRESENTATION (  '', ( #1590 ), #3510 ) ;
#7310 = SURFACE_STYLE_USAGE ( .BOTH. , #741 ) ;
#7311 = UNCERTAINTY_MEASURE_WITH_UNIT (LENGTH_MEASURE( 1.000000000000000082E-05 ), #7245, 'distance_accuracy_value', 'NONE');
#7312 = ADVANCED_FACE ( 'NONE', ( #5975 ), #1070, .F. ) ;
#7313 = VECTOR ( 'NONE', #4938, 39.37007874015748143 ) ;
#7314 = FILL_AREA_STYLE ('',( #5671 ) ) ;
#7315 = LENGTH_MEASURE_WITH_UNIT ( LENGTH_MEASURE( 0.02539999999999999897 ), #6093 );
#7316 = VECTOR ( 'NONE', #5470, 39.37007874015748143 ) ;
#7317 = SURFACE_STYLE_USAGE ( .BOTH. , #4965 ) ;
#7318 = PRESENTATION_STYLE_ASSIGNMENT (( #4392 ) ) ;
#7319 = ORIENTED_EDGE ( 'NONE', *, *, #7469, .F. ) ;
#7320 = FACE_OUTER_BOUND ( 'NONE', #5308, .T. ) ;
#7321 = FACE_OUTER_BOUND ( 'NONE', #5662, .T. ) ;
#7323 = ORIENTED_EDGE ( 'NONE', *, *, #4124, .T. ) ;
#7322 = COLOUR_RGB ( '',0.7921568627450980005, 0.8196078431372548767, 0.9333333333333333481 ) ;
#7324 = EDGE_CURVE ( 'NONE', #5143, #7057, #6589, .T. ) ;
#7325 = AXIS2_PLACEMENT_3D ( 'NONE', #686, #3134, #86 ) ;
#7326 = COLOUR_RGB ( '',0.7490196078431372584, 0.7490196078431372584, 0.7490196078431372584 ) ;
#7327 = SURFACE_STYLE_FILL_AREA ( #5521 ) ;
#7328 =( GEOMETRIC_REPRESENTATION_CONTEXT ( 3 ) GLOBAL_UNCERTAINTY_ASSIGNED_CONTEXT ( ( #7603 ) ) GLOBAL_UNIT_ASSIGNED_CONTEXT ( ( #1288, #4535, #201 ) ) REPRESENTATION_CONTEXT ( 'NONE', 'WORKASPACE' ) );
#7329 = STYLED_ITEM ( 'NONE', ( #1941 ), #3584 ) ;
#7330 = DIRECTION ( 'NONE',  ( -1.000000000000000000, 0.000000000000000000, 0.000000000000000000 ) ) ;
#7331 = CARTESIAN_POINT ( 'NONE',  ( -0.09842519685039370636, -0.2651305442141732582, 0.03279966909992126228 ) ) ;
#7332 = PLANE ( 'NONE',  #6213 ) ;
#7333 = VERTEX_POINT ( 'NONE', #5357 ) ;
#7334 = SURFACE_STYLE_USAGE ( .BOTH. , #4286 ) ;
#7335 = FILL_AREA_STYLE_COLOUR ( '', #1132 ) ;
#7336 = ORIENTED_EDGE ( 'NONE', *, *, #4470, .F. ) ;
#7337 =( NAMED_UNIT ( * ) PLANE_ANGLE_UNIT ( ) SI_UNIT ( $, .RADIAN. ) );
#7338 = PRESENTATION_STYLE_ASSIGNMENT (( #6237 ) ) ;
#7339 = PLANE ( 'NONE',  #4858 ) ;
#7340 = CARTESIAN_POINT ( 'NONE',  ( 0.1827946717203543514, -0.01227691951566929271, 0.09842519685039370636 ) ) ;
#7341 = DIRECTION ( 'NONE',  ( -0.000000000000000000, -1.000000000000000000, -0.000000000000000000 ) ) ;
#7342 = ORIENTED_EDGE ( 'NONE', *, *, #4570, .T. ) ;
#7343 = LINE ( 'NONE', #1855, #7435 ) ;
#7344 = VERTEX_POINT ( 'NONE', #5934 ) ;
#7345 = ADVANCED_FACE ( 'NONE', ( #1102 ), #7073, .T. ) ;
#7346 = ORIENTED_EDGE ( 'NONE', *, *, #750, .F. ) ;
#7347 = ADVANCED_FACE ( 'NONE', ( #7258, #5463, #768 ), #2566, .T. ) ;
#7348 = SURFACE_STYLE_USAGE ( .BOTH. , #1186 ) ;
#7349 = PLANE ( 'NONE',  #5523 ) ;
#7350 = SURFACE_STYLE_USAGE ( .BOTH. , #5436 ) ;
#7351 = PRESENTATION_STYLE_ASSIGNMENT (( #7310 ) ) ;
#7352 =( NAMED_UNIT ( * ) SI_UNIT ( $, .STERADIAN. ) SOLID_ANGLE_UNIT ( ) );
#7353 = SURFACE_STYLE_USAGE ( .BOTH. , #5595 ) ;
#7354 = LENGTH_MEASURE_WITH_UNIT ( LENGTH_MEASURE( 0.02539999999999999897 ), #6608 );
#7355 = ADVANCED_FACE ( 'NONE', ( #726 ), #5617, .T. ) ;
#7356 = CARTESIAN_POINT ( 'NONE',  ( 0.1867316795943700647, -0.06934995292858267546, 0.09448818897637795144 ) ) ;
#7357 = COLOUR_RGB ( '',0.7490196078431372584, 0.7490196078431372584, 0.7490196078431372584 ) ;
#7358 = ORIENTED_EDGE ( 'NONE', *, *, #5970, .F. ) ;
#7359 =( CONVERSION_BASED_UNIT ( 'INCH', #4237 ) LENGTH_UNIT ( ) NAMED_UNIT ( #7048 ) );
#7360 = ORIENTED_EDGE ( 'NONE', *, *, #3625, .T. ) ;
#7361 = STYLED_ITEM ( 'NONE', ( #1358 ), #1206 ) ;
#7362 = VECTOR ( 'NONE', #78, 39.37007874015748143 ) ;
#7363 = LENGTH_MEASURE_WITH_UNIT ( LENGTH_MEASURE( 0.02539999999999999897 ), #4359 );
#7364 = SURFACE_STYLE_USAGE ( .BOTH. , #4447 ) ;
#7366 = EDGE_CURVE ( 'NONE', #1889, #6107, #5065, .T. ) ;
#7365 = UNCERTAINTY_MEASURE_WITH_UNIT (LENGTH_MEASURE( 1.000000000000000082E-05 ), #1457, 'distance_accuracy_value', 'NONE');
#7367 = ORIENTED_EDGE ( 'NONE', *, *, #2739, .T. ) ;
#7368 = PLANE ( 'NONE',  #4572 ) ;
#7369 = VECTOR ( 'NONE', #3565, 39.37007874015748143 ) ;
#7370 = STYLED_ITEM ( 'NONE', ( #2821 ), #646 ) ;
#7371 = UNCERTAINTY_MEASURE_WITH_UNIT (LENGTH_MEASURE( 1.000000000000000082E-05 ), #4752, 'distance_accuracy_value', 'NONE');
#7372 = LINE ( 'NONE', #120, #3180 ) ;
#7373 = DIRECTION ( 'NONE',  ( 1.000000000000000000, 0.000000000000000000, 0.000000000000000000 ) ) ;
#7374 = CARTESIAN_POINT ( 'NONE',  ( 0.1624883442576771919, -0.2044385403713385729, 0.000000000000000000 ) ) ;
#7375 = ORIENTED_EDGE ( 'NONE', *, *, #3903, .T. ) ;
#7376 =( CONVERSION_BASED_UNIT ( 'INCH', #3680 ) LENGTH_UNIT ( ) NAMED_UNIT ( #5959 ) );
#7377 = DIRECTION ( 'NONE',  ( -1.000000000000000000, 0.000000000000000000, 0.000000000000000000 ) ) ;
#7378 = DIRECTION ( 'NONE',  ( 1.000000000000000000, 0.000000000000000000, 0.000000000000000000 ) ) ;
#7379 =( CONVERSION_BASED_UNIT ( 'INCH', #4989 ) LENGTH_UNIT ( ) NAMED_UNIT ( #385 ) );
#7380 = PLANE ( 'NONE',  #6794 ) ;
#7381 = LINE ( 'NONE', #7300, #4103 ) ;
#7382 = ORIENTED_EDGE ( 'NONE', *, *, #3345, .T. ) ;
#7383 = FACE_OUTER_BOUND ( 'NONE', #7452, .T. ) ;
#7384 = DIRECTION ( 'NONE',  ( -0.000000000000000000, -0.000000000000000000, -1.000000000000000000 ) ) ;
#7385 = LINE ( 'NONE', #1939, #4231 ) ;
#7386 = DIRECTION ( 'NONE',  ( -1.000000000000000000, 0.000000000000000000, 0.000000000000000000 ) ) ;
#7387 = UNCERTAINTY_MEASURE_WITH_UNIT (LENGTH_MEASURE( 1.000000000000000082E-05 ), #7295, 'distance_accuracy_value', 'NONE');
#7388 = CYLINDRICAL_SURFACE ( 'NONE', #287, 0.003937007874015749712 ) ;
#7389 =( CONVERSION_BASED_UNIT ( 'INCH', #3275 ) LENGTH_UNIT ( ) NAMED_UNIT ( #1913 ) );
#7390 = SURFACE_STYLE_USAGE ( .BOTH. , #4390 ) ;
#7391 =( CONVERSION_BASED_UNIT ( 'INCH', #2468 ) LENGTH_UNIT ( ) NAMED_UNIT ( #4048 ) );
#7392 = VECTOR ( 'NONE', #6973, 39.37007874015748143 ) ;
#7393 = LINE ( 'NONE', #4886, #6908 ) ;
#7394 = VERTEX_POINT ( 'NONE', #3304 ) ;
#7395 = DIRECTION ( 'NONE',  ( 1.000000000000000000, 0.000000000000000000, 0.000000000000000000 ) ) ;
#7396 =( GEOMETRIC_REPRESENTATION_CONTEXT ( 3 ) GLOBAL_UNCERTAINTY_ASSIGNED_CONTEXT ( ( #7686 ) ) GLOBAL_UNIT_ASSIGNED_CONTEXT ( ( #5652, #3794, #7495 ) ) REPRESENTATION_CONTEXT ( 'NONE', 'WORKASPACE' ) );
#7397 =( NAMED_UNIT ( * ) SI_UNIT ( $, .STERADIAN. ) SOLID_ANGLE_UNIT ( ) );
#7398 = SURFACE_STYLE_FILL_AREA ( #1201 ) ;
#7399 = EDGE_LOOP ( 'NONE', ( #5091, #422, #7021, #5515 ) ) ;
#7400 = DIMENSIONAL_EXPONENTS ( 1.000000000000000000, 0.000000000000000000, 0.000000000000000000, 0.000000000000000000, 0.000000000000000000, 0.000000000000000000, 0.000000000000000000 ) ;
#7401 = ADVANCED_FACE ( 'NONE', ( #4627 ), #4510, .F. ) ;
#7402 = STYLED_ITEM ( 'NONE', ( #7787 ), #2659 ) ;
#7403 = CARTESIAN_POINT ( 'NONE',  ( -0.09199170751952756575, -0.2490157480314960647, 0.000000000000000000 ) ) ;
#7404 = ORIENTED_EDGE ( 'NONE', *, *, #3293, .T. ) ;
#7405 = EDGE_CURVE ( 'NONE', #91, #3858, #7539, .T. ) ;
#7406 = VECTOR ( 'NONE', #1754, 39.37007874015748143 ) ;
#7407 = SURFACE_SIDE_STYLE ('',( #5025 ) ) ;
#7408 = ORIENTED_EDGE ( 'NONE', *, *, #2046, .F. ) ;
#7409 = SURFACE_STYLE_USAGE ( .BOTH. , #5651 ) ;
#7410 = VERTEX_POINT ( 'NONE', #3341 ) ;
#7411 = CARTESIAN_POINT ( 'NONE',  ( 0.1867316795943700647, -0.06934995292858267546, 0.09842519685039370636 ) ) ;
#7412 = FILL_AREA_STYLE_COLOUR ( '', #7745 ) ;
#7413 = CARTESIAN_POINT ( 'NONE',  ( 0.1867316795943700647, -0.06934995292858267546, 0.09842519685039370636 ) ) ;
#7414 = DIRECTION ( 'NONE',  ( 1.000000000000000000, 0.000000000000000000, 0.000000000000000000 ) ) ;
#7415 = CARTESIAN_POINT ( 'NONE',  ( -0.1840131017811023617, 0.1300921114227165387, 0.01968503937007873988 ) ) ;
#7416 = VECTOR ( 'NONE', #4602, 39.37007874015748143 ) ;
#7417 =( CONVERSION_BASED_UNIT ( 'INCH', #688 ) LENGTH_UNIT ( ) NAMED_UNIT ( #3457 ) );
#7418 = ORIENTED_EDGE ( 'NONE', *, *, #5870, .T. ) ;
#7419 = SURFACE_STYLE_USAGE ( .BOTH. , #1348 ) ;
#7420 = ORIENTED_EDGE ( 'NONE', *, *, #943, .F. ) ;
#7421 =( CONVERSION_BASED_UNIT ( 'INCH', #4518 ) LENGTH_UNIT ( ) NAMED_UNIT ( #5417 ) );
#7422 = DIRECTION ( 'NONE',  ( 0.000000000000000000, 0.000000000000000000, 1.000000000000000000 ) ) ;
#7423 = ORIENTED_EDGE ( 'NONE', *, *, #5575, .F. ) ;
#7424 = DIRECTION ( 'NONE',  ( -1.000000000000000000, 0.000000000000000000, 0.000000000000000000 ) ) ;
#7425 = VECTOR ( 'NONE', #1823, 39.37007874015748143 ) ;
#7426 = CARTESIAN_POINT ( 'NONE',  ( -0.1028445393700787441, 0.04035433070866142197, 0.09842519685039370636 ) ) ;
#7427 = VECTOR ( 'NONE', #1407, 39.37007874015748143 ) ;
#7428 =( CONVERSION_BASED_UNIT ( 'INCH', #5011 ) LENGTH_UNIT ( ) NAMED_UNIT ( #371 ) );
#7429 = AXIS2_PLACEMENT_3D ( 'NONE', #6940, #1969, #4416 ) ;
#7430 =( NAMED_UNIT ( * ) PLANE_ANGLE_UNIT ( ) SI_UNIT ( $, .RADIAN. ) );
#7431 = ORIENTED_EDGE ( 'NONE', *, *, #7126, .F. ) ;
#7432 = FACE_OUTER_BOUND ( 'NONE', #6625, .T. ) ;
#7433 = CARTESIAN_POINT ( 'NONE',  ( -0.1836162183255414804, 0.1889558061521260379, 0.09650332533615048336 ) ) ;
#7434 = VERTEX_POINT ( 'NONE', #6280 ) ;
#7435 = VECTOR ( 'NONE', #1306, 39.37007874015748143 ) ;
#7436 = SURFACE_SIDE_STYLE ('',( #670 ) ) ;
#7437 =( LENGTH_UNIT ( ) NAMED_UNIT ( * ) SI_UNIT ( $, .METRE. ) );
#7438 = UNCERTAINTY_MEASURE_WITH_UNIT (LENGTH_MEASURE( 1.000000000000000082E-05 ), #1663, 'distance_accuracy_value', 'NONE');
#7439 = VERTEX_POINT ( 'NONE', #5655 ) ;
#7440 = EDGE_CURVE ( 'NONE', #1657, #3187, #2084, .T. ) ;
#7441 = SURFACE_STYLE_USAGE ( .BOTH. , #6971 ) ;
#7442 = VECTOR ( 'NONE', #6474, 39.37007874015748143 ) ;
#7443 = EDGE_CURVE ( 'NONE', #3372, #5746, #1478, .T. ) ;
#7444 =( GEOMETRIC_REPRESENTATION_CONTEXT ( 3 ) GLOBAL_UNCERTAINTY_ASSIGNED_CONTEXT ( ( #827 ) ) GLOBAL_UNIT_ASSIGNED_CONTEXT ( ( #6352, #3965, #5772 ) ) REPRESENTATION_CONTEXT ( 'NONE', 'WORKASPACE' ) );
#7445 = PLANE ( 'NONE',  #6754 ) ;
#7446 = VECTOR ( 'NONE', #3839, 39.37007874015748143 ) ;
#7447 = DIRECTION ( 'NONE',  ( 0.000000000000000000, -1.000000000000000000, 0.000000000000000000 ) ) ;
#7448 = LENGTH_MEASURE_WITH_UNIT ( LENGTH_MEASURE( 0.02539999999999999897 ), #1839 );
#7449 = DIMENSIONAL_EXPONENTS ( 1.000000000000000000, 0.000000000000000000, 0.000000000000000000, 0.000000000000000000, 0.000000000000000000, 0.000000000000000000, 0.000000000000000000 ) ;
#7450 = ORIENTED_EDGE ( 'NONE', *, *, #4429, .F. ) ;
#7451 = FACE_OUTER_BOUND ( 'NONE', #5030, .T. ) ;
#7452 = EDGE_LOOP ( 'NONE', ( #1098, #6130, #5195, #1635 ) ) ;
#7453 = CARTESIAN_POINT ( 'NONE',  ( -0.09842519685039370636, -0.2651305442141732582, 0.02492565335188976286 ) ) ;
#7454 = CARTESIAN_POINT ( 'NONE',  ( -1.777545739647244141E-12, -0.1112605648740944836, 0.09448818897637795144 ) ) ;
#7455 = EDGE_CURVE ( 'NONE', #4319, #4591, #6898, .T. ) ;
#7456 = PRESENTATION_STYLE_ASSIGNMENT (( #2452 ) ) ;
#7457 = CARTESIAN_POINT ( 'NONE',  ( -0.07874015748031495954, -0.2690675520881889993, 0.007874015748031495954 ) ) ;
#7458 = DIRECTION ( 'NONE',  ( 0.000000000000000000, 0.000000000000000000, 1.000000000000000000 ) ) ;
#7459 = CIRCLE ( 'NONE', #4434, 0.1008760354330708597 ) ;
#7460 =( GEOMETRIC_REPRESENTATION_CONTEXT ( 3 ) GLOBAL_UNCERTAINTY_ASSIGNED_CONTEXT ( ( #1371 ) ) GLOBAL_UNIT_ASSIGNED_CONTEXT ( ( #2093, #4593, #3984 ) ) REPRESENTATION_CONTEXT ( 'NONE', 'WORKASPACE' ) );
#7461 = VECTOR ( 'NONE', #1181, 39.37007874015748143 ) ;
#7462 = DIRECTION ( 'NONE',  ( 1.000000000000000000, 3.321391753813820219E-47, 3.431891152809439859E-78 ) ) ;
#7463 = CARTESIAN_POINT ( 'NONE',  ( -0.1867316795943700647, -0.06934995292858267546, 0.09448818897637795144 ) ) ;
#7464 = ORIENTED_EDGE ( 'NONE', *, *, #6538, .T. ) ;
#7465 =( NAMED_UNIT ( * ) SI_UNIT ( $, .STERADIAN. ) SOLID_ANGLE_UNIT ( ) );
#7466 = ORIENTED_EDGE ( 'NONE', *, *, #2169, .F. ) ;
#7467 = SURFACE_SIDE_STYLE ('',( #1395 ) ) ;
#7468 = CARTESIAN_POINT ( 'NONE',  ( -0.1585513363839370082, -0.01227691951566929271, 0.09448818897637795144 ) ) ;
#7469 = EDGE_CURVE ( 'NONE', #5796, #5280, #5775, .T. ) ;
#7470 = SURFACE_STYLE_FILL_AREA ( #3693 ) ;
#7471 = UNCERTAINTY_MEASURE_WITH_UNIT (LENGTH_MEASURE( 1.000000000000000082E-05 ), #3131, 'distance_accuracy_value', 'NONE');
#7472 = AXIS2_PLACEMENT_3D ( 'NONE', #3179, #7458, #6814 ) ;
#7473 = VECTOR ( 'NONE', #5605, 39.37007874015748143 ) ;
#7474 = FACE_OUTER_BOUND ( 'NONE', #7824, .T. ) ;
#7475 = PRESENTATION_STYLE_ASSIGNMENT (( #7353 ) ) ;
#7476 = EDGE_LOOP ( 'NONE', ( #3640, #6075, #1214, #7225 ) ) ;
#7477 = DIRECTION ( 'NONE',  ( 0.000000000000000000, 1.000000000000000000, -0.000000000000000000 ) ) ;
#7478 = CARTESIAN_POINT ( 'NONE',  ( -0.05118110236220472370, 0.3147934927945275629, 0.000000000000000000 ) ) ;
#7479 = VERTEX_POINT ( 'NONE', #2726 ) ;
#7480 = CARTESIAN_POINT ( 'NONE',  ( 0.1761390860343700904, 0.1952958511832283695, 0.09842519685039370636 ) ) ;
#7481 = ORIENTED_EDGE ( 'NONE', *, *, #2884, .F. ) ;
#7482 = FILL_AREA_STYLE_COLOUR ( '', #6950 ) ;
#7483 = FACE_OUTER_BOUND ( 'NONE', #3064, .T. ) ;
#7484 = PRESENTATION_LAYER_ASSIGNMENT (  '', '', ( #3045 ) ) ;
#7485 =( NAMED_UNIT ( * ) SI_UNIT ( $, .STERADIAN. ) SOLID_ANGLE_UNIT ( ) );
#7486 = ORIENTED_EDGE ( 'NONE', *, *, #943, .T. ) ;
#7487 = AXIS2_PLACEMENT_3D ( 'NONE', #6521, #4751, #1103 ) ;
#7488 = LENGTH_MEASURE_WITH_UNIT ( LENGTH_MEASURE( 0.02539999999999999897 ), #4538 );
#7489 =( NAMED_UNIT ( * ) SI_UNIT ( $, .STERADIAN. ) SOLID_ANGLE_UNIT ( ) );
#7490 = ADVANCED_FACE ( 'NONE', ( #5183 ), #7576, .T. ) ;
#7491 = ADVANCED_FACE ( 'NONE', ( #7170 ), #7689, .T. ) ;
#7492 = PLANE ( 'NONE',  #1991 ) ;
#7493 = ORIENTED_EDGE ( 'NONE', *, *, #4970, .T. ) ;
#7494 =( GEOMETRIC_REPRESENTATION_CONTEXT ( 3 ) GLOBAL_UNCERTAINTY_ASSIGNED_CONTEXT ( ( #1982 ) ) GLOBAL_UNIT_ASSIGNED_CONTEXT ( ( #108, #2552, #5449 ) ) REPRESENTATION_CONTEXT ( 'NONE', 'WORKASPACE' ) );
#7495 =( NAMED_UNIT ( * ) SI_UNIT ( $, .STERADIAN. ) SOLID_ANGLE_UNIT ( ) );
#7496 = ORIENTED_EDGE ( 'NONE', *, *, #6857, .F. ) ;
#7497 = DIRECTION ( 'NONE',  ( -1.000000000000000000, 0.000000000000000000, -0.000000000000000000 ) ) ;
#7498 = SURFACE_STYLE_FILL_AREA ( #769 ) ;
#7499 = CONTEXT_DEPENDENT_SHAPE_REPRESENTATION ( #3482, #6215 ) ;
#7500 = FILL_AREA_STYLE ('',( #2652 ) ) ;
#7501 = STYLED_ITEM ( 'NONE', ( #695 ), #1420 ) ;
#7502 = MECHANICAL_DESIGN_GEOMETRIC_PRESENTATION_REPRESENTATION (  '', ( #2285 ), #1376 ) ;
#7503 = LINE ( 'NONE', #6321, #64 ) ;
#7504 = ADVANCED_FACE ( 'NONE', ( #4707 ), #3453, .T. ) ;
#7505 = EDGE_CURVE ( 'NONE', #2897, #3451, #2128, .T. ) ;
#7506 = ORIENTED_EDGE ( 'NONE', *, *, #7146, .F. ) ;
#7507 = SURFACE_STYLE_FILL_AREA ( #5193 ) ;
#7508 = ORIENTED_EDGE ( 'NONE', *, *, #7039, .F. ) ;
#7509 = CARTESIAN_POINT ( 'NONE',  ( -0.1800760939070866207, 0.1276890742665748035, 0.000000000000000000 ) ) ;
#7510 = PRESENTATION_LAYER_ASSIGNMENT (  '', '', ( #6506 ) ) ;
#7511 = SURFACE_SIDE_STYLE ('',( #2700 ) ) ;
#7512 = CARTESIAN_POINT ( 'NONE',  ( 0.1867316795943700647, -0.1040084880705905435, 0.01968503937007873988 ) ) ;
#7513 = EDGE_CURVE ( 'NONE', #95, #2040, #1919, .T. ) ;
#7514 =( GEOMETRIC_REPRESENTATION_CONTEXT ( 3 ) GLOBAL_UNCERTAINTY_ASSIGNED_CONTEXT ( ( #7311 ) ) GLOBAL_UNIT_ASSIGNED_CONTEXT ( ( #7245, #4092, #6513 ) ) REPRESENTATION_CONTEXT ( 'NONE', 'WORKASPACE' ) );
#7515 =( NAMED_UNIT ( * ) SI_UNIT ( $, .STERADIAN. ) SOLID_ANGLE_UNIT ( ) );
#7516 = LINE ( 'NONE', #2665, #4545 ) ;
#7517 = FILL_AREA_STYLE ('',( #3821 ) ) ;
#7518 = ORIENTED_EDGE ( 'NONE', *, *, #4483, .T. ) ;
#7519 = CIRCLE ( 'NONE', #5141, 0.1008760354330708597 ) ;
#7520 = SURFACE_SIDE_STYLE ('',( #5134 ) ) ;
#7521 = ORIENTED_EDGE ( 'NONE', *, *, #1906, .F. ) ;
#7522 = ADVANCED_FACE ( 'NONE', ( #6651 ), #4277, .F. ) ;
#7523 = CARTESIAN_POINT ( 'NONE',  ( 0.1624883442576771919, -0.1151975727482677236, 0.000000000000000000 ) ) ;
#7524 =( GEOMETRIC_REPRESENTATION_CONTEXT ( 3 ) GLOBAL_UNCERTAINTY_ASSIGNED_CONTEXT ( ( #4125 ) ) GLOBAL_UNIT_ASSIGNED_CONTEXT ( ( #4310, #2959, #5986 ) ) REPRESENTATION_CONTEXT ( 'NONE', 'WORKASPACE' ) );
#7525 = PRESENTATION_STYLE_ASSIGNMENT (( #74 ) ) ;
#7526 = UNCERTAINTY_MEASURE_WITH_UNIT (LENGTH_MEASURE( 1.000000000000000082E-05 ), #3411, 'distance_accuracy_value', 'NONE');
#7527 = LINE ( 'NONE', #6342, #4170 ) ;
#7528 = VERTEX_POINT ( 'NONE', #4851 ) ;
#7529 = AXIS2_PLACEMENT_3D ( 'NONE', #4754, #5978, #2904 ) ;
#7530 = SURFACE_STYLE_USAGE ( .BOTH. , #5732 ) ;
#7531 = LINE ( 'NONE', #2078, #3014 ) ;
#7532 = FILL_AREA_STYLE ('',( #2643 ) ) ;
#7533 =( REPRESENTATION_RELATIONSHIP ('NONE','NONE', #5946, #733 ) REPRESENTATION_RELATIONSHIP_WITH_TRANSFORMATION ( #6437 )SHAPE_REPRESENTATION_RELATIONSHIP( ) );
#7534 = VERTEX_POINT ( 'NONE', #4933 ) ;
#7535 = PRESENTATION_STYLE_ASSIGNMENT (( #7409 ) ) ;
#7536 = LINE ( 'NONE', #2875, #7406 ) ;
#7537 = ORIENTED_EDGE ( 'NONE', *, *, #4469, .F. ) ;
#7538 = LINE ( 'NONE', #1477, #7127 ) ;
#7539 = LINE ( 'NONE', #881, #7446 ) ;
#7540 = DIRECTION ( 'NONE',  ( 0.000000000000000000, 0.000000000000000000, 1.000000000000000000 ) ) ;
#7541 = CARTESIAN_POINT ( 'NONE',  ( 0.1585513363800787334, -0.2028275265905511993, 0.09448818897637795144 ) ) ;
#7542 = PRESENTATION_LAYER_ASSIGNMENT (  '', '', ( #1951 ) ) ;
#7543 = CARTESIAN_POINT ( 'NONE',  ( 0.1867316795943700647, -0.06934995292858267546, 0.09448818897637795144 ) ) ;
#7544 = ORIENTED_EDGE ( 'NONE', *, *, #3095, .T. ) ;
#7545 = CARTESIAN_POINT ( 'NONE',  ( 0.06329531094598425667, 0.2490157480314960647, 0.000000000000000000 ) ) ;
#7546 = ORIENTED_EDGE ( 'NONE', *, *, #6439, .F. ) ;
#7547 = CARTESIAN_POINT ( 'NONE',  ( 8.741913579724409950E-17, 0.04035433070866142197, 0.000000000000000000 ) ) ;
#7548 = SURFACE_STYLE_FILL_AREA ( #810 ) ;
#7549 = EDGE_CURVE ( 'NONE', #4340, #7528, #5487, .T. ) ;
#7550 = EDGE_CURVE ( 'NONE', #5811, #663, #1956, .T. ) ;
#7551 = FACE_OUTER_BOUND ( 'NONE', #528, .T. ) ;
#7552 = UNCERTAINTY_MEASURE_WITH_UNIT (LENGTH_MEASURE( 1.000000000000000082E-05 ), #7220, 'distance_accuracy_value', 'NONE');
#7553 = CARTESIAN_POINT ( 'NONE',  ( 0.000000000000000000, 0.2681323750318110322, 0.007874015748031495954 ) ) ;
#7554 = AXIS2_PLACEMENT_3D ( 'NONE', #5821, #1653, #4748 ) ;
#7555 =( CONVERSION_BASED_UNIT ( 'INCH', #6374 ) LENGTH_UNIT ( ) NAMED_UNIT ( #1963 ) );
#7556 = CARTESIAN_POINT ( 'NONE',  ( 0.05905511811023622659, -0.01172738801307086735, 0.08661417322834646937 ) ) ;
#7557 = DIRECTION ( 'NONE',  ( 0.000000000000000000, -1.000000000000000000, -0.000000000000000000 ) ) ;
#7558 = DIRECTION ( 'NONE',  ( -1.000000000000000000, -0.000000000000000000, -0.000000000000000000 ) ) ;
#7559 = SURFACE_SIDE_STYLE ('',( #2103 ) ) ;
#7560 = CARTESIAN_POINT ( 'NONE',  ( 0.1800760939070866207, 0.1300921114227165387, 0.09448818897637795144 ) ) ;
#7561 = ADVANCED_FACE ( 'NONE', ( #3082 ), #7368, .T. ) ;
#7562 = LENGTH_MEASURE_WITH_UNIT ( LENGTH_MEASURE( 0.02539999999999999897 ), #278 );
#7563 = EDGE_LOOP ( 'NONE', ( #4625, #6958, #5735, #5568, #7832, #7518, #2553, #5745, #1083, #5318, #6277, #6634 ) ) ;
#7564 = AXIS2_PLACEMENT_3D ( 'NONE', #2864, #437, #4226 ) ;
#7565 = ORIENTED_EDGE ( 'NONE', *, *, #63, .T. ) ;
#7566 =( NAMED_UNIT ( * ) SI_UNIT ( $, .STERADIAN. ) SOLID_ANGLE_UNIT ( ) );
#7567 = EDGE_CURVE ( 'NONE', #1090, #4082, #5710, .T. ) ;
#7568 = DIRECTION ( 'NONE',  ( 0.000000000000000000, 0.000000000000000000, 1.000000000000000000 ) ) ;
#7570 = ORIENTED_EDGE ( 'NONE', *, *, #1140, .T. ) ;
#7569 = VECTOR ( 'NONE', #959, 39.37007874015748143 ) ;
#7571 = MECHANICAL_DESIGN_GEOMETRIC_PRESENTATION_REPRESENTATION (  '', ( #2104 ), #5191 ) ;
#7572 = LINE ( 'NONE', #4579, #7392 ) ;
#7573 = EDGE_LOOP ( 'NONE', ( #914, #3979, #4653, #5016 ) ) ;
#7574 = ORIENTED_EDGE ( 'NONE', *, *, #5312, .T. ) ;
#7575 = LINE ( 'NONE', #1525, #1007 ) ;
#7576 = CYLINDRICAL_SURFACE ( 'NONE', #5830, 0.007874015748031495954 ) ;
#7577 = AXIS2_PLACEMENT_3D ( 'NONE', #919, #6315, #291 ) ;
#7578 = LENGTH_MEASURE_WITH_UNIT ( LENGTH_MEASURE( 0.02539999999999999897 ), #1529 );
#7579 = ORIENTED_EDGE ( 'NONE', *, *, #6270, .T. ) ;
#7580 = SURFACE_SIDE_STYLE ('',( #7507 ) ) ;
#7581 = SURFACE_STYLE_FILL_AREA ( #1532 ) ;
#7582 = ORIENTED_EDGE ( 'NONE', *, *, #7159, .F. ) ;
#7583 = MECHANICAL_DESIGN_GEOMETRIC_PRESENTATION_REPRESENTATION (  '', ( #3020 ), #710 ) ;
#7584 = PRESENTATION_STYLE_ASSIGNMENT (( #5707 ) ) ;
#7585 = DIRECTION ( 'NONE',  ( 0.000000000000000000, 0.000000000000000000, 1.000000000000000000 ) ) ;
#7586 = DIRECTION ( 'NONE',  ( -0.000000000000000000, -0.000000000000000000, -1.000000000000000000 ) ) ;
#7587 =( NAMED_UNIT ( * ) PLANE_ANGLE_UNIT ( ) SI_UNIT ( $, .RADIAN. ) );
#7588 = FILL_AREA_STYLE ('',( #1494 ) ) ;
#7589 = AXIS2_PLACEMENT_3D ( 'NONE', #4565, #6491, #3392 ) ;
#7590 = EDGE_CURVE ( 'NONE', #5764, #3944, #3866, .T. ) ;
#7591 = DIRECTION ( 'NONE',  ( 0.000000000000000000, -0.000000000000000000, 1.000000000000000000 ) ) ;
#7592 = CARTESIAN_POINT ( 'NONE',  ( 0.1811068001582643860, 0.1889558061521260102, 0.09842519685039370636 ) ) ;
#7593 = VERTEX_POINT ( 'NONE', #793 ) ;
#7594 = FACE_OUTER_BOUND ( 'NONE', #4051, .T. ) ;
#7595 = FACE_OUTER_BOUND ( 'NONE', #1912, .T. ) ;
#7596 = LINE ( 'NONE', #1545, #2349 ) ;
#7597 = DIRECTION ( 'NONE',  ( 0.000000000000000000, -0.000000000000000000, 1.000000000000000000 ) ) ;
#7598 = COLOUR_RGB ( '',0.7490196078431372584, 0.7490196078431372584, 0.7490196078431372584 ) ;
#7599 = CARTESIAN_POINT ( 'NONE',  ( -0.05905511811023622659, 0.09243604943039369914, 0.08661417322834646937 ) ) ;
#7600 = EDGE_LOOP ( 'NONE', ( #3049, #5628 ) ) ;
#7601 = EDGE_CURVE ( 'NONE', #1455, #5261, #7722, .T. ) ;
#7602 = LINE ( 'NONE', #5952, #4106 ) ;
#7603 = UNCERTAINTY_MEASURE_WITH_UNIT (LENGTH_MEASURE( 1.000000000000000082E-05 ), #1288, 'distance_accuracy_value', 'NONE');
#7604 = EDGE_LOOP ( 'NONE', ( #3403, #3592, #2734, #821 ) ) ;
#7605 = SURFACE_STYLE_USAGE ( .BOTH. , #3404 ) ;
#7606 = ORIENTED_EDGE ( 'NONE', *, *, #6538, .F. ) ;
#7607 = PLANE ( 'NONE',  #5565 ) ;
#7608 = EDGE_CURVE ( 'NONE', #1115, #4591, #2476, .T. ) ;
#7609 = UNCERTAINTY_MEASURE_WITH_UNIT (LENGTH_MEASURE( 1.000000000000000082E-05 ), #1370, 'distance_accuracy_value', 'NONE');
#7610 = ORIENTED_EDGE ( 'NONE', *, *, #1721, .F. ) ;
#7611 = ORIENTED_EDGE ( 'NONE', *, *, #822, .F. ) ;
#7612 = PRESENTATION_STYLE_ASSIGNMENT (( #2771 ) ) ;
#7613 = PRESENTATION_LAYER_ASSIGNMENT (  '', '', ( #4594 ) ) ;
#7614 =( GEOMETRIC_REPRESENTATION_CONTEXT ( 3 ) GLOBAL_UNCERTAINTY_ASSIGNED_CONTEXT ( ( #4307 ) ) GLOBAL_UNIT_ASSIGNED_CONTEXT ( ( #6889, #6271, #1512 ) ) REPRESENTATION_CONTEXT ( 'NONE', 'WORKASPACE' ) );
#7615 = DIRECTION ( 'NONE',  ( 1.000000000000000000, -0.000000000000000000, 0.000000000000000000 ) ) ;
#7616 = CYLINDRICAL_SURFACE ( 'NONE', #2423, 0.003937007874015758385 ) ;
#7617 = AXIS2_PLACEMENT_3D ( 'NONE', #6486, #4062, #6554 ) ;
#7618 = ORIENTED_EDGE ( 'NONE', *, *, #1805, .F. ) ;
#7619 = DIRECTION ( 'NONE',  ( -0.000000000000000000, -0.000000000000000000, -1.000000000000000000 ) ) ;
#7620 = FILL_AREA_STYLE ('',( #7738 ) ) ;
#7621 = EDGE_LOOP ( 'NONE', ( #4806, #305, #7082, #2495 ) ) ;
#7622 = DIRECTION ( 'NONE',  ( -0.000000000000000000, -0.000000000000000000, -1.000000000000000000 ) ) ;
#7623 = PRODUCT_DEFINITION_SHAPE ( 'NONE', 'NONE',  #3955 ) ;
#7624 = LINE ( 'NONE', #227, #721 ) ;
#7625 = CARTESIAN_POINT ( 'NONE',  ( -0.05118110236220472370, 0.2563213514097637535, 0.02492565335188976286 ) ) ;
#7626 = SURFACE_STYLE_FILL_AREA ( #7588 ) ;
#7627 = PRESENTATION_LAYER_ASSIGNMENT (  '', '', ( #5738 ) ) ;
#7628 = CARTESIAN_POINT ( 'NONE',  ( 0.07874015748031495954, 0.04035433070866142197, 0.08661417322834646937 ) ) ;
#7629 = PLANE ( 'NONE',  #7129 ) ;
#7630 = CARTESIAN_POINT ( 'NONE',  ( 0.1840131017811024727, 0.1889558061521260102, 0.09551889522755571682 ) ) ;
#7631 = ORIENTED_EDGE ( 'NONE', *, *, #7297, .T. ) ;
#7632 = PRESENTATION_STYLE_ASSIGNMENT (( #6331 ) ) ;
#7633 = PRESENTATION_LAYER_ASSIGNMENT (  '', '', ( #520 ) ) ;
#7634 = CARTESIAN_POINT ( 'NONE',  ( -0.1771653543309200940, 0.04035433070866142197, -0.04330708661456693365 ) ) ;
#7635 = EDGE_LOOP ( 'NONE', ( #6559, #3144, #7025, #6519 ) ) ;
#7636 = DIMENSIONAL_EXPONENTS ( 1.000000000000000000, 0.000000000000000000, 0.000000000000000000, 0.000000000000000000, 0.000000000000000000, 0.000000000000000000, 0.000000000000000000 ) ;
#7637 = STYLED_ITEM ( 'NONE', ( #2795 ), #2047 ) ;
#7638 = DIRECTION ( 'NONE',  ( 1.000000000000000000, 0.000000000000000000, 0.000000000000000000 ) ) ;
#7639 = AXIS2_PLACEMENT_3D ( 'NONE', #3149, #6163, #5001 ) ;
#7640 = VERTEX_POINT ( 'NONE', #5729 ) ;
#7641 = CARTESIAN_POINT ( 'NONE',  ( 0.05118110236220472370, 0.2563213514097637535, 0.007874015748031495954 ) ) ;
#7642 = LENGTH_MEASURE_WITH_UNIT ( LENGTH_MEASURE( 0.02539999999999999897 ), #6573 );
#7643 = EDGE_CURVE ( 'NONE', #4944, #2257, #245, .T. ) ;
#7644 = EDGE_CURVE ( 'NONE', #2216, #1514, #843, .T. ) ;
#7645 = FACE_OUTER_BOUND ( 'NONE', #6524, .T. ) ;
#7646 = DIMENSIONAL_EXPONENTS ( 1.000000000000000000, 0.000000000000000000, 0.000000000000000000, 0.000000000000000000, 0.000000000000000000, 0.000000000000000000, 0.000000000000000000 ) ;
#7647 = STYLED_ITEM ( 'NONE', ( #2942 ), #4779 ) ;
#7648 = LENGTH_MEASURE_WITH_UNIT ( LENGTH_MEASURE( 0.02539999999999999897 ), #5266 );
#7649 = VERTEX_POINT ( 'NONE', #5766 ) ;
#7650 = EDGE_LOOP ( 'NONE', ( #4409, #3102, #7883, #4574 ) ) ;
#7651 =( NAMED_UNIT ( * ) SI_UNIT ( $, .STERADIAN. ) SOLID_ANGLE_UNIT ( ) );
#7652 = COLOUR_RGB ( '',0.2784313725490196179, 0.2784313725490196179, 0.2784313725490196179 ) ;
#7653 = FILL_AREA_STYLE_COLOUR ( '', #4489 ) ;
#7654 = EDGE_CURVE ( 'NONE', #6647, #1514, #6799, .T. ) ;
#7655 = DIRECTION ( 'NONE',  ( 1.000000000000000000, 0.000000000000000000, 0.000000000000000000 ) ) ;
#7656 = ORIENTED_EDGE ( 'NONE', *, *, #4667, .F. ) ;
#7657 = FACE_OUTER_BOUND ( 'NONE', #660, .T. ) ;
#7658 = CARTESIAN_POINT ( 'NONE',  ( 0.1800760939070866484, 0.1276890742665748035, 0.000000000000000000 ) ) ;
#7659 = VERTEX_POINT ( 'NONE', #6888 ) ;
#7660 = FILL_AREA_STYLE ('',( #6365 ) ) ;
#7661 =( LENGTH_UNIT ( ) NAMED_UNIT ( * ) SI_UNIT ( $, .METRE. ) );
#7662 = CLOSED_SHELL ( 'NONE', ( #4358, #6967, #1905, #656, #1298, #3083, #4896, #107, #5827, #3672, #7252, #2021, #2509, #1703 ) ) ;
#7663 =( LENGTH_UNIT ( ) NAMED_UNIT ( * ) SI_UNIT ( $, .METRE. ) );
#7664 = DIRECTION ( 'NONE',  ( 0.000000000000000000, -1.000000000000000000, -0.000000000000000000 ) ) ;
#7665 = CARTESIAN_POINT ( 'NONE',  ( 0.1827946717203543514, -0.1040084880705905573, 0.09448818897637795144 ) ) ;
#7666 = ORIENTED_EDGE ( 'NONE', *, *, #7567, .F. ) ;
#7667 = DIRECTION ( 'NONE',  ( 0.000000000000000000, 0.000000000000000000, 1.000000000000000000 ) ) ;
#7668 = SURFACE_STYLE_USAGE ( .BOTH. , #2146 ) ;
#7669 = LENGTH_MEASURE_WITH_UNIT ( LENGTH_MEASURE( 0.02539999999999999897 ), #6333 );
#7670 = ORIENTED_EDGE ( 'NONE', *, *, #4661, .T. ) ;
#7671 = CARTESIAN_POINT ( 'NONE',  ( 0.1800760939070866207, 0.1992328590562992274, 0.000000000000000000 ) ) ;
#7672 = COLOUR_RGB ( '',0.2784313725490196179, 0.2784313725490196179, 0.2784313725490196179 ) ;
#7673 =( NAMED_UNIT ( * ) SI_UNIT ( $, .STERADIAN. ) SOLID_ANGLE_UNIT ( ) );
#7674 = ORIENTED_EDGE ( 'NONE', *, *, #4819, .F. ) ;
#7675 = COLOUR_RGB ( '',0.2784313725490196179, 0.2784313725490196179, 0.2784313725490196179 ) ;
#7676 =( CONVERSION_BASED_UNIT ( 'INCH', #1708 ) LENGTH_UNIT ( ) NAMED_UNIT ( #5448 ) );
#7677 = FILL_AREA_STYLE ('',( #2238 ) ) ;
#7678 = DIRECTION ( 'NONE',  ( 0.000000000000000000, 0.000000000000000000, 1.000000000000000000 ) ) ;
#7679 = CIRCLE ( 'NONE', #6305, 0.01968503937007875723 ) ;
#7680 =( NAMED_UNIT ( * ) SI_UNIT ( $, .STERADIAN. ) SOLID_ANGLE_UNIT ( ) );
#7681 = DIMENSIONAL_EXPONENTS ( 1.000000000000000000, 0.000000000000000000, 0.000000000000000000, 0.000000000000000000, 0.000000000000000000, 0.000000000000000000, 0.000000000000000000 ) ;
#7682 = PRODUCT ( 'Open CASCADE STEP translator 6.8 2', 'Open CASCADE STEP translator 6.8 2', '', ( #2214 ) ) ;
#7683 = EDGE_CURVE ( 'NONE', #2600, #2191, #7527, .T. ) ;
#7684 = VECTOR ( 'NONE', #1859, 39.37007874015748143 ) ;
#7685 = ADVANCED_FACE ( 'NONE', ( #6842 ), #870, .T. ) ;
#7686 = UNCERTAINTY_MEASURE_WITH_UNIT (LENGTH_MEASURE( 1.000000000000000082E-05 ), #5652, 'distance_accuracy_value', 'NONE');
#7687 = ORIENTED_EDGE ( 'NONE', *, *, #5526, .F. ) ;
#7688 = CARTESIAN_POINT ( 'NONE',  ( 0.1788576638454330847, -0.1112605648740944836, 0.09842519685039370636 ) ) ;
#7689 = CYLINDRICAL_SURFACE ( 'NONE', #2506, 0.01968503937007875723 ) ;
#7690 = MECHANICAL_DESIGN_GEOMETRIC_PRESENTATION_REPRESENTATION (  '', ( #819 ), #1840 ) ;
#7691 = PRESENTATION_LAYER_ASSIGNMENT (  '', '', ( #2236 ) ) ;
#7692 = FACE_OUTER_BOUND ( 'NONE', #3332, .T. ) ;
#7693 = SURFACE_STYLE_USAGE ( .BOTH. , #1645 ) ;
#7694 = CARTESIAN_POINT ( 'NONE',  ( 0.2047244094462598307, -0.06209787612507874227, 0.09448818897637795144 ) ) ;
#7695 = CARTESIAN_POINT ( 'NONE',  ( -0.1800760939070866207, 0.1595239587874015541, 0.09448818897637795144 ) ) ;
#7696 = AXIS2_PLACEMENT_3D ( 'NONE', #2693, #7067, #6401 ) ;
#7697 = VECTOR ( 'NONE', #4339, 39.37007874015748143 ) ;
#7698 = EDGE_CURVE ( 'NONE', #4644, #4300, #5955, .T. ) ;
#7699 = ORIENTED_EDGE ( 'NONE', *, *, #5643, .T. ) ;
#7700 =( NAMED_UNIT ( * ) PLANE_ANGLE_UNIT ( ) SI_UNIT ( $, .RADIAN. ) );
#7701 = DIRECTION ( 'NONE',  ( -0.000000000000000000, 0.000000000000000000, 1.000000000000000000 ) ) ;
#7702 = VERTEX_POINT ( 'NONE', #2966 ) ;
#7703 = DIRECTION ( 'NONE',  ( -0.000000000000000000, -0.000000000000000000, -1.000000000000000000 ) ) ;
#7704 = DIRECTION ( 'NONE',  ( -1.000000000000000000, -0.000000000000000000, 0.000000000000000000 ) ) ;
#7705 =( NAMED_UNIT ( * ) PLANE_ANGLE_UNIT ( ) SI_UNIT ( $, .RADIAN. ) );
#7706 =( GEOMETRIC_REPRESENTATION_CONTEXT ( 3 ) GLOBAL_UNCERTAINTY_ASSIGNED_CONTEXT ( ( #5419 ) ) GLOBAL_UNIT_ASSIGNED_CONTEXT ( ( #2286, #6029, #2404 ) ) REPRESENTATION_CONTEXT ( 'NONE', 'WORKASPACE' ) );
#7707 = CARTESIAN_POINT ( 'NONE',  ( -0.1821037394200218373, 0.1889558061521259824, 0.09804082254799559304 ) ) ;
#7708 = CARTESIAN_POINT ( 'NONE',  ( -0.1840131017814778114, 0.1300921114227165665, 0.09558787283408123892 ) ) ;
#7709 = STYLED_ITEM ( 'NONE', ( #2687 ), #7401 ) ;
#7710 = AXIS2_PLACEMENT_3D ( 'NONE', #5951, #2917, #7761 ) ;
#7711 = ADVANCED_FACE ( 'NONE', ( #3515 ), #1019, .F. ) ;
#7712 = CARTESIAN_POINT ( 'NONE',  ( 0.05905511811023914093, -0.01172738801307927382, 0.000000000000000000 ) ) ;
#7713 = SURFACE_STYLE_FILL_AREA ( #2791 ) ;
#7714 = ORIENTED_EDGE ( 'NONE', *, *, #7174, .T. ) ;
#7715 = DIRECTION ( 'NONE',  ( -1.000000000000000000, -0.000000000000000000, -0.000000000000000000 ) ) ;
#7716 = CARTESIAN_POINT ( 'NONE',  ( -0.1800760939070866207, 0.1300921114227165387, 0.09448818897637795144 ) ) ;
#7717 = DIMENSIONAL_EXPONENTS ( 1.000000000000000000, 0.000000000000000000, 0.000000000000000000, 0.000000000000000000, 0.000000000000000000, 0.000000000000000000, 0.000000000000000000 ) ;
#7718 = FILL_AREA_STYLE ('',( #4762 ) ) ;
#7719 = LENGTH_MEASURE_WITH_UNIT ( LENGTH_MEASURE( 0.02539999999999999897 ), #1040 );
#7720 = PLANE ( 'NONE',  #7772 ) ;
#7721 = FACE_OUTER_BOUND ( 'NONE', #4015, .T. ) ;
#7722 = CIRCLE ( 'NONE', #3407, 0.007874015748031495954 ) ;
#7723 =( NAMED_UNIT ( * ) SI_UNIT ( $, .STERADIAN. ) SOLID_ANGLE_UNIT ( ) );
#7724 = MECHANICAL_DESIGN_GEOMETRIC_PRESENTATION_REPRESENTATION (  '', ( #605 ), #6698 ) ;
#7725 = LENGTH_MEASURE_WITH_UNIT ( LENGTH_MEASURE( 0.02539999999999999897 ), #2963 );
#7726 = CARTESIAN_POINT ( 'NONE',  ( -0.1330390167485826780, 0.1992328590562992274, 0.000000000000000000 ) ) ;
#7727 = DIRECTION ( 'NONE',  ( 1.000000000000000000, 0.000000000000000000, -0.000000000000000000 ) ) ;
#7728 = VERTEX_POINT ( 'NONE', #6537 ) ;
#7729 = COLOUR_RGB ( '',0.7490196078431372584, 0.7490196078431372584, 0.7490196078431372584 ) ;
#7730 = DIRECTION ( 'NONE',  ( -1.000000000000000000, -0.000000000000000000, -0.000000000000000000 ) ) ;
#7731 = ORIENTED_EDGE ( 'NONE', *, *, #6439, .T. ) ;
#7732 = LENGTH_MEASURE_WITH_UNIT ( LENGTH_MEASURE( 0.02539999999999999897 ), #5856 );
#7733 = FILL_AREA_STYLE_COLOUR ( '', #868 ) ;
#7734 = PRODUCT_DEFINITION ( 'UNKNOWN', '', #2912, #7775 ) ;
#7735 = EDGE_CURVE ( 'NONE', #6611, #1715, #1592, .T. ) ;
#7736 = PRESENTATION_LAYER_ASSIGNMENT (  '', '', ( #6843 ) ) ;
#7737 = ORIENTED_EDGE ( 'NONE', *, *, #1242, .T. ) ;
#7738 = FILL_AREA_STYLE_COLOUR ( '', #3371 ) ;
#7739 = ORIENTED_EDGE ( 'NONE', *, *, #5882, .F. ) ;
#7740 = FACE_OUTER_BOUND ( 'NONE', #3016, .T. ) ;
#7741 = DIMENSIONAL_EXPONENTS ( 1.000000000000000000, 0.000000000000000000, 0.000000000000000000, 0.000000000000000000, 0.000000000000000000, 0.000000000000000000, 0.000000000000000000 ) ;
#7742 = SURFACE_SIDE_STYLE ('',( #6630 ) ) ;
#7743 = EDGE_CURVE ( 'NONE', #4276, #7528, #7765, .T. ) ;
#7744 =( GEOMETRIC_REPRESENTATION_CONTEXT ( 3 ) GLOBAL_UNCERTAINTY_ASSIGNED_CONTEXT ( ( #3655 ) ) GLOBAL_UNIT_ASSIGNED_CONTEXT ( ( #4743, #462, #6035 ) ) REPRESENTATION_CONTEXT ( 'NONE', 'WORKASPACE' ) );
#7745 = COLOUR_RGB ( '',0.7490196078431372584, 0.7490196078431372584, 0.7490196078431372584 ) ;
#7746 = STYLED_ITEM ( 'NONE', ( #4151 ), #4166 ) ;
#7747 = FACE_OUTER_BOUND ( 'NONE', #5965, .T. ) ;
#7748 = FACE_OUTER_BOUND ( 'NONE', #1896, .T. ) ;
#7749 = CARTESIAN_POINT ( 'NONE',  ( 0.000000000000000000, 0.3147934927945275629, 0.007874015748031495954 ) ) ;
#7750 = ORIENTED_EDGE ( 'NONE', *, *, #3293, .F. ) ;
#7751 = SURFACE_STYLE_USAGE ( .BOTH. , #3573 ) ;
#7752 = DIRECTION ( 'NONE',  ( 0.000000000000000000, 1.000000000000000000, -0.000000000000000000 ) ) ;
#7753 = VECTOR ( 'NONE', #704, 39.37007874015748143 ) ;
#7754 = CARTESIAN_POINT ( 'NONE',  ( -0.1800760939070866207, 0.1992328590562992274, 0.000000000000000000 ) ) ;
#7755 = VECTOR ( 'NONE', #4024, 39.37007874015748143 ) ;
#7756 = VERTEX_POINT ( 'NONE', #3445 ) ;
#7757 = EDGE_CURVE ( 'NONE', #1090, #6924, #2326, .T. ) ;
#7758 = DIRECTION ( 'NONE',  ( 0.000000000000000000, 0.000000000000000000, -1.000000000000000000 ) ) ;
#7759 = MECHANICAL_DESIGN_GEOMETRIC_PRESENTATION_REPRESENTATION (  '', ( #1781 ), #4344 ) ;
#7760 =( NAMED_UNIT ( * ) PLANE_ANGLE_UNIT ( ) SI_UNIT ( $, .RADIAN. ) );
#7761 = DIRECTION ( 'NONE',  ( 1.000000000000000000, -4.512561924732999726E-16, 0.000000000000000000 ) ) ;
#7762 = DIRECTION ( 'NONE',  ( 0.000000000000000000, -0.000000000000000000, 1.000000000000000000 ) ) ;
#7763 = SURFACE_SIDE_STYLE ('',( #3662 ) ) ;
#7764 = CARTESIAN_POINT ( 'NONE',  ( -0.1181102362204724532, -0.2690675520881889993, 0.007874015748031495954 ) ) ;
#7765 = LINE ( 'NONE', #985, #5718 ) ;
#7766 = VECTOR ( 'NONE', #5384, 39.37007874015748143 ) ;
#7767 = LINE ( 'NONE', #3481, #7879 ) ;
#7768 = ORIENTED_EDGE ( 'NONE', *, *, #3389, .T. ) ;
#7769 = DIMENSIONAL_EXPONENTS ( 1.000000000000000000, 0.000000000000000000, 0.000000000000000000, 0.000000000000000000, 0.000000000000000000, 0.000000000000000000, 0.000000000000000000 ) ;
#7770 = CARTESIAN_POINT ( 'NONE',  ( 0.1771653543332330494, 0.04035433070866142197, -0.04330708661225397826 ) ) ;
#7771 = PRESENTATION_STYLE_ASSIGNMENT (( #1638 ) ) ;
#7772 = AXIS2_PLACEMENT_3D ( 'NONE', #5215, #2827, #7597 ) ;
#7773 = UNCERTAINTY_MEASURE_WITH_UNIT (LENGTH_MEASURE( 1.000000000000000082E-05 ), #3157, 'distance_accuracy_value', 'NONE');
#7774 = CARTESIAN_POINT ( 'NONE',  ( -0.1827946717203937088, -0.1151975727482677236, 0.000000000000000000 ) ) ;
#7775 = PRODUCT_DEFINITION_CONTEXT ( 'detailed design', #5293, 'design' ) ;
#7776 = FILL_AREA_STYLE ('',( #7733 ) ) ;
#7777 = PRESENTATION_LAYER_ASSIGNMENT (  '', '', ( #4505 ) ) ;
#7778 = CARTESIAN_POINT ( 'NONE',  ( 0.05118110236220472370, 0.2563213514097637535, 0.02492565335188976286 ) ) ;
#7779 = STYLED_ITEM ( 'NONE', ( #3869 ), #2407 ) ;
#7780 = ORIENTED_EDGE ( 'NONE', *, *, #7743, .F. ) ;
#7781 =( NAMED_UNIT ( * ) PLANE_ANGLE_UNIT ( ) SI_UNIT ( $, .RADIAN. ) );
#7782 = ORIENTED_EDGE ( 'NONE', *, *, #7608, .T. ) ;
#7783 =( NAMED_UNIT ( * ) SI_UNIT ( $, .STERADIAN. ) SOLID_ANGLE_UNIT ( ) );
#7784 =( CONVERSION_BASED_UNIT ( 'INCH', #1001 ) LENGTH_UNIT ( ) NAMED_UNIT ( #2205 ) );
#7785 = SURFACE_SIDE_STYLE ('',( #1176 ) ) ;
#7786 = PRESENTATION_LAYER_ASSIGNMENT (  '', '', ( #7029 ) ) ;
#7787 = PRESENTATION_STYLE_ASSIGNMENT (( #5398 ) ) ;
#7788 = LINE ( 'NONE', #7264, #6867 ) ;
#7789 = ORIENTED_EDGE ( 'NONE', *, *, #2150, .F. ) ;
#7790 = APPLICATION_CONTEXT ( 'automotive_design' ) ;
#7791 = DIRECTION ( 'NONE',  ( -1.000000000000000000, -0.000000000000000000, -0.000000000000000000 ) ) ;
#7792 = EDGE_CURVE ( 'NONE', #6295, #997, #6466, .T. ) ;
#7793 = ADVANCED_FACE ( 'NONE', ( #6505 ), #3549, .T. ) ;
#7794 = PRESENTATION_STYLE_ASSIGNMENT (( #1820 ) ) ;
#7795 = FILL_AREA_STYLE_COLOUR ( '', #7672 ) ;
#7796 = DIRECTION ( 'NONE',  ( 1.000000000000000000, 0.000000000000000000, 0.000000000000000000 ) ) ;
#7797 = DIRECTION ( 'NONE',  ( -0.000000000000000000, 0.000000000000000000, -1.000000000000000000 ) ) ;
#7798 = DIMENSIONAL_EXPONENTS ( 1.000000000000000000, 0.000000000000000000, 0.000000000000000000, 0.000000000000000000, 0.000000000000000000, 0.000000000000000000, 0.000000000000000000 ) ;
#7799 = FACE_OUTER_BOUND ( 'NONE', #3214, .T. ) ;
#7800 = FACE_OUTER_BOUND ( 'NONE', #1679, .T. ) ;
#7801 = PLANE ( 'NONE',  #4953 ) ;
#7802 = EDGE_CURVE ( 'NONE', #7302, #706, #3113, .T. ) ;
#7803 = LINE ( 'NONE', #7199, #952 ) ;
#7804 = FACE_OUTER_BOUND ( 'NONE', #2752, .T. ) ;
#7805 = ORIENTED_EDGE ( 'NONE', *, *, #2905, .F. ) ;
#7806 =( NAMED_UNIT ( * ) SI_UNIT ( $, .STERADIAN. ) SOLID_ANGLE_UNIT ( ) );
#7808 = CARTESIAN_POINT ( 'NONE',  ( -0.2047244094501181333, -0.06209787612507874227, 0.09448818897637795144 ) ) ;
#7807 = PRESENTATION_LAYER_ASSIGNMENT (  '', '', ( #4136 ) ) ;
#7809 = ORIENTED_EDGE ( 'NONE', *, *, #2436, .T. ) ;
#7810 = SURFACE_SIDE_STYLE ('',( #4123 ) ) ;
#7811 = MECHANICAL_DESIGN_GEOMETRIC_PRESENTATION_REPRESENTATION (  '', ( #5177 ), #4917 ) ;
#7812 = ADVANCED_FACE ( 'NONE', ( #7320 ), #566, .F. ) ;
#7813 = ORIENTED_EDGE ( 'NONE', *, *, #2455, .F. ) ;
#7814 = CARTESIAN_POINT ( 'NONE',  ( -0.1181102362204724532, -0.2572565284661417206, 0.003937007874015747977 ) ) ;
#7815 = FILL_AREA_STYLE ('',( #5999 ) ) ;
#7816 = LENGTH_MEASURE_WITH_UNIT ( LENGTH_MEASURE( 0.02539999999999999897 ), #7857 );
#7817 = VECTOR ( 'NONE', #5589, 39.37007874015748143 ) ;
#7818 = PRESENTATION_STYLE_ASSIGNMENT (( #2936 ) ) ;
#7819 = DIMENSIONAL_EXPONENTS ( 1.000000000000000000, 0.000000000000000000, 0.000000000000000000, 0.000000000000000000, 0.000000000000000000, 0.000000000000000000, 0.000000000000000000 ) ;
#7820 = PRESENTATION_LAYER_ASSIGNMENT (  '', '', ( #2095 ) ) ;
#7821 = EDGE_LOOP ( 'NONE', ( #425, #4270, #4848, #6502, #4058, #7699, #3368, #3339, #7323, #3738, #5226, #3995 ) ) ;
#7822 = COLOUR_RGB ( '',0.7490196078431372584, 0.7490196078431372584, 0.7490196078431372584 ) ;
#7823 = DIRECTION ( 'NONE',  ( -0.000000000000000000, 1.000000000000000000, 0.000000000000000000 ) ) ;
#7824 = EDGE_LOOP ( 'NONE', ( #5027, #4411, #7382, #6101 ) ) ;
#7825 = FILL_AREA_STYLE_COLOUR ( '', #3152 ) ;
#7826 = MECHANICAL_DESIGN_GEOMETRIC_PRESENTATION_REPRESENTATION (  '', ( #6441 ), #3633 ) ;
#7827 = PRESENTATION_LAYER_ASSIGNMENT (  '', '', ( #1318 ) ) ;
#7828 = PLANE ( 'NONE',  #5269 ) ;
#7829 = DIRECTION ( 'NONE',  ( 1.000000000000000000, 0.000000000000000000, -0.000000000000000000 ) ) ;
#7830 = ORIENTED_EDGE ( 'NONE', *, *, #5883, .T. ) ;
#7831 = LINE ( 'NONE', #7226, #197 ) ;
#7832 = ORIENTED_EDGE ( 'NONE', *, *, #5963, .T. ) ;
#7833 = MECHANICAL_DESIGN_GEOMETRIC_PRESENTATION_REPRESENTATION (  '', ( #595 ), #951 ) ;
#7834 = SURFACE_SIDE_STYLE ('',( #2272 ) ) ;
#7835 = VECTOR ( 'NONE', #3622, 39.37007874015748143 ) ;
#7836 = DIRECTION ( 'NONE',  ( 0.000000000000000000, 0.000000000000000000, -1.000000000000000000 ) ) ;
#7837 = STYLED_ITEM ( 'NONE', ( #2220 ), #7312 ) ;
#7838 = ADVANCED_FACE ( 'NONE', ( #6716 ), #6612, .F. ) ;
#7839 = CARTESIAN_POINT ( 'NONE',  ( -0.1867316795943700647, -0.1040084880705905435, 0.09448818897637795144 ) ) ;
#7840 = FILL_AREA_STYLE ('',( #3701 ) ) ;
#7841 = LINE ( 'NONE', #3513, #7835 ) ;
#7842 =( CONVERSION_BASED_UNIT ( 'INCH', #2428 ) LENGTH_UNIT ( ) NAMED_UNIT ( #2517 ) );
#7843 = STYLED_ITEM ( 'NONE', ( #7092 ), #7711 ) ;
#7844 = ORIENTED_EDGE ( 'NONE', *, *, #5526, .T. ) ;
#7845 = FILL_AREA_STYLE ('',( #4925 ) ) ;
#7846 = AXIS2_PLACEMENT_3D ( 'NONE', #1035, #1499, #1580 ) ;
#7847 = FILL_AREA_STYLE_COLOUR ( '', #6372 ) ;
#7848 = EDGE_LOOP ( 'NONE', ( #4041, #6393, #6160, #6207 ) ) ;
#7849 = EDGE_CURVE ( 'NONE', #4887, #5435, #7624, .T. ) ;
#7850 = VECTOR ( 'NONE', #1049, 39.37007874015748143 ) ;
#7851 = CARTESIAN_POINT ( 'NONE',  ( -0.07874015748031495954, -0.2572565284661417206, 0.02098864547787401835 ) ) ;
#7852 = UNCERTAINTY_MEASURE_WITH_UNIT (LENGTH_MEASURE( 1.000000000000000082E-05 ), #2626, 'distance_accuracy_value', 'NONE');
#7853 = ORIENTED_EDGE ( 'NONE', *, *, #6765, .T. ) ;
#7854 = PRODUCT_DEFINITION_FORMATION_WITH_SPECIFIED_SOURCE ( 'ANY', '', #4606, .NOT_KNOWN. ) ;
#7855 = SURFACE_SIDE_STYLE ('',( #155 ) ) ;
#7856 = CIRCLE ( 'NONE', #2275, 0.1028445393700787441 ) ;
#7857 =( LENGTH_UNIT ( ) NAMED_UNIT ( * ) SI_UNIT ( $, .METRE. ) );
#7858 = DIMENSIONAL_EXPONENTS ( 1.000000000000000000, 0.000000000000000000, 0.000000000000000000, 0.000000000000000000, 0.000000000000000000, 0.000000000000000000, 0.000000000000000000 ) ;
#7859 = ADVANCED_FACE ( 'NONE', ( #6487 ), #2055, .T. ) ;
#7860 = ORIENTED_EDGE ( 'NONE', *, *, #1627, .F. ) ;
#7861 = LENGTH_MEASURE_WITH_UNIT ( LENGTH_MEASURE( 0.02539999999999999897 ), #3018 );
#7862 = SHAPE_REPRESENTATION_RELATIONSHIP ( 'NONE' , 'NONE' ,  #5361, #4877 ) ;
#7863 = DIRECTION ( 'NONE',  ( 0.000000000000000000, -0.000000000000000000, -1.000000000000000000 ) ) ;
#7864 = AXIS2_PLACEMENT_3D ( 'NONE', #885, #5231, #3879 ) ;
#7865 = FILL_AREA_STYLE_COLOUR ( '', #3656 ) ;
#7866 = ORIENTED_EDGE ( 'NONE', *, *, #7802, .F. ) ;
#7867 = CARTESIAN_POINT ( 'NONE',  ( -0.05118110236220472370, 0.2641953671577952911, 0.03279966909992126228 ) ) ;
#7868 = PRESENTATION_STYLE_ASSIGNMENT (( #552 ) ) ;
#7869 = CARTESIAN_POINT ( 'NONE',  ( 8.741913579724409950E-17, 0.04035433070866142197, 0.09448818897677166428 ) ) ;
#7870 = DIMENSIONAL_EXPONENTS ( 1.000000000000000000, 0.000000000000000000, 0.000000000000000000, 0.000000000000000000, 0.000000000000000000, 0.000000000000000000, 0.000000000000000000 ) ;
#7871 = DIRECTION ( 'NONE',  ( -0.000000000000000000, 1.000000000000000000, 0.000000000000000000 ) ) ;
#7872 = MECHANICAL_DESIGN_GEOMETRIC_PRESENTATION_REPRESENTATION (  '', ( #6843 ), #5743 ) ;
#7873 = LINE ( 'NONE', #1747, #5685 ) ;
#7874 = UNCERTAINTY_MEASURE_WITH_UNIT (LENGTH_MEASURE( 1.000000000000000082E-05 ), #2990, 'distance_accuracy_value', 'NONE');
#7875 = PRESENTATION_LAYER_ASSIGNMENT (  '', '', ( #6228 ) ) ;
#7876 = DIRECTION ( 'NONE',  ( -0.000000000000000000, -0.000000000000000000, 1.000000000000000000 ) ) ;
#7877 = CARTESIAN_POINT ( 'NONE',  ( 0.1574803149606299191, 0.04035433070866142197, -0.04330708661456693365 ) ) ;
#7878 = STYLED_ITEM ( 'NONE', ( #4437 ), #1249 ) ;
#7879 = VECTOR ( 'NONE', #7727, 39.37007874015748143 ) ;
#7880 = VECTOR ( 'NONE', #6677, 39.37007874015748143 ) ;
#7881 = CARTESIAN_POINT ( 'NONE',  ( -0.1170188464848425230, -0.2450787401532677212, 0.09448818897637795144 ) ) ;
#7882 = VERTEX_POINT ( 'NONE', #6910 ) ;
#7883 = ORIENTED_EDGE ( 'NONE', *, *, #7643, .T. ) ;
#7884 = VECTOR ( 'NONE', #7622, 39.37007874015748143 ) ;
#7885 = SURFACE_STYLE_USAGE ( .BOTH. , #7436 ) ;
#7886 = VECTOR ( 'NONE', #5356, 39.37007874015748143 ) ;
#7887 = VECTOR ( 'NONE', #1816, 39.37007874015748854 ) ;
#7888 = NEXT_ASSEMBLY_USAGE_OCCURRENCE ( 'NAUO1', ' ', ' ', #3955, #4455, $ ) ;
#7889 = NEXT_ASSEMBLY_USAGE_OCCURRENCE ( 'NAUO2', ' ', ' ', #3955, #5304, $ ) ;
#7890 = NEXT_ASSEMBLY_USAGE_OCCURRENCE ( 'NAUO3', ' ', ' ', #3955, #776, $ ) ;
#7891 = NEXT_ASSEMBLY_USAGE_OCCURRENCE ( 'NAUO4', ' ', ' ', #3955, #5627, $ ) ;
#7892 = NEXT_ASSEMBLY_USAGE_OCCURRENCE ( 'NAUO5', ' ', ' ', #3955, #7734, $ ) ;
#7893 = NEXT_ASSEMBLY_USAGE_OCCURRENCE ( 'NAUO6', ' ', ' ', #3955, #7017, $ ) ;
ENDSEC;
END-ISO-10303-21;
