ISO-10303-21;
HEADER;
/* Generated by software containing ST-Developer
 * from STEP Tools, Inc. (www.steptools.com) 
 */
/* OPTION: using custom renumber hook */

FILE_DESCRIPTION(
/* description */ ('STEP AP242 Edition 2',
'CAx-IF Rec.Pracs.---Representation and Presentation of Product Manufa
cturing Information (PMI)---4.0---2014-10-13',
'CAx-IF Rec.Pracs.---3D Tessellated Geometry---0.4---2014-09-14','2;1',
'CAx-IF Rec.Pracs.---User Defined Attributes---1.5---2016-08-15'),
/* implementation_level */ '2;1');

FILE_NAME(
/* name */ 'Part Studio 1',
/* time_stamp */ '2026-07-21T15:45:20Z',
/* author */ (''),
/* organization */ (''),
/* preprocessor_version */ 'ST-DEVELOPER v20',
/* originating_system */ 'ONSHAPE BY PTC INC, 1.218',
/* authorisation */ '  ');

FILE_SCHEMA (('AP242_MANAGED_MODEL_BASED_3D_ENGINEERING_MIM_LF { 1 0 10303 442 3 1 4 }'));
ENDSEC;

DATA;
#10=B_SPLINE_SURFACE_WITH_KNOTS('',3,1,((#15948,#15949),(#15950,#15951),
(#15952,#15953),(#15954,#15955),(#15956,#15957),(#15958,#15959)),
 .SURF_OF_LINEAR_EXTRUSION.,.F.,.F.,.F.,(4,1,1,4),(2,2),(0.,0.207691636051271,
0.490352608696042,1.),(0.,1.),.UNSPECIFIED.);
#11=B_SPLINE_SURFACE_WITH_KNOTS('',3,1,((#15976,#15977),(#15978,#15979),
(#15980,#15981),(#15982,#15983),(#15984,#15985),(#15986,#15987),(#15988,
#15989),(#15990,#15991),(#15992,#15993),(#15994,#15995),(#15996,#15997),
(#15998,#15999)),.SURF_OF_LINEAR_EXTRUSION.,.F.,.F.,.F.,(4,1,1,1,1,1,1,
1,1,4),(2,2),(0.172615370092751,0.276038448831158,0.379461527569564,0.431173066938767,
0.48288460630797,0.534596145677173,0.586307685046376,0.689730763784782,
0.793153842523188,1.),(0.,1.),.UNSPECIFIED.);
#12=B_SPLINE_SURFACE_WITH_KNOTS('',3,1,((#16037,#16038),(#16039,#16040),
(#16041,#16042),(#16043,#16044),(#16045,#16046),(#16047,#16048)),
 .SURF_OF_LINEAR_EXTRUSION.,.F.,.F.,.F.,(4,1,1,4),(2,2),(0.,0.207691636051271,
0.490352608696042,1.),(0.,1.),.UNSPECIFIED.);
#13=B_SPLINE_SURFACE_WITH_KNOTS('',3,1,((#16065,#16066),(#16067,#16068),
(#16069,#16070),(#16071,#16072),(#16073,#16074),(#16075,#16076),(#16077,
#16078),(#16079,#16080),(#16081,#16082),(#16083,#16084),(#16085,#16086),
(#16087,#16088)),.SURF_OF_LINEAR_EXTRUSION.,.F.,.F.,.F.,(4,1,1,1,1,1,1,
1,1,4),(2,2),(0.172615370092751,0.276038448831158,0.379461527569564,0.431173066938767,
0.48288460630797,0.534596145677173,0.586307685046376,0.689730763784782,
0.793153842523188,1.),(0.,1.),.UNSPECIFIED.);
#14=B_SPLINE_CURVE_WITH_KNOTS('',3,(#15707,#15708,#15709,#15710,#15711,
#15712),.UNSPECIFIED.,.F.,.F.,(4,1,1,4),(0.,0.207691636051271,0.490352608696042,
1.),.UNSPECIFIED.);
#15=B_SPLINE_CURVE_WITH_KNOTS('',3,(#15718,#15719,#15720,#15721,#15722,
#15723,#15724,#15725,#15726,#15727,#15728,#15729,#15730,#15731,#15732,#15733,
#15734,#15735,#15736,#15737,#15738),.UNSPECIFIED.,.F.,.F.,(4,1,1,1,1,1,
1,1,1,1,1,1,1,1,1,1,1,1,4),(0.172615370092751,0.1875,0.21875,0.25,0.28125,
0.3125,0.375,0.40625,0.4375,0.46875,0.5,0.53125,0.5625,0.625,0.6875,0.75,
0.8125,0.875,1.),.UNSPECIFIED.);
#16=B_SPLINE_CURVE_WITH_KNOTS('',3,(#15739,#15740,#15741,#15742,#15743,
#15744,#15745,#15746,#15747,#15748,#15749,#15750,#15751,#15752,#15753,#15754,
#15755,#15756,#15757,#15758,#15759),.UNSPECIFIED.,.F.,.F.,(4,1,1,1,1,1,
1,1,1,1,1,1,1,1,1,1,1,1,4),(0.172615370092751,0.1875,0.21875,0.25,0.28125,
0.3125,0.375,0.40625,0.4375,0.46875,0.5,0.53125,0.5625,0.625,0.6875,0.75,
0.8125,0.875,1.),.UNSPECIFIED.);
#17=B_SPLINE_CURVE_WITH_KNOTS('',3,(#15765,#15766,#15767,#15768,#15769,
#15770),.UNSPECIFIED.,.F.,.F.,(4,1,1,4),(0.,0.207691636051271,0.490352608696042,
1.),.UNSPECIFIED.);
#18=B_SPLINE_CURVE_WITH_KNOTS('',3,(#15960,#15961,#15962,#15963,#15964,
#15965),.UNSPECIFIED.,.F.,.F.,(4,1,1,4),(0.,0.207691636051271,0.490352608696042,
1.),.UNSPECIFIED.);
#19=B_SPLINE_CURVE_WITH_KNOTS('',3,(#16000,#16001,#16002,#16003,#16004,
#16005,#16006,#16007,#16008,#16009,#16010,#16011,#16012,#16013,#16014,#16015,
#16016,#16017,#16018,#16019,#16020),.UNSPECIFIED.,.F.,.F.,(4,1,1,1,1,1,
1,1,1,1,1,1,1,1,1,1,1,1,4),(0.172615370092751,0.1875,0.21875,0.25,0.28125,
0.3125,0.375,0.40625,0.4375,0.46875,0.5,0.53125,0.5625,0.625,0.6875,0.75,
0.8125,0.875,1.),.UNSPECIFIED.);
#20=B_SPLINE_CURVE_WITH_KNOTS('',3,(#16051,#16052,#16053,#16054,#16055,
#16056),.UNSPECIFIED.,.F.,.F.,(4,1,1,4),(0.,0.207691636051271,0.490352608696042,
1.),.UNSPECIFIED.);
#21=B_SPLINE_CURVE_WITH_KNOTS('',3,(#16089,#16090,#16091,#16092,#16093,
#16094,#16095,#16096,#16097,#16098,#16099,#16100,#16101,#16102,#16103,#16104,
#16105,#16106,#16107,#16108,#16109),.UNSPECIFIED.,.F.,.F.,(4,1,1,1,1,1,
1,1,1,1,1,1,1,1,1,1,1,1,4),(0.172615370092751,0.1875,0.21875,0.25,0.28125,
0.3125,0.375,0.40625,0.4375,0.46875,0.5,0.53125,0.5625,0.625,0.6875,0.75,
0.8125,0.875,1.),.UNSPECIFIED.);
#22=SHAPE_REPRESENTATION_RELATIONSHIP('','',#11561,#55);
#23=SHAPE_REPRESENTATION_RELATIONSHIP('','',#11562,#56);
#24=SHAPE_REPRESENTATION_RELATIONSHIP('','',#11563,#57);
#25=SHAPE_REPRESENTATION_RELATIONSHIP('','',#11564,#58);
#26=SHAPE_REPRESENTATION_RELATIONSHIP('','',#11565,#59);
#27=SHAPE_REPRESENTATION_RELATIONSHIP('','',#11566,#60);
#28=SHAPE_REPRESENTATION_RELATIONSHIP('','',#11567,#61);
#29=SHAPE_REPRESENTATION_RELATIONSHIP('','',#11568,#62);
#30=SHAPE_REPRESENTATION_RELATIONSHIP('','',#11569,#63);
#31=SHAPE_REPRESENTATION_RELATIONSHIP('','',#11570,#64);
#32=SHAPE_REPRESENTATION_RELATIONSHIP('','',#11571,#65);
#33=SHAPE_REPRESENTATION_RELATIONSHIP('','',#11572,#66);
#34=SHAPE_REPRESENTATION_RELATIONSHIP('','',#11573,#67);
#35=SHAPE_REPRESENTATION_RELATIONSHIP('','',#11574,#68);
#36=SHAPE_REPRESENTATION_RELATIONSHIP('','',#11575,#69);
#37=SHAPE_REPRESENTATION_RELATIONSHIP('','',#11576,#70);
#38=SHAPE_REPRESENTATION_RELATIONSHIP('','',#11577,#71);
#39=SHAPE_REPRESENTATION_RELATIONSHIP('','',#11578,#72);
#40=SHAPE_REPRESENTATION_RELATIONSHIP('','',#11579,#73);
#41=SHAPE_REPRESENTATION_RELATIONSHIP('','',#11580,#74);
#42=SHAPE_REPRESENTATION_RELATIONSHIP('','',#11581,#75);
#43=SHAPE_REPRESENTATION_RELATIONSHIP('','',#11582,#76);
#44=SHAPE_REPRESENTATION_RELATIONSHIP('','',#11583,#77);
#45=SHAPE_REPRESENTATION_RELATIONSHIP('','',#11584,#78);
#46=SHAPE_REPRESENTATION_RELATIONSHIP('','',#11585,#79);
#47=SHAPE_REPRESENTATION_RELATIONSHIP('','',#11586,#80);
#48=SHAPE_REPRESENTATION_RELATIONSHIP('','',#11587,#81);
#49=SHAPE_REPRESENTATION_RELATIONSHIP('','',#11588,#82);
#50=SHAPE_REPRESENTATION_RELATIONSHIP('','',#11589,#83);
#51=SHAPE_REPRESENTATION_RELATIONSHIP('','',#11590,#84);
#52=SHAPE_REPRESENTATION_RELATIONSHIP('','',#11591,#85);
#53=SHAPE_REPRESENTATION_RELATIONSHIP('','',#11592,#86);
#54=SHAPE_REPRESENTATION_RELATIONSHIP('','',#11593,#87);
#55=ADVANCED_BREP_SHAPE_REPRESENTATION('',(#11495),#18400);
#56=ADVANCED_BREP_SHAPE_REPRESENTATION('',(#11496),#18401);
#57=ADVANCED_BREP_SHAPE_REPRESENTATION('',(#11497),#18402);
#58=ADVANCED_BREP_SHAPE_REPRESENTATION('',(#11498),#18403);
#59=ADVANCED_BREP_SHAPE_REPRESENTATION('',(#11499),#18404);
#60=ADVANCED_BREP_SHAPE_REPRESENTATION('',(#11500),#18405);
#61=ADVANCED_BREP_SHAPE_REPRESENTATION('',(#11501),#18406);
#62=ADVANCED_BREP_SHAPE_REPRESENTATION('',(#11502),#18407);
#63=ADVANCED_BREP_SHAPE_REPRESENTATION('',(#11503),#18408);
#64=ADVANCED_BREP_SHAPE_REPRESENTATION('',(#11504),#18409);
#65=ADVANCED_BREP_SHAPE_REPRESENTATION('',(#11505),#18410);
#66=ADVANCED_BREP_SHAPE_REPRESENTATION('',(#11506),#18411);
#67=ADVANCED_BREP_SHAPE_REPRESENTATION('',(#11507),#18412);
#68=ADVANCED_BREP_SHAPE_REPRESENTATION('',(#11508),#18413);
#69=ADVANCED_BREP_SHAPE_REPRESENTATION('',(#11509),#18414);
#70=ADVANCED_BREP_SHAPE_REPRESENTATION('',(#11510),#18415);
#71=ADVANCED_BREP_SHAPE_REPRESENTATION('',(#11511),#18416);
#72=ADVANCED_BREP_SHAPE_REPRESENTATION('',(#11512),#18417);
#73=ADVANCED_BREP_SHAPE_REPRESENTATION('',(#11513),#18418);
#74=ADVANCED_BREP_SHAPE_REPRESENTATION('',(#11514),#18419);
#75=ADVANCED_BREP_SHAPE_REPRESENTATION('',(#11515),#18420);
#76=ADVANCED_BREP_SHAPE_REPRESENTATION('',(#11516),#18421);
#77=ADVANCED_BREP_SHAPE_REPRESENTATION('',(#11517),#18422);
#78=ADVANCED_BREP_SHAPE_REPRESENTATION('',(#11518),#18423);
#79=ADVANCED_BREP_SHAPE_REPRESENTATION('',(#11519),#18424);
#80=ADVANCED_BREP_SHAPE_REPRESENTATION('',(#11520),#18425);
#81=ADVANCED_BREP_SHAPE_REPRESENTATION('',(#11521),#18426);
#82=ADVANCED_BREP_SHAPE_REPRESENTATION('',(#11522),#18427);
#83=ADVANCED_BREP_SHAPE_REPRESENTATION('',(#11523),#18428);
#84=ADVANCED_BREP_SHAPE_REPRESENTATION('',(#11524),#18429);
#85=ADVANCED_BREP_SHAPE_REPRESENTATION('',(#11525),#18430);
#86=ADVANCED_BREP_SHAPE_REPRESENTATION('',(#11526),#18431);
#87=ADVANCED_BREP_SHAPE_REPRESENTATION('',(#11527),#18432);
#88=ORIENTED_EDGE('',*,*,#3194,.F.);
#89=ORIENTED_EDGE('',*,*,#3195,.T.);
#90=ORIENTED_EDGE('',*,*,#3196,.T.);
#91=ORIENTED_EDGE('',*,*,#3197,.F.);
#92=ORIENTED_EDGE('',*,*,#3198,.F.);
#93=ORIENTED_EDGE('',*,*,#3199,.T.);
#94=ORIENTED_EDGE('',*,*,#3197,.T.);
#95=ORIENTED_EDGE('',*,*,#3200,.F.);
#96=ORIENTED_EDGE('',*,*,#3201,.F.);
#97=ORIENTED_EDGE('',*,*,#3202,.F.);
#98=ORIENTED_EDGE('',*,*,#3203,.F.);
#99=ORIENTED_EDGE('',*,*,#3204,.T.);
#100=ORIENTED_EDGE('',*,*,#3205,.T.);
#101=ORIENTED_EDGE('',*,*,#3206,.T.);
#102=ORIENTED_EDGE('',*,*,#3207,.T.);
#103=ORIENTED_EDGE('',*,*,#3208,.T.);
#104=ORIENTED_EDGE('',*,*,#3209,.F.);
#105=ORIENTED_EDGE('',*,*,#3210,.F.);
#106=ORIENTED_EDGE('',*,*,#3211,.F.);
#107=ORIENTED_EDGE('',*,*,#3212,.T.);
#108=ORIENTED_EDGE('',*,*,#3195,.F.);
#109=ORIENTED_EDGE('',*,*,#3213,.T.);
#110=ORIENTED_EDGE('',*,*,#3214,.T.);
#111=ORIENTED_EDGE('',*,*,#3201,.T.);
#112=ORIENTED_EDGE('',*,*,#3215,.T.);
#113=ORIENTED_EDGE('',*,*,#3208,.F.);
#114=ORIENTED_EDGE('',*,*,#3216,.T.);
#115=ORIENTED_EDGE('',*,*,#3217,.F.);
#116=ORIENTED_EDGE('',*,*,#3210,.T.);
#117=ORIENTED_EDGE('',*,*,#3218,.F.);
#118=ORIENTED_EDGE('',*,*,#3205,.F.);
#119=ORIENTED_EDGE('',*,*,#3219,.T.);
#120=ORIENTED_EDGE('',*,*,#3209,.T.);
#121=ORIENTED_EDGE('',*,*,#3215,.F.);
#122=ORIENTED_EDGE('',*,*,#3206,.F.);
#123=ORIENTED_EDGE('',*,*,#3218,.T.);
#124=ORIENTED_EDGE('',*,*,#3207,.F.);
#125=ORIENTED_EDGE('',*,*,#3220,.F.);
#126=ORIENTED_EDGE('',*,*,#3202,.T.);
#127=ORIENTED_EDGE('',*,*,#3214,.F.);
#128=ORIENTED_EDGE('',*,*,#3221,.T.);
#129=ORIENTED_EDGE('',*,*,#3198,.T.);
#130=ORIENTED_EDGE('',*,*,#3222,.F.);
#131=ORIENTED_EDGE('',*,*,#3216,.F.);
#132=ORIENTED_EDGE('',*,*,#3212,.F.);
#133=ORIENTED_EDGE('',*,*,#3223,.F.);
#134=ORIENTED_EDGE('',*,*,#3203,.T.);
#135=ORIENTED_EDGE('',*,*,#3220,.T.);
#136=ORIENTED_EDGE('',*,*,#3211,.T.);
#137=ORIENTED_EDGE('',*,*,#3219,.F.);
#138=ORIENTED_EDGE('',*,*,#3204,.F.);
#139=ORIENTED_EDGE('',*,*,#3223,.T.);
#140=ORIENTED_EDGE('',*,*,#3217,.T.);
#141=ORIENTED_EDGE('',*,*,#3222,.T.);
#142=ORIENTED_EDGE('',*,*,#3200,.T.);
#143=ORIENTED_EDGE('',*,*,#3196,.F.);
#144=ORIENTED_EDGE('',*,*,#3194,.T.);
#145=ORIENTED_EDGE('',*,*,#3199,.F.);
#146=ORIENTED_EDGE('',*,*,#3221,.F.);
#147=ORIENTED_EDGE('',*,*,#3213,.F.);
#148=ORIENTED_EDGE('',*,*,#3224,.F.);
#149=ORIENTED_EDGE('',*,*,#3225,.T.);
#150=ORIENTED_EDGE('',*,*,#3226,.T.);
#151=ORIENTED_EDGE('',*,*,#3227,.T.);
#152=ORIENTED_EDGE('',*,*,#3228,.F.);
#153=ORIENTED_EDGE('',*,*,#3229,.F.);
#154=ORIENTED_EDGE('',*,*,#3230,.T.);
#155=ORIENTED_EDGE('',*,*,#3231,.T.);
#156=ORIENTED_EDGE('',*,*,#3232,.F.);
#157=ORIENTED_EDGE('',*,*,#3233,.F.);
#158=ORIENTED_EDGE('',*,*,#3234,.T.);
#159=ORIENTED_EDGE('',*,*,#3235,.T.);
#160=ORIENTED_EDGE('',*,*,#3236,.F.);
#161=ORIENTED_EDGE('',*,*,#3237,.F.);
#162=ORIENTED_EDGE('',*,*,#3238,.T.);
#163=ORIENTED_EDGE('',*,*,#3239,.T.);
#164=ORIENTED_EDGE('',*,*,#3240,.F.);
#165=ORIENTED_EDGE('',*,*,#3241,.F.);
#166=ORIENTED_EDGE('',*,*,#3242,.T.);
#167=ORIENTED_EDGE('',*,*,#3243,.T.);
#168=ORIENTED_EDGE('',*,*,#3244,.F.);
#169=ORIENTED_EDGE('',*,*,#3245,.F.);
#170=ORIENTED_EDGE('',*,*,#3246,.T.);
#171=ORIENTED_EDGE('',*,*,#3247,.T.);
#172=ORIENTED_EDGE('',*,*,#3248,.F.);
#173=ORIENTED_EDGE('',*,*,#3249,.F.);
#174=ORIENTED_EDGE('',*,*,#3250,.T.);
#175=ORIENTED_EDGE('',*,*,#3251,.T.);
#176=ORIENTED_EDGE('',*,*,#3252,.F.);
#177=ORIENTED_EDGE('',*,*,#3253,.F.);
#178=ORIENTED_EDGE('',*,*,#3254,.T.);
#179=ORIENTED_EDGE('',*,*,#3255,.T.);
#180=ORIENTED_EDGE('',*,*,#3256,.F.);
#181=ORIENTED_EDGE('',*,*,#3257,.F.);
#182=ORIENTED_EDGE('',*,*,#3258,.T.);
#183=ORIENTED_EDGE('',*,*,#3259,.T.);
#184=ORIENTED_EDGE('',*,*,#3260,.F.);
#185=ORIENTED_EDGE('',*,*,#3261,.F.);
#186=ORIENTED_EDGE('',*,*,#3262,.T.);
#187=ORIENTED_EDGE('',*,*,#3263,.T.);
#188=ORIENTED_EDGE('',*,*,#3264,.F.);
#189=ORIENTED_EDGE('',*,*,#3265,.F.);
#190=ORIENTED_EDGE('',*,*,#3266,.T.);
#191=ORIENTED_EDGE('',*,*,#3267,.T.);
#192=ORIENTED_EDGE('',*,*,#3268,.F.);
#193=ORIENTED_EDGE('',*,*,#3269,.F.);
#194=ORIENTED_EDGE('',*,*,#3270,.T.);
#195=ORIENTED_EDGE('',*,*,#3271,.T.);
#196=ORIENTED_EDGE('',*,*,#3272,.F.);
#197=ORIENTED_EDGE('',*,*,#3273,.F.);
#198=ORIENTED_EDGE('',*,*,#3274,.T.);
#199=ORIENTED_EDGE('',*,*,#3275,.T.);
#200=ORIENTED_EDGE('',*,*,#3276,.F.);
#201=ORIENTED_EDGE('',*,*,#3277,.F.);
#202=ORIENTED_EDGE('',*,*,#3278,.T.);
#203=ORIENTED_EDGE('',*,*,#3279,.T.);
#204=ORIENTED_EDGE('',*,*,#3280,.F.);
#205=ORIENTED_EDGE('',*,*,#3281,.F.);
#206=ORIENTED_EDGE('',*,*,#3282,.T.);
#207=ORIENTED_EDGE('',*,*,#3283,.T.);
#208=ORIENTED_EDGE('',*,*,#3284,.F.);
#209=ORIENTED_EDGE('',*,*,#3285,.F.);
#210=ORIENTED_EDGE('',*,*,#3286,.T.);
#211=ORIENTED_EDGE('',*,*,#3287,.T.);
#212=ORIENTED_EDGE('',*,*,#3288,.F.);
#213=ORIENTED_EDGE('',*,*,#3289,.F.);
#214=ORIENTED_EDGE('',*,*,#3290,.T.);
#215=ORIENTED_EDGE('',*,*,#3291,.T.);
#216=ORIENTED_EDGE('',*,*,#3292,.F.);
#217=ORIENTED_EDGE('',*,*,#3293,.F.);
#218=ORIENTED_EDGE('',*,*,#3294,.T.);
#219=ORIENTED_EDGE('',*,*,#3295,.T.);
#220=ORIENTED_EDGE('',*,*,#3296,.F.);
#221=ORIENTED_EDGE('',*,*,#3297,.F.);
#222=ORIENTED_EDGE('',*,*,#3298,.T.);
#223=ORIENTED_EDGE('',*,*,#3299,.T.);
#224=ORIENTED_EDGE('',*,*,#3300,.F.);
#225=ORIENTED_EDGE('',*,*,#3301,.F.);
#226=ORIENTED_EDGE('',*,*,#3302,.T.);
#227=ORIENTED_EDGE('',*,*,#3303,.T.);
#228=ORIENTED_EDGE('',*,*,#3304,.F.);
#229=ORIENTED_EDGE('',*,*,#3305,.F.);
#230=ORIENTED_EDGE('',*,*,#3306,.T.);
#231=ORIENTED_EDGE('',*,*,#3307,.T.);
#232=ORIENTED_EDGE('',*,*,#3308,.F.);
#233=ORIENTED_EDGE('',*,*,#3309,.F.);
#234=ORIENTED_EDGE('',*,*,#3310,.T.);
#235=ORIENTED_EDGE('',*,*,#3311,.T.);
#236=ORIENTED_EDGE('',*,*,#3312,.F.);
#237=ORIENTED_EDGE('',*,*,#3313,.F.);
#238=ORIENTED_EDGE('',*,*,#3314,.T.);
#239=ORIENTED_EDGE('',*,*,#3315,.T.);
#240=ORIENTED_EDGE('',*,*,#3316,.F.);
#241=ORIENTED_EDGE('',*,*,#3317,.F.);
#242=ORIENTED_EDGE('',*,*,#3318,.T.);
#243=ORIENTED_EDGE('',*,*,#3319,.T.);
#244=ORIENTED_EDGE('',*,*,#3320,.F.);
#245=ORIENTED_EDGE('',*,*,#3321,.F.);
#246=ORIENTED_EDGE('',*,*,#3322,.T.);
#247=ORIENTED_EDGE('',*,*,#3323,.T.);
#248=ORIENTED_EDGE('',*,*,#3324,.F.);
#249=ORIENTED_EDGE('',*,*,#3325,.F.);
#250=ORIENTED_EDGE('',*,*,#3326,.T.);
#251=ORIENTED_EDGE('',*,*,#3327,.T.);
#252=ORIENTED_EDGE('',*,*,#3328,.F.);
#253=ORIENTED_EDGE('',*,*,#3329,.F.);
#254=ORIENTED_EDGE('',*,*,#3330,.T.);
#255=ORIENTED_EDGE('',*,*,#3331,.T.);
#256=ORIENTED_EDGE('',*,*,#3332,.F.);
#257=ORIENTED_EDGE('',*,*,#3333,.F.);
#258=ORIENTED_EDGE('',*,*,#3334,.T.);
#259=ORIENTED_EDGE('',*,*,#3335,.T.);
#260=ORIENTED_EDGE('',*,*,#3336,.F.);
#261=ORIENTED_EDGE('',*,*,#3337,.F.);
#262=ORIENTED_EDGE('',*,*,#3338,.T.);
#263=ORIENTED_EDGE('',*,*,#3339,.T.);
#264=ORIENTED_EDGE('',*,*,#3340,.F.);
#265=ORIENTED_EDGE('',*,*,#3341,.F.);
#266=ORIENTED_EDGE('',*,*,#3342,.T.);
#267=ORIENTED_EDGE('',*,*,#3343,.T.);
#268=ORIENTED_EDGE('',*,*,#3344,.F.);
#269=ORIENTED_EDGE('',*,*,#3345,.F.);
#270=ORIENTED_EDGE('',*,*,#3346,.T.);
#271=ORIENTED_EDGE('',*,*,#3347,.T.);
#272=ORIENTED_EDGE('',*,*,#3231,.F.);
#273=ORIENTED_EDGE('',*,*,#3348,.T.);
#274=ORIENTED_EDGE('',*,*,#3349,.F.);
#275=ORIENTED_EDGE('',*,*,#3350,.F.);
#276=ORIENTED_EDGE('',*,*,#3235,.F.);
#277=ORIENTED_EDGE('',*,*,#3351,.T.);
#278=ORIENTED_EDGE('',*,*,#3352,.F.);
#279=ORIENTED_EDGE('',*,*,#3353,.F.);
#280=ORIENTED_EDGE('',*,*,#3239,.F.);
#281=ORIENTED_EDGE('',*,*,#3354,.T.);
#282=ORIENTED_EDGE('',*,*,#3355,.F.);
#283=ORIENTED_EDGE('',*,*,#3356,.F.);
#284=ORIENTED_EDGE('',*,*,#3243,.F.);
#285=ORIENTED_EDGE('',*,*,#3357,.T.);
#286=ORIENTED_EDGE('',*,*,#3358,.F.);
#287=ORIENTED_EDGE('',*,*,#3359,.F.);
#288=ORIENTED_EDGE('',*,*,#3247,.F.);
#289=ORIENTED_EDGE('',*,*,#3360,.T.);
#290=ORIENTED_EDGE('',*,*,#3361,.F.);
#291=ORIENTED_EDGE('',*,*,#3362,.F.);
#292=ORIENTED_EDGE('',*,*,#3251,.F.);
#293=ORIENTED_EDGE('',*,*,#3363,.T.);
#294=ORIENTED_EDGE('',*,*,#3364,.F.);
#295=ORIENTED_EDGE('',*,*,#3365,.F.);
#296=ORIENTED_EDGE('',*,*,#3255,.F.);
#297=ORIENTED_EDGE('',*,*,#3366,.T.);
#298=ORIENTED_EDGE('',*,*,#3367,.F.);
#299=ORIENTED_EDGE('',*,*,#3368,.F.);
#300=ORIENTED_EDGE('',*,*,#3259,.F.);
#301=ORIENTED_EDGE('',*,*,#3369,.T.);
#302=ORIENTED_EDGE('',*,*,#3370,.F.);
#303=ORIENTED_EDGE('',*,*,#3371,.F.);
#304=ORIENTED_EDGE('',*,*,#3263,.F.);
#305=ORIENTED_EDGE('',*,*,#3372,.T.);
#306=ORIENTED_EDGE('',*,*,#3373,.F.);
#307=ORIENTED_EDGE('',*,*,#3374,.F.);
#308=ORIENTED_EDGE('',*,*,#3267,.F.);
#309=ORIENTED_EDGE('',*,*,#3375,.T.);
#310=ORIENTED_EDGE('',*,*,#3376,.F.);
#311=ORIENTED_EDGE('',*,*,#3377,.F.);
#312=ORIENTED_EDGE('',*,*,#3271,.F.);
#313=ORIENTED_EDGE('',*,*,#3378,.T.);
#314=ORIENTED_EDGE('',*,*,#3379,.F.);
#315=ORIENTED_EDGE('',*,*,#3380,.F.);
#316=ORIENTED_EDGE('',*,*,#3275,.F.);
#317=ORIENTED_EDGE('',*,*,#3381,.T.);
#318=ORIENTED_EDGE('',*,*,#3382,.F.);
#319=ORIENTED_EDGE('',*,*,#3383,.F.);
#320=ORIENTED_EDGE('',*,*,#3279,.F.);
#321=ORIENTED_EDGE('',*,*,#3384,.T.);
#322=ORIENTED_EDGE('',*,*,#3385,.F.);
#323=ORIENTED_EDGE('',*,*,#3386,.F.);
#324=ORIENTED_EDGE('',*,*,#3283,.F.);
#325=ORIENTED_EDGE('',*,*,#3387,.T.);
#326=ORIENTED_EDGE('',*,*,#3388,.F.);
#327=ORIENTED_EDGE('',*,*,#3389,.F.);
#328=ORIENTED_EDGE('',*,*,#3287,.F.);
#329=ORIENTED_EDGE('',*,*,#3390,.T.);
#330=ORIENTED_EDGE('',*,*,#3391,.F.);
#331=ORIENTED_EDGE('',*,*,#3392,.F.);
#332=ORIENTED_EDGE('',*,*,#3291,.F.);
#333=ORIENTED_EDGE('',*,*,#3393,.T.);
#334=ORIENTED_EDGE('',*,*,#3394,.F.);
#335=ORIENTED_EDGE('',*,*,#3395,.F.);
#336=ORIENTED_EDGE('',*,*,#3295,.F.);
#337=ORIENTED_EDGE('',*,*,#3396,.T.);
#338=ORIENTED_EDGE('',*,*,#3397,.F.);
#339=ORIENTED_EDGE('',*,*,#3398,.F.);
#340=ORIENTED_EDGE('',*,*,#3299,.F.);
#341=ORIENTED_EDGE('',*,*,#3399,.T.);
#342=ORIENTED_EDGE('',*,*,#3400,.F.);
#343=ORIENTED_EDGE('',*,*,#3401,.F.);
#344=ORIENTED_EDGE('',*,*,#3303,.F.);
#345=ORIENTED_EDGE('',*,*,#3402,.T.);
#346=ORIENTED_EDGE('',*,*,#3403,.F.);
#347=ORIENTED_EDGE('',*,*,#3404,.F.);
#348=ORIENTED_EDGE('',*,*,#3307,.F.);
#349=ORIENTED_EDGE('',*,*,#3405,.T.);
#350=ORIENTED_EDGE('',*,*,#3406,.F.);
#351=ORIENTED_EDGE('',*,*,#3407,.F.);
#352=ORIENTED_EDGE('',*,*,#3311,.F.);
#353=ORIENTED_EDGE('',*,*,#3408,.T.);
#354=ORIENTED_EDGE('',*,*,#3409,.F.);
#355=ORIENTED_EDGE('',*,*,#3410,.F.);
#356=ORIENTED_EDGE('',*,*,#3315,.F.);
#357=ORIENTED_EDGE('',*,*,#3411,.T.);
#358=ORIENTED_EDGE('',*,*,#3412,.F.);
#359=ORIENTED_EDGE('',*,*,#3413,.F.);
#360=ORIENTED_EDGE('',*,*,#3319,.F.);
#361=ORIENTED_EDGE('',*,*,#3414,.T.);
#362=ORIENTED_EDGE('',*,*,#3415,.F.);
#363=ORIENTED_EDGE('',*,*,#3416,.F.);
#364=ORIENTED_EDGE('',*,*,#3323,.F.);
#365=ORIENTED_EDGE('',*,*,#3417,.T.);
#366=ORIENTED_EDGE('',*,*,#3418,.F.);
#367=ORIENTED_EDGE('',*,*,#3419,.F.);
#368=ORIENTED_EDGE('',*,*,#3327,.F.);
#369=ORIENTED_EDGE('',*,*,#3420,.T.);
#370=ORIENTED_EDGE('',*,*,#3421,.F.);
#371=ORIENTED_EDGE('',*,*,#3422,.F.);
#372=ORIENTED_EDGE('',*,*,#3331,.F.);
#373=ORIENTED_EDGE('',*,*,#3423,.T.);
#374=ORIENTED_EDGE('',*,*,#3424,.F.);
#375=ORIENTED_EDGE('',*,*,#3425,.F.);
#376=ORIENTED_EDGE('',*,*,#3335,.F.);
#377=ORIENTED_EDGE('',*,*,#3426,.T.);
#378=ORIENTED_EDGE('',*,*,#3427,.F.);
#379=ORIENTED_EDGE('',*,*,#3428,.F.);
#380=ORIENTED_EDGE('',*,*,#3339,.F.);
#381=ORIENTED_EDGE('',*,*,#3429,.T.);
#382=ORIENTED_EDGE('',*,*,#3430,.F.);
#383=ORIENTED_EDGE('',*,*,#3431,.F.);
#384=ORIENTED_EDGE('',*,*,#3343,.F.);
#385=ORIENTED_EDGE('',*,*,#3432,.T.);
#386=ORIENTED_EDGE('',*,*,#3433,.F.);
#387=ORIENTED_EDGE('',*,*,#3434,.F.);
#388=ORIENTED_EDGE('',*,*,#3347,.F.);
#389=ORIENTED_EDGE('',*,*,#3435,.T.);
#390=ORIENTED_EDGE('',*,*,#3436,.F.);
#391=ORIENTED_EDGE('',*,*,#3437,.F.);
#392=ORIENTED_EDGE('',*,*,#3438,.F.);
#393=ORIENTED_EDGE('',*,*,#3439,.T.);
#394=ORIENTED_EDGE('',*,*,#3440,.F.);
#395=ORIENTED_EDGE('',*,*,#3441,.F.);
#396=ORIENTED_EDGE('',*,*,#3442,.T.);
#397=ORIENTED_EDGE('',*,*,#3443,.F.);
#398=ORIENTED_EDGE('',*,*,#3444,.F.);
#399=ORIENTED_EDGE('',*,*,#3445,.F.);
#400=ORIENTED_EDGE('',*,*,#3226,.F.);
#401=ORIENTED_EDGE('',*,*,#3446,.T.);
#402=ORIENTED_EDGE('',*,*,#3447,.F.);
#403=ORIENTED_EDGE('',*,*,#3448,.F.);
#404=ORIENTED_EDGE('',*,*,#3449,.T.);
#405=ORIENTED_EDGE('',*,*,#3450,.T.);
#406=ORIENTED_EDGE('',*,*,#3451,.T.);
#407=ORIENTED_EDGE('',*,*,#3452,.F.);
#408=ORIENTED_EDGE('',*,*,#3453,.F.);
#409=ORIENTED_EDGE('',*,*,#3454,.F.);
#410=ORIENTED_EDGE('',*,*,#3455,.T.);
#411=ORIENTED_EDGE('',*,*,#3456,.F.);
#412=ORIENTED_EDGE('',*,*,#3457,.F.);
#413=ORIENTED_EDGE('',*,*,#3458,.F.);
#414=ORIENTED_EDGE('',*,*,#3459,.F.);
#415=ORIENTED_EDGE('',*,*,#3460,.T.);
#416=ORIENTED_EDGE('',*,*,#3461,.T.);
#417=ORIENTED_EDGE('',*,*,#3462,.T.);
#418=ORIENTED_EDGE('',*,*,#3463,.F.);
#419=ORIENTED_EDGE('',*,*,#3464,.T.);
#420=ORIENTED_EDGE('',*,*,#3465,.T.);
#421=ORIENTED_EDGE('',*,*,#3466,.T.);
#422=ORIENTED_EDGE('',*,*,#3467,.F.);
#423=ORIENTED_EDGE('',*,*,#3468,.F.);
#424=ORIENTED_EDGE('',*,*,#3469,.T.);
#425=ORIENTED_EDGE('',*,*,#3470,.F.);
#426=ORIENTED_EDGE('',*,*,#3471,.T.);
#427=ORIENTED_EDGE('',*,*,#3472,.T.);
#428=ORIENTED_EDGE('',*,*,#3451,.F.);
#429=ORIENTED_EDGE('',*,*,#3471,.F.);
#430=ORIENTED_EDGE('',*,*,#3473,.T.);
#431=ORIENTED_EDGE('',*,*,#3474,.F.);
#432=ORIENTED_EDGE('',*,*,#3475,.T.);
#433=ORIENTED_EDGE('',*,*,#3476,.F.);
#434=ORIENTED_EDGE('',*,*,#3474,.T.);
#435=ORIENTED_EDGE('',*,*,#3477,.T.);
#436=ORIENTED_EDGE('',*,*,#3478,.F.);
#437=ORIENTED_EDGE('',*,*,#3479,.F.);
#438=ORIENTED_EDGE('',*,*,#3480,.T.);
#439=ORIENTED_EDGE('',*,*,#3466,.F.);
#440=ORIENTED_EDGE('',*,*,#3481,.F.);
#441=ORIENTED_EDGE('',*,*,#3482,.F.);
#442=ORIENTED_EDGE('',*,*,#3483,.F.);
#443=ORIENTED_EDGE('',*,*,#3483,.T.);
#444=ORIENTED_EDGE('',*,*,#3484,.F.);
#445=ORIENTED_EDGE('',*,*,#3485,.T.);
#446=ORIENTED_EDGE('',*,*,#3486,.T.);
#447=ORIENTED_EDGE('',*,*,#3487,.T.);
#448=ORIENTED_EDGE('',*,*,#3488,.F.);
#449=ORIENTED_EDGE('',*,*,#3489,.T.);
#450=ORIENTED_EDGE('',*,*,#3490,.T.);
#451=ORIENTED_EDGE('',*,*,#3491,.T.);
#452=ORIENTED_EDGE('',*,*,#3475,.F.);
#453=ORIENTED_EDGE('',*,*,#3492,.F.);
#454=ORIENTED_EDGE('',*,*,#3493,.T.);
#455=ORIENTED_EDGE('',*,*,#3494,.F.);
#456=ORIENTED_EDGE('',*,*,#3495,.T.);
#457=ORIENTED_EDGE('',*,*,#3496,.T.);
#458=ORIENTED_EDGE('',*,*,#3497,.T.);
#459=ORIENTED_EDGE('',*,*,#3498,.T.);
#460=ORIENTED_EDGE('',*,*,#3499,.F.);
#461=ORIENTED_EDGE('',*,*,#3500,.T.);
#462=ORIENTED_EDGE('',*,*,#3501,.T.);
#463=ORIENTED_EDGE('',*,*,#3502,.T.);
#464=ORIENTED_EDGE('',*,*,#3490,.F.);
#465=ORIENTED_EDGE('',*,*,#3503,.F.);
#466=ORIENTED_EDGE('',*,*,#3504,.T.);
#467=ORIENTED_EDGE('',*,*,#3505,.F.);
#468=ORIENTED_EDGE('',*,*,#3506,.F.);
#469=ORIENTED_EDGE('',*,*,#3494,.T.);
#470=ORIENTED_EDGE('',*,*,#3507,.T.);
#471=ORIENTED_EDGE('',*,*,#3508,.T.);
#472=ORIENTED_EDGE('',*,*,#3509,.T.);
#473=ORIENTED_EDGE('',*,*,#3505,.T.);
#474=ORIENTED_EDGE('',*,*,#3510,.T.);
#475=ORIENTED_EDGE('',*,*,#3511,.T.);
#476=ORIENTED_EDGE('',*,*,#3487,.F.);
#477=ORIENTED_EDGE('',*,*,#3512,.T.);
#478=ORIENTED_EDGE('',*,*,#3513,.T.);
#479=ORIENTED_EDGE('',*,*,#3514,.T.);
#480=ORIENTED_EDGE('',*,*,#3515,.T.);
#481=ORIENTED_EDGE('',*,*,#3462,.F.);
#482=ORIENTED_EDGE('',*,*,#3516,.F.);
#483=ORIENTED_EDGE('',*,*,#3517,.T.);
#484=ORIENTED_EDGE('',*,*,#3518,.F.);
#485=ORIENTED_EDGE('',*,*,#3519,.F.);
#486=ORIENTED_EDGE('',*,*,#3520,.T.);
#487=ORIENTED_EDGE('',*,*,#3459,.T.);
#488=ORIENTED_EDGE('',*,*,#3521,.T.);
#489=ORIENTED_EDGE('',*,*,#3522,.T.);
#490=ORIENTED_EDGE('',*,*,#3523,.F.);
#491=ORIENTED_EDGE('',*,*,#3524,.T.);
#492=ORIENTED_EDGE('',*,*,#3525,.F.);
#493=ORIENTED_EDGE('',*,*,#3526,.F.);
#494=ORIENTED_EDGE('',*,*,#3442,.F.);
#495=ORIENTED_EDGE('',*,*,#3527,.T.);
#496=ORIENTED_EDGE('',*,*,#3528,.F.);
#497=ORIENTED_EDGE('',*,*,#3529,.F.);
#498=ORIENTED_EDGE('',*,*,#3530,.T.);
#499=ORIENTED_EDGE('',*,*,#3531,.F.);
#500=ORIENTED_EDGE('',*,*,#3532,.F.);
#501=ORIENTED_EDGE('',*,*,#3495,.F.);
#502=ORIENTED_EDGE('',*,*,#3518,.T.);
#503=ORIENTED_EDGE('',*,*,#3533,.F.);
#504=ORIENTED_EDGE('',*,*,#3534,.T.);
#505=ORIENTED_EDGE('',*,*,#3535,.T.);
#506=ORIENTED_EDGE('',*,*,#3536,.F.);
#507=ORIENTED_EDGE('',*,*,#3537,.F.);
#508=ORIENTED_EDGE('',*,*,#3538,.T.);
#509=ORIENTED_EDGE('',*,*,#3539,.T.);
#510=ORIENTED_EDGE('',*,*,#3540,.F.);
#511=ORIENTED_EDGE('',*,*,#3541,.F.);
#512=ORIENTED_EDGE('',*,*,#3542,.T.);
#513=ORIENTED_EDGE('',*,*,#3543,.T.);
#514=ORIENTED_EDGE('',*,*,#3544,.F.);
#515=ORIENTED_EDGE('',*,*,#3545,.F.);
#516=ORIENTED_EDGE('',*,*,#3546,.T.);
#517=ORIENTED_EDGE('',*,*,#3547,.T.);
#518=ORIENTED_EDGE('',*,*,#3548,.F.);
#519=ORIENTED_EDGE('',*,*,#3549,.T.);
#520=ORIENTED_EDGE('',*,*,#3550,.T.);
#521=ORIENTED_EDGE('',*,*,#3525,.T.);
#522=ORIENTED_EDGE('',*,*,#3551,.T.);
#523=ORIENTED_EDGE('',*,*,#3552,.F.);
#524=ORIENTED_EDGE('',*,*,#3456,.T.);
#525=ORIENTED_EDGE('',*,*,#3553,.T.);
#526=ORIENTED_EDGE('',*,*,#3554,.T.);
#527=ORIENTED_EDGE('',*,*,#3555,.T.);
#528=ORIENTED_EDGE('',*,*,#3556,.F.);
#529=ORIENTED_EDGE('',*,*,#3452,.T.);
#530=ORIENTED_EDGE('',*,*,#3472,.F.);
#531=ORIENTED_EDGE('',*,*,#3476,.T.);
#532=ORIENTED_EDGE('',*,*,#3491,.F.);
#533=ORIENTED_EDGE('',*,*,#3502,.F.);
#534=ORIENTED_EDGE('',*,*,#3557,.T.);
#535=ORIENTED_EDGE('',*,*,#3558,.F.);
#536=ORIENTED_EDGE('',*,*,#3559,.F.);
#537=ORIENTED_EDGE('',*,*,#3560,.F.);
#538=ORIENTED_EDGE('',*,*,#3498,.F.);
#539=ORIENTED_EDGE('',*,*,#3561,.T.);
#540=ORIENTED_EDGE('',*,*,#3562,.F.);
#541=ORIENTED_EDGE('',*,*,#3528,.T.);
#542=ORIENTED_EDGE('',*,*,#3563,.T.);
#543=ORIENTED_EDGE('',*,*,#3564,.T.);
#544=ORIENTED_EDGE('',*,*,#3565,.F.);
#545=ORIENTED_EDGE('',*,*,#3566,.T.);
#546=ORIENTED_EDGE('',*,*,#3567,.T.);
#547=ORIENTED_EDGE('',*,*,#3568,.T.);
#548=ORIENTED_EDGE('',*,*,#3569,.F.);
#549=ORIENTED_EDGE('',*,*,#3345,.T.);
#550=ORIENTED_EDGE('',*,*,#3570,.T.);
#551=ORIENTED_EDGE('',*,*,#3571,.T.);
#552=ORIENTED_EDGE('',*,*,#3572,.F.);
#553=ORIENTED_EDGE('',*,*,#3341,.T.);
#554=ORIENTED_EDGE('',*,*,#3573,.T.);
#555=ORIENTED_EDGE('',*,*,#3574,.T.);
#556=ORIENTED_EDGE('',*,*,#3575,.F.);
#557=ORIENTED_EDGE('',*,*,#3337,.T.);
#558=ORIENTED_EDGE('',*,*,#3576,.T.);
#559=ORIENTED_EDGE('',*,*,#3577,.T.);
#560=ORIENTED_EDGE('',*,*,#3578,.F.);
#561=ORIENTED_EDGE('',*,*,#3333,.T.);
#562=ORIENTED_EDGE('',*,*,#3579,.T.);
#563=ORIENTED_EDGE('',*,*,#3580,.T.);
#564=ORIENTED_EDGE('',*,*,#3581,.F.);
#565=ORIENTED_EDGE('',*,*,#3329,.T.);
#566=ORIENTED_EDGE('',*,*,#3582,.T.);
#567=ORIENTED_EDGE('',*,*,#3583,.T.);
#568=ORIENTED_EDGE('',*,*,#3584,.F.);
#569=ORIENTED_EDGE('',*,*,#3325,.T.);
#570=ORIENTED_EDGE('',*,*,#3585,.T.);
#571=ORIENTED_EDGE('',*,*,#3586,.T.);
#572=ORIENTED_EDGE('',*,*,#3587,.F.);
#573=ORIENTED_EDGE('',*,*,#3321,.T.);
#574=ORIENTED_EDGE('',*,*,#3588,.T.);
#575=ORIENTED_EDGE('',*,*,#3589,.T.);
#576=ORIENTED_EDGE('',*,*,#3590,.F.);
#577=ORIENTED_EDGE('',*,*,#3317,.T.);
#578=ORIENTED_EDGE('',*,*,#3591,.T.);
#579=ORIENTED_EDGE('',*,*,#3592,.T.);
#580=ORIENTED_EDGE('',*,*,#3593,.F.);
#581=ORIENTED_EDGE('',*,*,#3313,.T.);
#582=ORIENTED_EDGE('',*,*,#3594,.T.);
#583=ORIENTED_EDGE('',*,*,#3595,.T.);
#584=ORIENTED_EDGE('',*,*,#3596,.F.);
#585=ORIENTED_EDGE('',*,*,#3309,.T.);
#586=ORIENTED_EDGE('',*,*,#3597,.T.);
#587=ORIENTED_EDGE('',*,*,#3598,.T.);
#588=ORIENTED_EDGE('',*,*,#3599,.F.);
#589=ORIENTED_EDGE('',*,*,#3305,.T.);
#590=ORIENTED_EDGE('',*,*,#3600,.T.);
#591=ORIENTED_EDGE('',*,*,#3601,.T.);
#592=ORIENTED_EDGE('',*,*,#3602,.F.);
#593=ORIENTED_EDGE('',*,*,#3301,.T.);
#594=ORIENTED_EDGE('',*,*,#3603,.T.);
#595=ORIENTED_EDGE('',*,*,#3604,.T.);
#596=ORIENTED_EDGE('',*,*,#3605,.F.);
#597=ORIENTED_EDGE('',*,*,#3297,.T.);
#598=ORIENTED_EDGE('',*,*,#3606,.T.);
#599=ORIENTED_EDGE('',*,*,#3607,.T.);
#600=ORIENTED_EDGE('',*,*,#3608,.F.);
#601=ORIENTED_EDGE('',*,*,#3293,.T.);
#602=ORIENTED_EDGE('',*,*,#3609,.T.);
#603=ORIENTED_EDGE('',*,*,#3610,.T.);
#604=ORIENTED_EDGE('',*,*,#3611,.F.);
#605=ORIENTED_EDGE('',*,*,#3289,.T.);
#606=ORIENTED_EDGE('',*,*,#3612,.T.);
#607=ORIENTED_EDGE('',*,*,#3613,.T.);
#608=ORIENTED_EDGE('',*,*,#3614,.F.);
#609=ORIENTED_EDGE('',*,*,#3285,.T.);
#610=ORIENTED_EDGE('',*,*,#3615,.T.);
#611=ORIENTED_EDGE('',*,*,#3616,.T.);
#612=ORIENTED_EDGE('',*,*,#3617,.F.);
#613=ORIENTED_EDGE('',*,*,#3281,.T.);
#614=ORIENTED_EDGE('',*,*,#3618,.T.);
#615=ORIENTED_EDGE('',*,*,#3619,.T.);
#616=ORIENTED_EDGE('',*,*,#3620,.F.);
#617=ORIENTED_EDGE('',*,*,#3277,.T.);
#618=ORIENTED_EDGE('',*,*,#3621,.T.);
#619=ORIENTED_EDGE('',*,*,#3622,.T.);
#620=ORIENTED_EDGE('',*,*,#3623,.F.);
#621=ORIENTED_EDGE('',*,*,#3273,.T.);
#622=ORIENTED_EDGE('',*,*,#3624,.T.);
#623=ORIENTED_EDGE('',*,*,#3625,.T.);
#624=ORIENTED_EDGE('',*,*,#3626,.F.);
#625=ORIENTED_EDGE('',*,*,#3269,.T.);
#626=ORIENTED_EDGE('',*,*,#3627,.T.);
#627=ORIENTED_EDGE('',*,*,#3628,.T.);
#628=ORIENTED_EDGE('',*,*,#3629,.F.);
#629=ORIENTED_EDGE('',*,*,#3265,.T.);
#630=ORIENTED_EDGE('',*,*,#3630,.T.);
#631=ORIENTED_EDGE('',*,*,#3631,.T.);
#632=ORIENTED_EDGE('',*,*,#3632,.F.);
#633=ORIENTED_EDGE('',*,*,#3261,.T.);
#634=ORIENTED_EDGE('',*,*,#3633,.T.);
#635=ORIENTED_EDGE('',*,*,#3634,.T.);
#636=ORIENTED_EDGE('',*,*,#3635,.F.);
#637=ORIENTED_EDGE('',*,*,#3257,.T.);
#638=ORIENTED_EDGE('',*,*,#3636,.T.);
#639=ORIENTED_EDGE('',*,*,#3637,.T.);
#640=ORIENTED_EDGE('',*,*,#3638,.F.);
#641=ORIENTED_EDGE('',*,*,#3253,.T.);
#642=ORIENTED_EDGE('',*,*,#3639,.T.);
#643=ORIENTED_EDGE('',*,*,#3640,.T.);
#644=ORIENTED_EDGE('',*,*,#3641,.F.);
#645=ORIENTED_EDGE('',*,*,#3249,.T.);
#646=ORIENTED_EDGE('',*,*,#3642,.T.);
#647=ORIENTED_EDGE('',*,*,#3643,.T.);
#648=ORIENTED_EDGE('',*,*,#3644,.F.);
#649=ORIENTED_EDGE('',*,*,#3245,.T.);
#650=ORIENTED_EDGE('',*,*,#3645,.T.);
#651=ORIENTED_EDGE('',*,*,#3646,.T.);
#652=ORIENTED_EDGE('',*,*,#3647,.F.);
#653=ORIENTED_EDGE('',*,*,#3241,.T.);
#654=ORIENTED_EDGE('',*,*,#3648,.T.);
#655=ORIENTED_EDGE('',*,*,#3649,.T.);
#656=ORIENTED_EDGE('',*,*,#3650,.F.);
#657=ORIENTED_EDGE('',*,*,#3237,.T.);
#658=ORIENTED_EDGE('',*,*,#3651,.T.);
#659=ORIENTED_EDGE('',*,*,#3652,.T.);
#660=ORIENTED_EDGE('',*,*,#3653,.F.);
#661=ORIENTED_EDGE('',*,*,#3233,.T.);
#662=ORIENTED_EDGE('',*,*,#3654,.T.);
#663=ORIENTED_EDGE('',*,*,#3655,.T.);
#664=ORIENTED_EDGE('',*,*,#3656,.F.);
#665=ORIENTED_EDGE('',*,*,#3229,.T.);
#666=ORIENTED_EDGE('',*,*,#3657,.T.);
#667=ORIENTED_EDGE('',*,*,#3658,.T.);
#668=ORIENTED_EDGE('',*,*,#3659,.F.);
#669=ORIENTED_EDGE('',*,*,#3224,.T.);
#670=ORIENTED_EDGE('',*,*,#3660,.T.);
#671=ORIENTED_EDGE('',*,*,#3521,.F.);
#672=ORIENTED_EDGE('',*,*,#3458,.T.);
#673=ORIENTED_EDGE('',*,*,#3661,.T.);
#674=ORIENTED_EDGE('',*,*,#3662,.F.);
#675=ORIENTED_EDGE('',*,*,#3552,.T.);
#676=ORIENTED_EDGE('',*,*,#3663,.F.);
#677=ORIENTED_EDGE('',*,*,#3664,.T.);
#678=ORIENTED_EDGE('',*,*,#3665,.F.);
#679=ORIENTED_EDGE('',*,*,#3661,.F.);
#680=ORIENTED_EDGE('',*,*,#3457,.T.);
#681=ORIENTED_EDGE('',*,*,#3553,.F.);
#682=ORIENTED_EDGE('',*,*,#3455,.F.);
#683=ORIENTED_EDGE('',*,*,#3666,.T.);
#684=ORIENTED_EDGE('',*,*,#3667,.T.);
#685=ORIENTED_EDGE('',*,*,#3554,.F.);
#686=ORIENTED_EDGE('',*,*,#3667,.F.);
#687=ORIENTED_EDGE('',*,*,#3668,.T.);
#688=ORIENTED_EDGE('',*,*,#3669,.T.);
#689=ORIENTED_EDGE('',*,*,#3555,.F.);
#690=ORIENTED_EDGE('',*,*,#3669,.F.);
#691=ORIENTED_EDGE('',*,*,#3670,.T.);
#692=ORIENTED_EDGE('',*,*,#3671,.T.);
#693=ORIENTED_EDGE('',*,*,#3556,.T.);
#694=ORIENTED_EDGE('',*,*,#3671,.F.);
#695=ORIENTED_EDGE('',*,*,#3672,.F.);
#696=ORIENTED_EDGE('',*,*,#3453,.T.);
#697=ORIENTED_EDGE('',*,*,#3551,.F.);
#698=ORIENTED_EDGE('',*,*,#3524,.F.);
#699=ORIENTED_EDGE('',*,*,#3673,.T.);
#700=ORIENTED_EDGE('',*,*,#3663,.T.);
#701=ORIENTED_EDGE('',*,*,#3666,.F.);
#702=ORIENTED_EDGE('',*,*,#3454,.T.);
#703=ORIENTED_EDGE('',*,*,#3672,.T.);
#704=ORIENTED_EDGE('',*,*,#3670,.F.);
#705=ORIENTED_EDGE('',*,*,#3668,.F.);
#706=ORIENTED_EDGE('',*,*,#3674,.F.);
#707=ORIENTED_EDGE('',*,*,#3522,.F.);
#708=ORIENTED_EDGE('',*,*,#3662,.T.);
#709=ORIENTED_EDGE('',*,*,#3665,.T.);
#710=ORIENTED_EDGE('',*,*,#3673,.F.);
#711=ORIENTED_EDGE('',*,*,#3523,.T.);
#712=ORIENTED_EDGE('',*,*,#3674,.T.);
#713=ORIENTED_EDGE('',*,*,#3664,.F.);
#714=ORIENTED_EDGE('',*,*,#3532,.T.);
#715=ORIENTED_EDGE('',*,*,#3675,.T.);
#716=ORIENTED_EDGE('',*,*,#3676,.F.);
#717=ORIENTED_EDGE('',*,*,#3496,.F.);
#718=ORIENTED_EDGE('',*,*,#3561,.F.);
#719=ORIENTED_EDGE('',*,*,#3497,.F.);
#720=ORIENTED_EDGE('',*,*,#3676,.T.);
#721=ORIENTED_EDGE('',*,*,#3677,.T.);
#722=ORIENTED_EDGE('',*,*,#3678,.F.);
#723=ORIENTED_EDGE('',*,*,#3679,.T.);
#724=ORIENTED_EDGE('',*,*,#3560,.T.);
#725=ORIENTED_EDGE('',*,*,#3680,.F.);
#726=ORIENTED_EDGE('',*,*,#3681,.F.);
#727=ORIENTED_EDGE('',*,*,#3499,.T.);
#728=ORIENTED_EDGE('',*,*,#3559,.T.);
#729=ORIENTED_EDGE('',*,*,#3682,.F.);
#730=ORIENTED_EDGE('',*,*,#3683,.F.);
#731=ORIENTED_EDGE('',*,*,#3680,.T.);
#732=ORIENTED_EDGE('',*,*,#3558,.T.);
#733=ORIENTED_EDGE('',*,*,#3684,.F.);
#734=ORIENTED_EDGE('',*,*,#3685,.F.);
#735=ORIENTED_EDGE('',*,*,#3682,.T.);
#736=ORIENTED_EDGE('',*,*,#3557,.F.);
#737=ORIENTED_EDGE('',*,*,#3501,.F.);
#738=ORIENTED_EDGE('',*,*,#3686,.T.);
#739=ORIENTED_EDGE('',*,*,#3684,.T.);
#740=ORIENTED_EDGE('',*,*,#3562,.T.);
#741=ORIENTED_EDGE('',*,*,#3679,.F.);
#742=ORIENTED_EDGE('',*,*,#3687,.F.);
#743=ORIENTED_EDGE('',*,*,#3529,.T.);
#744=ORIENTED_EDGE('',*,*,#3681,.T.);
#745=ORIENTED_EDGE('',*,*,#3683,.T.);
#746=ORIENTED_EDGE('',*,*,#3685,.T.);
#747=ORIENTED_EDGE('',*,*,#3686,.F.);
#748=ORIENTED_EDGE('',*,*,#3500,.F.);
#749=ORIENTED_EDGE('',*,*,#3688,.T.);
#750=ORIENTED_EDGE('',*,*,#3677,.F.);
#751=ORIENTED_EDGE('',*,*,#3675,.F.);
#752=ORIENTED_EDGE('',*,*,#3531,.T.);
#753=ORIENTED_EDGE('',*,*,#3687,.T.);
#754=ORIENTED_EDGE('',*,*,#3678,.T.);
#755=ORIENTED_EDGE('',*,*,#3688,.F.);
#756=ORIENTED_EDGE('',*,*,#3530,.F.);
#757=ORIENTED_EDGE('',*,*,#3534,.F.);
#758=ORIENTED_EDGE('',*,*,#3689,.F.);
#759=ORIENTED_EDGE('',*,*,#3690,.T.);
#760=ORIENTED_EDGE('',*,*,#3691,.T.);
#761=ORIENTED_EDGE('',*,*,#3533,.T.);
#762=ORIENTED_EDGE('',*,*,#3692,.F.);
#763=ORIENTED_EDGE('',*,*,#3693,.F.);
#764=ORIENTED_EDGE('',*,*,#3689,.T.);
#765=ORIENTED_EDGE('',*,*,#3536,.T.);
#766=ORIENTED_EDGE('',*,*,#3694,.F.);
#767=ORIENTED_EDGE('',*,*,#3695,.F.);
#768=ORIENTED_EDGE('',*,*,#3692,.T.);
#769=ORIENTED_EDGE('',*,*,#3535,.F.);
#770=ORIENTED_EDGE('',*,*,#3691,.F.);
#771=ORIENTED_EDGE('',*,*,#3696,.T.);
#772=ORIENTED_EDGE('',*,*,#3694,.T.);
#773=ORIENTED_EDGE('',*,*,#3690,.F.);
#774=ORIENTED_EDGE('',*,*,#3693,.T.);
#775=ORIENTED_EDGE('',*,*,#3695,.T.);
#776=ORIENTED_EDGE('',*,*,#3696,.F.);
#777=ORIENTED_EDGE('',*,*,#3538,.F.);
#778=ORIENTED_EDGE('',*,*,#3697,.F.);
#779=ORIENTED_EDGE('',*,*,#3698,.T.);
#780=ORIENTED_EDGE('',*,*,#3699,.T.);
#781=ORIENTED_EDGE('',*,*,#3537,.T.);
#782=ORIENTED_EDGE('',*,*,#3700,.F.);
#783=ORIENTED_EDGE('',*,*,#3701,.F.);
#784=ORIENTED_EDGE('',*,*,#3697,.T.);
#785=ORIENTED_EDGE('',*,*,#3540,.T.);
#786=ORIENTED_EDGE('',*,*,#3702,.F.);
#787=ORIENTED_EDGE('',*,*,#3703,.F.);
#788=ORIENTED_EDGE('',*,*,#3700,.T.);
#789=ORIENTED_EDGE('',*,*,#3539,.F.);
#790=ORIENTED_EDGE('',*,*,#3699,.F.);
#791=ORIENTED_EDGE('',*,*,#3704,.T.);
#792=ORIENTED_EDGE('',*,*,#3702,.T.);
#793=ORIENTED_EDGE('',*,*,#3698,.F.);
#794=ORIENTED_EDGE('',*,*,#3701,.T.);
#795=ORIENTED_EDGE('',*,*,#3703,.T.);
#796=ORIENTED_EDGE('',*,*,#3704,.F.);
#797=ORIENTED_EDGE('',*,*,#3542,.F.);
#798=ORIENTED_EDGE('',*,*,#3705,.F.);
#799=ORIENTED_EDGE('',*,*,#3706,.T.);
#800=ORIENTED_EDGE('',*,*,#3707,.T.);
#801=ORIENTED_EDGE('',*,*,#3541,.T.);
#802=ORIENTED_EDGE('',*,*,#3708,.F.);
#803=ORIENTED_EDGE('',*,*,#3709,.F.);
#804=ORIENTED_EDGE('',*,*,#3705,.T.);
#805=ORIENTED_EDGE('',*,*,#3544,.T.);
#806=ORIENTED_EDGE('',*,*,#3710,.F.);
#807=ORIENTED_EDGE('',*,*,#3711,.F.);
#808=ORIENTED_EDGE('',*,*,#3708,.T.);
#809=ORIENTED_EDGE('',*,*,#3543,.F.);
#810=ORIENTED_EDGE('',*,*,#3707,.F.);
#811=ORIENTED_EDGE('',*,*,#3712,.T.);
#812=ORIENTED_EDGE('',*,*,#3710,.T.);
#813=ORIENTED_EDGE('',*,*,#3706,.F.);
#814=ORIENTED_EDGE('',*,*,#3709,.T.);
#815=ORIENTED_EDGE('',*,*,#3711,.T.);
#816=ORIENTED_EDGE('',*,*,#3712,.F.);
#817=ORIENTED_EDGE('',*,*,#3546,.F.);
#818=ORIENTED_EDGE('',*,*,#3713,.F.);
#819=ORIENTED_EDGE('',*,*,#3714,.T.);
#820=ORIENTED_EDGE('',*,*,#3715,.T.);
#821=ORIENTED_EDGE('',*,*,#3545,.T.);
#822=ORIENTED_EDGE('',*,*,#3716,.F.);
#823=ORIENTED_EDGE('',*,*,#3717,.F.);
#824=ORIENTED_EDGE('',*,*,#3713,.T.);
#825=ORIENTED_EDGE('',*,*,#3548,.T.);
#826=ORIENTED_EDGE('',*,*,#3718,.F.);
#827=ORIENTED_EDGE('',*,*,#3719,.F.);
#828=ORIENTED_EDGE('',*,*,#3716,.T.);
#829=ORIENTED_EDGE('',*,*,#3547,.F.);
#830=ORIENTED_EDGE('',*,*,#3715,.F.);
#831=ORIENTED_EDGE('',*,*,#3720,.T.);
#832=ORIENTED_EDGE('',*,*,#3718,.T.);
#833=ORIENTED_EDGE('',*,*,#3714,.F.);
#834=ORIENTED_EDGE('',*,*,#3717,.T.);
#835=ORIENTED_EDGE('',*,*,#3719,.T.);
#836=ORIENTED_EDGE('',*,*,#3720,.F.);
#837=ORIENTED_EDGE('',*,*,#3721,.F.);
#838=ORIENTED_EDGE('',*,*,#3566,.F.);
#839=ORIENTED_EDGE('',*,*,#3722,.F.);
#840=ORIENTED_EDGE('',*,*,#3438,.T.);
#841=ORIENTED_EDGE('',*,*,#3565,.T.);
#842=ORIENTED_EDGE('',*,*,#3723,.F.);
#843=ORIENTED_EDGE('',*,*,#3439,.F.);
#844=ORIENTED_EDGE('',*,*,#3722,.T.);
#845=ORIENTED_EDGE('',*,*,#3564,.F.);
#846=ORIENTED_EDGE('',*,*,#3724,.F.);
#847=ORIENTED_EDGE('',*,*,#3440,.T.);
#848=ORIENTED_EDGE('',*,*,#3723,.T.);
#849=ORIENTED_EDGE('',*,*,#3563,.F.);
#850=ORIENTED_EDGE('',*,*,#3527,.F.);
#851=ORIENTED_EDGE('',*,*,#3441,.T.);
#852=ORIENTED_EDGE('',*,*,#3724,.T.);
#853=ORIENTED_EDGE('',*,*,#3550,.F.);
#854=ORIENTED_EDGE('',*,*,#3725,.F.);
#855=ORIENTED_EDGE('',*,*,#3443,.T.);
#856=ORIENTED_EDGE('',*,*,#3526,.T.);
#857=ORIENTED_EDGE('',*,*,#3549,.F.);
#858=ORIENTED_EDGE('',*,*,#3726,.F.);
#859=ORIENTED_EDGE('',*,*,#3444,.T.);
#860=ORIENTED_EDGE('',*,*,#3725,.T.);
#861=ORIENTED_EDGE('',*,*,#3660,.F.);
#862=ORIENTED_EDGE('',*,*,#3227,.F.);
#863=ORIENTED_EDGE('',*,*,#3445,.T.);
#864=ORIENTED_EDGE('',*,*,#3726,.T.);
#865=ORIENTED_EDGE('',*,*,#3517,.F.);
#866=ORIENTED_EDGE('',*,*,#3727,.F.);
#867=ORIENTED_EDGE('',*,*,#3728,.T.);
#868=ORIENTED_EDGE('',*,*,#3519,.T.);
#869=ORIENTED_EDGE('',*,*,#3516,.T.);
#870=ORIENTED_EDGE('',*,*,#3461,.F.);
#871=ORIENTED_EDGE('',*,*,#3729,.F.);
#872=ORIENTED_EDGE('',*,*,#3727,.T.);
#873=ORIENTED_EDGE('',*,*,#3728,.F.);
#874=ORIENTED_EDGE('',*,*,#3729,.T.);
#875=ORIENTED_EDGE('',*,*,#3460,.F.);
#876=ORIENTED_EDGE('',*,*,#3520,.F.);
#877=ORIENTED_EDGE('',*,*,#3484,.T.);
#878=ORIENTED_EDGE('',*,*,#3482,.T.);
#879=ORIENTED_EDGE('',*,*,#3730,.F.);
#880=ORIENTED_EDGE('',*,*,#3731,.F.);
#881=ORIENTED_EDGE('',*,*,#3730,.T.);
#882=ORIENTED_EDGE('',*,*,#3481,.T.);
#883=ORIENTED_EDGE('',*,*,#3465,.F.);
#884=ORIENTED_EDGE('',*,*,#3732,.F.);
#885=ORIENTED_EDGE('',*,*,#3515,.F.);
#886=ORIENTED_EDGE('',*,*,#3733,.F.);
#887=ORIENTED_EDGE('',*,*,#3734,.T.);
#888=ORIENTED_EDGE('',*,*,#3463,.T.);
#889=ORIENTED_EDGE('',*,*,#3514,.F.);
#890=ORIENTED_EDGE('',*,*,#3735,.F.);
#891=ORIENTED_EDGE('',*,*,#3736,.T.);
#892=ORIENTED_EDGE('',*,*,#3733,.T.);
#893=ORIENTED_EDGE('',*,*,#3513,.F.);
#894=ORIENTED_EDGE('',*,*,#3737,.F.);
#895=ORIENTED_EDGE('',*,*,#3738,.T.);
#896=ORIENTED_EDGE('',*,*,#3735,.T.);
#897=ORIENTED_EDGE('',*,*,#3512,.F.);
#898=ORIENTED_EDGE('',*,*,#3486,.F.);
#899=ORIENTED_EDGE('',*,*,#3739,.T.);
#900=ORIENTED_EDGE('',*,*,#3737,.T.);
#901=ORIENTED_EDGE('',*,*,#3731,.T.);
#902=ORIENTED_EDGE('',*,*,#3732,.T.);
#903=ORIENTED_EDGE('',*,*,#3464,.F.);
#904=ORIENTED_EDGE('',*,*,#3734,.F.);
#905=ORIENTED_EDGE('',*,*,#3736,.F.);
#906=ORIENTED_EDGE('',*,*,#3738,.F.);
#907=ORIENTED_EDGE('',*,*,#3739,.F.);
#908=ORIENTED_EDGE('',*,*,#3485,.F.);
#909=ORIENTED_EDGE('',*,*,#3510,.F.);
#910=ORIENTED_EDGE('',*,*,#3504,.F.);
#911=ORIENTED_EDGE('',*,*,#3740,.T.);
#912=ORIENTED_EDGE('',*,*,#3741,.T.);
#913=ORIENTED_EDGE('',*,*,#3511,.F.);
#914=ORIENTED_EDGE('',*,*,#3741,.F.);
#915=ORIENTED_EDGE('',*,*,#3742,.T.);
#916=ORIENTED_EDGE('',*,*,#3488,.T.);
#917=ORIENTED_EDGE('',*,*,#3740,.F.);
#918=ORIENTED_EDGE('',*,*,#3503,.T.);
#919=ORIENTED_EDGE('',*,*,#3489,.F.);
#920=ORIENTED_EDGE('',*,*,#3742,.F.);
#921=ORIENTED_EDGE('',*,*,#3507,.F.);
#922=ORIENTED_EDGE('',*,*,#3493,.F.);
#923=ORIENTED_EDGE('',*,*,#3743,.T.);
#924=ORIENTED_EDGE('',*,*,#3744,.T.);
#925=ORIENTED_EDGE('',*,*,#3509,.F.);
#926=ORIENTED_EDGE('',*,*,#3745,.F.);
#927=ORIENTED_EDGE('',*,*,#3746,.T.);
#928=ORIENTED_EDGE('',*,*,#3506,.T.);
#929=ORIENTED_EDGE('',*,*,#3508,.F.);
#930=ORIENTED_EDGE('',*,*,#3744,.F.);
#931=ORIENTED_EDGE('',*,*,#3747,.T.);
#932=ORIENTED_EDGE('',*,*,#3745,.T.);
#933=ORIENTED_EDGE('',*,*,#3743,.F.);
#934=ORIENTED_EDGE('',*,*,#3492,.T.);
#935=ORIENTED_EDGE('',*,*,#3746,.F.);
#936=ORIENTED_EDGE('',*,*,#3747,.F.);
#937=ORIENTED_EDGE('',*,*,#3468,.T.);
#938=ORIENTED_EDGE('',*,*,#3748,.F.);
#939=ORIENTED_EDGE('',*,*,#3749,.F.);
#940=ORIENTED_EDGE('',*,*,#3750,.T.);
#941=ORIENTED_EDGE('',*,*,#3467,.T.);
#942=ORIENTED_EDGE('',*,*,#3480,.F.);
#943=ORIENTED_EDGE('',*,*,#3751,.F.);
#944=ORIENTED_EDGE('',*,*,#3748,.T.);
#945=ORIENTED_EDGE('',*,*,#3449,.F.);
#946=ORIENTED_EDGE('',*,*,#3752,.F.);
#947=ORIENTED_EDGE('',*,*,#3753,.T.);
#948=ORIENTED_EDGE('',*,*,#3478,.T.);
#949=ORIENTED_EDGE('',*,*,#3469,.F.);
#950=ORIENTED_EDGE('',*,*,#3750,.F.);
#951=ORIENTED_EDGE('',*,*,#3754,.T.);
#952=ORIENTED_EDGE('',*,*,#3752,.T.);
#953=ORIENTED_EDGE('',*,*,#3749,.T.);
#954=ORIENTED_EDGE('',*,*,#3751,.T.);
#955=ORIENTED_EDGE('',*,*,#3479,.T.);
#956=ORIENTED_EDGE('',*,*,#3753,.F.);
#957=ORIENTED_EDGE('',*,*,#3754,.F.);
#958=ORIENTED_EDGE('',*,*,#3470,.T.);
#959=ORIENTED_EDGE('',*,*,#3450,.F.);
#960=ORIENTED_EDGE('',*,*,#3477,.F.);
#961=ORIENTED_EDGE('',*,*,#3473,.F.);
#962=ORIENTED_EDGE('',*,*,#3755,.T.);
#963=ORIENTED_EDGE('',*,*,#3435,.F.);
#964=ORIENTED_EDGE('',*,*,#3346,.F.);
#965=ORIENTED_EDGE('',*,*,#3569,.T.);
#966=ORIENTED_EDGE('',*,*,#3567,.F.);
#967=ORIENTED_EDGE('',*,*,#3721,.T.);
#968=ORIENTED_EDGE('',*,*,#3437,.T.);
#969=ORIENTED_EDGE('',*,*,#3756,.F.);
#970=ORIENTED_EDGE('',*,*,#3568,.F.);
#971=ORIENTED_EDGE('',*,*,#3756,.T.);
#972=ORIENTED_EDGE('',*,*,#3436,.T.);
#973=ORIENTED_EDGE('',*,*,#3755,.F.);
#974=ORIENTED_EDGE('',*,*,#3342,.F.);
#975=ORIENTED_EDGE('',*,*,#3572,.T.);
#976=ORIENTED_EDGE('',*,*,#3757,.T.);
#977=ORIENTED_EDGE('',*,*,#3432,.F.);
#978=ORIENTED_EDGE('',*,*,#3434,.T.);
#979=ORIENTED_EDGE('',*,*,#3758,.F.);
#980=ORIENTED_EDGE('',*,*,#3570,.F.);
#981=ORIENTED_EDGE('',*,*,#3344,.T.);
#982=ORIENTED_EDGE('',*,*,#3571,.F.);
#983=ORIENTED_EDGE('',*,*,#3758,.T.);
#984=ORIENTED_EDGE('',*,*,#3433,.T.);
#985=ORIENTED_EDGE('',*,*,#3757,.F.);
#986=ORIENTED_EDGE('',*,*,#3338,.F.);
#987=ORIENTED_EDGE('',*,*,#3575,.T.);
#988=ORIENTED_EDGE('',*,*,#3759,.T.);
#989=ORIENTED_EDGE('',*,*,#3429,.F.);
#990=ORIENTED_EDGE('',*,*,#3573,.F.);
#991=ORIENTED_EDGE('',*,*,#3340,.T.);
#992=ORIENTED_EDGE('',*,*,#3431,.T.);
#993=ORIENTED_EDGE('',*,*,#3760,.F.);
#994=ORIENTED_EDGE('',*,*,#3574,.F.);
#995=ORIENTED_EDGE('',*,*,#3760,.T.);
#996=ORIENTED_EDGE('',*,*,#3430,.T.);
#997=ORIENTED_EDGE('',*,*,#3759,.F.);
#998=ORIENTED_EDGE('',*,*,#3334,.F.);
#999=ORIENTED_EDGE('',*,*,#3578,.T.);
#1000=ORIENTED_EDGE('',*,*,#3761,.T.);
#1001=ORIENTED_EDGE('',*,*,#3426,.F.);
#1002=ORIENTED_EDGE('',*,*,#3576,.F.);
#1003=ORIENTED_EDGE('',*,*,#3336,.T.);
#1004=ORIENTED_EDGE('',*,*,#3428,.T.);
#1005=ORIENTED_EDGE('',*,*,#3762,.F.);
#1006=ORIENTED_EDGE('',*,*,#3577,.F.);
#1007=ORIENTED_EDGE('',*,*,#3762,.T.);
#1008=ORIENTED_EDGE('',*,*,#3427,.T.);
#1009=ORIENTED_EDGE('',*,*,#3761,.F.);
#1010=ORIENTED_EDGE('',*,*,#3330,.F.);
#1011=ORIENTED_EDGE('',*,*,#3581,.T.);
#1012=ORIENTED_EDGE('',*,*,#3763,.T.);
#1013=ORIENTED_EDGE('',*,*,#3423,.F.);
#1014=ORIENTED_EDGE('',*,*,#3579,.F.);
#1015=ORIENTED_EDGE('',*,*,#3332,.T.);
#1016=ORIENTED_EDGE('',*,*,#3425,.T.);
#1017=ORIENTED_EDGE('',*,*,#3764,.F.);
#1018=ORIENTED_EDGE('',*,*,#3580,.F.);
#1019=ORIENTED_EDGE('',*,*,#3764,.T.);
#1020=ORIENTED_EDGE('',*,*,#3424,.T.);
#1021=ORIENTED_EDGE('',*,*,#3763,.F.);
#1022=ORIENTED_EDGE('',*,*,#3326,.F.);
#1023=ORIENTED_EDGE('',*,*,#3584,.T.);
#1024=ORIENTED_EDGE('',*,*,#3765,.T.);
#1025=ORIENTED_EDGE('',*,*,#3420,.F.);
#1026=ORIENTED_EDGE('',*,*,#3582,.F.);
#1027=ORIENTED_EDGE('',*,*,#3328,.T.);
#1028=ORIENTED_EDGE('',*,*,#3422,.T.);
#1029=ORIENTED_EDGE('',*,*,#3766,.F.);
#1030=ORIENTED_EDGE('',*,*,#3583,.F.);
#1031=ORIENTED_EDGE('',*,*,#3766,.T.);
#1032=ORIENTED_EDGE('',*,*,#3421,.T.);
#1033=ORIENTED_EDGE('',*,*,#3765,.F.);
#1034=ORIENTED_EDGE('',*,*,#3322,.F.);
#1035=ORIENTED_EDGE('',*,*,#3587,.T.);
#1036=ORIENTED_EDGE('',*,*,#3767,.T.);
#1037=ORIENTED_EDGE('',*,*,#3417,.F.);
#1038=ORIENTED_EDGE('',*,*,#3585,.F.);
#1039=ORIENTED_EDGE('',*,*,#3324,.T.);
#1040=ORIENTED_EDGE('',*,*,#3419,.T.);
#1041=ORIENTED_EDGE('',*,*,#3768,.F.);
#1042=ORIENTED_EDGE('',*,*,#3586,.F.);
#1043=ORIENTED_EDGE('',*,*,#3768,.T.);
#1044=ORIENTED_EDGE('',*,*,#3418,.T.);
#1045=ORIENTED_EDGE('',*,*,#3767,.F.);
#1046=ORIENTED_EDGE('',*,*,#3318,.F.);
#1047=ORIENTED_EDGE('',*,*,#3590,.T.);
#1048=ORIENTED_EDGE('',*,*,#3769,.T.);
#1049=ORIENTED_EDGE('',*,*,#3414,.F.);
#1050=ORIENTED_EDGE('',*,*,#3588,.F.);
#1051=ORIENTED_EDGE('',*,*,#3320,.T.);
#1052=ORIENTED_EDGE('',*,*,#3416,.T.);
#1053=ORIENTED_EDGE('',*,*,#3770,.F.);
#1054=ORIENTED_EDGE('',*,*,#3589,.F.);
#1055=ORIENTED_EDGE('',*,*,#3770,.T.);
#1056=ORIENTED_EDGE('',*,*,#3415,.T.);
#1057=ORIENTED_EDGE('',*,*,#3769,.F.);
#1058=ORIENTED_EDGE('',*,*,#3314,.F.);
#1059=ORIENTED_EDGE('',*,*,#3593,.T.);
#1060=ORIENTED_EDGE('',*,*,#3771,.T.);
#1061=ORIENTED_EDGE('',*,*,#3411,.F.);
#1062=ORIENTED_EDGE('',*,*,#3591,.F.);
#1063=ORIENTED_EDGE('',*,*,#3316,.T.);
#1064=ORIENTED_EDGE('',*,*,#3413,.T.);
#1065=ORIENTED_EDGE('',*,*,#3772,.F.);
#1066=ORIENTED_EDGE('',*,*,#3592,.F.);
#1067=ORIENTED_EDGE('',*,*,#3772,.T.);
#1068=ORIENTED_EDGE('',*,*,#3412,.T.);
#1069=ORIENTED_EDGE('',*,*,#3771,.F.);
#1070=ORIENTED_EDGE('',*,*,#3310,.F.);
#1071=ORIENTED_EDGE('',*,*,#3596,.T.);
#1072=ORIENTED_EDGE('',*,*,#3773,.T.);
#1073=ORIENTED_EDGE('',*,*,#3408,.F.);
#1074=ORIENTED_EDGE('',*,*,#3594,.F.);
#1075=ORIENTED_EDGE('',*,*,#3312,.T.);
#1076=ORIENTED_EDGE('',*,*,#3410,.T.);
#1077=ORIENTED_EDGE('',*,*,#3774,.F.);
#1078=ORIENTED_EDGE('',*,*,#3595,.F.);
#1079=ORIENTED_EDGE('',*,*,#3774,.T.);
#1080=ORIENTED_EDGE('',*,*,#3409,.T.);
#1081=ORIENTED_EDGE('',*,*,#3773,.F.);
#1082=ORIENTED_EDGE('',*,*,#3306,.F.);
#1083=ORIENTED_EDGE('',*,*,#3599,.T.);
#1084=ORIENTED_EDGE('',*,*,#3775,.T.);
#1085=ORIENTED_EDGE('',*,*,#3405,.F.);
#1086=ORIENTED_EDGE('',*,*,#3597,.F.);
#1087=ORIENTED_EDGE('',*,*,#3308,.T.);
#1088=ORIENTED_EDGE('',*,*,#3407,.T.);
#1089=ORIENTED_EDGE('',*,*,#3776,.F.);
#1090=ORIENTED_EDGE('',*,*,#3598,.F.);
#1091=ORIENTED_EDGE('',*,*,#3776,.T.);
#1092=ORIENTED_EDGE('',*,*,#3406,.T.);
#1093=ORIENTED_EDGE('',*,*,#3775,.F.);
#1094=ORIENTED_EDGE('',*,*,#3302,.F.);
#1095=ORIENTED_EDGE('',*,*,#3602,.T.);
#1096=ORIENTED_EDGE('',*,*,#3777,.T.);
#1097=ORIENTED_EDGE('',*,*,#3402,.F.);
#1098=ORIENTED_EDGE('',*,*,#3600,.F.);
#1099=ORIENTED_EDGE('',*,*,#3304,.T.);
#1100=ORIENTED_EDGE('',*,*,#3404,.T.);
#1101=ORIENTED_EDGE('',*,*,#3778,.F.);
#1102=ORIENTED_EDGE('',*,*,#3601,.F.);
#1103=ORIENTED_EDGE('',*,*,#3778,.T.);
#1104=ORIENTED_EDGE('',*,*,#3403,.T.);
#1105=ORIENTED_EDGE('',*,*,#3777,.F.);
#1106=ORIENTED_EDGE('',*,*,#3298,.F.);
#1107=ORIENTED_EDGE('',*,*,#3605,.T.);
#1108=ORIENTED_EDGE('',*,*,#3779,.T.);
#1109=ORIENTED_EDGE('',*,*,#3399,.F.);
#1110=ORIENTED_EDGE('',*,*,#3603,.F.);
#1111=ORIENTED_EDGE('',*,*,#3300,.T.);
#1112=ORIENTED_EDGE('',*,*,#3401,.T.);
#1113=ORIENTED_EDGE('',*,*,#3780,.F.);
#1114=ORIENTED_EDGE('',*,*,#3604,.F.);
#1115=ORIENTED_EDGE('',*,*,#3780,.T.);
#1116=ORIENTED_EDGE('',*,*,#3400,.T.);
#1117=ORIENTED_EDGE('',*,*,#3779,.F.);
#1118=ORIENTED_EDGE('',*,*,#3294,.F.);
#1119=ORIENTED_EDGE('',*,*,#3608,.T.);
#1120=ORIENTED_EDGE('',*,*,#3781,.T.);
#1121=ORIENTED_EDGE('',*,*,#3396,.F.);
#1122=ORIENTED_EDGE('',*,*,#3606,.F.);
#1123=ORIENTED_EDGE('',*,*,#3296,.T.);
#1124=ORIENTED_EDGE('',*,*,#3398,.T.);
#1125=ORIENTED_EDGE('',*,*,#3782,.F.);
#1126=ORIENTED_EDGE('',*,*,#3607,.F.);
#1127=ORIENTED_EDGE('',*,*,#3782,.T.);
#1128=ORIENTED_EDGE('',*,*,#3397,.T.);
#1129=ORIENTED_EDGE('',*,*,#3781,.F.);
#1130=ORIENTED_EDGE('',*,*,#3290,.F.);
#1131=ORIENTED_EDGE('',*,*,#3611,.T.);
#1132=ORIENTED_EDGE('',*,*,#3783,.T.);
#1133=ORIENTED_EDGE('',*,*,#3393,.F.);
#1134=ORIENTED_EDGE('',*,*,#3609,.F.);
#1135=ORIENTED_EDGE('',*,*,#3292,.T.);
#1136=ORIENTED_EDGE('',*,*,#3395,.T.);
#1137=ORIENTED_EDGE('',*,*,#3784,.F.);
#1138=ORIENTED_EDGE('',*,*,#3610,.F.);
#1139=ORIENTED_EDGE('',*,*,#3784,.T.);
#1140=ORIENTED_EDGE('',*,*,#3394,.T.);
#1141=ORIENTED_EDGE('',*,*,#3783,.F.);
#1142=ORIENTED_EDGE('',*,*,#3286,.F.);
#1143=ORIENTED_EDGE('',*,*,#3614,.T.);
#1144=ORIENTED_EDGE('',*,*,#3785,.T.);
#1145=ORIENTED_EDGE('',*,*,#3390,.F.);
#1146=ORIENTED_EDGE('',*,*,#3612,.F.);
#1147=ORIENTED_EDGE('',*,*,#3288,.T.);
#1148=ORIENTED_EDGE('',*,*,#3392,.T.);
#1149=ORIENTED_EDGE('',*,*,#3786,.F.);
#1150=ORIENTED_EDGE('',*,*,#3613,.F.);
#1151=ORIENTED_EDGE('',*,*,#3786,.T.);
#1152=ORIENTED_EDGE('',*,*,#3391,.T.);
#1153=ORIENTED_EDGE('',*,*,#3785,.F.);
#1154=ORIENTED_EDGE('',*,*,#3282,.F.);
#1155=ORIENTED_EDGE('',*,*,#3617,.T.);
#1156=ORIENTED_EDGE('',*,*,#3787,.T.);
#1157=ORIENTED_EDGE('',*,*,#3387,.F.);
#1158=ORIENTED_EDGE('',*,*,#3615,.F.);
#1159=ORIENTED_EDGE('',*,*,#3284,.T.);
#1160=ORIENTED_EDGE('',*,*,#3389,.T.);
#1161=ORIENTED_EDGE('',*,*,#3788,.F.);
#1162=ORIENTED_EDGE('',*,*,#3616,.F.);
#1163=ORIENTED_EDGE('',*,*,#3788,.T.);
#1164=ORIENTED_EDGE('',*,*,#3388,.T.);
#1165=ORIENTED_EDGE('',*,*,#3787,.F.);
#1166=ORIENTED_EDGE('',*,*,#3278,.F.);
#1167=ORIENTED_EDGE('',*,*,#3620,.T.);
#1168=ORIENTED_EDGE('',*,*,#3789,.T.);
#1169=ORIENTED_EDGE('',*,*,#3384,.F.);
#1170=ORIENTED_EDGE('',*,*,#3618,.F.);
#1171=ORIENTED_EDGE('',*,*,#3280,.T.);
#1172=ORIENTED_EDGE('',*,*,#3386,.T.);
#1173=ORIENTED_EDGE('',*,*,#3790,.F.);
#1174=ORIENTED_EDGE('',*,*,#3619,.F.);
#1175=ORIENTED_EDGE('',*,*,#3790,.T.);
#1176=ORIENTED_EDGE('',*,*,#3385,.T.);
#1177=ORIENTED_EDGE('',*,*,#3789,.F.);
#1178=ORIENTED_EDGE('',*,*,#3274,.F.);
#1179=ORIENTED_EDGE('',*,*,#3623,.T.);
#1180=ORIENTED_EDGE('',*,*,#3791,.T.);
#1181=ORIENTED_EDGE('',*,*,#3381,.F.);
#1182=ORIENTED_EDGE('',*,*,#3621,.F.);
#1183=ORIENTED_EDGE('',*,*,#3276,.T.);
#1184=ORIENTED_EDGE('',*,*,#3383,.T.);
#1185=ORIENTED_EDGE('',*,*,#3792,.F.);
#1186=ORIENTED_EDGE('',*,*,#3622,.F.);
#1187=ORIENTED_EDGE('',*,*,#3792,.T.);
#1188=ORIENTED_EDGE('',*,*,#3382,.T.);
#1189=ORIENTED_EDGE('',*,*,#3791,.F.);
#1190=ORIENTED_EDGE('',*,*,#3270,.F.);
#1191=ORIENTED_EDGE('',*,*,#3626,.T.);
#1192=ORIENTED_EDGE('',*,*,#3793,.T.);
#1193=ORIENTED_EDGE('',*,*,#3378,.F.);
#1194=ORIENTED_EDGE('',*,*,#3624,.F.);
#1195=ORIENTED_EDGE('',*,*,#3272,.T.);
#1196=ORIENTED_EDGE('',*,*,#3380,.T.);
#1197=ORIENTED_EDGE('',*,*,#3794,.F.);
#1198=ORIENTED_EDGE('',*,*,#3625,.F.);
#1199=ORIENTED_EDGE('',*,*,#3794,.T.);
#1200=ORIENTED_EDGE('',*,*,#3379,.T.);
#1201=ORIENTED_EDGE('',*,*,#3793,.F.);
#1202=ORIENTED_EDGE('',*,*,#3266,.F.);
#1203=ORIENTED_EDGE('',*,*,#3629,.T.);
#1204=ORIENTED_EDGE('',*,*,#3795,.T.);
#1205=ORIENTED_EDGE('',*,*,#3375,.F.);
#1206=ORIENTED_EDGE('',*,*,#3627,.F.);
#1207=ORIENTED_EDGE('',*,*,#3268,.T.);
#1208=ORIENTED_EDGE('',*,*,#3377,.T.);
#1209=ORIENTED_EDGE('',*,*,#3796,.F.);
#1210=ORIENTED_EDGE('',*,*,#3628,.F.);
#1211=ORIENTED_EDGE('',*,*,#3796,.T.);
#1212=ORIENTED_EDGE('',*,*,#3376,.T.);
#1213=ORIENTED_EDGE('',*,*,#3795,.F.);
#1214=ORIENTED_EDGE('',*,*,#3262,.F.);
#1215=ORIENTED_EDGE('',*,*,#3632,.T.);
#1216=ORIENTED_EDGE('',*,*,#3797,.T.);
#1217=ORIENTED_EDGE('',*,*,#3372,.F.);
#1218=ORIENTED_EDGE('',*,*,#3630,.F.);
#1219=ORIENTED_EDGE('',*,*,#3264,.T.);
#1220=ORIENTED_EDGE('',*,*,#3374,.T.);
#1221=ORIENTED_EDGE('',*,*,#3798,.F.);
#1222=ORIENTED_EDGE('',*,*,#3631,.F.);
#1223=ORIENTED_EDGE('',*,*,#3798,.T.);
#1224=ORIENTED_EDGE('',*,*,#3373,.T.);
#1225=ORIENTED_EDGE('',*,*,#3797,.F.);
#1226=ORIENTED_EDGE('',*,*,#3258,.F.);
#1227=ORIENTED_EDGE('',*,*,#3635,.T.);
#1228=ORIENTED_EDGE('',*,*,#3799,.T.);
#1229=ORIENTED_EDGE('',*,*,#3369,.F.);
#1230=ORIENTED_EDGE('',*,*,#3633,.F.);
#1231=ORIENTED_EDGE('',*,*,#3260,.T.);
#1232=ORIENTED_EDGE('',*,*,#3371,.T.);
#1233=ORIENTED_EDGE('',*,*,#3800,.F.);
#1234=ORIENTED_EDGE('',*,*,#3634,.F.);
#1235=ORIENTED_EDGE('',*,*,#3800,.T.);
#1236=ORIENTED_EDGE('',*,*,#3370,.T.);
#1237=ORIENTED_EDGE('',*,*,#3799,.F.);
#1238=ORIENTED_EDGE('',*,*,#3254,.F.);
#1239=ORIENTED_EDGE('',*,*,#3638,.T.);
#1240=ORIENTED_EDGE('',*,*,#3801,.T.);
#1241=ORIENTED_EDGE('',*,*,#3366,.F.);
#1242=ORIENTED_EDGE('',*,*,#3636,.F.);
#1243=ORIENTED_EDGE('',*,*,#3256,.T.);
#1244=ORIENTED_EDGE('',*,*,#3368,.T.);
#1245=ORIENTED_EDGE('',*,*,#3802,.F.);
#1246=ORIENTED_EDGE('',*,*,#3637,.F.);
#1247=ORIENTED_EDGE('',*,*,#3802,.T.);
#1248=ORIENTED_EDGE('',*,*,#3367,.T.);
#1249=ORIENTED_EDGE('',*,*,#3801,.F.);
#1250=ORIENTED_EDGE('',*,*,#3250,.F.);
#1251=ORIENTED_EDGE('',*,*,#3641,.T.);
#1252=ORIENTED_EDGE('',*,*,#3803,.T.);
#1253=ORIENTED_EDGE('',*,*,#3363,.F.);
#1254=ORIENTED_EDGE('',*,*,#3639,.F.);
#1255=ORIENTED_EDGE('',*,*,#3252,.T.);
#1256=ORIENTED_EDGE('',*,*,#3365,.T.);
#1257=ORIENTED_EDGE('',*,*,#3804,.F.);
#1258=ORIENTED_EDGE('',*,*,#3640,.F.);
#1259=ORIENTED_EDGE('',*,*,#3804,.T.);
#1260=ORIENTED_EDGE('',*,*,#3364,.T.);
#1261=ORIENTED_EDGE('',*,*,#3803,.F.);
#1262=ORIENTED_EDGE('',*,*,#3246,.F.);
#1263=ORIENTED_EDGE('',*,*,#3644,.T.);
#1264=ORIENTED_EDGE('',*,*,#3805,.T.);
#1265=ORIENTED_EDGE('',*,*,#3360,.F.);
#1266=ORIENTED_EDGE('',*,*,#3642,.F.);
#1267=ORIENTED_EDGE('',*,*,#3248,.T.);
#1268=ORIENTED_EDGE('',*,*,#3362,.T.);
#1269=ORIENTED_EDGE('',*,*,#3806,.F.);
#1270=ORIENTED_EDGE('',*,*,#3643,.F.);
#1271=ORIENTED_EDGE('',*,*,#3806,.T.);
#1272=ORIENTED_EDGE('',*,*,#3361,.T.);
#1273=ORIENTED_EDGE('',*,*,#3805,.F.);
#1274=ORIENTED_EDGE('',*,*,#3242,.F.);
#1275=ORIENTED_EDGE('',*,*,#3647,.T.);
#1276=ORIENTED_EDGE('',*,*,#3807,.T.);
#1277=ORIENTED_EDGE('',*,*,#3357,.F.);
#1278=ORIENTED_EDGE('',*,*,#3645,.F.);
#1279=ORIENTED_EDGE('',*,*,#3244,.T.);
#1280=ORIENTED_EDGE('',*,*,#3359,.T.);
#1281=ORIENTED_EDGE('',*,*,#3808,.F.);
#1282=ORIENTED_EDGE('',*,*,#3646,.F.);
#1283=ORIENTED_EDGE('',*,*,#3808,.T.);
#1284=ORIENTED_EDGE('',*,*,#3358,.T.);
#1285=ORIENTED_EDGE('',*,*,#3807,.F.);
#1286=ORIENTED_EDGE('',*,*,#3238,.F.);
#1287=ORIENTED_EDGE('',*,*,#3650,.T.);
#1288=ORIENTED_EDGE('',*,*,#3809,.T.);
#1289=ORIENTED_EDGE('',*,*,#3354,.F.);
#1290=ORIENTED_EDGE('',*,*,#3648,.F.);
#1291=ORIENTED_EDGE('',*,*,#3240,.T.);
#1292=ORIENTED_EDGE('',*,*,#3356,.T.);
#1293=ORIENTED_EDGE('',*,*,#3810,.F.);
#1294=ORIENTED_EDGE('',*,*,#3649,.F.);
#1295=ORIENTED_EDGE('',*,*,#3810,.T.);
#1296=ORIENTED_EDGE('',*,*,#3355,.T.);
#1297=ORIENTED_EDGE('',*,*,#3809,.F.);
#1298=ORIENTED_EDGE('',*,*,#3234,.F.);
#1299=ORIENTED_EDGE('',*,*,#3653,.T.);
#1300=ORIENTED_EDGE('',*,*,#3811,.T.);
#1301=ORIENTED_EDGE('',*,*,#3351,.F.);
#1302=ORIENTED_EDGE('',*,*,#3651,.F.);
#1303=ORIENTED_EDGE('',*,*,#3236,.T.);
#1304=ORIENTED_EDGE('',*,*,#3353,.T.);
#1305=ORIENTED_EDGE('',*,*,#3812,.F.);
#1306=ORIENTED_EDGE('',*,*,#3652,.F.);
#1307=ORIENTED_EDGE('',*,*,#3812,.T.);
#1308=ORIENTED_EDGE('',*,*,#3352,.T.);
#1309=ORIENTED_EDGE('',*,*,#3811,.F.);
#1310=ORIENTED_EDGE('',*,*,#3230,.F.);
#1311=ORIENTED_EDGE('',*,*,#3656,.T.);
#1312=ORIENTED_EDGE('',*,*,#3813,.T.);
#1313=ORIENTED_EDGE('',*,*,#3348,.F.);
#1314=ORIENTED_EDGE('',*,*,#3654,.F.);
#1315=ORIENTED_EDGE('',*,*,#3232,.T.);
#1316=ORIENTED_EDGE('',*,*,#3350,.T.);
#1317=ORIENTED_EDGE('',*,*,#3814,.F.);
#1318=ORIENTED_EDGE('',*,*,#3655,.F.);
#1319=ORIENTED_EDGE('',*,*,#3814,.T.);
#1320=ORIENTED_EDGE('',*,*,#3349,.T.);
#1321=ORIENTED_EDGE('',*,*,#3813,.F.);
#1322=ORIENTED_EDGE('',*,*,#3658,.F.);
#1323=ORIENTED_EDGE('',*,*,#3815,.T.);
#1324=ORIENTED_EDGE('',*,*,#3447,.T.);
#1325=ORIENTED_EDGE('',*,*,#3816,.F.);
#1326=ORIENTED_EDGE('',*,*,#3225,.F.);
#1327=ORIENTED_EDGE('',*,*,#3659,.T.);
#1328=ORIENTED_EDGE('',*,*,#3816,.T.);
#1329=ORIENTED_EDGE('',*,*,#3446,.F.);
#1330=ORIENTED_EDGE('',*,*,#3657,.F.);
#1331=ORIENTED_EDGE('',*,*,#3228,.T.);
#1332=ORIENTED_EDGE('',*,*,#3448,.T.);
#1333=ORIENTED_EDGE('',*,*,#3815,.F.);
#1334=ORIENTED_EDGE('',*,*,#3817,.F.);
#1335=ORIENTED_EDGE('',*,*,#3818,.T.);
#1336=ORIENTED_EDGE('',*,*,#3819,.T.);
#1337=ORIENTED_EDGE('',*,*,#3820,.F.);
#1338=ORIENTED_EDGE('',*,*,#3821,.F.);
#1339=ORIENTED_EDGE('',*,*,#3822,.T.);
#1340=ORIENTED_EDGE('',*,*,#3820,.T.);
#1341=ORIENTED_EDGE('',*,*,#3823,.F.);
#1342=ORIENTED_EDGE('',*,*,#3824,.F.);
#1343=ORIENTED_EDGE('',*,*,#3825,.F.);
#1344=ORIENTED_EDGE('',*,*,#3826,.F.);
#1345=ORIENTED_EDGE('',*,*,#3827,.T.);
#1346=ORIENTED_EDGE('',*,*,#3828,.T.);
#1347=ORIENTED_EDGE('',*,*,#3829,.T.);
#1348=ORIENTED_EDGE('',*,*,#3830,.T.);
#1349=ORIENTED_EDGE('',*,*,#3831,.T.);
#1350=ORIENTED_EDGE('',*,*,#3832,.F.);
#1351=ORIENTED_EDGE('',*,*,#3833,.F.);
#1352=ORIENTED_EDGE('',*,*,#3834,.F.);
#1353=ORIENTED_EDGE('',*,*,#3835,.T.);
#1354=ORIENTED_EDGE('',*,*,#3818,.F.);
#1355=ORIENTED_EDGE('',*,*,#3836,.T.);
#1356=ORIENTED_EDGE('',*,*,#3837,.T.);
#1357=ORIENTED_EDGE('',*,*,#3824,.T.);
#1358=ORIENTED_EDGE('',*,*,#3838,.T.);
#1359=ORIENTED_EDGE('',*,*,#3831,.F.);
#1360=ORIENTED_EDGE('',*,*,#3839,.T.);
#1361=ORIENTED_EDGE('',*,*,#3840,.F.);
#1362=ORIENTED_EDGE('',*,*,#3833,.T.);
#1363=ORIENTED_EDGE('',*,*,#3841,.F.);
#1364=ORIENTED_EDGE('',*,*,#3828,.F.);
#1365=ORIENTED_EDGE('',*,*,#3842,.T.);
#1366=ORIENTED_EDGE('',*,*,#3832,.T.);
#1367=ORIENTED_EDGE('',*,*,#3838,.F.);
#1368=ORIENTED_EDGE('',*,*,#3829,.F.);
#1369=ORIENTED_EDGE('',*,*,#3841,.T.);
#1370=ORIENTED_EDGE('',*,*,#3830,.F.);
#1371=ORIENTED_EDGE('',*,*,#3843,.F.);
#1372=ORIENTED_EDGE('',*,*,#3825,.T.);
#1373=ORIENTED_EDGE('',*,*,#3837,.F.);
#1374=ORIENTED_EDGE('',*,*,#3844,.T.);
#1375=ORIENTED_EDGE('',*,*,#3821,.T.);
#1376=ORIENTED_EDGE('',*,*,#3845,.F.);
#1377=ORIENTED_EDGE('',*,*,#3839,.F.);
#1378=ORIENTED_EDGE('',*,*,#3835,.F.);
#1379=ORIENTED_EDGE('',*,*,#3846,.F.);
#1380=ORIENTED_EDGE('',*,*,#3826,.T.);
#1381=ORIENTED_EDGE('',*,*,#3843,.T.);
#1382=ORIENTED_EDGE('',*,*,#3834,.T.);
#1383=ORIENTED_EDGE('',*,*,#3842,.F.);
#1384=ORIENTED_EDGE('',*,*,#3827,.F.);
#1385=ORIENTED_EDGE('',*,*,#3846,.T.);
#1386=ORIENTED_EDGE('',*,*,#3840,.T.);
#1387=ORIENTED_EDGE('',*,*,#3845,.T.);
#1388=ORIENTED_EDGE('',*,*,#3823,.T.);
#1389=ORIENTED_EDGE('',*,*,#3819,.F.);
#1390=ORIENTED_EDGE('',*,*,#3817,.T.);
#1391=ORIENTED_EDGE('',*,*,#3822,.F.);
#1392=ORIENTED_EDGE('',*,*,#3844,.F.);
#1393=ORIENTED_EDGE('',*,*,#3836,.F.);
#1394=ORIENTED_EDGE('',*,*,#3847,.F.);
#1395=ORIENTED_EDGE('',*,*,#3848,.T.);
#1396=ORIENTED_EDGE('',*,*,#3849,.T.);
#1397=ORIENTED_EDGE('',*,*,#3850,.F.);
#1398=ORIENTED_EDGE('',*,*,#3851,.F.);
#1399=ORIENTED_EDGE('',*,*,#3852,.T.);
#1400=ORIENTED_EDGE('',*,*,#3850,.T.);
#1401=ORIENTED_EDGE('',*,*,#3853,.F.);
#1402=ORIENTED_EDGE('',*,*,#3854,.F.);
#1403=ORIENTED_EDGE('',*,*,#3855,.F.);
#1404=ORIENTED_EDGE('',*,*,#3856,.F.);
#1405=ORIENTED_EDGE('',*,*,#3857,.T.);
#1406=ORIENTED_EDGE('',*,*,#3858,.T.);
#1407=ORIENTED_EDGE('',*,*,#3859,.T.);
#1408=ORIENTED_EDGE('',*,*,#3860,.T.);
#1409=ORIENTED_EDGE('',*,*,#3861,.T.);
#1410=ORIENTED_EDGE('',*,*,#3862,.F.);
#1411=ORIENTED_EDGE('',*,*,#3863,.F.);
#1412=ORIENTED_EDGE('',*,*,#3864,.F.);
#1413=ORIENTED_EDGE('',*,*,#3865,.T.);
#1414=ORIENTED_EDGE('',*,*,#3848,.F.);
#1415=ORIENTED_EDGE('',*,*,#3866,.T.);
#1416=ORIENTED_EDGE('',*,*,#3867,.T.);
#1417=ORIENTED_EDGE('',*,*,#3854,.T.);
#1418=ORIENTED_EDGE('',*,*,#3868,.T.);
#1419=ORIENTED_EDGE('',*,*,#3861,.F.);
#1420=ORIENTED_EDGE('',*,*,#3869,.T.);
#1421=ORIENTED_EDGE('',*,*,#3870,.F.);
#1422=ORIENTED_EDGE('',*,*,#3863,.T.);
#1423=ORIENTED_EDGE('',*,*,#3871,.F.);
#1424=ORIENTED_EDGE('',*,*,#3858,.F.);
#1425=ORIENTED_EDGE('',*,*,#3872,.T.);
#1426=ORIENTED_EDGE('',*,*,#3862,.T.);
#1427=ORIENTED_EDGE('',*,*,#3868,.F.);
#1428=ORIENTED_EDGE('',*,*,#3859,.F.);
#1429=ORIENTED_EDGE('',*,*,#3871,.T.);
#1430=ORIENTED_EDGE('',*,*,#3860,.F.);
#1431=ORIENTED_EDGE('',*,*,#3873,.F.);
#1432=ORIENTED_EDGE('',*,*,#3855,.T.);
#1433=ORIENTED_EDGE('',*,*,#3867,.F.);
#1434=ORIENTED_EDGE('',*,*,#3874,.T.);
#1435=ORIENTED_EDGE('',*,*,#3851,.T.);
#1436=ORIENTED_EDGE('',*,*,#3875,.F.);
#1437=ORIENTED_EDGE('',*,*,#3869,.F.);
#1438=ORIENTED_EDGE('',*,*,#3865,.F.);
#1439=ORIENTED_EDGE('',*,*,#3876,.F.);
#1440=ORIENTED_EDGE('',*,*,#3856,.T.);
#1441=ORIENTED_EDGE('',*,*,#3873,.T.);
#1442=ORIENTED_EDGE('',*,*,#3864,.T.);
#1443=ORIENTED_EDGE('',*,*,#3872,.F.);
#1444=ORIENTED_EDGE('',*,*,#3857,.F.);
#1445=ORIENTED_EDGE('',*,*,#3876,.T.);
#1446=ORIENTED_EDGE('',*,*,#3870,.T.);
#1447=ORIENTED_EDGE('',*,*,#3875,.T.);
#1448=ORIENTED_EDGE('',*,*,#3853,.T.);
#1449=ORIENTED_EDGE('',*,*,#3849,.F.);
#1450=ORIENTED_EDGE('',*,*,#3847,.T.);
#1451=ORIENTED_EDGE('',*,*,#3852,.F.);
#1452=ORIENTED_EDGE('',*,*,#3874,.F.);
#1453=ORIENTED_EDGE('',*,*,#3866,.F.);
#1454=ORIENTED_EDGE('',*,*,#3877,.F.);
#1455=ORIENTED_EDGE('',*,*,#3878,.T.);
#1456=ORIENTED_EDGE('',*,*,#3879,.T.);
#1457=ORIENTED_EDGE('',*,*,#3880,.F.);
#1458=ORIENTED_EDGE('',*,*,#3881,.F.);
#1459=ORIENTED_EDGE('',*,*,#3882,.T.);
#1460=ORIENTED_EDGE('',*,*,#3880,.T.);
#1461=ORIENTED_EDGE('',*,*,#3883,.F.);
#1462=ORIENTED_EDGE('',*,*,#3884,.F.);
#1463=ORIENTED_EDGE('',*,*,#3885,.F.);
#1464=ORIENTED_EDGE('',*,*,#3886,.F.);
#1465=ORIENTED_EDGE('',*,*,#3887,.T.);
#1466=ORIENTED_EDGE('',*,*,#3888,.T.);
#1467=ORIENTED_EDGE('',*,*,#3889,.T.);
#1468=ORIENTED_EDGE('',*,*,#3890,.T.);
#1469=ORIENTED_EDGE('',*,*,#3891,.T.);
#1470=ORIENTED_EDGE('',*,*,#3892,.F.);
#1471=ORIENTED_EDGE('',*,*,#3893,.F.);
#1472=ORIENTED_EDGE('',*,*,#3894,.F.);
#1473=ORIENTED_EDGE('',*,*,#3895,.T.);
#1474=ORIENTED_EDGE('',*,*,#3878,.F.);
#1475=ORIENTED_EDGE('',*,*,#3896,.T.);
#1476=ORIENTED_EDGE('',*,*,#3897,.T.);
#1477=ORIENTED_EDGE('',*,*,#3884,.T.);
#1478=ORIENTED_EDGE('',*,*,#3898,.T.);
#1479=ORIENTED_EDGE('',*,*,#3891,.F.);
#1480=ORIENTED_EDGE('',*,*,#3899,.T.);
#1481=ORIENTED_EDGE('',*,*,#3900,.F.);
#1482=ORIENTED_EDGE('',*,*,#3893,.T.);
#1483=ORIENTED_EDGE('',*,*,#3901,.F.);
#1484=ORIENTED_EDGE('',*,*,#3888,.F.);
#1485=ORIENTED_EDGE('',*,*,#3902,.T.);
#1486=ORIENTED_EDGE('',*,*,#3892,.T.);
#1487=ORIENTED_EDGE('',*,*,#3898,.F.);
#1488=ORIENTED_EDGE('',*,*,#3889,.F.);
#1489=ORIENTED_EDGE('',*,*,#3901,.T.);
#1490=ORIENTED_EDGE('',*,*,#3890,.F.);
#1491=ORIENTED_EDGE('',*,*,#3903,.F.);
#1492=ORIENTED_EDGE('',*,*,#3885,.T.);
#1493=ORIENTED_EDGE('',*,*,#3897,.F.);
#1494=ORIENTED_EDGE('',*,*,#3904,.T.);
#1495=ORIENTED_EDGE('',*,*,#3881,.T.);
#1496=ORIENTED_EDGE('',*,*,#3905,.F.);
#1497=ORIENTED_EDGE('',*,*,#3899,.F.);
#1498=ORIENTED_EDGE('',*,*,#3895,.F.);
#1499=ORIENTED_EDGE('',*,*,#3906,.F.);
#1500=ORIENTED_EDGE('',*,*,#3886,.T.);
#1501=ORIENTED_EDGE('',*,*,#3903,.T.);
#1502=ORIENTED_EDGE('',*,*,#3894,.T.);
#1503=ORIENTED_EDGE('',*,*,#3902,.F.);
#1504=ORIENTED_EDGE('',*,*,#3887,.F.);
#1505=ORIENTED_EDGE('',*,*,#3906,.T.);
#1506=ORIENTED_EDGE('',*,*,#3900,.T.);
#1507=ORIENTED_EDGE('',*,*,#3905,.T.);
#1508=ORIENTED_EDGE('',*,*,#3883,.T.);
#1509=ORIENTED_EDGE('',*,*,#3879,.F.);
#1510=ORIENTED_EDGE('',*,*,#3877,.T.);
#1511=ORIENTED_EDGE('',*,*,#3882,.F.);
#1512=ORIENTED_EDGE('',*,*,#3904,.F.);
#1513=ORIENTED_EDGE('',*,*,#3896,.F.);
#1514=ORIENTED_EDGE('',*,*,#3907,.F.);
#1515=ORIENTED_EDGE('',*,*,#3908,.T.);
#1516=ORIENTED_EDGE('',*,*,#3909,.T.);
#1517=ORIENTED_EDGE('',*,*,#3910,.F.);
#1518=ORIENTED_EDGE('',*,*,#3911,.F.);
#1519=ORIENTED_EDGE('',*,*,#3912,.T.);
#1520=ORIENTED_EDGE('',*,*,#3910,.T.);
#1521=ORIENTED_EDGE('',*,*,#3913,.F.);
#1522=ORIENTED_EDGE('',*,*,#3914,.F.);
#1523=ORIENTED_EDGE('',*,*,#3915,.F.);
#1524=ORIENTED_EDGE('',*,*,#3916,.F.);
#1525=ORIENTED_EDGE('',*,*,#3917,.T.);
#1526=ORIENTED_EDGE('',*,*,#3918,.T.);
#1527=ORIENTED_EDGE('',*,*,#3919,.T.);
#1528=ORIENTED_EDGE('',*,*,#3920,.T.);
#1529=ORIENTED_EDGE('',*,*,#3921,.T.);
#1530=ORIENTED_EDGE('',*,*,#3922,.F.);
#1531=ORIENTED_EDGE('',*,*,#3923,.F.);
#1532=ORIENTED_EDGE('',*,*,#3924,.F.);
#1533=ORIENTED_EDGE('',*,*,#3925,.T.);
#1534=ORIENTED_EDGE('',*,*,#3908,.F.);
#1535=ORIENTED_EDGE('',*,*,#3926,.T.);
#1536=ORIENTED_EDGE('',*,*,#3927,.T.);
#1537=ORIENTED_EDGE('',*,*,#3914,.T.);
#1538=ORIENTED_EDGE('',*,*,#3928,.T.);
#1539=ORIENTED_EDGE('',*,*,#3921,.F.);
#1540=ORIENTED_EDGE('',*,*,#3929,.T.);
#1541=ORIENTED_EDGE('',*,*,#3930,.F.);
#1542=ORIENTED_EDGE('',*,*,#3923,.T.);
#1543=ORIENTED_EDGE('',*,*,#3931,.F.);
#1544=ORIENTED_EDGE('',*,*,#3918,.F.);
#1545=ORIENTED_EDGE('',*,*,#3932,.T.);
#1546=ORIENTED_EDGE('',*,*,#3922,.T.);
#1547=ORIENTED_EDGE('',*,*,#3928,.F.);
#1548=ORIENTED_EDGE('',*,*,#3919,.F.);
#1549=ORIENTED_EDGE('',*,*,#3931,.T.);
#1550=ORIENTED_EDGE('',*,*,#3920,.F.);
#1551=ORIENTED_EDGE('',*,*,#3933,.F.);
#1552=ORIENTED_EDGE('',*,*,#3915,.T.);
#1553=ORIENTED_EDGE('',*,*,#3927,.F.);
#1554=ORIENTED_EDGE('',*,*,#3934,.T.);
#1555=ORIENTED_EDGE('',*,*,#3911,.T.);
#1556=ORIENTED_EDGE('',*,*,#3935,.F.);
#1557=ORIENTED_EDGE('',*,*,#3929,.F.);
#1558=ORIENTED_EDGE('',*,*,#3925,.F.);
#1559=ORIENTED_EDGE('',*,*,#3936,.F.);
#1560=ORIENTED_EDGE('',*,*,#3916,.T.);
#1561=ORIENTED_EDGE('',*,*,#3933,.T.);
#1562=ORIENTED_EDGE('',*,*,#3924,.T.);
#1563=ORIENTED_EDGE('',*,*,#3932,.F.);
#1564=ORIENTED_EDGE('',*,*,#3917,.F.);
#1565=ORIENTED_EDGE('',*,*,#3936,.T.);
#1566=ORIENTED_EDGE('',*,*,#3930,.T.);
#1567=ORIENTED_EDGE('',*,*,#3935,.T.);
#1568=ORIENTED_EDGE('',*,*,#3913,.T.);
#1569=ORIENTED_EDGE('',*,*,#3909,.F.);
#1570=ORIENTED_EDGE('',*,*,#3907,.T.);
#1571=ORIENTED_EDGE('',*,*,#3912,.F.);
#1572=ORIENTED_EDGE('',*,*,#3934,.F.);
#1573=ORIENTED_EDGE('',*,*,#3926,.F.);
#1574=ORIENTED_EDGE('',*,*,#3937,.F.);
#1575=ORIENTED_EDGE('',*,*,#3938,.T.);
#1576=ORIENTED_EDGE('',*,*,#3939,.T.);
#1577=ORIENTED_EDGE('',*,*,#3940,.F.);
#1578=ORIENTED_EDGE('',*,*,#3941,.F.);
#1579=ORIENTED_EDGE('',*,*,#3942,.T.);
#1580=ORIENTED_EDGE('',*,*,#3940,.T.);
#1581=ORIENTED_EDGE('',*,*,#3943,.F.);
#1582=ORIENTED_EDGE('',*,*,#3944,.F.);
#1583=ORIENTED_EDGE('',*,*,#3945,.F.);
#1584=ORIENTED_EDGE('',*,*,#3946,.F.);
#1585=ORIENTED_EDGE('',*,*,#3947,.T.);
#1586=ORIENTED_EDGE('',*,*,#3948,.T.);
#1587=ORIENTED_EDGE('',*,*,#3949,.T.);
#1588=ORIENTED_EDGE('',*,*,#3950,.T.);
#1589=ORIENTED_EDGE('',*,*,#3951,.T.);
#1590=ORIENTED_EDGE('',*,*,#3952,.F.);
#1591=ORIENTED_EDGE('',*,*,#3953,.F.);
#1592=ORIENTED_EDGE('',*,*,#3954,.F.);
#1593=ORIENTED_EDGE('',*,*,#3955,.T.);
#1594=ORIENTED_EDGE('',*,*,#3938,.F.);
#1595=ORIENTED_EDGE('',*,*,#3956,.T.);
#1596=ORIENTED_EDGE('',*,*,#3957,.T.);
#1597=ORIENTED_EDGE('',*,*,#3944,.T.);
#1598=ORIENTED_EDGE('',*,*,#3958,.T.);
#1599=ORIENTED_EDGE('',*,*,#3951,.F.);
#1600=ORIENTED_EDGE('',*,*,#3959,.T.);
#1601=ORIENTED_EDGE('',*,*,#3960,.F.);
#1602=ORIENTED_EDGE('',*,*,#3953,.T.);
#1603=ORIENTED_EDGE('',*,*,#3961,.F.);
#1604=ORIENTED_EDGE('',*,*,#3948,.F.);
#1605=ORIENTED_EDGE('',*,*,#3962,.T.);
#1606=ORIENTED_EDGE('',*,*,#3952,.T.);
#1607=ORIENTED_EDGE('',*,*,#3958,.F.);
#1608=ORIENTED_EDGE('',*,*,#3949,.F.);
#1609=ORIENTED_EDGE('',*,*,#3961,.T.);
#1610=ORIENTED_EDGE('',*,*,#3950,.F.);
#1611=ORIENTED_EDGE('',*,*,#3963,.F.);
#1612=ORIENTED_EDGE('',*,*,#3945,.T.);
#1613=ORIENTED_EDGE('',*,*,#3957,.F.);
#1614=ORIENTED_EDGE('',*,*,#3964,.T.);
#1615=ORIENTED_EDGE('',*,*,#3941,.T.);
#1616=ORIENTED_EDGE('',*,*,#3965,.F.);
#1617=ORIENTED_EDGE('',*,*,#3959,.F.);
#1618=ORIENTED_EDGE('',*,*,#3955,.F.);
#1619=ORIENTED_EDGE('',*,*,#3966,.F.);
#1620=ORIENTED_EDGE('',*,*,#3946,.T.);
#1621=ORIENTED_EDGE('',*,*,#3963,.T.);
#1622=ORIENTED_EDGE('',*,*,#3954,.T.);
#1623=ORIENTED_EDGE('',*,*,#3962,.F.);
#1624=ORIENTED_EDGE('',*,*,#3947,.F.);
#1625=ORIENTED_EDGE('',*,*,#3966,.T.);
#1626=ORIENTED_EDGE('',*,*,#3960,.T.);
#1627=ORIENTED_EDGE('',*,*,#3965,.T.);
#1628=ORIENTED_EDGE('',*,*,#3943,.T.);
#1629=ORIENTED_EDGE('',*,*,#3939,.F.);
#1630=ORIENTED_EDGE('',*,*,#3937,.T.);
#1631=ORIENTED_EDGE('',*,*,#3942,.F.);
#1632=ORIENTED_EDGE('',*,*,#3964,.F.);
#1633=ORIENTED_EDGE('',*,*,#3956,.F.);
#1634=ORIENTED_EDGE('',*,*,#3967,.F.);
#1635=ORIENTED_EDGE('',*,*,#3968,.T.);
#1636=ORIENTED_EDGE('',*,*,#3969,.T.);
#1637=ORIENTED_EDGE('',*,*,#3970,.F.);
#1638=ORIENTED_EDGE('',*,*,#3971,.F.);
#1639=ORIENTED_EDGE('',*,*,#3972,.T.);
#1640=ORIENTED_EDGE('',*,*,#3970,.T.);
#1641=ORIENTED_EDGE('',*,*,#3973,.F.);
#1642=ORIENTED_EDGE('',*,*,#3974,.F.);
#1643=ORIENTED_EDGE('',*,*,#3975,.F.);
#1644=ORIENTED_EDGE('',*,*,#3976,.F.);
#1645=ORIENTED_EDGE('',*,*,#3977,.T.);
#1646=ORIENTED_EDGE('',*,*,#3978,.T.);
#1647=ORIENTED_EDGE('',*,*,#3979,.T.);
#1648=ORIENTED_EDGE('',*,*,#3980,.T.);
#1649=ORIENTED_EDGE('',*,*,#3981,.T.);
#1650=ORIENTED_EDGE('',*,*,#3982,.F.);
#1651=ORIENTED_EDGE('',*,*,#3983,.F.);
#1652=ORIENTED_EDGE('',*,*,#3984,.F.);
#1653=ORIENTED_EDGE('',*,*,#3985,.T.);
#1654=ORIENTED_EDGE('',*,*,#3968,.F.);
#1655=ORIENTED_EDGE('',*,*,#3986,.T.);
#1656=ORIENTED_EDGE('',*,*,#3987,.T.);
#1657=ORIENTED_EDGE('',*,*,#3974,.T.);
#1658=ORIENTED_EDGE('',*,*,#3988,.T.);
#1659=ORIENTED_EDGE('',*,*,#3981,.F.);
#1660=ORIENTED_EDGE('',*,*,#3989,.T.);
#1661=ORIENTED_EDGE('',*,*,#3990,.F.);
#1662=ORIENTED_EDGE('',*,*,#3983,.T.);
#1663=ORIENTED_EDGE('',*,*,#3991,.F.);
#1664=ORIENTED_EDGE('',*,*,#3978,.F.);
#1665=ORIENTED_EDGE('',*,*,#3992,.T.);
#1666=ORIENTED_EDGE('',*,*,#3982,.T.);
#1667=ORIENTED_EDGE('',*,*,#3988,.F.);
#1668=ORIENTED_EDGE('',*,*,#3979,.F.);
#1669=ORIENTED_EDGE('',*,*,#3991,.T.);
#1670=ORIENTED_EDGE('',*,*,#3980,.F.);
#1671=ORIENTED_EDGE('',*,*,#3993,.F.);
#1672=ORIENTED_EDGE('',*,*,#3975,.T.);
#1673=ORIENTED_EDGE('',*,*,#3987,.F.);
#1674=ORIENTED_EDGE('',*,*,#3994,.T.);
#1675=ORIENTED_EDGE('',*,*,#3971,.T.);
#1676=ORIENTED_EDGE('',*,*,#3995,.F.);
#1677=ORIENTED_EDGE('',*,*,#3989,.F.);
#1678=ORIENTED_EDGE('',*,*,#3985,.F.);
#1679=ORIENTED_EDGE('',*,*,#3996,.F.);
#1680=ORIENTED_EDGE('',*,*,#3976,.T.);
#1681=ORIENTED_EDGE('',*,*,#3993,.T.);
#1682=ORIENTED_EDGE('',*,*,#3984,.T.);
#1683=ORIENTED_EDGE('',*,*,#3992,.F.);
#1684=ORIENTED_EDGE('',*,*,#3977,.F.);
#1685=ORIENTED_EDGE('',*,*,#3996,.T.);
#1686=ORIENTED_EDGE('',*,*,#3990,.T.);
#1687=ORIENTED_EDGE('',*,*,#3995,.T.);
#1688=ORIENTED_EDGE('',*,*,#3973,.T.);
#1689=ORIENTED_EDGE('',*,*,#3969,.F.);
#1690=ORIENTED_EDGE('',*,*,#3967,.T.);
#1691=ORIENTED_EDGE('',*,*,#3972,.F.);
#1692=ORIENTED_EDGE('',*,*,#3994,.F.);
#1693=ORIENTED_EDGE('',*,*,#3986,.F.);
#1694=ORIENTED_EDGE('',*,*,#3997,.F.);
#1695=ORIENTED_EDGE('',*,*,#3998,.T.);
#1696=ORIENTED_EDGE('',*,*,#3999,.T.);
#1697=ORIENTED_EDGE('',*,*,#4000,.F.);
#1698=ORIENTED_EDGE('',*,*,#4001,.F.);
#1699=ORIENTED_EDGE('',*,*,#4002,.T.);
#1700=ORIENTED_EDGE('',*,*,#4000,.T.);
#1701=ORIENTED_EDGE('',*,*,#4003,.F.);
#1702=ORIENTED_EDGE('',*,*,#4004,.F.);
#1703=ORIENTED_EDGE('',*,*,#4005,.F.);
#1704=ORIENTED_EDGE('',*,*,#4006,.F.);
#1705=ORIENTED_EDGE('',*,*,#4007,.T.);
#1706=ORIENTED_EDGE('',*,*,#4008,.T.);
#1707=ORIENTED_EDGE('',*,*,#4009,.T.);
#1708=ORIENTED_EDGE('',*,*,#4010,.T.);
#1709=ORIENTED_EDGE('',*,*,#4011,.T.);
#1710=ORIENTED_EDGE('',*,*,#4012,.F.);
#1711=ORIENTED_EDGE('',*,*,#4013,.F.);
#1712=ORIENTED_EDGE('',*,*,#4014,.F.);
#1713=ORIENTED_EDGE('',*,*,#4015,.T.);
#1714=ORIENTED_EDGE('',*,*,#3998,.F.);
#1715=ORIENTED_EDGE('',*,*,#4016,.T.);
#1716=ORIENTED_EDGE('',*,*,#4017,.T.);
#1717=ORIENTED_EDGE('',*,*,#4004,.T.);
#1718=ORIENTED_EDGE('',*,*,#4018,.T.);
#1719=ORIENTED_EDGE('',*,*,#4011,.F.);
#1720=ORIENTED_EDGE('',*,*,#4019,.T.);
#1721=ORIENTED_EDGE('',*,*,#4020,.F.);
#1722=ORIENTED_EDGE('',*,*,#4013,.T.);
#1723=ORIENTED_EDGE('',*,*,#4021,.F.);
#1724=ORIENTED_EDGE('',*,*,#4008,.F.);
#1725=ORIENTED_EDGE('',*,*,#4022,.T.);
#1726=ORIENTED_EDGE('',*,*,#4012,.T.);
#1727=ORIENTED_EDGE('',*,*,#4018,.F.);
#1728=ORIENTED_EDGE('',*,*,#4009,.F.);
#1729=ORIENTED_EDGE('',*,*,#4021,.T.);
#1730=ORIENTED_EDGE('',*,*,#4010,.F.);
#1731=ORIENTED_EDGE('',*,*,#4023,.F.);
#1732=ORIENTED_EDGE('',*,*,#4005,.T.);
#1733=ORIENTED_EDGE('',*,*,#4017,.F.);
#1734=ORIENTED_EDGE('',*,*,#4024,.T.);
#1735=ORIENTED_EDGE('',*,*,#4001,.T.);
#1736=ORIENTED_EDGE('',*,*,#4025,.F.);
#1737=ORIENTED_EDGE('',*,*,#4019,.F.);
#1738=ORIENTED_EDGE('',*,*,#4015,.F.);
#1739=ORIENTED_EDGE('',*,*,#4026,.F.);
#1740=ORIENTED_EDGE('',*,*,#4006,.T.);
#1741=ORIENTED_EDGE('',*,*,#4023,.T.);
#1742=ORIENTED_EDGE('',*,*,#4014,.T.);
#1743=ORIENTED_EDGE('',*,*,#4022,.F.);
#1744=ORIENTED_EDGE('',*,*,#4007,.F.);
#1745=ORIENTED_EDGE('',*,*,#4026,.T.);
#1746=ORIENTED_EDGE('',*,*,#4020,.T.);
#1747=ORIENTED_EDGE('',*,*,#4025,.T.);
#1748=ORIENTED_EDGE('',*,*,#4003,.T.);
#1749=ORIENTED_EDGE('',*,*,#3999,.F.);
#1750=ORIENTED_EDGE('',*,*,#3997,.T.);
#1751=ORIENTED_EDGE('',*,*,#4002,.F.);
#1752=ORIENTED_EDGE('',*,*,#4024,.F.);
#1753=ORIENTED_EDGE('',*,*,#4016,.F.);
#1754=ORIENTED_EDGE('',*,*,#4027,.F.);
#1755=ORIENTED_EDGE('',*,*,#4028,.T.);
#1756=ORIENTED_EDGE('',*,*,#4029,.T.);
#1757=ORIENTED_EDGE('',*,*,#4030,.F.);
#1758=ORIENTED_EDGE('',*,*,#4031,.F.);
#1759=ORIENTED_EDGE('',*,*,#4032,.T.);
#1760=ORIENTED_EDGE('',*,*,#4030,.T.);
#1761=ORIENTED_EDGE('',*,*,#4033,.F.);
#1762=ORIENTED_EDGE('',*,*,#4034,.F.);
#1763=ORIENTED_EDGE('',*,*,#4035,.F.);
#1764=ORIENTED_EDGE('',*,*,#4036,.F.);
#1765=ORIENTED_EDGE('',*,*,#4037,.T.);
#1766=ORIENTED_EDGE('',*,*,#4038,.T.);
#1767=ORIENTED_EDGE('',*,*,#4039,.T.);
#1768=ORIENTED_EDGE('',*,*,#4040,.T.);
#1769=ORIENTED_EDGE('',*,*,#4041,.T.);
#1770=ORIENTED_EDGE('',*,*,#4042,.F.);
#1771=ORIENTED_EDGE('',*,*,#4043,.F.);
#1772=ORIENTED_EDGE('',*,*,#4044,.F.);
#1773=ORIENTED_EDGE('',*,*,#4045,.T.);
#1774=ORIENTED_EDGE('',*,*,#4028,.F.);
#1775=ORIENTED_EDGE('',*,*,#4046,.T.);
#1776=ORIENTED_EDGE('',*,*,#4047,.T.);
#1777=ORIENTED_EDGE('',*,*,#4034,.T.);
#1778=ORIENTED_EDGE('',*,*,#4048,.T.);
#1779=ORIENTED_EDGE('',*,*,#4041,.F.);
#1780=ORIENTED_EDGE('',*,*,#4049,.T.);
#1781=ORIENTED_EDGE('',*,*,#4050,.F.);
#1782=ORIENTED_EDGE('',*,*,#4043,.T.);
#1783=ORIENTED_EDGE('',*,*,#4051,.F.);
#1784=ORIENTED_EDGE('',*,*,#4038,.F.);
#1785=ORIENTED_EDGE('',*,*,#4052,.T.);
#1786=ORIENTED_EDGE('',*,*,#4042,.T.);
#1787=ORIENTED_EDGE('',*,*,#4048,.F.);
#1788=ORIENTED_EDGE('',*,*,#4039,.F.);
#1789=ORIENTED_EDGE('',*,*,#4051,.T.);
#1790=ORIENTED_EDGE('',*,*,#4040,.F.);
#1791=ORIENTED_EDGE('',*,*,#4053,.F.);
#1792=ORIENTED_EDGE('',*,*,#4035,.T.);
#1793=ORIENTED_EDGE('',*,*,#4047,.F.);
#1794=ORIENTED_EDGE('',*,*,#4054,.T.);
#1795=ORIENTED_EDGE('',*,*,#4031,.T.);
#1796=ORIENTED_EDGE('',*,*,#4055,.F.);
#1797=ORIENTED_EDGE('',*,*,#4049,.F.);
#1798=ORIENTED_EDGE('',*,*,#4045,.F.);
#1799=ORIENTED_EDGE('',*,*,#4056,.F.);
#1800=ORIENTED_EDGE('',*,*,#4036,.T.);
#1801=ORIENTED_EDGE('',*,*,#4053,.T.);
#1802=ORIENTED_EDGE('',*,*,#4044,.T.);
#1803=ORIENTED_EDGE('',*,*,#4052,.F.);
#1804=ORIENTED_EDGE('',*,*,#4037,.F.);
#1805=ORIENTED_EDGE('',*,*,#4056,.T.);
#1806=ORIENTED_EDGE('',*,*,#4050,.T.);
#1807=ORIENTED_EDGE('',*,*,#4055,.T.);
#1808=ORIENTED_EDGE('',*,*,#4033,.T.);
#1809=ORIENTED_EDGE('',*,*,#4029,.F.);
#1810=ORIENTED_EDGE('',*,*,#4027,.T.);
#1811=ORIENTED_EDGE('',*,*,#4032,.F.);
#1812=ORIENTED_EDGE('',*,*,#4054,.F.);
#1813=ORIENTED_EDGE('',*,*,#4046,.F.);
#1814=ORIENTED_EDGE('',*,*,#4057,.F.);
#1815=ORIENTED_EDGE('',*,*,#4058,.T.);
#1816=ORIENTED_EDGE('',*,*,#4059,.T.);
#1817=ORIENTED_EDGE('',*,*,#4060,.F.);
#1818=ORIENTED_EDGE('',*,*,#4061,.F.);
#1819=ORIENTED_EDGE('',*,*,#4062,.T.);
#1820=ORIENTED_EDGE('',*,*,#4060,.T.);
#1821=ORIENTED_EDGE('',*,*,#4063,.F.);
#1822=ORIENTED_EDGE('',*,*,#4064,.F.);
#1823=ORIENTED_EDGE('',*,*,#4065,.F.);
#1824=ORIENTED_EDGE('',*,*,#4066,.F.);
#1825=ORIENTED_EDGE('',*,*,#4067,.T.);
#1826=ORIENTED_EDGE('',*,*,#4068,.T.);
#1827=ORIENTED_EDGE('',*,*,#4069,.T.);
#1828=ORIENTED_EDGE('',*,*,#4070,.T.);
#1829=ORIENTED_EDGE('',*,*,#4071,.T.);
#1830=ORIENTED_EDGE('',*,*,#4072,.F.);
#1831=ORIENTED_EDGE('',*,*,#4073,.F.);
#1832=ORIENTED_EDGE('',*,*,#4074,.F.);
#1833=ORIENTED_EDGE('',*,*,#4075,.T.);
#1834=ORIENTED_EDGE('',*,*,#4058,.F.);
#1835=ORIENTED_EDGE('',*,*,#4076,.T.);
#1836=ORIENTED_EDGE('',*,*,#4077,.T.);
#1837=ORIENTED_EDGE('',*,*,#4064,.T.);
#1838=ORIENTED_EDGE('',*,*,#4078,.T.);
#1839=ORIENTED_EDGE('',*,*,#4071,.F.);
#1840=ORIENTED_EDGE('',*,*,#4079,.T.);
#1841=ORIENTED_EDGE('',*,*,#4080,.F.);
#1842=ORIENTED_EDGE('',*,*,#4073,.T.);
#1843=ORIENTED_EDGE('',*,*,#4081,.F.);
#1844=ORIENTED_EDGE('',*,*,#4068,.F.);
#1845=ORIENTED_EDGE('',*,*,#4082,.T.);
#1846=ORIENTED_EDGE('',*,*,#4072,.T.);
#1847=ORIENTED_EDGE('',*,*,#4078,.F.);
#1848=ORIENTED_EDGE('',*,*,#4069,.F.);
#1849=ORIENTED_EDGE('',*,*,#4081,.T.);
#1850=ORIENTED_EDGE('',*,*,#4070,.F.);
#1851=ORIENTED_EDGE('',*,*,#4083,.F.);
#1852=ORIENTED_EDGE('',*,*,#4065,.T.);
#1853=ORIENTED_EDGE('',*,*,#4077,.F.);
#1854=ORIENTED_EDGE('',*,*,#4084,.T.);
#1855=ORIENTED_EDGE('',*,*,#4061,.T.);
#1856=ORIENTED_EDGE('',*,*,#4085,.F.);
#1857=ORIENTED_EDGE('',*,*,#4079,.F.);
#1858=ORIENTED_EDGE('',*,*,#4075,.F.);
#1859=ORIENTED_EDGE('',*,*,#4086,.F.);
#1860=ORIENTED_EDGE('',*,*,#4066,.T.);
#1861=ORIENTED_EDGE('',*,*,#4083,.T.);
#1862=ORIENTED_EDGE('',*,*,#4074,.T.);
#1863=ORIENTED_EDGE('',*,*,#4082,.F.);
#1864=ORIENTED_EDGE('',*,*,#4067,.F.);
#1865=ORIENTED_EDGE('',*,*,#4086,.T.);
#1866=ORIENTED_EDGE('',*,*,#4080,.T.);
#1867=ORIENTED_EDGE('',*,*,#4085,.T.);
#1868=ORIENTED_EDGE('',*,*,#4063,.T.);
#1869=ORIENTED_EDGE('',*,*,#4059,.F.);
#1870=ORIENTED_EDGE('',*,*,#4057,.T.);
#1871=ORIENTED_EDGE('',*,*,#4062,.F.);
#1872=ORIENTED_EDGE('',*,*,#4084,.F.);
#1873=ORIENTED_EDGE('',*,*,#4076,.F.);
#1874=ORIENTED_EDGE('',*,*,#4087,.F.);
#1875=ORIENTED_EDGE('',*,*,#4088,.T.);
#1876=ORIENTED_EDGE('',*,*,#4089,.T.);
#1877=ORIENTED_EDGE('',*,*,#4090,.F.);
#1878=ORIENTED_EDGE('',*,*,#4091,.F.);
#1879=ORIENTED_EDGE('',*,*,#4092,.T.);
#1880=ORIENTED_EDGE('',*,*,#4090,.T.);
#1881=ORIENTED_EDGE('',*,*,#4093,.F.);
#1882=ORIENTED_EDGE('',*,*,#4094,.F.);
#1883=ORIENTED_EDGE('',*,*,#4095,.F.);
#1884=ORIENTED_EDGE('',*,*,#4096,.F.);
#1885=ORIENTED_EDGE('',*,*,#4097,.T.);
#1886=ORIENTED_EDGE('',*,*,#4098,.T.);
#1887=ORIENTED_EDGE('',*,*,#4099,.T.);
#1888=ORIENTED_EDGE('',*,*,#4100,.T.);
#1889=ORIENTED_EDGE('',*,*,#4101,.T.);
#1890=ORIENTED_EDGE('',*,*,#4102,.F.);
#1891=ORIENTED_EDGE('',*,*,#4103,.F.);
#1892=ORIENTED_EDGE('',*,*,#4104,.F.);
#1893=ORIENTED_EDGE('',*,*,#4105,.T.);
#1894=ORIENTED_EDGE('',*,*,#4088,.F.);
#1895=ORIENTED_EDGE('',*,*,#4106,.T.);
#1896=ORIENTED_EDGE('',*,*,#4107,.T.);
#1897=ORIENTED_EDGE('',*,*,#4094,.T.);
#1898=ORIENTED_EDGE('',*,*,#4108,.T.);
#1899=ORIENTED_EDGE('',*,*,#4101,.F.);
#1900=ORIENTED_EDGE('',*,*,#4109,.T.);
#1901=ORIENTED_EDGE('',*,*,#4110,.F.);
#1902=ORIENTED_EDGE('',*,*,#4103,.T.);
#1903=ORIENTED_EDGE('',*,*,#4111,.F.);
#1904=ORIENTED_EDGE('',*,*,#4098,.F.);
#1905=ORIENTED_EDGE('',*,*,#4112,.T.);
#1906=ORIENTED_EDGE('',*,*,#4102,.T.);
#1907=ORIENTED_EDGE('',*,*,#4108,.F.);
#1908=ORIENTED_EDGE('',*,*,#4099,.F.);
#1909=ORIENTED_EDGE('',*,*,#4111,.T.);
#1910=ORIENTED_EDGE('',*,*,#4100,.F.);
#1911=ORIENTED_EDGE('',*,*,#4113,.F.);
#1912=ORIENTED_EDGE('',*,*,#4095,.T.);
#1913=ORIENTED_EDGE('',*,*,#4107,.F.);
#1914=ORIENTED_EDGE('',*,*,#4114,.T.);
#1915=ORIENTED_EDGE('',*,*,#4091,.T.);
#1916=ORIENTED_EDGE('',*,*,#4115,.F.);
#1917=ORIENTED_EDGE('',*,*,#4109,.F.);
#1918=ORIENTED_EDGE('',*,*,#4105,.F.);
#1919=ORIENTED_EDGE('',*,*,#4116,.F.);
#1920=ORIENTED_EDGE('',*,*,#4096,.T.);
#1921=ORIENTED_EDGE('',*,*,#4113,.T.);
#1922=ORIENTED_EDGE('',*,*,#4104,.T.);
#1923=ORIENTED_EDGE('',*,*,#4112,.F.);
#1924=ORIENTED_EDGE('',*,*,#4097,.F.);
#1925=ORIENTED_EDGE('',*,*,#4116,.T.);
#1926=ORIENTED_EDGE('',*,*,#4110,.T.);
#1927=ORIENTED_EDGE('',*,*,#4115,.T.);
#1928=ORIENTED_EDGE('',*,*,#4093,.T.);
#1929=ORIENTED_EDGE('',*,*,#4089,.F.);
#1930=ORIENTED_EDGE('',*,*,#4087,.T.);
#1931=ORIENTED_EDGE('',*,*,#4092,.F.);
#1932=ORIENTED_EDGE('',*,*,#4114,.F.);
#1933=ORIENTED_EDGE('',*,*,#4106,.F.);
#1934=ORIENTED_EDGE('',*,*,#4117,.F.);
#1935=ORIENTED_EDGE('',*,*,#4118,.T.);
#1936=ORIENTED_EDGE('',*,*,#4119,.T.);
#1937=ORIENTED_EDGE('',*,*,#4120,.F.);
#1938=ORIENTED_EDGE('',*,*,#4121,.F.);
#1939=ORIENTED_EDGE('',*,*,#4122,.T.);
#1940=ORIENTED_EDGE('',*,*,#4120,.T.);
#1941=ORIENTED_EDGE('',*,*,#4123,.F.);
#1942=ORIENTED_EDGE('',*,*,#4124,.F.);
#1943=ORIENTED_EDGE('',*,*,#4125,.F.);
#1944=ORIENTED_EDGE('',*,*,#4126,.F.);
#1945=ORIENTED_EDGE('',*,*,#4127,.T.);
#1946=ORIENTED_EDGE('',*,*,#4128,.T.);
#1947=ORIENTED_EDGE('',*,*,#4129,.T.);
#1948=ORIENTED_EDGE('',*,*,#4130,.T.);
#1949=ORIENTED_EDGE('',*,*,#4131,.T.);
#1950=ORIENTED_EDGE('',*,*,#4132,.F.);
#1951=ORIENTED_EDGE('',*,*,#4133,.F.);
#1952=ORIENTED_EDGE('',*,*,#4134,.F.);
#1953=ORIENTED_EDGE('',*,*,#4135,.T.);
#1954=ORIENTED_EDGE('',*,*,#4118,.F.);
#1955=ORIENTED_EDGE('',*,*,#4136,.T.);
#1956=ORIENTED_EDGE('',*,*,#4137,.T.);
#1957=ORIENTED_EDGE('',*,*,#4124,.T.);
#1958=ORIENTED_EDGE('',*,*,#4138,.T.);
#1959=ORIENTED_EDGE('',*,*,#4131,.F.);
#1960=ORIENTED_EDGE('',*,*,#4139,.T.);
#1961=ORIENTED_EDGE('',*,*,#4140,.F.);
#1962=ORIENTED_EDGE('',*,*,#4133,.T.);
#1963=ORIENTED_EDGE('',*,*,#4141,.F.);
#1964=ORIENTED_EDGE('',*,*,#4128,.F.);
#1965=ORIENTED_EDGE('',*,*,#4142,.T.);
#1966=ORIENTED_EDGE('',*,*,#4132,.T.);
#1967=ORIENTED_EDGE('',*,*,#4138,.F.);
#1968=ORIENTED_EDGE('',*,*,#4129,.F.);
#1969=ORIENTED_EDGE('',*,*,#4141,.T.);
#1970=ORIENTED_EDGE('',*,*,#4130,.F.);
#1971=ORIENTED_EDGE('',*,*,#4143,.F.);
#1972=ORIENTED_EDGE('',*,*,#4125,.T.);
#1973=ORIENTED_EDGE('',*,*,#4137,.F.);
#1974=ORIENTED_EDGE('',*,*,#4144,.T.);
#1975=ORIENTED_EDGE('',*,*,#4121,.T.);
#1976=ORIENTED_EDGE('',*,*,#4145,.F.);
#1977=ORIENTED_EDGE('',*,*,#4139,.F.);
#1978=ORIENTED_EDGE('',*,*,#4135,.F.);
#1979=ORIENTED_EDGE('',*,*,#4146,.F.);
#1980=ORIENTED_EDGE('',*,*,#4126,.T.);
#1981=ORIENTED_EDGE('',*,*,#4143,.T.);
#1982=ORIENTED_EDGE('',*,*,#4134,.T.);
#1983=ORIENTED_EDGE('',*,*,#4142,.F.);
#1984=ORIENTED_EDGE('',*,*,#4127,.F.);
#1985=ORIENTED_EDGE('',*,*,#4146,.T.);
#1986=ORIENTED_EDGE('',*,*,#4140,.T.);
#1987=ORIENTED_EDGE('',*,*,#4145,.T.);
#1988=ORIENTED_EDGE('',*,*,#4123,.T.);
#1989=ORIENTED_EDGE('',*,*,#4119,.F.);
#1990=ORIENTED_EDGE('',*,*,#4117,.T.);
#1991=ORIENTED_EDGE('',*,*,#4122,.F.);
#1992=ORIENTED_EDGE('',*,*,#4144,.F.);
#1993=ORIENTED_EDGE('',*,*,#4136,.F.);
#1994=ORIENTED_EDGE('',*,*,#4147,.F.);
#1995=ORIENTED_EDGE('',*,*,#4148,.T.);
#1996=ORIENTED_EDGE('',*,*,#4149,.T.);
#1997=ORIENTED_EDGE('',*,*,#4150,.F.);
#1998=ORIENTED_EDGE('',*,*,#4151,.F.);
#1999=ORIENTED_EDGE('',*,*,#4152,.T.);
#2000=ORIENTED_EDGE('',*,*,#4150,.T.);
#2001=ORIENTED_EDGE('',*,*,#4153,.F.);
#2002=ORIENTED_EDGE('',*,*,#4154,.F.);
#2003=ORIENTED_EDGE('',*,*,#4155,.F.);
#2004=ORIENTED_EDGE('',*,*,#4156,.F.);
#2005=ORIENTED_EDGE('',*,*,#4157,.T.);
#2006=ORIENTED_EDGE('',*,*,#4158,.T.);
#2007=ORIENTED_EDGE('',*,*,#4159,.T.);
#2008=ORIENTED_EDGE('',*,*,#4160,.T.);
#2009=ORIENTED_EDGE('',*,*,#4161,.T.);
#2010=ORIENTED_EDGE('',*,*,#4162,.F.);
#2011=ORIENTED_EDGE('',*,*,#4163,.F.);
#2012=ORIENTED_EDGE('',*,*,#4164,.F.);
#2013=ORIENTED_EDGE('',*,*,#4165,.T.);
#2014=ORIENTED_EDGE('',*,*,#4148,.F.);
#2015=ORIENTED_EDGE('',*,*,#4166,.T.);
#2016=ORIENTED_EDGE('',*,*,#4167,.T.);
#2017=ORIENTED_EDGE('',*,*,#4154,.T.);
#2018=ORIENTED_EDGE('',*,*,#4168,.T.);
#2019=ORIENTED_EDGE('',*,*,#4161,.F.);
#2020=ORIENTED_EDGE('',*,*,#4169,.T.);
#2021=ORIENTED_EDGE('',*,*,#4170,.F.);
#2022=ORIENTED_EDGE('',*,*,#4163,.T.);
#2023=ORIENTED_EDGE('',*,*,#4171,.F.);
#2024=ORIENTED_EDGE('',*,*,#4158,.F.);
#2025=ORIENTED_EDGE('',*,*,#4172,.T.);
#2026=ORIENTED_EDGE('',*,*,#4162,.T.);
#2027=ORIENTED_EDGE('',*,*,#4168,.F.);
#2028=ORIENTED_EDGE('',*,*,#4159,.F.);
#2029=ORIENTED_EDGE('',*,*,#4171,.T.);
#2030=ORIENTED_EDGE('',*,*,#4160,.F.);
#2031=ORIENTED_EDGE('',*,*,#4173,.F.);
#2032=ORIENTED_EDGE('',*,*,#4155,.T.);
#2033=ORIENTED_EDGE('',*,*,#4167,.F.);
#2034=ORIENTED_EDGE('',*,*,#4174,.T.);
#2035=ORIENTED_EDGE('',*,*,#4151,.T.);
#2036=ORIENTED_EDGE('',*,*,#4175,.F.);
#2037=ORIENTED_EDGE('',*,*,#4169,.F.);
#2038=ORIENTED_EDGE('',*,*,#4165,.F.);
#2039=ORIENTED_EDGE('',*,*,#4176,.F.);
#2040=ORIENTED_EDGE('',*,*,#4156,.T.);
#2041=ORIENTED_EDGE('',*,*,#4173,.T.);
#2042=ORIENTED_EDGE('',*,*,#4164,.T.);
#2043=ORIENTED_EDGE('',*,*,#4172,.F.);
#2044=ORIENTED_EDGE('',*,*,#4157,.F.);
#2045=ORIENTED_EDGE('',*,*,#4176,.T.);
#2046=ORIENTED_EDGE('',*,*,#4170,.T.);
#2047=ORIENTED_EDGE('',*,*,#4175,.T.);
#2048=ORIENTED_EDGE('',*,*,#4153,.T.);
#2049=ORIENTED_EDGE('',*,*,#4149,.F.);
#2050=ORIENTED_EDGE('',*,*,#4147,.T.);
#2051=ORIENTED_EDGE('',*,*,#4152,.F.);
#2052=ORIENTED_EDGE('',*,*,#4174,.F.);
#2053=ORIENTED_EDGE('',*,*,#4166,.F.);
#2054=ORIENTED_EDGE('',*,*,#4177,.F.);
#2055=ORIENTED_EDGE('',*,*,#4178,.T.);
#2056=ORIENTED_EDGE('',*,*,#4179,.T.);
#2057=ORIENTED_EDGE('',*,*,#4180,.F.);
#2058=ORIENTED_EDGE('',*,*,#4181,.F.);
#2059=ORIENTED_EDGE('',*,*,#4182,.T.);
#2060=ORIENTED_EDGE('',*,*,#4180,.T.);
#2061=ORIENTED_EDGE('',*,*,#4183,.F.);
#2062=ORIENTED_EDGE('',*,*,#4184,.F.);
#2063=ORIENTED_EDGE('',*,*,#4185,.F.);
#2064=ORIENTED_EDGE('',*,*,#4186,.F.);
#2065=ORIENTED_EDGE('',*,*,#4187,.T.);
#2066=ORIENTED_EDGE('',*,*,#4188,.T.);
#2067=ORIENTED_EDGE('',*,*,#4189,.T.);
#2068=ORIENTED_EDGE('',*,*,#4190,.T.);
#2069=ORIENTED_EDGE('',*,*,#4191,.T.);
#2070=ORIENTED_EDGE('',*,*,#4192,.F.);
#2071=ORIENTED_EDGE('',*,*,#4193,.F.);
#2072=ORIENTED_EDGE('',*,*,#4194,.F.);
#2073=ORIENTED_EDGE('',*,*,#4195,.T.);
#2074=ORIENTED_EDGE('',*,*,#4178,.F.);
#2075=ORIENTED_EDGE('',*,*,#4196,.T.);
#2076=ORIENTED_EDGE('',*,*,#4197,.T.);
#2077=ORIENTED_EDGE('',*,*,#4184,.T.);
#2078=ORIENTED_EDGE('',*,*,#4198,.T.);
#2079=ORIENTED_EDGE('',*,*,#4191,.F.);
#2080=ORIENTED_EDGE('',*,*,#4199,.T.);
#2081=ORIENTED_EDGE('',*,*,#4200,.F.);
#2082=ORIENTED_EDGE('',*,*,#4193,.T.);
#2083=ORIENTED_EDGE('',*,*,#4201,.F.);
#2084=ORIENTED_EDGE('',*,*,#4188,.F.);
#2085=ORIENTED_EDGE('',*,*,#4202,.T.);
#2086=ORIENTED_EDGE('',*,*,#4192,.T.);
#2087=ORIENTED_EDGE('',*,*,#4198,.F.);
#2088=ORIENTED_EDGE('',*,*,#4189,.F.);
#2089=ORIENTED_EDGE('',*,*,#4201,.T.);
#2090=ORIENTED_EDGE('',*,*,#4190,.F.);
#2091=ORIENTED_EDGE('',*,*,#4203,.F.);
#2092=ORIENTED_EDGE('',*,*,#4185,.T.);
#2093=ORIENTED_EDGE('',*,*,#4197,.F.);
#2094=ORIENTED_EDGE('',*,*,#4204,.T.);
#2095=ORIENTED_EDGE('',*,*,#4181,.T.);
#2096=ORIENTED_EDGE('',*,*,#4205,.F.);
#2097=ORIENTED_EDGE('',*,*,#4199,.F.);
#2098=ORIENTED_EDGE('',*,*,#4195,.F.);
#2099=ORIENTED_EDGE('',*,*,#4206,.F.);
#2100=ORIENTED_EDGE('',*,*,#4186,.T.);
#2101=ORIENTED_EDGE('',*,*,#4203,.T.);
#2102=ORIENTED_EDGE('',*,*,#4194,.T.);
#2103=ORIENTED_EDGE('',*,*,#4202,.F.);
#2104=ORIENTED_EDGE('',*,*,#4187,.F.);
#2105=ORIENTED_EDGE('',*,*,#4206,.T.);
#2106=ORIENTED_EDGE('',*,*,#4200,.T.);
#2107=ORIENTED_EDGE('',*,*,#4205,.T.);
#2108=ORIENTED_EDGE('',*,*,#4183,.T.);
#2109=ORIENTED_EDGE('',*,*,#4179,.F.);
#2110=ORIENTED_EDGE('',*,*,#4177,.T.);
#2111=ORIENTED_EDGE('',*,*,#4182,.F.);
#2112=ORIENTED_EDGE('',*,*,#4204,.F.);
#2113=ORIENTED_EDGE('',*,*,#4196,.F.);
#2114=ORIENTED_EDGE('',*,*,#4207,.F.);
#2115=ORIENTED_EDGE('',*,*,#4208,.T.);
#2116=ORIENTED_EDGE('',*,*,#4209,.T.);
#2117=ORIENTED_EDGE('',*,*,#4210,.F.);
#2118=ORIENTED_EDGE('',*,*,#4211,.F.);
#2119=ORIENTED_EDGE('',*,*,#4212,.T.);
#2120=ORIENTED_EDGE('',*,*,#4210,.T.);
#2121=ORIENTED_EDGE('',*,*,#4213,.F.);
#2122=ORIENTED_EDGE('',*,*,#4214,.F.);
#2123=ORIENTED_EDGE('',*,*,#4215,.F.);
#2124=ORIENTED_EDGE('',*,*,#4216,.F.);
#2125=ORIENTED_EDGE('',*,*,#4217,.T.);
#2126=ORIENTED_EDGE('',*,*,#4218,.T.);
#2127=ORIENTED_EDGE('',*,*,#4219,.T.);
#2128=ORIENTED_EDGE('',*,*,#4220,.T.);
#2129=ORIENTED_EDGE('',*,*,#4221,.T.);
#2130=ORIENTED_EDGE('',*,*,#4222,.F.);
#2131=ORIENTED_EDGE('',*,*,#4223,.F.);
#2132=ORIENTED_EDGE('',*,*,#4224,.F.);
#2133=ORIENTED_EDGE('',*,*,#4225,.T.);
#2134=ORIENTED_EDGE('',*,*,#4208,.F.);
#2135=ORIENTED_EDGE('',*,*,#4226,.T.);
#2136=ORIENTED_EDGE('',*,*,#4227,.T.);
#2137=ORIENTED_EDGE('',*,*,#4214,.T.);
#2138=ORIENTED_EDGE('',*,*,#4228,.T.);
#2139=ORIENTED_EDGE('',*,*,#4221,.F.);
#2140=ORIENTED_EDGE('',*,*,#4229,.T.);
#2141=ORIENTED_EDGE('',*,*,#4230,.F.);
#2142=ORIENTED_EDGE('',*,*,#4223,.T.);
#2143=ORIENTED_EDGE('',*,*,#4231,.F.);
#2144=ORIENTED_EDGE('',*,*,#4218,.F.);
#2145=ORIENTED_EDGE('',*,*,#4232,.T.);
#2146=ORIENTED_EDGE('',*,*,#4222,.T.);
#2147=ORIENTED_EDGE('',*,*,#4228,.F.);
#2148=ORIENTED_EDGE('',*,*,#4219,.F.);
#2149=ORIENTED_EDGE('',*,*,#4231,.T.);
#2150=ORIENTED_EDGE('',*,*,#4220,.F.);
#2151=ORIENTED_EDGE('',*,*,#4233,.F.);
#2152=ORIENTED_EDGE('',*,*,#4215,.T.);
#2153=ORIENTED_EDGE('',*,*,#4227,.F.);
#2154=ORIENTED_EDGE('',*,*,#4234,.T.);
#2155=ORIENTED_EDGE('',*,*,#4211,.T.);
#2156=ORIENTED_EDGE('',*,*,#4235,.F.);
#2157=ORIENTED_EDGE('',*,*,#4229,.F.);
#2158=ORIENTED_EDGE('',*,*,#4225,.F.);
#2159=ORIENTED_EDGE('',*,*,#4236,.F.);
#2160=ORIENTED_EDGE('',*,*,#4216,.T.);
#2161=ORIENTED_EDGE('',*,*,#4233,.T.);
#2162=ORIENTED_EDGE('',*,*,#4224,.T.);
#2163=ORIENTED_EDGE('',*,*,#4232,.F.);
#2164=ORIENTED_EDGE('',*,*,#4217,.F.);
#2165=ORIENTED_EDGE('',*,*,#4236,.T.);
#2166=ORIENTED_EDGE('',*,*,#4230,.T.);
#2167=ORIENTED_EDGE('',*,*,#4235,.T.);
#2168=ORIENTED_EDGE('',*,*,#4213,.T.);
#2169=ORIENTED_EDGE('',*,*,#4209,.F.);
#2170=ORIENTED_EDGE('',*,*,#4207,.T.);
#2171=ORIENTED_EDGE('',*,*,#4212,.F.);
#2172=ORIENTED_EDGE('',*,*,#4234,.F.);
#2173=ORIENTED_EDGE('',*,*,#4226,.F.);
#2174=ORIENTED_EDGE('',*,*,#4237,.F.);
#2175=ORIENTED_EDGE('',*,*,#4238,.T.);
#2176=ORIENTED_EDGE('',*,*,#4239,.T.);
#2177=ORIENTED_EDGE('',*,*,#4240,.F.);
#2178=ORIENTED_EDGE('',*,*,#4241,.F.);
#2179=ORIENTED_EDGE('',*,*,#4242,.T.);
#2180=ORIENTED_EDGE('',*,*,#4240,.T.);
#2181=ORIENTED_EDGE('',*,*,#4243,.F.);
#2182=ORIENTED_EDGE('',*,*,#4244,.F.);
#2183=ORIENTED_EDGE('',*,*,#4245,.F.);
#2184=ORIENTED_EDGE('',*,*,#4246,.F.);
#2185=ORIENTED_EDGE('',*,*,#4247,.T.);
#2186=ORIENTED_EDGE('',*,*,#4248,.T.);
#2187=ORIENTED_EDGE('',*,*,#4249,.T.);
#2188=ORIENTED_EDGE('',*,*,#4250,.T.);
#2189=ORIENTED_EDGE('',*,*,#4251,.T.);
#2190=ORIENTED_EDGE('',*,*,#4252,.F.);
#2191=ORIENTED_EDGE('',*,*,#4253,.F.);
#2192=ORIENTED_EDGE('',*,*,#4254,.F.);
#2193=ORIENTED_EDGE('',*,*,#4255,.T.);
#2194=ORIENTED_EDGE('',*,*,#4238,.F.);
#2195=ORIENTED_EDGE('',*,*,#4256,.T.);
#2196=ORIENTED_EDGE('',*,*,#4257,.T.);
#2197=ORIENTED_EDGE('',*,*,#4244,.T.);
#2198=ORIENTED_EDGE('',*,*,#4258,.T.);
#2199=ORIENTED_EDGE('',*,*,#4251,.F.);
#2200=ORIENTED_EDGE('',*,*,#4259,.T.);
#2201=ORIENTED_EDGE('',*,*,#4260,.F.);
#2202=ORIENTED_EDGE('',*,*,#4253,.T.);
#2203=ORIENTED_EDGE('',*,*,#4261,.F.);
#2204=ORIENTED_EDGE('',*,*,#4248,.F.);
#2205=ORIENTED_EDGE('',*,*,#4262,.T.);
#2206=ORIENTED_EDGE('',*,*,#4252,.T.);
#2207=ORIENTED_EDGE('',*,*,#4258,.F.);
#2208=ORIENTED_EDGE('',*,*,#4249,.F.);
#2209=ORIENTED_EDGE('',*,*,#4261,.T.);
#2210=ORIENTED_EDGE('',*,*,#4250,.F.);
#2211=ORIENTED_EDGE('',*,*,#4263,.F.);
#2212=ORIENTED_EDGE('',*,*,#4245,.T.);
#2213=ORIENTED_EDGE('',*,*,#4257,.F.);
#2214=ORIENTED_EDGE('',*,*,#4264,.T.);
#2215=ORIENTED_EDGE('',*,*,#4241,.T.);
#2216=ORIENTED_EDGE('',*,*,#4265,.F.);
#2217=ORIENTED_EDGE('',*,*,#4259,.F.);
#2218=ORIENTED_EDGE('',*,*,#4255,.F.);
#2219=ORIENTED_EDGE('',*,*,#4266,.F.);
#2220=ORIENTED_EDGE('',*,*,#4246,.T.);
#2221=ORIENTED_EDGE('',*,*,#4263,.T.);
#2222=ORIENTED_EDGE('',*,*,#4254,.T.);
#2223=ORIENTED_EDGE('',*,*,#4262,.F.);
#2224=ORIENTED_EDGE('',*,*,#4247,.F.);
#2225=ORIENTED_EDGE('',*,*,#4266,.T.);
#2226=ORIENTED_EDGE('',*,*,#4260,.T.);
#2227=ORIENTED_EDGE('',*,*,#4265,.T.);
#2228=ORIENTED_EDGE('',*,*,#4243,.T.);
#2229=ORIENTED_EDGE('',*,*,#4239,.F.);
#2230=ORIENTED_EDGE('',*,*,#4237,.T.);
#2231=ORIENTED_EDGE('',*,*,#4242,.F.);
#2232=ORIENTED_EDGE('',*,*,#4264,.F.);
#2233=ORIENTED_EDGE('',*,*,#4256,.F.);
#2234=ORIENTED_EDGE('',*,*,#4267,.F.);
#2235=ORIENTED_EDGE('',*,*,#4268,.T.);
#2236=ORIENTED_EDGE('',*,*,#4269,.T.);
#2237=ORIENTED_EDGE('',*,*,#4270,.F.);
#2238=ORIENTED_EDGE('',*,*,#4271,.F.);
#2239=ORIENTED_EDGE('',*,*,#4272,.T.);
#2240=ORIENTED_EDGE('',*,*,#4270,.T.);
#2241=ORIENTED_EDGE('',*,*,#4273,.F.);
#2242=ORIENTED_EDGE('',*,*,#4274,.F.);
#2243=ORIENTED_EDGE('',*,*,#4275,.F.);
#2244=ORIENTED_EDGE('',*,*,#4276,.F.);
#2245=ORIENTED_EDGE('',*,*,#4277,.T.);
#2246=ORIENTED_EDGE('',*,*,#4278,.T.);
#2247=ORIENTED_EDGE('',*,*,#4279,.T.);
#2248=ORIENTED_EDGE('',*,*,#4280,.T.);
#2249=ORIENTED_EDGE('',*,*,#4281,.T.);
#2250=ORIENTED_EDGE('',*,*,#4282,.F.);
#2251=ORIENTED_EDGE('',*,*,#4283,.F.);
#2252=ORIENTED_EDGE('',*,*,#4284,.F.);
#2253=ORIENTED_EDGE('',*,*,#4285,.T.);
#2254=ORIENTED_EDGE('',*,*,#4268,.F.);
#2255=ORIENTED_EDGE('',*,*,#4286,.T.);
#2256=ORIENTED_EDGE('',*,*,#4287,.T.);
#2257=ORIENTED_EDGE('',*,*,#4274,.T.);
#2258=ORIENTED_EDGE('',*,*,#4288,.T.);
#2259=ORIENTED_EDGE('',*,*,#4281,.F.);
#2260=ORIENTED_EDGE('',*,*,#4289,.T.);
#2261=ORIENTED_EDGE('',*,*,#4290,.F.);
#2262=ORIENTED_EDGE('',*,*,#4283,.T.);
#2263=ORIENTED_EDGE('',*,*,#4291,.F.);
#2264=ORIENTED_EDGE('',*,*,#4278,.F.);
#2265=ORIENTED_EDGE('',*,*,#4292,.T.);
#2266=ORIENTED_EDGE('',*,*,#4282,.T.);
#2267=ORIENTED_EDGE('',*,*,#4288,.F.);
#2268=ORIENTED_EDGE('',*,*,#4279,.F.);
#2269=ORIENTED_EDGE('',*,*,#4291,.T.);
#2270=ORIENTED_EDGE('',*,*,#4280,.F.);
#2271=ORIENTED_EDGE('',*,*,#4293,.F.);
#2272=ORIENTED_EDGE('',*,*,#4275,.T.);
#2273=ORIENTED_EDGE('',*,*,#4287,.F.);
#2274=ORIENTED_EDGE('',*,*,#4294,.T.);
#2275=ORIENTED_EDGE('',*,*,#4271,.T.);
#2276=ORIENTED_EDGE('',*,*,#4295,.F.);
#2277=ORIENTED_EDGE('',*,*,#4289,.F.);
#2278=ORIENTED_EDGE('',*,*,#4285,.F.);
#2279=ORIENTED_EDGE('',*,*,#4296,.F.);
#2280=ORIENTED_EDGE('',*,*,#4276,.T.);
#2281=ORIENTED_EDGE('',*,*,#4293,.T.);
#2282=ORIENTED_EDGE('',*,*,#4284,.T.);
#2283=ORIENTED_EDGE('',*,*,#4292,.F.);
#2284=ORIENTED_EDGE('',*,*,#4277,.F.);
#2285=ORIENTED_EDGE('',*,*,#4296,.T.);
#2286=ORIENTED_EDGE('',*,*,#4290,.T.);
#2287=ORIENTED_EDGE('',*,*,#4295,.T.);
#2288=ORIENTED_EDGE('',*,*,#4273,.T.);
#2289=ORIENTED_EDGE('',*,*,#4269,.F.);
#2290=ORIENTED_EDGE('',*,*,#4267,.T.);
#2291=ORIENTED_EDGE('',*,*,#4272,.F.);
#2292=ORIENTED_EDGE('',*,*,#4294,.F.);
#2293=ORIENTED_EDGE('',*,*,#4286,.F.);
#2294=ORIENTED_EDGE('',*,*,#4297,.F.);
#2295=ORIENTED_EDGE('',*,*,#4298,.T.);
#2296=ORIENTED_EDGE('',*,*,#4299,.T.);
#2297=ORIENTED_EDGE('',*,*,#4300,.F.);
#2298=ORIENTED_EDGE('',*,*,#4301,.F.);
#2299=ORIENTED_EDGE('',*,*,#4302,.T.);
#2300=ORIENTED_EDGE('',*,*,#4300,.T.);
#2301=ORIENTED_EDGE('',*,*,#4303,.F.);
#2302=ORIENTED_EDGE('',*,*,#4304,.F.);
#2303=ORIENTED_EDGE('',*,*,#4305,.F.);
#2304=ORIENTED_EDGE('',*,*,#4306,.F.);
#2305=ORIENTED_EDGE('',*,*,#4307,.T.);
#2306=ORIENTED_EDGE('',*,*,#4308,.T.);
#2307=ORIENTED_EDGE('',*,*,#4309,.T.);
#2308=ORIENTED_EDGE('',*,*,#4310,.T.);
#2309=ORIENTED_EDGE('',*,*,#4311,.T.);
#2310=ORIENTED_EDGE('',*,*,#4312,.F.);
#2311=ORIENTED_EDGE('',*,*,#4313,.F.);
#2312=ORIENTED_EDGE('',*,*,#4314,.F.);
#2313=ORIENTED_EDGE('',*,*,#4315,.T.);
#2314=ORIENTED_EDGE('',*,*,#4298,.F.);
#2315=ORIENTED_EDGE('',*,*,#4316,.T.);
#2316=ORIENTED_EDGE('',*,*,#4317,.T.);
#2317=ORIENTED_EDGE('',*,*,#4304,.T.);
#2318=ORIENTED_EDGE('',*,*,#4318,.T.);
#2319=ORIENTED_EDGE('',*,*,#4311,.F.);
#2320=ORIENTED_EDGE('',*,*,#4319,.T.);
#2321=ORIENTED_EDGE('',*,*,#4320,.F.);
#2322=ORIENTED_EDGE('',*,*,#4313,.T.);
#2323=ORIENTED_EDGE('',*,*,#4321,.F.);
#2324=ORIENTED_EDGE('',*,*,#4308,.F.);
#2325=ORIENTED_EDGE('',*,*,#4322,.T.);
#2326=ORIENTED_EDGE('',*,*,#4312,.T.);
#2327=ORIENTED_EDGE('',*,*,#4318,.F.);
#2328=ORIENTED_EDGE('',*,*,#4309,.F.);
#2329=ORIENTED_EDGE('',*,*,#4321,.T.);
#2330=ORIENTED_EDGE('',*,*,#4310,.F.);
#2331=ORIENTED_EDGE('',*,*,#4323,.F.);
#2332=ORIENTED_EDGE('',*,*,#4305,.T.);
#2333=ORIENTED_EDGE('',*,*,#4317,.F.);
#2334=ORIENTED_EDGE('',*,*,#4324,.T.);
#2335=ORIENTED_EDGE('',*,*,#4301,.T.);
#2336=ORIENTED_EDGE('',*,*,#4325,.F.);
#2337=ORIENTED_EDGE('',*,*,#4319,.F.);
#2338=ORIENTED_EDGE('',*,*,#4315,.F.);
#2339=ORIENTED_EDGE('',*,*,#4326,.F.);
#2340=ORIENTED_EDGE('',*,*,#4306,.T.);
#2341=ORIENTED_EDGE('',*,*,#4323,.T.);
#2342=ORIENTED_EDGE('',*,*,#4314,.T.);
#2343=ORIENTED_EDGE('',*,*,#4322,.F.);
#2344=ORIENTED_EDGE('',*,*,#4307,.F.);
#2345=ORIENTED_EDGE('',*,*,#4326,.T.);
#2346=ORIENTED_EDGE('',*,*,#4320,.T.);
#2347=ORIENTED_EDGE('',*,*,#4325,.T.);
#2348=ORIENTED_EDGE('',*,*,#4303,.T.);
#2349=ORIENTED_EDGE('',*,*,#4299,.F.);
#2350=ORIENTED_EDGE('',*,*,#4297,.T.);
#2351=ORIENTED_EDGE('',*,*,#4302,.F.);
#2352=ORIENTED_EDGE('',*,*,#4324,.F.);
#2353=ORIENTED_EDGE('',*,*,#4316,.F.);
#2354=ORIENTED_EDGE('',*,*,#4327,.F.);
#2355=ORIENTED_EDGE('',*,*,#4328,.T.);
#2356=ORIENTED_EDGE('',*,*,#4329,.T.);
#2357=ORIENTED_EDGE('',*,*,#4330,.F.);
#2358=ORIENTED_EDGE('',*,*,#4331,.F.);
#2359=ORIENTED_EDGE('',*,*,#4332,.T.);
#2360=ORIENTED_EDGE('',*,*,#4330,.T.);
#2361=ORIENTED_EDGE('',*,*,#4333,.F.);
#2362=ORIENTED_EDGE('',*,*,#4334,.F.);
#2363=ORIENTED_EDGE('',*,*,#4335,.F.);
#2364=ORIENTED_EDGE('',*,*,#4336,.F.);
#2365=ORIENTED_EDGE('',*,*,#4337,.T.);
#2366=ORIENTED_EDGE('',*,*,#4338,.T.);
#2367=ORIENTED_EDGE('',*,*,#4339,.T.);
#2368=ORIENTED_EDGE('',*,*,#4340,.T.);
#2369=ORIENTED_EDGE('',*,*,#4341,.T.);
#2370=ORIENTED_EDGE('',*,*,#4342,.F.);
#2371=ORIENTED_EDGE('',*,*,#4343,.F.);
#2372=ORIENTED_EDGE('',*,*,#4344,.F.);
#2373=ORIENTED_EDGE('',*,*,#4345,.T.);
#2374=ORIENTED_EDGE('',*,*,#4328,.F.);
#2375=ORIENTED_EDGE('',*,*,#4346,.T.);
#2376=ORIENTED_EDGE('',*,*,#4347,.T.);
#2377=ORIENTED_EDGE('',*,*,#4334,.T.);
#2378=ORIENTED_EDGE('',*,*,#4348,.T.);
#2379=ORIENTED_EDGE('',*,*,#4341,.F.);
#2380=ORIENTED_EDGE('',*,*,#4349,.T.);
#2381=ORIENTED_EDGE('',*,*,#4350,.F.);
#2382=ORIENTED_EDGE('',*,*,#4343,.T.);
#2383=ORIENTED_EDGE('',*,*,#4351,.F.);
#2384=ORIENTED_EDGE('',*,*,#4338,.F.);
#2385=ORIENTED_EDGE('',*,*,#4352,.T.);
#2386=ORIENTED_EDGE('',*,*,#4342,.T.);
#2387=ORIENTED_EDGE('',*,*,#4348,.F.);
#2388=ORIENTED_EDGE('',*,*,#4339,.F.);
#2389=ORIENTED_EDGE('',*,*,#4351,.T.);
#2390=ORIENTED_EDGE('',*,*,#4340,.F.);
#2391=ORIENTED_EDGE('',*,*,#4353,.F.);
#2392=ORIENTED_EDGE('',*,*,#4335,.T.);
#2393=ORIENTED_EDGE('',*,*,#4347,.F.);
#2394=ORIENTED_EDGE('',*,*,#4354,.T.);
#2395=ORIENTED_EDGE('',*,*,#4331,.T.);
#2396=ORIENTED_EDGE('',*,*,#4355,.F.);
#2397=ORIENTED_EDGE('',*,*,#4349,.F.);
#2398=ORIENTED_EDGE('',*,*,#4345,.F.);
#2399=ORIENTED_EDGE('',*,*,#4356,.F.);
#2400=ORIENTED_EDGE('',*,*,#4336,.T.);
#2401=ORIENTED_EDGE('',*,*,#4353,.T.);
#2402=ORIENTED_EDGE('',*,*,#4344,.T.);
#2403=ORIENTED_EDGE('',*,*,#4352,.F.);
#2404=ORIENTED_EDGE('',*,*,#4337,.F.);
#2405=ORIENTED_EDGE('',*,*,#4356,.T.);
#2406=ORIENTED_EDGE('',*,*,#4350,.T.);
#2407=ORIENTED_EDGE('',*,*,#4355,.T.);
#2408=ORIENTED_EDGE('',*,*,#4333,.T.);
#2409=ORIENTED_EDGE('',*,*,#4329,.F.);
#2410=ORIENTED_EDGE('',*,*,#4327,.T.);
#2411=ORIENTED_EDGE('',*,*,#4332,.F.);
#2412=ORIENTED_EDGE('',*,*,#4354,.F.);
#2413=ORIENTED_EDGE('',*,*,#4346,.F.);
#2414=ORIENTED_EDGE('',*,*,#4357,.F.);
#2415=ORIENTED_EDGE('',*,*,#4358,.T.);
#2416=ORIENTED_EDGE('',*,*,#4359,.T.);
#2417=ORIENTED_EDGE('',*,*,#4360,.F.);
#2418=ORIENTED_EDGE('',*,*,#4361,.F.);
#2419=ORIENTED_EDGE('',*,*,#4362,.T.);
#2420=ORIENTED_EDGE('',*,*,#4360,.T.);
#2421=ORIENTED_EDGE('',*,*,#4363,.F.);
#2422=ORIENTED_EDGE('',*,*,#4364,.F.);
#2423=ORIENTED_EDGE('',*,*,#4365,.F.);
#2424=ORIENTED_EDGE('',*,*,#4366,.F.);
#2425=ORIENTED_EDGE('',*,*,#4367,.T.);
#2426=ORIENTED_EDGE('',*,*,#4368,.T.);
#2427=ORIENTED_EDGE('',*,*,#4369,.T.);
#2428=ORIENTED_EDGE('',*,*,#4370,.T.);
#2429=ORIENTED_EDGE('',*,*,#4371,.T.);
#2430=ORIENTED_EDGE('',*,*,#4372,.F.);
#2431=ORIENTED_EDGE('',*,*,#4373,.F.);
#2432=ORIENTED_EDGE('',*,*,#4374,.F.);
#2433=ORIENTED_EDGE('',*,*,#4375,.T.);
#2434=ORIENTED_EDGE('',*,*,#4358,.F.);
#2435=ORIENTED_EDGE('',*,*,#4376,.T.);
#2436=ORIENTED_EDGE('',*,*,#4377,.T.);
#2437=ORIENTED_EDGE('',*,*,#4364,.T.);
#2438=ORIENTED_EDGE('',*,*,#4378,.T.);
#2439=ORIENTED_EDGE('',*,*,#4371,.F.);
#2440=ORIENTED_EDGE('',*,*,#4379,.T.);
#2441=ORIENTED_EDGE('',*,*,#4380,.F.);
#2442=ORIENTED_EDGE('',*,*,#4373,.T.);
#2443=ORIENTED_EDGE('',*,*,#4381,.F.);
#2444=ORIENTED_EDGE('',*,*,#4368,.F.);
#2445=ORIENTED_EDGE('',*,*,#4382,.T.);
#2446=ORIENTED_EDGE('',*,*,#4372,.T.);
#2447=ORIENTED_EDGE('',*,*,#4378,.F.);
#2448=ORIENTED_EDGE('',*,*,#4369,.F.);
#2449=ORIENTED_EDGE('',*,*,#4381,.T.);
#2450=ORIENTED_EDGE('',*,*,#4370,.F.);
#2451=ORIENTED_EDGE('',*,*,#4383,.F.);
#2452=ORIENTED_EDGE('',*,*,#4365,.T.);
#2453=ORIENTED_EDGE('',*,*,#4377,.F.);
#2454=ORIENTED_EDGE('',*,*,#4384,.T.);
#2455=ORIENTED_EDGE('',*,*,#4361,.T.);
#2456=ORIENTED_EDGE('',*,*,#4385,.F.);
#2457=ORIENTED_EDGE('',*,*,#4379,.F.);
#2458=ORIENTED_EDGE('',*,*,#4375,.F.);
#2459=ORIENTED_EDGE('',*,*,#4386,.F.);
#2460=ORIENTED_EDGE('',*,*,#4366,.T.);
#2461=ORIENTED_EDGE('',*,*,#4383,.T.);
#2462=ORIENTED_EDGE('',*,*,#4374,.T.);
#2463=ORIENTED_EDGE('',*,*,#4382,.F.);
#2464=ORIENTED_EDGE('',*,*,#4367,.F.);
#2465=ORIENTED_EDGE('',*,*,#4386,.T.);
#2466=ORIENTED_EDGE('',*,*,#4380,.T.);
#2467=ORIENTED_EDGE('',*,*,#4385,.T.);
#2468=ORIENTED_EDGE('',*,*,#4363,.T.);
#2469=ORIENTED_EDGE('',*,*,#4359,.F.);
#2470=ORIENTED_EDGE('',*,*,#4357,.T.);
#2471=ORIENTED_EDGE('',*,*,#4362,.F.);
#2472=ORIENTED_EDGE('',*,*,#4384,.F.);
#2473=ORIENTED_EDGE('',*,*,#4376,.F.);
#2474=ORIENTED_EDGE('',*,*,#4387,.F.);
#2475=ORIENTED_EDGE('',*,*,#4388,.T.);
#2476=ORIENTED_EDGE('',*,*,#4389,.T.);
#2477=ORIENTED_EDGE('',*,*,#4390,.F.);
#2478=ORIENTED_EDGE('',*,*,#4391,.F.);
#2479=ORIENTED_EDGE('',*,*,#4392,.T.);
#2480=ORIENTED_EDGE('',*,*,#4390,.T.);
#2481=ORIENTED_EDGE('',*,*,#4393,.F.);
#2482=ORIENTED_EDGE('',*,*,#4394,.F.);
#2483=ORIENTED_EDGE('',*,*,#4395,.F.);
#2484=ORIENTED_EDGE('',*,*,#4396,.F.);
#2485=ORIENTED_EDGE('',*,*,#4397,.T.);
#2486=ORIENTED_EDGE('',*,*,#4398,.T.);
#2487=ORIENTED_EDGE('',*,*,#4399,.T.);
#2488=ORIENTED_EDGE('',*,*,#4400,.T.);
#2489=ORIENTED_EDGE('',*,*,#4401,.T.);
#2490=ORIENTED_EDGE('',*,*,#4402,.F.);
#2491=ORIENTED_EDGE('',*,*,#4403,.F.);
#2492=ORIENTED_EDGE('',*,*,#4404,.F.);
#2493=ORIENTED_EDGE('',*,*,#4405,.T.);
#2494=ORIENTED_EDGE('',*,*,#4388,.F.);
#2495=ORIENTED_EDGE('',*,*,#4406,.T.);
#2496=ORIENTED_EDGE('',*,*,#4407,.T.);
#2497=ORIENTED_EDGE('',*,*,#4394,.T.);
#2498=ORIENTED_EDGE('',*,*,#4408,.T.);
#2499=ORIENTED_EDGE('',*,*,#4401,.F.);
#2500=ORIENTED_EDGE('',*,*,#4409,.T.);
#2501=ORIENTED_EDGE('',*,*,#4410,.F.);
#2502=ORIENTED_EDGE('',*,*,#4403,.T.);
#2503=ORIENTED_EDGE('',*,*,#4411,.F.);
#2504=ORIENTED_EDGE('',*,*,#4398,.F.);
#2505=ORIENTED_EDGE('',*,*,#4412,.T.);
#2506=ORIENTED_EDGE('',*,*,#4402,.T.);
#2507=ORIENTED_EDGE('',*,*,#4408,.F.);
#2508=ORIENTED_EDGE('',*,*,#4399,.F.);
#2509=ORIENTED_EDGE('',*,*,#4411,.T.);
#2510=ORIENTED_EDGE('',*,*,#4400,.F.);
#2511=ORIENTED_EDGE('',*,*,#4413,.F.);
#2512=ORIENTED_EDGE('',*,*,#4395,.T.);
#2513=ORIENTED_EDGE('',*,*,#4407,.F.);
#2514=ORIENTED_EDGE('',*,*,#4414,.T.);
#2515=ORIENTED_EDGE('',*,*,#4391,.T.);
#2516=ORIENTED_EDGE('',*,*,#4415,.F.);
#2517=ORIENTED_EDGE('',*,*,#4409,.F.);
#2518=ORIENTED_EDGE('',*,*,#4405,.F.);
#2519=ORIENTED_EDGE('',*,*,#4416,.F.);
#2520=ORIENTED_EDGE('',*,*,#4396,.T.);
#2521=ORIENTED_EDGE('',*,*,#4413,.T.);
#2522=ORIENTED_EDGE('',*,*,#4404,.T.);
#2523=ORIENTED_EDGE('',*,*,#4412,.F.);
#2524=ORIENTED_EDGE('',*,*,#4397,.F.);
#2525=ORIENTED_EDGE('',*,*,#4416,.T.);
#2526=ORIENTED_EDGE('',*,*,#4410,.T.);
#2527=ORIENTED_EDGE('',*,*,#4415,.T.);
#2528=ORIENTED_EDGE('',*,*,#4393,.T.);
#2529=ORIENTED_EDGE('',*,*,#4389,.F.);
#2530=ORIENTED_EDGE('',*,*,#4387,.T.);
#2531=ORIENTED_EDGE('',*,*,#4392,.F.);
#2532=ORIENTED_EDGE('',*,*,#4414,.F.);
#2533=ORIENTED_EDGE('',*,*,#4406,.F.);
#2534=ORIENTED_EDGE('',*,*,#4417,.F.);
#2535=ORIENTED_EDGE('',*,*,#4418,.T.);
#2536=ORIENTED_EDGE('',*,*,#4419,.T.);
#2537=ORIENTED_EDGE('',*,*,#4420,.F.);
#2538=ORIENTED_EDGE('',*,*,#4421,.F.);
#2539=ORIENTED_EDGE('',*,*,#4422,.T.);
#2540=ORIENTED_EDGE('',*,*,#4420,.T.);
#2541=ORIENTED_EDGE('',*,*,#4423,.F.);
#2542=ORIENTED_EDGE('',*,*,#4424,.F.);
#2543=ORIENTED_EDGE('',*,*,#4425,.F.);
#2544=ORIENTED_EDGE('',*,*,#4426,.F.);
#2545=ORIENTED_EDGE('',*,*,#4427,.T.);
#2546=ORIENTED_EDGE('',*,*,#4428,.T.);
#2547=ORIENTED_EDGE('',*,*,#4429,.T.);
#2548=ORIENTED_EDGE('',*,*,#4430,.T.);
#2549=ORIENTED_EDGE('',*,*,#4431,.T.);
#2550=ORIENTED_EDGE('',*,*,#4432,.F.);
#2551=ORIENTED_EDGE('',*,*,#4433,.F.);
#2552=ORIENTED_EDGE('',*,*,#4434,.F.);
#2553=ORIENTED_EDGE('',*,*,#4435,.T.);
#2554=ORIENTED_EDGE('',*,*,#4418,.F.);
#2555=ORIENTED_EDGE('',*,*,#4436,.T.);
#2556=ORIENTED_EDGE('',*,*,#4437,.T.);
#2557=ORIENTED_EDGE('',*,*,#4424,.T.);
#2558=ORIENTED_EDGE('',*,*,#4438,.T.);
#2559=ORIENTED_EDGE('',*,*,#4431,.F.);
#2560=ORIENTED_EDGE('',*,*,#4439,.T.);
#2561=ORIENTED_EDGE('',*,*,#4440,.F.);
#2562=ORIENTED_EDGE('',*,*,#4433,.T.);
#2563=ORIENTED_EDGE('',*,*,#4441,.F.);
#2564=ORIENTED_EDGE('',*,*,#4428,.F.);
#2565=ORIENTED_EDGE('',*,*,#4442,.T.);
#2566=ORIENTED_EDGE('',*,*,#4432,.T.);
#2567=ORIENTED_EDGE('',*,*,#4438,.F.);
#2568=ORIENTED_EDGE('',*,*,#4429,.F.);
#2569=ORIENTED_EDGE('',*,*,#4441,.T.);
#2570=ORIENTED_EDGE('',*,*,#4430,.F.);
#2571=ORIENTED_EDGE('',*,*,#4443,.F.);
#2572=ORIENTED_EDGE('',*,*,#4425,.T.);
#2573=ORIENTED_EDGE('',*,*,#4437,.F.);
#2574=ORIENTED_EDGE('',*,*,#4444,.T.);
#2575=ORIENTED_EDGE('',*,*,#4421,.T.);
#2576=ORIENTED_EDGE('',*,*,#4445,.F.);
#2577=ORIENTED_EDGE('',*,*,#4439,.F.);
#2578=ORIENTED_EDGE('',*,*,#4435,.F.);
#2579=ORIENTED_EDGE('',*,*,#4446,.F.);
#2580=ORIENTED_EDGE('',*,*,#4426,.T.);
#2581=ORIENTED_EDGE('',*,*,#4443,.T.);
#2582=ORIENTED_EDGE('',*,*,#4434,.T.);
#2583=ORIENTED_EDGE('',*,*,#4442,.F.);
#2584=ORIENTED_EDGE('',*,*,#4427,.F.);
#2585=ORIENTED_EDGE('',*,*,#4446,.T.);
#2586=ORIENTED_EDGE('',*,*,#4440,.T.);
#2587=ORIENTED_EDGE('',*,*,#4445,.T.);
#2588=ORIENTED_EDGE('',*,*,#4423,.T.);
#2589=ORIENTED_EDGE('',*,*,#4419,.F.);
#2590=ORIENTED_EDGE('',*,*,#4417,.T.);
#2591=ORIENTED_EDGE('',*,*,#4422,.F.);
#2592=ORIENTED_EDGE('',*,*,#4444,.F.);
#2593=ORIENTED_EDGE('',*,*,#4436,.F.);
#2594=ORIENTED_EDGE('',*,*,#4447,.F.);
#2595=ORIENTED_EDGE('',*,*,#4448,.T.);
#2596=ORIENTED_EDGE('',*,*,#4449,.T.);
#2597=ORIENTED_EDGE('',*,*,#4450,.F.);
#2598=ORIENTED_EDGE('',*,*,#4451,.F.);
#2599=ORIENTED_EDGE('',*,*,#4452,.T.);
#2600=ORIENTED_EDGE('',*,*,#4450,.T.);
#2601=ORIENTED_EDGE('',*,*,#4453,.F.);
#2602=ORIENTED_EDGE('',*,*,#4454,.F.);
#2603=ORIENTED_EDGE('',*,*,#4455,.F.);
#2604=ORIENTED_EDGE('',*,*,#4456,.F.);
#2605=ORIENTED_EDGE('',*,*,#4457,.T.);
#2606=ORIENTED_EDGE('',*,*,#4458,.T.);
#2607=ORIENTED_EDGE('',*,*,#4459,.T.);
#2608=ORIENTED_EDGE('',*,*,#4460,.T.);
#2609=ORIENTED_EDGE('',*,*,#4461,.T.);
#2610=ORIENTED_EDGE('',*,*,#4462,.F.);
#2611=ORIENTED_EDGE('',*,*,#4463,.F.);
#2612=ORIENTED_EDGE('',*,*,#4464,.F.);
#2613=ORIENTED_EDGE('',*,*,#4465,.T.);
#2614=ORIENTED_EDGE('',*,*,#4448,.F.);
#2615=ORIENTED_EDGE('',*,*,#4466,.T.);
#2616=ORIENTED_EDGE('',*,*,#4467,.T.);
#2617=ORIENTED_EDGE('',*,*,#4454,.T.);
#2618=ORIENTED_EDGE('',*,*,#4468,.T.);
#2619=ORIENTED_EDGE('',*,*,#4461,.F.);
#2620=ORIENTED_EDGE('',*,*,#4469,.T.);
#2621=ORIENTED_EDGE('',*,*,#4470,.F.);
#2622=ORIENTED_EDGE('',*,*,#4463,.T.);
#2623=ORIENTED_EDGE('',*,*,#4471,.F.);
#2624=ORIENTED_EDGE('',*,*,#4458,.F.);
#2625=ORIENTED_EDGE('',*,*,#4472,.T.);
#2626=ORIENTED_EDGE('',*,*,#4462,.T.);
#2627=ORIENTED_EDGE('',*,*,#4468,.F.);
#2628=ORIENTED_EDGE('',*,*,#4459,.F.);
#2629=ORIENTED_EDGE('',*,*,#4471,.T.);
#2630=ORIENTED_EDGE('',*,*,#4460,.F.);
#2631=ORIENTED_EDGE('',*,*,#4473,.F.);
#2632=ORIENTED_EDGE('',*,*,#4455,.T.);
#2633=ORIENTED_EDGE('',*,*,#4467,.F.);
#2634=ORIENTED_EDGE('',*,*,#4474,.T.);
#2635=ORIENTED_EDGE('',*,*,#4451,.T.);
#2636=ORIENTED_EDGE('',*,*,#4475,.F.);
#2637=ORIENTED_EDGE('',*,*,#4469,.F.);
#2638=ORIENTED_EDGE('',*,*,#4465,.F.);
#2639=ORIENTED_EDGE('',*,*,#4476,.F.);
#2640=ORIENTED_EDGE('',*,*,#4456,.T.);
#2641=ORIENTED_EDGE('',*,*,#4473,.T.);
#2642=ORIENTED_EDGE('',*,*,#4464,.T.);
#2643=ORIENTED_EDGE('',*,*,#4472,.F.);
#2644=ORIENTED_EDGE('',*,*,#4457,.F.);
#2645=ORIENTED_EDGE('',*,*,#4476,.T.);
#2646=ORIENTED_EDGE('',*,*,#4470,.T.);
#2647=ORIENTED_EDGE('',*,*,#4475,.T.);
#2648=ORIENTED_EDGE('',*,*,#4453,.T.);
#2649=ORIENTED_EDGE('',*,*,#4449,.F.);
#2650=ORIENTED_EDGE('',*,*,#4447,.T.);
#2651=ORIENTED_EDGE('',*,*,#4452,.F.);
#2652=ORIENTED_EDGE('',*,*,#4474,.F.);
#2653=ORIENTED_EDGE('',*,*,#4466,.F.);
#2654=ORIENTED_EDGE('',*,*,#4477,.F.);
#2655=ORIENTED_EDGE('',*,*,#4478,.T.);
#2656=ORIENTED_EDGE('',*,*,#4479,.T.);
#2657=ORIENTED_EDGE('',*,*,#4480,.F.);
#2658=ORIENTED_EDGE('',*,*,#4481,.F.);
#2659=ORIENTED_EDGE('',*,*,#4482,.T.);
#2660=ORIENTED_EDGE('',*,*,#4480,.T.);
#2661=ORIENTED_EDGE('',*,*,#4483,.F.);
#2662=ORIENTED_EDGE('',*,*,#4484,.F.);
#2663=ORIENTED_EDGE('',*,*,#4485,.F.);
#2664=ORIENTED_EDGE('',*,*,#4486,.F.);
#2665=ORIENTED_EDGE('',*,*,#4487,.T.);
#2666=ORIENTED_EDGE('',*,*,#4488,.T.);
#2667=ORIENTED_EDGE('',*,*,#4489,.T.);
#2668=ORIENTED_EDGE('',*,*,#4490,.T.);
#2669=ORIENTED_EDGE('',*,*,#4491,.T.);
#2670=ORIENTED_EDGE('',*,*,#4492,.F.);
#2671=ORIENTED_EDGE('',*,*,#4493,.F.);
#2672=ORIENTED_EDGE('',*,*,#4494,.F.);
#2673=ORIENTED_EDGE('',*,*,#4495,.T.);
#2674=ORIENTED_EDGE('',*,*,#4478,.F.);
#2675=ORIENTED_EDGE('',*,*,#4496,.T.);
#2676=ORIENTED_EDGE('',*,*,#4497,.T.);
#2677=ORIENTED_EDGE('',*,*,#4484,.T.);
#2678=ORIENTED_EDGE('',*,*,#4498,.T.);
#2679=ORIENTED_EDGE('',*,*,#4491,.F.);
#2680=ORIENTED_EDGE('',*,*,#4499,.T.);
#2681=ORIENTED_EDGE('',*,*,#4500,.F.);
#2682=ORIENTED_EDGE('',*,*,#4493,.T.);
#2683=ORIENTED_EDGE('',*,*,#4501,.F.);
#2684=ORIENTED_EDGE('',*,*,#4488,.F.);
#2685=ORIENTED_EDGE('',*,*,#4502,.T.);
#2686=ORIENTED_EDGE('',*,*,#4492,.T.);
#2687=ORIENTED_EDGE('',*,*,#4498,.F.);
#2688=ORIENTED_EDGE('',*,*,#4489,.F.);
#2689=ORIENTED_EDGE('',*,*,#4501,.T.);
#2690=ORIENTED_EDGE('',*,*,#4490,.F.);
#2691=ORIENTED_EDGE('',*,*,#4503,.F.);
#2692=ORIENTED_EDGE('',*,*,#4485,.T.);
#2693=ORIENTED_EDGE('',*,*,#4497,.F.);
#2694=ORIENTED_EDGE('',*,*,#4504,.T.);
#2695=ORIENTED_EDGE('',*,*,#4481,.T.);
#2696=ORIENTED_EDGE('',*,*,#4505,.F.);
#2697=ORIENTED_EDGE('',*,*,#4499,.F.);
#2698=ORIENTED_EDGE('',*,*,#4495,.F.);
#2699=ORIENTED_EDGE('',*,*,#4506,.F.);
#2700=ORIENTED_EDGE('',*,*,#4486,.T.);
#2701=ORIENTED_EDGE('',*,*,#4503,.T.);
#2702=ORIENTED_EDGE('',*,*,#4494,.T.);
#2703=ORIENTED_EDGE('',*,*,#4502,.F.);
#2704=ORIENTED_EDGE('',*,*,#4487,.F.);
#2705=ORIENTED_EDGE('',*,*,#4506,.T.);
#2706=ORIENTED_EDGE('',*,*,#4500,.T.);
#2707=ORIENTED_EDGE('',*,*,#4505,.T.);
#2708=ORIENTED_EDGE('',*,*,#4483,.T.);
#2709=ORIENTED_EDGE('',*,*,#4479,.F.);
#2710=ORIENTED_EDGE('',*,*,#4477,.T.);
#2711=ORIENTED_EDGE('',*,*,#4482,.F.);
#2712=ORIENTED_EDGE('',*,*,#4504,.F.);
#2713=ORIENTED_EDGE('',*,*,#4496,.F.);
#2714=ORIENTED_EDGE('',*,*,#4507,.F.);
#2715=ORIENTED_EDGE('',*,*,#4508,.T.);
#2716=ORIENTED_EDGE('',*,*,#4509,.T.);
#2717=ORIENTED_EDGE('',*,*,#4510,.F.);
#2718=ORIENTED_EDGE('',*,*,#4511,.F.);
#2719=ORIENTED_EDGE('',*,*,#4512,.T.);
#2720=ORIENTED_EDGE('',*,*,#4510,.T.);
#2721=ORIENTED_EDGE('',*,*,#4513,.F.);
#2722=ORIENTED_EDGE('',*,*,#4514,.F.);
#2723=ORIENTED_EDGE('',*,*,#4515,.F.);
#2724=ORIENTED_EDGE('',*,*,#4516,.F.);
#2725=ORIENTED_EDGE('',*,*,#4517,.T.);
#2726=ORIENTED_EDGE('',*,*,#4518,.T.);
#2727=ORIENTED_EDGE('',*,*,#4519,.T.);
#2728=ORIENTED_EDGE('',*,*,#4520,.T.);
#2729=ORIENTED_EDGE('',*,*,#4521,.T.);
#2730=ORIENTED_EDGE('',*,*,#4522,.F.);
#2731=ORIENTED_EDGE('',*,*,#4523,.F.);
#2732=ORIENTED_EDGE('',*,*,#4524,.F.);
#2733=ORIENTED_EDGE('',*,*,#4525,.T.);
#2734=ORIENTED_EDGE('',*,*,#4508,.F.);
#2735=ORIENTED_EDGE('',*,*,#4526,.T.);
#2736=ORIENTED_EDGE('',*,*,#4527,.T.);
#2737=ORIENTED_EDGE('',*,*,#4514,.T.);
#2738=ORIENTED_EDGE('',*,*,#4528,.T.);
#2739=ORIENTED_EDGE('',*,*,#4521,.F.);
#2740=ORIENTED_EDGE('',*,*,#4529,.T.);
#2741=ORIENTED_EDGE('',*,*,#4530,.F.);
#2742=ORIENTED_EDGE('',*,*,#4523,.T.);
#2743=ORIENTED_EDGE('',*,*,#4531,.F.);
#2744=ORIENTED_EDGE('',*,*,#4518,.F.);
#2745=ORIENTED_EDGE('',*,*,#4532,.T.);
#2746=ORIENTED_EDGE('',*,*,#4522,.T.);
#2747=ORIENTED_EDGE('',*,*,#4528,.F.);
#2748=ORIENTED_EDGE('',*,*,#4519,.F.);
#2749=ORIENTED_EDGE('',*,*,#4531,.T.);
#2750=ORIENTED_EDGE('',*,*,#4520,.F.);
#2751=ORIENTED_EDGE('',*,*,#4533,.F.);
#2752=ORIENTED_EDGE('',*,*,#4515,.T.);
#2753=ORIENTED_EDGE('',*,*,#4527,.F.);
#2754=ORIENTED_EDGE('',*,*,#4534,.T.);
#2755=ORIENTED_EDGE('',*,*,#4511,.T.);
#2756=ORIENTED_EDGE('',*,*,#4535,.F.);
#2757=ORIENTED_EDGE('',*,*,#4529,.F.);
#2758=ORIENTED_EDGE('',*,*,#4525,.F.);
#2759=ORIENTED_EDGE('',*,*,#4536,.F.);
#2760=ORIENTED_EDGE('',*,*,#4516,.T.);
#2761=ORIENTED_EDGE('',*,*,#4533,.T.);
#2762=ORIENTED_EDGE('',*,*,#4524,.T.);
#2763=ORIENTED_EDGE('',*,*,#4532,.F.);
#2764=ORIENTED_EDGE('',*,*,#4517,.F.);
#2765=ORIENTED_EDGE('',*,*,#4536,.T.);
#2766=ORIENTED_EDGE('',*,*,#4530,.T.);
#2767=ORIENTED_EDGE('',*,*,#4535,.T.);
#2768=ORIENTED_EDGE('',*,*,#4513,.T.);
#2769=ORIENTED_EDGE('',*,*,#4509,.F.);
#2770=ORIENTED_EDGE('',*,*,#4507,.T.);
#2771=ORIENTED_EDGE('',*,*,#4512,.F.);
#2772=ORIENTED_EDGE('',*,*,#4534,.F.);
#2773=ORIENTED_EDGE('',*,*,#4526,.F.);
#2774=ORIENTED_EDGE('',*,*,#4537,.F.);
#2775=ORIENTED_EDGE('',*,*,#4538,.T.);
#2776=ORIENTED_EDGE('',*,*,#4539,.T.);
#2777=ORIENTED_EDGE('',*,*,#4540,.F.);
#2778=ORIENTED_EDGE('',*,*,#4541,.F.);
#2779=ORIENTED_EDGE('',*,*,#4542,.T.);
#2780=ORIENTED_EDGE('',*,*,#4540,.T.);
#2781=ORIENTED_EDGE('',*,*,#4543,.F.);
#2782=ORIENTED_EDGE('',*,*,#4544,.F.);
#2783=ORIENTED_EDGE('',*,*,#4545,.F.);
#2784=ORIENTED_EDGE('',*,*,#4546,.F.);
#2785=ORIENTED_EDGE('',*,*,#4547,.T.);
#2786=ORIENTED_EDGE('',*,*,#4548,.T.);
#2787=ORIENTED_EDGE('',*,*,#4549,.T.);
#2788=ORIENTED_EDGE('',*,*,#4550,.T.);
#2789=ORIENTED_EDGE('',*,*,#4551,.T.);
#2790=ORIENTED_EDGE('',*,*,#4552,.F.);
#2791=ORIENTED_EDGE('',*,*,#4553,.F.);
#2792=ORIENTED_EDGE('',*,*,#4554,.F.);
#2793=ORIENTED_EDGE('',*,*,#4555,.T.);
#2794=ORIENTED_EDGE('',*,*,#4538,.F.);
#2795=ORIENTED_EDGE('',*,*,#4556,.T.);
#2796=ORIENTED_EDGE('',*,*,#4557,.T.);
#2797=ORIENTED_EDGE('',*,*,#4544,.T.);
#2798=ORIENTED_EDGE('',*,*,#4558,.T.);
#2799=ORIENTED_EDGE('',*,*,#4551,.F.);
#2800=ORIENTED_EDGE('',*,*,#4559,.T.);
#2801=ORIENTED_EDGE('',*,*,#4560,.F.);
#2802=ORIENTED_EDGE('',*,*,#4553,.T.);
#2803=ORIENTED_EDGE('',*,*,#4561,.F.);
#2804=ORIENTED_EDGE('',*,*,#4548,.F.);
#2805=ORIENTED_EDGE('',*,*,#4562,.T.);
#2806=ORIENTED_EDGE('',*,*,#4552,.T.);
#2807=ORIENTED_EDGE('',*,*,#4558,.F.);
#2808=ORIENTED_EDGE('',*,*,#4549,.F.);
#2809=ORIENTED_EDGE('',*,*,#4561,.T.);
#2810=ORIENTED_EDGE('',*,*,#4550,.F.);
#2811=ORIENTED_EDGE('',*,*,#4563,.F.);
#2812=ORIENTED_EDGE('',*,*,#4545,.T.);
#2813=ORIENTED_EDGE('',*,*,#4557,.F.);
#2814=ORIENTED_EDGE('',*,*,#4564,.T.);
#2815=ORIENTED_EDGE('',*,*,#4541,.T.);
#2816=ORIENTED_EDGE('',*,*,#4565,.F.);
#2817=ORIENTED_EDGE('',*,*,#4559,.F.);
#2818=ORIENTED_EDGE('',*,*,#4555,.F.);
#2819=ORIENTED_EDGE('',*,*,#4566,.F.);
#2820=ORIENTED_EDGE('',*,*,#4546,.T.);
#2821=ORIENTED_EDGE('',*,*,#4563,.T.);
#2822=ORIENTED_EDGE('',*,*,#4554,.T.);
#2823=ORIENTED_EDGE('',*,*,#4562,.F.);
#2824=ORIENTED_EDGE('',*,*,#4547,.F.);
#2825=ORIENTED_EDGE('',*,*,#4566,.T.);
#2826=ORIENTED_EDGE('',*,*,#4560,.T.);
#2827=ORIENTED_EDGE('',*,*,#4565,.T.);
#2828=ORIENTED_EDGE('',*,*,#4543,.T.);
#2829=ORIENTED_EDGE('',*,*,#4539,.F.);
#2830=ORIENTED_EDGE('',*,*,#4537,.T.);
#2831=ORIENTED_EDGE('',*,*,#4542,.F.);
#2832=ORIENTED_EDGE('',*,*,#4564,.F.);
#2833=ORIENTED_EDGE('',*,*,#4556,.F.);
#2834=ORIENTED_EDGE('',*,*,#4567,.F.);
#2835=ORIENTED_EDGE('',*,*,#4568,.T.);
#2836=ORIENTED_EDGE('',*,*,#4569,.T.);
#2837=ORIENTED_EDGE('',*,*,#4570,.F.);
#2838=ORIENTED_EDGE('',*,*,#4571,.F.);
#2839=ORIENTED_EDGE('',*,*,#4572,.T.);
#2840=ORIENTED_EDGE('',*,*,#4570,.T.);
#2841=ORIENTED_EDGE('',*,*,#4573,.F.);
#2842=ORIENTED_EDGE('',*,*,#4574,.F.);
#2843=ORIENTED_EDGE('',*,*,#4575,.F.);
#2844=ORIENTED_EDGE('',*,*,#4576,.F.);
#2845=ORIENTED_EDGE('',*,*,#4577,.T.);
#2846=ORIENTED_EDGE('',*,*,#4578,.T.);
#2847=ORIENTED_EDGE('',*,*,#4579,.T.);
#2848=ORIENTED_EDGE('',*,*,#4580,.T.);
#2849=ORIENTED_EDGE('',*,*,#4581,.T.);
#2850=ORIENTED_EDGE('',*,*,#4582,.F.);
#2851=ORIENTED_EDGE('',*,*,#4583,.F.);
#2852=ORIENTED_EDGE('',*,*,#4584,.F.);
#2853=ORIENTED_EDGE('',*,*,#4585,.T.);
#2854=ORIENTED_EDGE('',*,*,#4568,.F.);
#2855=ORIENTED_EDGE('',*,*,#4586,.T.);
#2856=ORIENTED_EDGE('',*,*,#4587,.T.);
#2857=ORIENTED_EDGE('',*,*,#4574,.T.);
#2858=ORIENTED_EDGE('',*,*,#4588,.T.);
#2859=ORIENTED_EDGE('',*,*,#4581,.F.);
#2860=ORIENTED_EDGE('',*,*,#4589,.T.);
#2861=ORIENTED_EDGE('',*,*,#4590,.F.);
#2862=ORIENTED_EDGE('',*,*,#4583,.T.);
#2863=ORIENTED_EDGE('',*,*,#4591,.F.);
#2864=ORIENTED_EDGE('',*,*,#4578,.F.);
#2865=ORIENTED_EDGE('',*,*,#4592,.T.);
#2866=ORIENTED_EDGE('',*,*,#4582,.T.);
#2867=ORIENTED_EDGE('',*,*,#4588,.F.);
#2868=ORIENTED_EDGE('',*,*,#4579,.F.);
#2869=ORIENTED_EDGE('',*,*,#4591,.T.);
#2870=ORIENTED_EDGE('',*,*,#4580,.F.);
#2871=ORIENTED_EDGE('',*,*,#4593,.F.);
#2872=ORIENTED_EDGE('',*,*,#4575,.T.);
#2873=ORIENTED_EDGE('',*,*,#4587,.F.);
#2874=ORIENTED_EDGE('',*,*,#4594,.T.);
#2875=ORIENTED_EDGE('',*,*,#4571,.T.);
#2876=ORIENTED_EDGE('',*,*,#4595,.F.);
#2877=ORIENTED_EDGE('',*,*,#4589,.F.);
#2878=ORIENTED_EDGE('',*,*,#4585,.F.);
#2879=ORIENTED_EDGE('',*,*,#4596,.F.);
#2880=ORIENTED_EDGE('',*,*,#4576,.T.);
#2881=ORIENTED_EDGE('',*,*,#4593,.T.);
#2882=ORIENTED_EDGE('',*,*,#4584,.T.);
#2883=ORIENTED_EDGE('',*,*,#4592,.F.);
#2884=ORIENTED_EDGE('',*,*,#4577,.F.);
#2885=ORIENTED_EDGE('',*,*,#4596,.T.);
#2886=ORIENTED_EDGE('',*,*,#4590,.T.);
#2887=ORIENTED_EDGE('',*,*,#4595,.T.);
#2888=ORIENTED_EDGE('',*,*,#4573,.T.);
#2889=ORIENTED_EDGE('',*,*,#4569,.F.);
#2890=ORIENTED_EDGE('',*,*,#4567,.T.);
#2891=ORIENTED_EDGE('',*,*,#4572,.F.);
#2892=ORIENTED_EDGE('',*,*,#4594,.F.);
#2893=ORIENTED_EDGE('',*,*,#4586,.F.);
#2894=ORIENTED_EDGE('',*,*,#4597,.F.);
#2895=ORIENTED_EDGE('',*,*,#4598,.T.);
#2896=ORIENTED_EDGE('',*,*,#4599,.T.);
#2897=ORIENTED_EDGE('',*,*,#4600,.F.);
#2898=ORIENTED_EDGE('',*,*,#4601,.F.);
#2899=ORIENTED_EDGE('',*,*,#4602,.T.);
#2900=ORIENTED_EDGE('',*,*,#4600,.T.);
#2901=ORIENTED_EDGE('',*,*,#4603,.F.);
#2902=ORIENTED_EDGE('',*,*,#4604,.F.);
#2903=ORIENTED_EDGE('',*,*,#4605,.F.);
#2904=ORIENTED_EDGE('',*,*,#4606,.F.);
#2905=ORIENTED_EDGE('',*,*,#4607,.T.);
#2906=ORIENTED_EDGE('',*,*,#4608,.T.);
#2907=ORIENTED_EDGE('',*,*,#4609,.T.);
#2908=ORIENTED_EDGE('',*,*,#4610,.T.);
#2909=ORIENTED_EDGE('',*,*,#4611,.T.);
#2910=ORIENTED_EDGE('',*,*,#4612,.F.);
#2911=ORIENTED_EDGE('',*,*,#4613,.F.);
#2912=ORIENTED_EDGE('',*,*,#4614,.F.);
#2913=ORIENTED_EDGE('',*,*,#4615,.T.);
#2914=ORIENTED_EDGE('',*,*,#4598,.F.);
#2915=ORIENTED_EDGE('',*,*,#4616,.T.);
#2916=ORIENTED_EDGE('',*,*,#4617,.T.);
#2917=ORIENTED_EDGE('',*,*,#4604,.T.);
#2918=ORIENTED_EDGE('',*,*,#4618,.T.);
#2919=ORIENTED_EDGE('',*,*,#4611,.F.);
#2920=ORIENTED_EDGE('',*,*,#4619,.T.);
#2921=ORIENTED_EDGE('',*,*,#4620,.F.);
#2922=ORIENTED_EDGE('',*,*,#4613,.T.);
#2923=ORIENTED_EDGE('',*,*,#4621,.F.);
#2924=ORIENTED_EDGE('',*,*,#4608,.F.);
#2925=ORIENTED_EDGE('',*,*,#4622,.T.);
#2926=ORIENTED_EDGE('',*,*,#4612,.T.);
#2927=ORIENTED_EDGE('',*,*,#4618,.F.);
#2928=ORIENTED_EDGE('',*,*,#4609,.F.);
#2929=ORIENTED_EDGE('',*,*,#4621,.T.);
#2930=ORIENTED_EDGE('',*,*,#4610,.F.);
#2931=ORIENTED_EDGE('',*,*,#4623,.F.);
#2932=ORIENTED_EDGE('',*,*,#4605,.T.);
#2933=ORIENTED_EDGE('',*,*,#4617,.F.);
#2934=ORIENTED_EDGE('',*,*,#4624,.T.);
#2935=ORIENTED_EDGE('',*,*,#4601,.T.);
#2936=ORIENTED_EDGE('',*,*,#4625,.F.);
#2937=ORIENTED_EDGE('',*,*,#4619,.F.);
#2938=ORIENTED_EDGE('',*,*,#4615,.F.);
#2939=ORIENTED_EDGE('',*,*,#4626,.F.);
#2940=ORIENTED_EDGE('',*,*,#4606,.T.);
#2941=ORIENTED_EDGE('',*,*,#4623,.T.);
#2942=ORIENTED_EDGE('',*,*,#4614,.T.);
#2943=ORIENTED_EDGE('',*,*,#4622,.F.);
#2944=ORIENTED_EDGE('',*,*,#4607,.F.);
#2945=ORIENTED_EDGE('',*,*,#4626,.T.);
#2946=ORIENTED_EDGE('',*,*,#4620,.T.);
#2947=ORIENTED_EDGE('',*,*,#4625,.T.);
#2948=ORIENTED_EDGE('',*,*,#4603,.T.);
#2949=ORIENTED_EDGE('',*,*,#4599,.F.);
#2950=ORIENTED_EDGE('',*,*,#4597,.T.);
#2951=ORIENTED_EDGE('',*,*,#4602,.F.);
#2952=ORIENTED_EDGE('',*,*,#4624,.F.);
#2953=ORIENTED_EDGE('',*,*,#4616,.F.);
#2954=ORIENTED_EDGE('',*,*,#4627,.F.);
#2955=ORIENTED_EDGE('',*,*,#4628,.T.);
#2956=ORIENTED_EDGE('',*,*,#4629,.T.);
#2957=ORIENTED_EDGE('',*,*,#4630,.F.);
#2958=ORIENTED_EDGE('',*,*,#4631,.F.);
#2959=ORIENTED_EDGE('',*,*,#4632,.T.);
#2960=ORIENTED_EDGE('',*,*,#4630,.T.);
#2961=ORIENTED_EDGE('',*,*,#4633,.F.);
#2962=ORIENTED_EDGE('',*,*,#4634,.F.);
#2963=ORIENTED_EDGE('',*,*,#4635,.F.);
#2964=ORIENTED_EDGE('',*,*,#4636,.F.);
#2965=ORIENTED_EDGE('',*,*,#4637,.T.);
#2966=ORIENTED_EDGE('',*,*,#4638,.T.);
#2967=ORIENTED_EDGE('',*,*,#4639,.T.);
#2968=ORIENTED_EDGE('',*,*,#4640,.T.);
#2969=ORIENTED_EDGE('',*,*,#4641,.T.);
#2970=ORIENTED_EDGE('',*,*,#4642,.F.);
#2971=ORIENTED_EDGE('',*,*,#4643,.F.);
#2972=ORIENTED_EDGE('',*,*,#4644,.F.);
#2973=ORIENTED_EDGE('',*,*,#4645,.T.);
#2974=ORIENTED_EDGE('',*,*,#4628,.F.);
#2975=ORIENTED_EDGE('',*,*,#4646,.T.);
#2976=ORIENTED_EDGE('',*,*,#4647,.T.);
#2977=ORIENTED_EDGE('',*,*,#4634,.T.);
#2978=ORIENTED_EDGE('',*,*,#4648,.T.);
#2979=ORIENTED_EDGE('',*,*,#4641,.F.);
#2980=ORIENTED_EDGE('',*,*,#4649,.T.);
#2981=ORIENTED_EDGE('',*,*,#4650,.F.);
#2982=ORIENTED_EDGE('',*,*,#4643,.T.);
#2983=ORIENTED_EDGE('',*,*,#4651,.F.);
#2984=ORIENTED_EDGE('',*,*,#4638,.F.);
#2985=ORIENTED_EDGE('',*,*,#4652,.T.);
#2986=ORIENTED_EDGE('',*,*,#4642,.T.);
#2987=ORIENTED_EDGE('',*,*,#4648,.F.);
#2988=ORIENTED_EDGE('',*,*,#4639,.F.);
#2989=ORIENTED_EDGE('',*,*,#4651,.T.);
#2990=ORIENTED_EDGE('',*,*,#4640,.F.);
#2991=ORIENTED_EDGE('',*,*,#4653,.F.);
#2992=ORIENTED_EDGE('',*,*,#4635,.T.);
#2993=ORIENTED_EDGE('',*,*,#4647,.F.);
#2994=ORIENTED_EDGE('',*,*,#4654,.T.);
#2995=ORIENTED_EDGE('',*,*,#4631,.T.);
#2996=ORIENTED_EDGE('',*,*,#4655,.F.);
#2997=ORIENTED_EDGE('',*,*,#4649,.F.);
#2998=ORIENTED_EDGE('',*,*,#4645,.F.);
#2999=ORIENTED_EDGE('',*,*,#4656,.F.);
#3000=ORIENTED_EDGE('',*,*,#4636,.T.);
#3001=ORIENTED_EDGE('',*,*,#4653,.T.);
#3002=ORIENTED_EDGE('',*,*,#4644,.T.);
#3003=ORIENTED_EDGE('',*,*,#4652,.F.);
#3004=ORIENTED_EDGE('',*,*,#4637,.F.);
#3005=ORIENTED_EDGE('',*,*,#4656,.T.);
#3006=ORIENTED_EDGE('',*,*,#4650,.T.);
#3007=ORIENTED_EDGE('',*,*,#4655,.T.);
#3008=ORIENTED_EDGE('',*,*,#4633,.T.);
#3009=ORIENTED_EDGE('',*,*,#4629,.F.);
#3010=ORIENTED_EDGE('',*,*,#4627,.T.);
#3011=ORIENTED_EDGE('',*,*,#4632,.F.);
#3012=ORIENTED_EDGE('',*,*,#4654,.F.);
#3013=ORIENTED_EDGE('',*,*,#4646,.F.);
#3014=ORIENTED_EDGE('',*,*,#4657,.F.);
#3015=ORIENTED_EDGE('',*,*,#4658,.T.);
#3016=ORIENTED_EDGE('',*,*,#4659,.T.);
#3017=ORIENTED_EDGE('',*,*,#4660,.F.);
#3018=ORIENTED_EDGE('',*,*,#4661,.F.);
#3019=ORIENTED_EDGE('',*,*,#4662,.T.);
#3020=ORIENTED_EDGE('',*,*,#4660,.T.);
#3021=ORIENTED_EDGE('',*,*,#4663,.F.);
#3022=ORIENTED_EDGE('',*,*,#4664,.F.);
#3023=ORIENTED_EDGE('',*,*,#4665,.F.);
#3024=ORIENTED_EDGE('',*,*,#4666,.F.);
#3025=ORIENTED_EDGE('',*,*,#4667,.T.);
#3026=ORIENTED_EDGE('',*,*,#4668,.T.);
#3027=ORIENTED_EDGE('',*,*,#4669,.T.);
#3028=ORIENTED_EDGE('',*,*,#4670,.T.);
#3029=ORIENTED_EDGE('',*,*,#4671,.T.);
#3030=ORIENTED_EDGE('',*,*,#4672,.F.);
#3031=ORIENTED_EDGE('',*,*,#4673,.F.);
#3032=ORIENTED_EDGE('',*,*,#4674,.F.);
#3033=ORIENTED_EDGE('',*,*,#4675,.T.);
#3034=ORIENTED_EDGE('',*,*,#4658,.F.);
#3035=ORIENTED_EDGE('',*,*,#4676,.T.);
#3036=ORIENTED_EDGE('',*,*,#4677,.T.);
#3037=ORIENTED_EDGE('',*,*,#4664,.T.);
#3038=ORIENTED_EDGE('',*,*,#4678,.T.);
#3039=ORIENTED_EDGE('',*,*,#4671,.F.);
#3040=ORIENTED_EDGE('',*,*,#4679,.T.);
#3041=ORIENTED_EDGE('',*,*,#4680,.F.);
#3042=ORIENTED_EDGE('',*,*,#4673,.T.);
#3043=ORIENTED_EDGE('',*,*,#4681,.F.);
#3044=ORIENTED_EDGE('',*,*,#4668,.F.);
#3045=ORIENTED_EDGE('',*,*,#4682,.T.);
#3046=ORIENTED_EDGE('',*,*,#4672,.T.);
#3047=ORIENTED_EDGE('',*,*,#4678,.F.);
#3048=ORIENTED_EDGE('',*,*,#4669,.F.);
#3049=ORIENTED_EDGE('',*,*,#4681,.T.);
#3050=ORIENTED_EDGE('',*,*,#4670,.F.);
#3051=ORIENTED_EDGE('',*,*,#4683,.F.);
#3052=ORIENTED_EDGE('',*,*,#4665,.T.);
#3053=ORIENTED_EDGE('',*,*,#4677,.F.);
#3054=ORIENTED_EDGE('',*,*,#4684,.T.);
#3055=ORIENTED_EDGE('',*,*,#4661,.T.);
#3056=ORIENTED_EDGE('',*,*,#4685,.F.);
#3057=ORIENTED_EDGE('',*,*,#4679,.F.);
#3058=ORIENTED_EDGE('',*,*,#4675,.F.);
#3059=ORIENTED_EDGE('',*,*,#4686,.F.);
#3060=ORIENTED_EDGE('',*,*,#4666,.T.);
#3061=ORIENTED_EDGE('',*,*,#4683,.T.);
#3062=ORIENTED_EDGE('',*,*,#4674,.T.);
#3063=ORIENTED_EDGE('',*,*,#4682,.F.);
#3064=ORIENTED_EDGE('',*,*,#4667,.F.);
#3065=ORIENTED_EDGE('',*,*,#4686,.T.);
#3066=ORIENTED_EDGE('',*,*,#4680,.T.);
#3067=ORIENTED_EDGE('',*,*,#4685,.T.);
#3068=ORIENTED_EDGE('',*,*,#4663,.T.);
#3069=ORIENTED_EDGE('',*,*,#4659,.F.);
#3070=ORIENTED_EDGE('',*,*,#4657,.T.);
#3071=ORIENTED_EDGE('',*,*,#4662,.F.);
#3072=ORIENTED_EDGE('',*,*,#4684,.F.);
#3073=ORIENTED_EDGE('',*,*,#4676,.F.);
#3074=ORIENTED_EDGE('',*,*,#4687,.F.);
#3075=ORIENTED_EDGE('',*,*,#4688,.T.);
#3076=ORIENTED_EDGE('',*,*,#4689,.T.);
#3077=ORIENTED_EDGE('',*,*,#4690,.F.);
#3078=ORIENTED_EDGE('',*,*,#4691,.F.);
#3079=ORIENTED_EDGE('',*,*,#4692,.T.);
#3080=ORIENTED_EDGE('',*,*,#4690,.T.);
#3081=ORIENTED_EDGE('',*,*,#4693,.F.);
#3082=ORIENTED_EDGE('',*,*,#4694,.F.);
#3083=ORIENTED_EDGE('',*,*,#4695,.F.);
#3084=ORIENTED_EDGE('',*,*,#4696,.F.);
#3085=ORIENTED_EDGE('',*,*,#4697,.T.);
#3086=ORIENTED_EDGE('',*,*,#4698,.T.);
#3087=ORIENTED_EDGE('',*,*,#4699,.T.);
#3088=ORIENTED_EDGE('',*,*,#4700,.T.);
#3089=ORIENTED_EDGE('',*,*,#4701,.T.);
#3090=ORIENTED_EDGE('',*,*,#4702,.F.);
#3091=ORIENTED_EDGE('',*,*,#4703,.F.);
#3092=ORIENTED_EDGE('',*,*,#4704,.F.);
#3093=ORIENTED_EDGE('',*,*,#4705,.T.);
#3094=ORIENTED_EDGE('',*,*,#4688,.F.);
#3095=ORIENTED_EDGE('',*,*,#4706,.T.);
#3096=ORIENTED_EDGE('',*,*,#4707,.T.);
#3097=ORIENTED_EDGE('',*,*,#4694,.T.);
#3098=ORIENTED_EDGE('',*,*,#4708,.T.);
#3099=ORIENTED_EDGE('',*,*,#4701,.F.);
#3100=ORIENTED_EDGE('',*,*,#4709,.T.);
#3101=ORIENTED_EDGE('',*,*,#4710,.F.);
#3102=ORIENTED_EDGE('',*,*,#4703,.T.);
#3103=ORIENTED_EDGE('',*,*,#4711,.F.);
#3104=ORIENTED_EDGE('',*,*,#4698,.F.);
#3105=ORIENTED_EDGE('',*,*,#4712,.T.);
#3106=ORIENTED_EDGE('',*,*,#4702,.T.);
#3107=ORIENTED_EDGE('',*,*,#4708,.F.);
#3108=ORIENTED_EDGE('',*,*,#4699,.F.);
#3109=ORIENTED_EDGE('',*,*,#4711,.T.);
#3110=ORIENTED_EDGE('',*,*,#4700,.F.);
#3111=ORIENTED_EDGE('',*,*,#4713,.F.);
#3112=ORIENTED_EDGE('',*,*,#4695,.T.);
#3113=ORIENTED_EDGE('',*,*,#4707,.F.);
#3114=ORIENTED_EDGE('',*,*,#4714,.T.);
#3115=ORIENTED_EDGE('',*,*,#4691,.T.);
#3116=ORIENTED_EDGE('',*,*,#4715,.F.);
#3117=ORIENTED_EDGE('',*,*,#4709,.F.);
#3118=ORIENTED_EDGE('',*,*,#4705,.F.);
#3119=ORIENTED_EDGE('',*,*,#4716,.F.);
#3120=ORIENTED_EDGE('',*,*,#4696,.T.);
#3121=ORIENTED_EDGE('',*,*,#4713,.T.);
#3122=ORIENTED_EDGE('',*,*,#4704,.T.);
#3123=ORIENTED_EDGE('',*,*,#4712,.F.);
#3124=ORIENTED_EDGE('',*,*,#4697,.F.);
#3125=ORIENTED_EDGE('',*,*,#4716,.T.);
#3126=ORIENTED_EDGE('',*,*,#4710,.T.);
#3127=ORIENTED_EDGE('',*,*,#4715,.T.);
#3128=ORIENTED_EDGE('',*,*,#4693,.T.);
#3129=ORIENTED_EDGE('',*,*,#4689,.F.);
#3130=ORIENTED_EDGE('',*,*,#4687,.T.);
#3131=ORIENTED_EDGE('',*,*,#4692,.F.);
#3132=ORIENTED_EDGE('',*,*,#4714,.F.);
#3133=ORIENTED_EDGE('',*,*,#4706,.F.);
#3134=ORIENTED_EDGE('',*,*,#4717,.F.);
#3135=ORIENTED_EDGE('',*,*,#4718,.T.);
#3136=ORIENTED_EDGE('',*,*,#4719,.T.);
#3137=ORIENTED_EDGE('',*,*,#4720,.F.);
#3138=ORIENTED_EDGE('',*,*,#4721,.F.);
#3139=ORIENTED_EDGE('',*,*,#4722,.T.);
#3140=ORIENTED_EDGE('',*,*,#4720,.T.);
#3141=ORIENTED_EDGE('',*,*,#4723,.F.);
#3142=ORIENTED_EDGE('',*,*,#4724,.F.);
#3143=ORIENTED_EDGE('',*,*,#4725,.F.);
#3144=ORIENTED_EDGE('',*,*,#4726,.F.);
#3145=ORIENTED_EDGE('',*,*,#4727,.T.);
#3146=ORIENTED_EDGE('',*,*,#4728,.T.);
#3147=ORIENTED_EDGE('',*,*,#4729,.T.);
#3148=ORIENTED_EDGE('',*,*,#4730,.T.);
#3149=ORIENTED_EDGE('',*,*,#4731,.T.);
#3150=ORIENTED_EDGE('',*,*,#4732,.F.);
#3151=ORIENTED_EDGE('',*,*,#4733,.F.);
#3152=ORIENTED_EDGE('',*,*,#4734,.F.);
#3153=ORIENTED_EDGE('',*,*,#4735,.T.);
#3154=ORIENTED_EDGE('',*,*,#4718,.F.);
#3155=ORIENTED_EDGE('',*,*,#4736,.T.);
#3156=ORIENTED_EDGE('',*,*,#4737,.T.);
#3157=ORIENTED_EDGE('',*,*,#4724,.T.);
#3158=ORIENTED_EDGE('',*,*,#4738,.T.);
#3159=ORIENTED_EDGE('',*,*,#4731,.F.);
#3160=ORIENTED_EDGE('',*,*,#4739,.T.);
#3161=ORIENTED_EDGE('',*,*,#4740,.F.);
#3162=ORIENTED_EDGE('',*,*,#4733,.T.);
#3163=ORIENTED_EDGE('',*,*,#4741,.F.);
#3164=ORIENTED_EDGE('',*,*,#4728,.F.);
#3165=ORIENTED_EDGE('',*,*,#4742,.T.);
#3166=ORIENTED_EDGE('',*,*,#4732,.T.);
#3167=ORIENTED_EDGE('',*,*,#4738,.F.);
#3168=ORIENTED_EDGE('',*,*,#4729,.F.);
#3169=ORIENTED_EDGE('',*,*,#4741,.T.);
#3170=ORIENTED_EDGE('',*,*,#4730,.F.);
#3171=ORIENTED_EDGE('',*,*,#4743,.F.);
#3172=ORIENTED_EDGE('',*,*,#4725,.T.);
#3173=ORIENTED_EDGE('',*,*,#4737,.F.);
#3174=ORIENTED_EDGE('',*,*,#4744,.T.);
#3175=ORIENTED_EDGE('',*,*,#4721,.T.);
#3176=ORIENTED_EDGE('',*,*,#4745,.F.);
#3177=ORIENTED_EDGE('',*,*,#4739,.F.);
#3178=ORIENTED_EDGE('',*,*,#4735,.F.);
#3179=ORIENTED_EDGE('',*,*,#4746,.F.);
#3180=ORIENTED_EDGE('',*,*,#4726,.T.);
#3181=ORIENTED_EDGE('',*,*,#4743,.T.);
#3182=ORIENTED_EDGE('',*,*,#4734,.T.);
#3183=ORIENTED_EDGE('',*,*,#4742,.F.);
#3184=ORIENTED_EDGE('',*,*,#4727,.F.);
#3185=ORIENTED_EDGE('',*,*,#4746,.T.);
#3186=ORIENTED_EDGE('',*,*,#4740,.T.);
#3187=ORIENTED_EDGE('',*,*,#4745,.T.);
#3188=ORIENTED_EDGE('',*,*,#4723,.T.);
#3189=ORIENTED_EDGE('',*,*,#4719,.F.);
#3190=ORIENTED_EDGE('',*,*,#4717,.T.);
#3191=ORIENTED_EDGE('',*,*,#4722,.F.);
#3192=ORIENTED_EDGE('',*,*,#4744,.F.);
#3193=ORIENTED_EDGE('',*,*,#4736,.F.);
#3194=EDGE_CURVE('',#4747,#4748,#5782,.T.);
#3195=EDGE_CURVE('',#4747,#4749,#5783,.T.);
#3196=EDGE_CURVE('',#4749,#4750,#5784,.T.);
#3197=EDGE_CURVE('',#4748,#4750,#5785,.T.);
#3198=EDGE_CURVE('',#4751,#4752,#5786,.T.);
#3199=EDGE_CURVE('',#4751,#4748,#5787,.T.);
#3200=EDGE_CURVE('',#4752,#4750,#5788,.T.);
#3201=EDGE_CURVE('',#4753,#4754,#5789,.T.);
#3202=EDGE_CURVE('',#4755,#4753,#5790,.T.);
#3203=EDGE_CURVE('',#4756,#4755,#5791,.T.);
#3204=EDGE_CURVE('',#4756,#4757,#5792,.T.);
#3205=EDGE_CURVE('',#4757,#4758,#5793,.T.);
#3206=EDGE_CURVE('',#4758,#4754,#5794,.T.);
#3207=EDGE_CURVE('',#4759,#4760,#5795,.T.);
#3208=EDGE_CURVE('',#4760,#4761,#5796,.T.);
#3209=EDGE_CURVE('',#4762,#4761,#5797,.T.);
#3210=EDGE_CURVE('',#4763,#4762,#5798,.T.);
#3211=EDGE_CURVE('',#4764,#4763,#5799,.T.);
#3212=EDGE_CURVE('',#4764,#4759,#5800,.T.);
#3213=EDGE_CURVE('',#4747,#4765,#5801,.T.);
#3214=EDGE_CURVE('',#4765,#4753,#5802,.T.);
#3215=EDGE_CURVE('',#4754,#4761,#5803,.T.);
#3216=EDGE_CURVE('',#4760,#4766,#5804,.T.);
#3217=EDGE_CURVE('',#4749,#4766,#5805,.T.);
#3218=EDGE_CURVE('',#4758,#4762,#5806,.T.);
#3219=EDGE_CURVE('',#4757,#4763,#5807,.T.);
#3220=EDGE_CURVE('',#4755,#4759,#5808,.T.);
#3221=EDGE_CURVE('',#4765,#4751,#5809,.T.);
#3222=EDGE_CURVE('',#4766,#4752,#5810,.T.);
#3223=EDGE_CURVE('',#4756,#4764,#5811,.T.);
#3224=EDGE_CURVE('',#4767,#4768,#5812,.T.);
#3225=EDGE_CURVE('',#4767,#4769,#5813,.T.);
#3226=EDGE_CURVE('',#4769,#4770,#5814,.T.);
#3227=EDGE_CURVE('',#4770,#4768,#5815,.T.);
#3228=EDGE_CURVE('',#4771,#4772,#5816,.T.);
#3229=EDGE_CURVE('',#4773,#4771,#5817,.T.);
#3230=EDGE_CURVE('',#4773,#4774,#5818,.T.);
#3231=EDGE_CURVE('',#4774,#4772,#5819,.T.);
#3232=EDGE_CURVE('',#4775,#4776,#5820,.T.);
#3233=EDGE_CURVE('',#4777,#4775,#5821,.T.);
#3234=EDGE_CURVE('',#4777,#4778,#5822,.T.);
#3235=EDGE_CURVE('',#4778,#4776,#5823,.T.);
#3236=EDGE_CURVE('',#4779,#4780,#5824,.T.);
#3237=EDGE_CURVE('',#4781,#4779,#5825,.T.);
#3238=EDGE_CURVE('',#4781,#4782,#5826,.T.);
#3239=EDGE_CURVE('',#4782,#4780,#5827,.T.);
#3240=EDGE_CURVE('',#4783,#4784,#5828,.T.);
#3241=EDGE_CURVE('',#4785,#4783,#5829,.T.);
#3242=EDGE_CURVE('',#4785,#4786,#5830,.T.);
#3243=EDGE_CURVE('',#4786,#4784,#5831,.T.);
#3244=EDGE_CURVE('',#4787,#4788,#5832,.T.);
#3245=EDGE_CURVE('',#4789,#4787,#5833,.T.);
#3246=EDGE_CURVE('',#4789,#4790,#5834,.T.);
#3247=EDGE_CURVE('',#4790,#4788,#5835,.T.);
#3248=EDGE_CURVE('',#4791,#4792,#5836,.T.);
#3249=EDGE_CURVE('',#4793,#4791,#5837,.T.);
#3250=EDGE_CURVE('',#4793,#4794,#5838,.T.);
#3251=EDGE_CURVE('',#4794,#4792,#5839,.T.);
#3252=EDGE_CURVE('',#4795,#4796,#5840,.T.);
#3253=EDGE_CURVE('',#4797,#4795,#5841,.T.);
#3254=EDGE_CURVE('',#4797,#4798,#5842,.T.);
#3255=EDGE_CURVE('',#4798,#4796,#5843,.T.);
#3256=EDGE_CURVE('',#4799,#4800,#5844,.T.);
#3257=EDGE_CURVE('',#4801,#4799,#5845,.T.);
#3258=EDGE_CURVE('',#4801,#4802,#5846,.T.);
#3259=EDGE_CURVE('',#4802,#4800,#5847,.T.);
#3260=EDGE_CURVE('',#4803,#4804,#5848,.T.);
#3261=EDGE_CURVE('',#4805,#4803,#5849,.T.);
#3262=EDGE_CURVE('',#4805,#4806,#5850,.T.);
#3263=EDGE_CURVE('',#4806,#4804,#5851,.T.);
#3264=EDGE_CURVE('',#4807,#4808,#5852,.T.);
#3265=EDGE_CURVE('',#4809,#4807,#5853,.T.);
#3266=EDGE_CURVE('',#4809,#4810,#5854,.T.);
#3267=EDGE_CURVE('',#4810,#4808,#5855,.T.);
#3268=EDGE_CURVE('',#4811,#4812,#5856,.T.);
#3269=EDGE_CURVE('',#4813,#4811,#5857,.T.);
#3270=EDGE_CURVE('',#4813,#4814,#5858,.T.);
#3271=EDGE_CURVE('',#4814,#4812,#5859,.T.);
#3272=EDGE_CURVE('',#4815,#4816,#5860,.T.);
#3273=EDGE_CURVE('',#4817,#4815,#5861,.T.);
#3274=EDGE_CURVE('',#4817,#4818,#5862,.T.);
#3275=EDGE_CURVE('',#4818,#4816,#5863,.T.);
#3276=EDGE_CURVE('',#4819,#4820,#5864,.T.);
#3277=EDGE_CURVE('',#4821,#4819,#5865,.T.);
#3278=EDGE_CURVE('',#4821,#4822,#5866,.T.);
#3279=EDGE_CURVE('',#4822,#4820,#5867,.T.);
#3280=EDGE_CURVE('',#4823,#4824,#5868,.T.);
#3281=EDGE_CURVE('',#4825,#4823,#5869,.T.);
#3282=EDGE_CURVE('',#4825,#4826,#5870,.T.);
#3283=EDGE_CURVE('',#4826,#4824,#5871,.T.);
#3284=EDGE_CURVE('',#4827,#4828,#5872,.T.);
#3285=EDGE_CURVE('',#4829,#4827,#5873,.T.);
#3286=EDGE_CURVE('',#4829,#4830,#5874,.T.);
#3287=EDGE_CURVE('',#4830,#4828,#5875,.T.);
#3288=EDGE_CURVE('',#4831,#4832,#5876,.T.);
#3289=EDGE_CURVE('',#4833,#4831,#5877,.T.);
#3290=EDGE_CURVE('',#4833,#4834,#5878,.T.);
#3291=EDGE_CURVE('',#4834,#4832,#5879,.T.);
#3292=EDGE_CURVE('',#4835,#4836,#5880,.T.);
#3293=EDGE_CURVE('',#4837,#4835,#5881,.T.);
#3294=EDGE_CURVE('',#4837,#4838,#5882,.T.);
#3295=EDGE_CURVE('',#4838,#4836,#5883,.T.);
#3296=EDGE_CURVE('',#4839,#4840,#5884,.T.);
#3297=EDGE_CURVE('',#4841,#4839,#5885,.T.);
#3298=EDGE_CURVE('',#4841,#4842,#5886,.T.);
#3299=EDGE_CURVE('',#4842,#4840,#5887,.T.);
#3300=EDGE_CURVE('',#4843,#4844,#5888,.T.);
#3301=EDGE_CURVE('',#4845,#4843,#5889,.T.);
#3302=EDGE_CURVE('',#4845,#4846,#5890,.T.);
#3303=EDGE_CURVE('',#4846,#4844,#5891,.T.);
#3304=EDGE_CURVE('',#4847,#4848,#5892,.T.);
#3305=EDGE_CURVE('',#4849,#4847,#5893,.T.);
#3306=EDGE_CURVE('',#4849,#4850,#5894,.T.);
#3307=EDGE_CURVE('',#4850,#4848,#5895,.T.);
#3308=EDGE_CURVE('',#4851,#4852,#5896,.T.);
#3309=EDGE_CURVE('',#4853,#4851,#5897,.T.);
#3310=EDGE_CURVE('',#4853,#4854,#5898,.T.);
#3311=EDGE_CURVE('',#4854,#4852,#5899,.T.);
#3312=EDGE_CURVE('',#4855,#4856,#5900,.T.);
#3313=EDGE_CURVE('',#4857,#4855,#5901,.T.);
#3314=EDGE_CURVE('',#4857,#4858,#5902,.T.);
#3315=EDGE_CURVE('',#4858,#4856,#5903,.T.);
#3316=EDGE_CURVE('',#4859,#4860,#5904,.T.);
#3317=EDGE_CURVE('',#4861,#4859,#5905,.T.);
#3318=EDGE_CURVE('',#4861,#4862,#5906,.T.);
#3319=EDGE_CURVE('',#4862,#4860,#5907,.T.);
#3320=EDGE_CURVE('',#4863,#4864,#5908,.T.);
#3321=EDGE_CURVE('',#4865,#4863,#5909,.T.);
#3322=EDGE_CURVE('',#4865,#4866,#5910,.T.);
#3323=EDGE_CURVE('',#4866,#4864,#5911,.T.);
#3324=EDGE_CURVE('',#4867,#4868,#5912,.T.);
#3325=EDGE_CURVE('',#4869,#4867,#5913,.T.);
#3326=EDGE_CURVE('',#4869,#4870,#5914,.T.);
#3327=EDGE_CURVE('',#4870,#4868,#5915,.T.);
#3328=EDGE_CURVE('',#4871,#4872,#5916,.T.);
#3329=EDGE_CURVE('',#4873,#4871,#5917,.T.);
#3330=EDGE_CURVE('',#4873,#4874,#5918,.T.);
#3331=EDGE_CURVE('',#4874,#4872,#5919,.T.);
#3332=EDGE_CURVE('',#4875,#4876,#5920,.T.);
#3333=EDGE_CURVE('',#4877,#4875,#5921,.T.);
#3334=EDGE_CURVE('',#4877,#4878,#5922,.T.);
#3335=EDGE_CURVE('',#4878,#4876,#5923,.T.);
#3336=EDGE_CURVE('',#4879,#4880,#5924,.T.);
#3337=EDGE_CURVE('',#4881,#4879,#5925,.T.);
#3338=EDGE_CURVE('',#4881,#4882,#5926,.T.);
#3339=EDGE_CURVE('',#4882,#4880,#5927,.T.);
#3340=EDGE_CURVE('',#4883,#4884,#5928,.T.);
#3341=EDGE_CURVE('',#4885,#4883,#5929,.T.);
#3342=EDGE_CURVE('',#4885,#4886,#5930,.T.);
#3343=EDGE_CURVE('',#4886,#4884,#5931,.T.);
#3344=EDGE_CURVE('',#4887,#4888,#5932,.T.);
#3345=EDGE_CURVE('',#4889,#4887,#5933,.T.);
#3346=EDGE_CURVE('',#4889,#4890,#5934,.T.);
#3347=EDGE_CURVE('',#4890,#4888,#5935,.T.);
#3348=EDGE_CURVE('',#4774,#4891,#5936,.T.);
#3349=EDGE_CURVE('',#4892,#4891,#5937,.T.);
#3350=EDGE_CURVE('',#4776,#4892,#5938,.T.);
#3351=EDGE_CURVE('',#4778,#4893,#5939,.T.);
#3352=EDGE_CURVE('',#4894,#4893,#5940,.T.);
#3353=EDGE_CURVE('',#4780,#4894,#5941,.T.);
#3354=EDGE_CURVE('',#4782,#4895,#5942,.T.);
#3355=EDGE_CURVE('',#4896,#4895,#5943,.T.);
#3356=EDGE_CURVE('',#4784,#4896,#5944,.T.);
#3357=EDGE_CURVE('',#4786,#4897,#5945,.T.);
#3358=EDGE_CURVE('',#4898,#4897,#5946,.T.);
#3359=EDGE_CURVE('',#4788,#4898,#5947,.T.);
#3360=EDGE_CURVE('',#4790,#4899,#5948,.T.);
#3361=EDGE_CURVE('',#4900,#4899,#5949,.T.);
#3362=EDGE_CURVE('',#4792,#4900,#5950,.T.);
#3363=EDGE_CURVE('',#4794,#4901,#5951,.T.);
#3364=EDGE_CURVE('',#4902,#4901,#5952,.T.);
#3365=EDGE_CURVE('',#4796,#4902,#5953,.T.);
#3366=EDGE_CURVE('',#4798,#4903,#5954,.T.);
#3367=EDGE_CURVE('',#4904,#4903,#5955,.T.);
#3368=EDGE_CURVE('',#4800,#4904,#5956,.T.);
#3369=EDGE_CURVE('',#4802,#4905,#5957,.T.);
#3370=EDGE_CURVE('',#4906,#4905,#5958,.T.);
#3371=EDGE_CURVE('',#4804,#4906,#5959,.T.);
#3372=EDGE_CURVE('',#4806,#4907,#5960,.T.);
#3373=EDGE_CURVE('',#4908,#4907,#5961,.T.);
#3374=EDGE_CURVE('',#4808,#4908,#5962,.T.);
#3375=EDGE_CURVE('',#4810,#4909,#5963,.T.);
#3376=EDGE_CURVE('',#4910,#4909,#5964,.T.);
#3377=EDGE_CURVE('',#4812,#4910,#5965,.T.);
#3378=EDGE_CURVE('',#4814,#4911,#5966,.T.);
#3379=EDGE_CURVE('',#4912,#4911,#5967,.T.);
#3380=EDGE_CURVE('',#4816,#4912,#5968,.T.);
#3381=EDGE_CURVE('',#4818,#4913,#5969,.T.);
#3382=EDGE_CURVE('',#4914,#4913,#5970,.T.);
#3383=EDGE_CURVE('',#4820,#4914,#5971,.T.);
#3384=EDGE_CURVE('',#4822,#4915,#5972,.T.);
#3385=EDGE_CURVE('',#4916,#4915,#5973,.T.);
#3386=EDGE_CURVE('',#4824,#4916,#5974,.T.);
#3387=EDGE_CURVE('',#4826,#4917,#5975,.T.);
#3388=EDGE_CURVE('',#4918,#4917,#5976,.T.);
#3389=EDGE_CURVE('',#4828,#4918,#5977,.T.);
#3390=EDGE_CURVE('',#4830,#4919,#5978,.T.);
#3391=EDGE_CURVE('',#4920,#4919,#5979,.T.);
#3392=EDGE_CURVE('',#4832,#4920,#5980,.T.);
#3393=EDGE_CURVE('',#4834,#4921,#5981,.T.);
#3394=EDGE_CURVE('',#4922,#4921,#5982,.T.);
#3395=EDGE_CURVE('',#4836,#4922,#5983,.T.);
#3396=EDGE_CURVE('',#4838,#4923,#5984,.T.);
#3397=EDGE_CURVE('',#4924,#4923,#5985,.T.);
#3398=EDGE_CURVE('',#4840,#4924,#5986,.T.);
#3399=EDGE_CURVE('',#4842,#4925,#5987,.T.);
#3400=EDGE_CURVE('',#4926,#4925,#5988,.T.);
#3401=EDGE_CURVE('',#4844,#4926,#5989,.T.);
#3402=EDGE_CURVE('',#4846,#4927,#5990,.T.);
#3403=EDGE_CURVE('',#4928,#4927,#5991,.T.);
#3404=EDGE_CURVE('',#4848,#4928,#5992,.T.);
#3405=EDGE_CURVE('',#4850,#4929,#5993,.T.);
#3406=EDGE_CURVE('',#4930,#4929,#5994,.T.);
#3407=EDGE_CURVE('',#4852,#4930,#5995,.T.);
#3408=EDGE_CURVE('',#4854,#4931,#5996,.T.);
#3409=EDGE_CURVE('',#4932,#4931,#5997,.T.);
#3410=EDGE_CURVE('',#4856,#4932,#5998,.T.);
#3411=EDGE_CURVE('',#4858,#4933,#5999,.T.);
#3412=EDGE_CURVE('',#4934,#4933,#6000,.T.);
#3413=EDGE_CURVE('',#4860,#4934,#6001,.T.);
#3414=EDGE_CURVE('',#4862,#4935,#6002,.T.);
#3415=EDGE_CURVE('',#4936,#4935,#6003,.T.);
#3416=EDGE_CURVE('',#4864,#4936,#6004,.T.);
#3417=EDGE_CURVE('',#4866,#4937,#6005,.T.);
#3418=EDGE_CURVE('',#4938,#4937,#6006,.T.);
#3419=EDGE_CURVE('',#4868,#4938,#6007,.T.);
#3420=EDGE_CURVE('',#4870,#4939,#6008,.T.);
#3421=EDGE_CURVE('',#4940,#4939,#6009,.T.);
#3422=EDGE_CURVE('',#4872,#4940,#6010,.T.);
#3423=EDGE_CURVE('',#4874,#4941,#6011,.T.);
#3424=EDGE_CURVE('',#4942,#4941,#6012,.T.);
#3425=EDGE_CURVE('',#4876,#4942,#6013,.T.);
#3426=EDGE_CURVE('',#4878,#4943,#6014,.T.);
#3427=EDGE_CURVE('',#4944,#4943,#6015,.T.);
#3428=EDGE_CURVE('',#4880,#4944,#6016,.T.);
#3429=EDGE_CURVE('',#4882,#4945,#6017,.T.);
#3430=EDGE_CURVE('',#4946,#4945,#6018,.T.);
#3431=EDGE_CURVE('',#4884,#4946,#6019,.T.);
#3432=EDGE_CURVE('',#4886,#4947,#6020,.T.);
#3433=EDGE_CURVE('',#4948,#4947,#6021,.T.);
#3434=EDGE_CURVE('',#4888,#4948,#6022,.T.);
#3435=EDGE_CURVE('',#4890,#4949,#6023,.T.);
#3436=EDGE_CURVE('',#4950,#4949,#6024,.T.);
#3437=EDGE_CURVE('',#4951,#4950,#6025,.T.);
#3438=EDGE_CURVE('',#4952,#4951,#6026,.T.);
#3439=EDGE_CURVE('',#4952,#4953,#6027,.T.);
#3440=EDGE_CURVE('',#4954,#4953,#6028,.T.);
#3441=EDGE_CURVE('',#4955,#4954,#6029,.T.);
#3442=EDGE_CURVE('',#4955,#4956,#6030,.T.);
#3443=EDGE_CURVE('',#4957,#4956,#6031,.T.);
#3444=EDGE_CURVE('',#4958,#4957,#6032,.T.);
#3445=EDGE_CURVE('',#4770,#4958,#6033,.T.);
#3446=EDGE_CURVE('',#4769,#4959,#6034,.T.);
#3447=EDGE_CURVE('',#4960,#4959,#6035,.T.);
#3448=EDGE_CURVE('',#4772,#4960,#6036,.T.);
#3449=EDGE_CURVE('',#4961,#4962,#6037,.T.);
#3450=EDGE_CURVE('',#4962,#4963,#6038,.T.);
#3451=EDGE_CURVE('',#4963,#4964,#6039,.T.);
#3452=EDGE_CURVE('',#4965,#4964,#6040,.T.);
#3453=EDGE_CURVE('',#4966,#4965,#6041,.T.);
#3454=EDGE_CURVE('',#4967,#4966,#6042,.T.);
#3455=EDGE_CURVE('',#4967,#4968,#6043,.T.);
#3456=EDGE_CURVE('',#4969,#4968,#6044,.T.);
#3457=EDGE_CURVE('',#4970,#4969,#6045,.T.);
#3458=EDGE_CURVE('',#4971,#4970,#6046,.T.);
#3459=EDGE_CURVE('',#4972,#4971,#6047,.T.);
#3460=EDGE_CURVE('',#4972,#4973,#6048,.T.);
#3461=EDGE_CURVE('',#4973,#4974,#6049,.T.);
#3462=EDGE_CURVE('',#4974,#4975,#6050,.T.);
#3463=EDGE_CURVE('',#4976,#4975,#6051,.T.);
#3464=EDGE_CURVE('',#4976,#4977,#6052,.T.);
#3465=EDGE_CURVE('',#4977,#4978,#6053,.T.);
#3466=EDGE_CURVE('',#4978,#4979,#6054,.T.);
#3467=EDGE_CURVE('',#4980,#4979,#6055,.T.);
#3468=EDGE_CURVE('',#4981,#4980,#6056,.T.);
#3469=EDGE_CURVE('',#4981,#4961,#6057,.T.);
#3470=EDGE_CURVE('',#4982,#4963,#6058,.T.);
#3471=EDGE_CURVE('',#4982,#4983,#6059,.T.);
#3472=EDGE_CURVE('',#4983,#4964,#6060,.T.);
#3473=EDGE_CURVE('',#4982,#4984,#6061,.T.);
#3474=EDGE_CURVE('',#4985,#4984,#6062,.T.);
#3475=EDGE_CURVE('',#4985,#4986,#6063,.T.);
#3476=EDGE_CURVE('',#4983,#4986,#6064,.T.);
#3477=EDGE_CURVE('',#4984,#4962,#6065,.T.);
#3478=EDGE_CURVE('',#4987,#4962,#6066,.T.);
#3479=EDGE_CURVE('',#4988,#4987,#6067,.T.);
#3480=EDGE_CURVE('',#4988,#4979,#6068,.T.);
#3481=EDGE_CURVE('',#4989,#4978,#6069,.T.);
#3482=EDGE_CURVE('',#4990,#4989,#6070,.T.);
#3483=EDGE_CURVE('',#4985,#4990,#6071,.T.);
#3484=EDGE_CURVE('',#4991,#4990,#6072,.T.);
#3485=EDGE_CURVE('',#4991,#4992,#6073,.T.);
#3486=EDGE_CURVE('',#4992,#4993,#6074,.T.);
#3487=EDGE_CURVE('',#4993,#4994,#6075,.T.);
#3488=EDGE_CURVE('',#4995,#4994,#6076,.T.);
#3489=EDGE_CURVE('',#4995,#4996,#6077,.T.);
#3490=EDGE_CURVE('',#4996,#4997,#6078,.T.);
#3491=EDGE_CURVE('',#4997,#4986,#6079,.T.);
#3492=EDGE_CURVE('',#4998,#4999,#6080,.T.);
#3493=EDGE_CURVE('',#4998,#5000,#6081,.T.);
#3494=EDGE_CURVE('',#5001,#5000,#6082,.T.);
#3495=EDGE_CURVE('',#5001,#5002,#6083,.T.);
#3496=EDGE_CURVE('',#5002,#5003,#6084,.T.);
#3497=EDGE_CURVE('',#5003,#5004,#6085,.T.);
#3498=EDGE_CURVE('',#5004,#5005,#6086,.T.);
#3499=EDGE_CURVE('',#5006,#5005,#6087,.T.);
#3500=EDGE_CURVE('',#5006,#5007,#6088,.T.);
#3501=EDGE_CURVE('',#5007,#5008,#6089,.T.);
#3502=EDGE_CURVE('',#5008,#4997,#6090,.T.);
#3503=EDGE_CURVE('',#5009,#4996,#6091,.T.);
#3504=EDGE_CURVE('',#5009,#5010,#6092,.T.);
#3505=EDGE_CURVE('',#5011,#5010,#6093,.T.);
#3506=EDGE_CURVE('',#4999,#5011,#6094,.T.);
#3507=EDGE_CURVE('',#5000,#5012,#6095,.T.);
#3508=EDGE_CURVE('',#5012,#5013,#6096,.T.);
#3509=EDGE_CURVE('',#5013,#5011,#6097,.T.);
#3510=EDGE_CURVE('',#5010,#5014,#6098,.T.);
#3511=EDGE_CURVE('',#5014,#4994,#6099,.T.);
#3512=EDGE_CURVE('',#4993,#5015,#6100,.T.);
#3513=EDGE_CURVE('',#5015,#5016,#6101,.T.);
#3514=EDGE_CURVE('',#5016,#5017,#6102,.T.);
#3515=EDGE_CURVE('',#5017,#4975,#6103,.T.);
#3516=EDGE_CURVE('',#5018,#4974,#6104,.T.);
#3517=EDGE_CURVE('',#5018,#5019,#6105,.T.);
#3518=EDGE_CURVE('',#5001,#5019,#6106,.T.);
#3519=EDGE_CURVE('',#5020,#5019,#6107,.T.);
#3520=EDGE_CURVE('',#5020,#4972,#6108,.T.);
#3521=EDGE_CURVE('',#4971,#5021,#6109,.T.);
#3522=EDGE_CURVE('',#5021,#5022,#6110,.T.);
#3523=EDGE_CURVE('',#5023,#5022,#6111,.T.);
#3524=EDGE_CURVE('',#5023,#5024,#6112,.T.);
#3525=EDGE_CURVE('',#5025,#5024,#6113,.T.);
#3526=EDGE_CURVE('',#4956,#5025,#6114,.T.);
#3527=EDGE_CURVE('',#4955,#5026,#6115,.T.);
#3528=EDGE_CURVE('',#5027,#5026,#6116,.T.);
#3529=EDGE_CURVE('',#5028,#5027,#6117,.T.);
#3530=EDGE_CURVE('',#5028,#5029,#6118,.T.);
#3531=EDGE_CURVE('',#5030,#5029,#6119,.T.);
#3532=EDGE_CURVE('',#5002,#5030,#6120,.T.);
#3533=EDGE_CURVE('',#5031,#5032,#6121,.T.);
#3534=EDGE_CURVE('',#5031,#5033,#6122,.T.);
#3535=EDGE_CURVE('',#5033,#5034,#6123,.T.);
#3536=EDGE_CURVE('',#5032,#5034,#6124,.T.);
#3537=EDGE_CURVE('',#5035,#5036,#6125,.T.);
#3538=EDGE_CURVE('',#5035,#5037,#6126,.T.);
#3539=EDGE_CURVE('',#5037,#5038,#6127,.T.);
#3540=EDGE_CURVE('',#5036,#5038,#6128,.T.);
#3541=EDGE_CURVE('',#5039,#5040,#6129,.T.);
#3542=EDGE_CURVE('',#5039,#5041,#6130,.T.);
#3543=EDGE_CURVE('',#5041,#5042,#6131,.T.);
#3544=EDGE_CURVE('',#5040,#5042,#6132,.T.);
#3545=EDGE_CURVE('',#5043,#5044,#6133,.T.);
#3546=EDGE_CURVE('',#5043,#5045,#6134,.T.);
#3547=EDGE_CURVE('',#5045,#5046,#6135,.T.);
#3548=EDGE_CURVE('',#5044,#5046,#6136,.T.);
#3549=EDGE_CURVE('',#5047,#5048,#6137,.T.);
#3550=EDGE_CURVE('',#5048,#5025,#6138,.T.);
#3551=EDGE_CURVE('',#5024,#5049,#6139,.T.);
#3552=EDGE_CURVE('',#4969,#5049,#6140,.T.);
#3553=EDGE_CURVE('',#4968,#5050,#14,.T.);
#3554=EDGE_CURVE('',#5050,#5051,#6141,.T.);
#3555=EDGE_CURVE('',#5051,#5052,#6142,.T.);
#3556=EDGE_CURVE('',#4965,#5052,#15,.T.);
#3557=EDGE_CURVE('',#5008,#5053,#16,.T.);
#3558=EDGE_CURVE('',#5054,#5053,#6143,.T.);
#3559=EDGE_CURVE('',#5055,#5054,#6144,.T.);
#3560=EDGE_CURVE('',#5005,#5055,#17,.T.);
#3561=EDGE_CURVE('',#5004,#5056,#6145,.T.);
#3562=EDGE_CURVE('',#5027,#5056,#6146,.T.);
#3563=EDGE_CURVE('',#5026,#5057,#6147,.T.);
#3564=EDGE_CURVE('',#5057,#5058,#6148,.T.);
#3565=EDGE_CURVE('',#5059,#5058,#6149,.T.);
#3566=EDGE_CURVE('',#5059,#5060,#6150,.T.);
#3567=EDGE_CURVE('',#5060,#5061,#6151,.T.);
#3568=EDGE_CURVE('',#5061,#5062,#6152,.T.);
#3569=EDGE_CURVE('',#4889,#5062,#6153,.T.);
#3570=EDGE_CURVE('',#4887,#5063,#6154,.T.);
#3571=EDGE_CURVE('',#5063,#5064,#6155,.T.);
#3572=EDGE_CURVE('',#4885,#5064,#6156,.T.);
#3573=EDGE_CURVE('',#4883,#5065,#6157,.T.);
#3574=EDGE_CURVE('',#5065,#5066,#6158,.T.);
#3575=EDGE_CURVE('',#4881,#5066,#6159,.T.);
#3576=EDGE_CURVE('',#4879,#5067,#6160,.T.);
#3577=EDGE_CURVE('',#5067,#5068,#6161,.T.);
#3578=EDGE_CURVE('',#4877,#5068,#6162,.T.);
#3579=EDGE_CURVE('',#4875,#5069,#6163,.T.);
#3580=EDGE_CURVE('',#5069,#5070,#6164,.T.);
#3581=EDGE_CURVE('',#4873,#5070,#6165,.T.);
#3582=EDGE_CURVE('',#4871,#5071,#6166,.T.);
#3583=EDGE_CURVE('',#5071,#5072,#6167,.T.);
#3584=EDGE_CURVE('',#4869,#5072,#6168,.T.);
#3585=EDGE_CURVE('',#4867,#5073,#6169,.T.);
#3586=EDGE_CURVE('',#5073,#5074,#6170,.T.);
#3587=EDGE_CURVE('',#4865,#5074,#6171,.T.);
#3588=EDGE_CURVE('',#4863,#5075,#6172,.T.);
#3589=EDGE_CURVE('',#5075,#5076,#6173,.T.);
#3590=EDGE_CURVE('',#4861,#5076,#6174,.T.);
#3591=EDGE_CURVE('',#4859,#5077,#6175,.T.);
#3592=EDGE_CURVE('',#5077,#5078,#6176,.T.);
#3593=EDGE_CURVE('',#4857,#5078,#6177,.T.);
#3594=EDGE_CURVE('',#4855,#5079,#6178,.T.);
#3595=EDGE_CURVE('',#5079,#5080,#6179,.T.);
#3596=EDGE_CURVE('',#4853,#5080,#6180,.T.);
#3597=EDGE_CURVE('',#4851,#5081,#6181,.T.);
#3598=EDGE_CURVE('',#5081,#5082,#6182,.T.);
#3599=EDGE_CURVE('',#4849,#5082,#6183,.T.);
#3600=EDGE_CURVE('',#4847,#5083,#6184,.T.);
#3601=EDGE_CURVE('',#5083,#5084,#6185,.T.);
#3602=EDGE_CURVE('',#4845,#5084,#6186,.T.);
#3603=EDGE_CURVE('',#4843,#5085,#6187,.T.);
#3604=EDGE_CURVE('',#5085,#5086,#6188,.T.);
#3605=EDGE_CURVE('',#4841,#5086,#6189,.T.);
#3606=EDGE_CURVE('',#4839,#5087,#6190,.T.);
#3607=EDGE_CURVE('',#5087,#5088,#6191,.T.);
#3608=EDGE_CURVE('',#4837,#5088,#6192,.T.);
#3609=EDGE_CURVE('',#4835,#5089,#6193,.T.);
#3610=EDGE_CURVE('',#5089,#5090,#6194,.T.);
#3611=EDGE_CURVE('',#4833,#5090,#6195,.T.);
#3612=EDGE_CURVE('',#4831,#5091,#6196,.T.);
#3613=EDGE_CURVE('',#5091,#5092,#6197,.T.);
#3614=EDGE_CURVE('',#4829,#5092,#6198,.T.);
#3615=EDGE_CURVE('',#4827,#5093,#6199,.T.);
#3616=EDGE_CURVE('',#5093,#5094,#6200,.T.);
#3617=EDGE_CURVE('',#4825,#5094,#6201,.T.);
#3618=EDGE_CURVE('',#4823,#5095,#6202,.T.);
#3619=EDGE_CURVE('',#5095,#5096,#6203,.T.);
#3620=EDGE_CURVE('',#4821,#5096,#6204,.T.);
#3621=EDGE_CURVE('',#4819,#5097,#6205,.T.);
#3622=EDGE_CURVE('',#5097,#5098,#6206,.T.);
#3623=EDGE_CURVE('',#4817,#5098,#6207,.T.);
#3624=EDGE_CURVE('',#4815,#5099,#6208,.T.);
#3625=EDGE_CURVE('',#5099,#5100,#6209,.T.);
#3626=EDGE_CURVE('',#4813,#5100,#6210,.T.);
#3627=EDGE_CURVE('',#4811,#5101,#6211,.T.);
#3628=EDGE_CURVE('',#5101,#5102,#6212,.T.);
#3629=EDGE_CURVE('',#4809,#5102,#6213,.T.);
#3630=EDGE_CURVE('',#4807,#5103,#6214,.T.);
#3631=EDGE_CURVE('',#5103,#5104,#6215,.T.);
#3632=EDGE_CURVE('',#4805,#5104,#6216,.T.);
#3633=EDGE_CURVE('',#4803,#5105,#6217,.T.);
#3634=EDGE_CURVE('',#5105,#5106,#6218,.T.);
#3635=EDGE_CURVE('',#4801,#5106,#6219,.T.);
#3636=EDGE_CURVE('',#4799,#5107,#6220,.T.);
#3637=EDGE_CURVE('',#5107,#5108,#6221,.T.);
#3638=EDGE_CURVE('',#4797,#5108,#6222,.T.);
#3639=EDGE_CURVE('',#4795,#5109,#6223,.T.);
#3640=EDGE_CURVE('',#5109,#5110,#6224,.T.);
#3641=EDGE_CURVE('',#4793,#5110,#6225,.T.);
#3642=EDGE_CURVE('',#4791,#5111,#6226,.T.);
#3643=EDGE_CURVE('',#5111,#5112,#6227,.T.);
#3644=EDGE_CURVE('',#4789,#5112,#6228,.T.);
#3645=EDGE_CURVE('',#4787,#5113,#6229,.T.);
#3646=EDGE_CURVE('',#5113,#5114,#6230,.T.);
#3647=EDGE_CURVE('',#4785,#5114,#6231,.T.);
#3648=EDGE_CURVE('',#4783,#5115,#6232,.T.);
#3649=EDGE_CURVE('',#5115,#5116,#6233,.T.);
#3650=EDGE_CURVE('',#4781,#5116,#6234,.T.);
#3651=EDGE_CURVE('',#4779,#5117,#6235,.T.);
#3652=EDGE_CURVE('',#5117,#5118,#6236,.T.);
#3653=EDGE_CURVE('',#4777,#5118,#6237,.T.);
#3654=EDGE_CURVE('',#4775,#5119,#6238,.T.);
#3655=EDGE_CURVE('',#5119,#5120,#6239,.T.);
#3656=EDGE_CURVE('',#4773,#5120,#6240,.T.);
#3657=EDGE_CURVE('',#4771,#5121,#6241,.T.);
#3658=EDGE_CURVE('',#5121,#5122,#6242,.T.);
#3659=EDGE_CURVE('',#4767,#5122,#6243,.T.);
#3660=EDGE_CURVE('',#4768,#5047,#6244,.T.);
#3661=EDGE_CURVE('',#4970,#5123,#6245,.T.);
#3662=EDGE_CURVE('',#5021,#5123,#6246,.T.);
#3663=EDGE_CURVE('',#5124,#5049,#6247,.T.);
#3664=EDGE_CURVE('',#5124,#5125,#6248,.T.);
#3665=EDGE_CURVE('',#5123,#5125,#6249,.T.);
#3666=EDGE_CURVE('',#4967,#5126,#18,.T.);
#3667=EDGE_CURVE('',#5126,#5050,#6250,.T.);
#3668=EDGE_CURVE('',#5126,#5127,#6251,.T.);
#3669=EDGE_CURVE('',#5127,#5051,#6252,.T.);
#3670=EDGE_CURVE('',#5127,#5128,#6253,.T.);
#3671=EDGE_CURVE('',#5128,#5052,#6254,.T.);
#3672=EDGE_CURVE('',#4966,#5128,#19,.T.);
#3673=EDGE_CURVE('',#5023,#5124,#6255,.T.);
#3674=EDGE_CURVE('',#5022,#5125,#6256,.T.);
#3675=EDGE_CURVE('',#5030,#5129,#6257,.T.);
#3676=EDGE_CURVE('',#5003,#5129,#6258,.T.);
#3677=EDGE_CURVE('',#5129,#5130,#6259,.T.);
#3678=EDGE_CURVE('',#5131,#5130,#6260,.T.);
#3679=EDGE_CURVE('',#5131,#5056,#6261,.T.);
#3680=EDGE_CURVE('',#5132,#5055,#6262,.T.);
#3681=EDGE_CURVE('',#5006,#5132,#20,.T.);
#3682=EDGE_CURVE('',#5133,#5054,#6263,.T.);
#3683=EDGE_CURVE('',#5132,#5133,#6264,.T.);
#3684=EDGE_CURVE('',#5134,#5053,#6265,.T.);
#3685=EDGE_CURVE('',#5133,#5134,#6266,.T.);
#3686=EDGE_CURVE('',#5007,#5134,#21,.T.);
#3687=EDGE_CURVE('',#5028,#5131,#6267,.T.);
#3688=EDGE_CURVE('',#5029,#5130,#6268,.T.);
#3689=EDGE_CURVE('',#5135,#5031,#6269,.T.);
#3690=EDGE_CURVE('',#5135,#5136,#6270,.T.);
#3691=EDGE_CURVE('',#5136,#5033,#6271,.T.);
#3692=EDGE_CURVE('',#5137,#5032,#6272,.T.);
#3693=EDGE_CURVE('',#5135,#5137,#6273,.T.);
#3694=EDGE_CURVE('',#5138,#5034,#6274,.T.);
#3695=EDGE_CURVE('',#5137,#5138,#6275,.T.);
#3696=EDGE_CURVE('',#5136,#5138,#6276,.T.);
#3697=EDGE_CURVE('',#5139,#5035,#6277,.T.);
#3698=EDGE_CURVE('',#5139,#5140,#6278,.T.);
#3699=EDGE_CURVE('',#5140,#5037,#6279,.T.);
#3700=EDGE_CURVE('',#5141,#5036,#6280,.T.);
#3701=EDGE_CURVE('',#5139,#5141,#6281,.T.);
#3702=EDGE_CURVE('',#5142,#5038,#6282,.T.);
#3703=EDGE_CURVE('',#5141,#5142,#6283,.T.);
#3704=EDGE_CURVE('',#5140,#5142,#6284,.T.);
#3705=EDGE_CURVE('',#5143,#5039,#6285,.T.);
#3706=EDGE_CURVE('',#5143,#5144,#6286,.T.);
#3707=EDGE_CURVE('',#5144,#5041,#6287,.T.);
#3708=EDGE_CURVE('',#5145,#5040,#6288,.T.);
#3709=EDGE_CURVE('',#5143,#5145,#6289,.T.);
#3710=EDGE_CURVE('',#5146,#5042,#6290,.T.);
#3711=EDGE_CURVE('',#5145,#5146,#6291,.T.);
#3712=EDGE_CURVE('',#5144,#5146,#6292,.T.);
#3713=EDGE_CURVE('',#5147,#5043,#6293,.T.);
#3714=EDGE_CURVE('',#5147,#5148,#6294,.T.);
#3715=EDGE_CURVE('',#5148,#5045,#6295,.T.);
#3716=EDGE_CURVE('',#5149,#5044,#6296,.T.);
#3717=EDGE_CURVE('',#5147,#5149,#6297,.T.);
#3718=EDGE_CURVE('',#5150,#5046,#6298,.T.);
#3719=EDGE_CURVE('',#5149,#5150,#6299,.T.);
#3720=EDGE_CURVE('',#5148,#5150,#6300,.T.);
#3721=EDGE_CURVE('',#5060,#4951,#6301,.T.);
#3722=EDGE_CURVE('',#4952,#5059,#6302,.T.);
#3723=EDGE_CURVE('',#4953,#5058,#6303,.T.);
#3724=EDGE_CURVE('',#4954,#5057,#6304,.T.);
#3725=EDGE_CURVE('',#4957,#5048,#6305,.T.);
#3726=EDGE_CURVE('',#4958,#5047,#6306,.T.);
#3727=EDGE_CURVE('',#5151,#5018,#6307,.T.);
#3728=EDGE_CURVE('',#5151,#5020,#6308,.T.);
#3729=EDGE_CURVE('',#5151,#4973,#6309,.T.);
#3730=EDGE_CURVE('',#5152,#4989,#6310,.T.);
#3731=EDGE_CURVE('',#4991,#5152,#6311,.T.);
#3732=EDGE_CURVE('',#5152,#4977,#6312,.T.);
#3733=EDGE_CURVE('',#5153,#5017,#6313,.T.);
#3734=EDGE_CURVE('',#5153,#4976,#6314,.T.);
#3735=EDGE_CURVE('',#5154,#5016,#6315,.T.);
#3736=EDGE_CURVE('',#5154,#5153,#6316,.T.);
#3737=EDGE_CURVE('',#5155,#5015,#6317,.T.);
#3738=EDGE_CURVE('',#5155,#5154,#6318,.T.);
#3739=EDGE_CURVE('',#4992,#5155,#6319,.T.);
#3740=EDGE_CURVE('',#5009,#5156,#6320,.T.);
#3741=EDGE_CURVE('',#5156,#5014,#6321,.T.);
#3742=EDGE_CURVE('',#5156,#4995,#6322,.T.);
#3743=EDGE_CURVE('',#4998,#5157,#6323,.T.);
#3744=EDGE_CURVE('',#5157,#5012,#6324,.T.);
#3745=EDGE_CURVE('',#5158,#5013,#6325,.T.);
#3746=EDGE_CURVE('',#5158,#4999,#6326,.T.);
#3747=EDGE_CURVE('',#5157,#5158,#6327,.T.);
#3748=EDGE_CURVE('',#5159,#4980,#6328,.T.);
#3749=EDGE_CURVE('',#5160,#5159,#6329,.T.);
#3750=EDGE_CURVE('',#5160,#4981,#6330,.T.);
#3751=EDGE_CURVE('',#5159,#4988,#6331,.T.);
#3752=EDGE_CURVE('',#5161,#4961,#6332,.T.);
#3753=EDGE_CURVE('',#5161,#4987,#6333,.T.);
#3754=EDGE_CURVE('',#5160,#5161,#6334,.T.);
#3755=EDGE_CURVE('',#5062,#4949,#6335,.T.);
#3756=EDGE_CURVE('',#5061,#4950,#6336,.T.);
#3757=EDGE_CURVE('',#5064,#4947,#6337,.T.);
#3758=EDGE_CURVE('',#5063,#4948,#6338,.T.);
#3759=EDGE_CURVE('',#5066,#4945,#6339,.T.);
#3760=EDGE_CURVE('',#5065,#4946,#6340,.T.);
#3761=EDGE_CURVE('',#5068,#4943,#6341,.T.);
#3762=EDGE_CURVE('',#5067,#4944,#6342,.T.);
#3763=EDGE_CURVE('',#5070,#4941,#6343,.T.);
#3764=EDGE_CURVE('',#5069,#4942,#6344,.T.);
#3765=EDGE_CURVE('',#5072,#4939,#6345,.T.);
#3766=EDGE_CURVE('',#5071,#4940,#6346,.T.);
#3767=EDGE_CURVE('',#5074,#4937,#6347,.T.);
#3768=EDGE_CURVE('',#5073,#4938,#6348,.T.);
#3769=EDGE_CURVE('',#5076,#4935,#6349,.T.);
#3770=EDGE_CURVE('',#5075,#4936,#6350,.T.);
#3771=EDGE_CURVE('',#5078,#4933,#6351,.T.);
#3772=EDGE_CURVE('',#5077,#4934,#6352,.T.);
#3773=EDGE_CURVE('',#5080,#4931,#6353,.T.);
#3774=EDGE_CURVE('',#5079,#4932,#6354,.T.);
#3775=EDGE_CURVE('',#5082,#4929,#6355,.T.);
#3776=EDGE_CURVE('',#5081,#4930,#6356,.T.);
#3777=EDGE_CURVE('',#5084,#4927,#6357,.T.);
#3778=EDGE_CURVE('',#5083,#4928,#6358,.T.);
#3779=EDGE_CURVE('',#5086,#4925,#6359,.T.);
#3780=EDGE_CURVE('',#5085,#4926,#6360,.T.);
#3781=EDGE_CURVE('',#5088,#4923,#6361,.T.);
#3782=EDGE_CURVE('',#5087,#4924,#6362,.T.);
#3783=EDGE_CURVE('',#5090,#4921,#6363,.T.);
#3784=EDGE_CURVE('',#5089,#4922,#6364,.T.);
#3785=EDGE_CURVE('',#5092,#4919,#6365,.T.);
#3786=EDGE_CURVE('',#5091,#4920,#6366,.T.);
#3787=EDGE_CURVE('',#5094,#4917,#6367,.T.);
#3788=EDGE_CURVE('',#5093,#4918,#6368,.T.);
#3789=EDGE_CURVE('',#5096,#4915,#6369,.T.);
#3790=EDGE_CURVE('',#5095,#4916,#6370,.T.);
#3791=EDGE_CURVE('',#5098,#4913,#6371,.T.);
#3792=EDGE_CURVE('',#5097,#4914,#6372,.T.);
#3793=EDGE_CURVE('',#5100,#4911,#6373,.T.);
#3794=EDGE_CURVE('',#5099,#4912,#6374,.T.);
#3795=EDGE_CURVE('',#5102,#4909,#6375,.T.);
#3796=EDGE_CURVE('',#5101,#4910,#6376,.T.);
#3797=EDGE_CURVE('',#5104,#4907,#6377,.T.);
#3798=EDGE_CURVE('',#5103,#4908,#6378,.T.);
#3799=EDGE_CURVE('',#5106,#4905,#6379,.T.);
#3800=EDGE_CURVE('',#5105,#4906,#6380,.T.);
#3801=EDGE_CURVE('',#5108,#4903,#6381,.T.);
#3802=EDGE_CURVE('',#5107,#4904,#6382,.T.);
#3803=EDGE_CURVE('',#5110,#4901,#6383,.T.);
#3804=EDGE_CURVE('',#5109,#4902,#6384,.T.);
#3805=EDGE_CURVE('',#5112,#4899,#6385,.T.);
#3806=EDGE_CURVE('',#5111,#4900,#6386,.T.);
#3807=EDGE_CURVE('',#5114,#4897,#6387,.T.);
#3808=EDGE_CURVE('',#5113,#4898,#6388,.T.);
#3809=EDGE_CURVE('',#5116,#4895,#6389,.T.);
#3810=EDGE_CURVE('',#5115,#4896,#6390,.T.);
#3811=EDGE_CURVE('',#5118,#4893,#6391,.T.);
#3812=EDGE_CURVE('',#5117,#4894,#6392,.T.);
#3813=EDGE_CURVE('',#5120,#4891,#6393,.T.);
#3814=EDGE_CURVE('',#5119,#4892,#6394,.T.);
#3815=EDGE_CURVE('',#5121,#4960,#6395,.T.);
#3816=EDGE_CURVE('',#5122,#4959,#6396,.T.);
#3817=EDGE_CURVE('',#5162,#5163,#6397,.T.);
#3818=EDGE_CURVE('',#5162,#5164,#6398,.T.);
#3819=EDGE_CURVE('',#5164,#5165,#6399,.T.);
#3820=EDGE_CURVE('',#5163,#5165,#6400,.T.);
#3821=EDGE_CURVE('',#5166,#5167,#6401,.T.);
#3822=EDGE_CURVE('',#5166,#5163,#6402,.T.);
#3823=EDGE_CURVE('',#5167,#5165,#6403,.T.);
#3824=EDGE_CURVE('',#5168,#5169,#6404,.T.);
#3825=EDGE_CURVE('',#5170,#5168,#6405,.T.);
#3826=EDGE_CURVE('',#5171,#5170,#6406,.T.);
#3827=EDGE_CURVE('',#5171,#5172,#6407,.T.);
#3828=EDGE_CURVE('',#5172,#5173,#6408,.T.);
#3829=EDGE_CURVE('',#5173,#5169,#6409,.T.);
#3830=EDGE_CURVE('',#5174,#5175,#6410,.T.);
#3831=EDGE_CURVE('',#5175,#5176,#6411,.T.);
#3832=EDGE_CURVE('',#5177,#5176,#6412,.T.);
#3833=EDGE_CURVE('',#5178,#5177,#6413,.T.);
#3834=EDGE_CURVE('',#5179,#5178,#6414,.T.);
#3835=EDGE_CURVE('',#5179,#5174,#6415,.T.);
#3836=EDGE_CURVE('',#5162,#5180,#6416,.T.);
#3837=EDGE_CURVE('',#5180,#5168,#6417,.T.);
#3838=EDGE_CURVE('',#5169,#5176,#6418,.T.);
#3839=EDGE_CURVE('',#5175,#5181,#6419,.T.);
#3840=EDGE_CURVE('',#5164,#5181,#6420,.T.);
#3841=EDGE_CURVE('',#5173,#5177,#6421,.T.);
#3842=EDGE_CURVE('',#5172,#5178,#6422,.T.);
#3843=EDGE_CURVE('',#5170,#5174,#6423,.T.);
#3844=EDGE_CURVE('',#5180,#5166,#6424,.T.);
#3845=EDGE_CURVE('',#5181,#5167,#6425,.T.);
#3846=EDGE_CURVE('',#5171,#5179,#6426,.T.);
#3847=EDGE_CURVE('',#5182,#5183,#6427,.T.);
#3848=EDGE_CURVE('',#5182,#5184,#6428,.T.);
#3849=EDGE_CURVE('',#5184,#5185,#6429,.T.);
#3850=EDGE_CURVE('',#5183,#5185,#6430,.T.);
#3851=EDGE_CURVE('',#5186,#5187,#6431,.T.);
#3852=EDGE_CURVE('',#5186,#5183,#6432,.T.);
#3853=EDGE_CURVE('',#5187,#5185,#6433,.T.);
#3854=EDGE_CURVE('',#5188,#5189,#6434,.T.);
#3855=EDGE_CURVE('',#5190,#5188,#6435,.T.);
#3856=EDGE_CURVE('',#5191,#5190,#6436,.T.);
#3857=EDGE_CURVE('',#5191,#5192,#6437,.T.);
#3858=EDGE_CURVE('',#5192,#5193,#6438,.T.);
#3859=EDGE_CURVE('',#5193,#5189,#6439,.T.);
#3860=EDGE_CURVE('',#5194,#5195,#6440,.T.);
#3861=EDGE_CURVE('',#5195,#5196,#6441,.T.);
#3862=EDGE_CURVE('',#5197,#5196,#6442,.T.);
#3863=EDGE_CURVE('',#5198,#5197,#6443,.T.);
#3864=EDGE_CURVE('',#5199,#5198,#6444,.T.);
#3865=EDGE_CURVE('',#5199,#5194,#6445,.T.);
#3866=EDGE_CURVE('',#5182,#5200,#6446,.T.);
#3867=EDGE_CURVE('',#5200,#5188,#6447,.T.);
#3868=EDGE_CURVE('',#5189,#5196,#6448,.T.);
#3869=EDGE_CURVE('',#5195,#5201,#6449,.T.);
#3870=EDGE_CURVE('',#5184,#5201,#6450,.T.);
#3871=EDGE_CURVE('',#5193,#5197,#6451,.T.);
#3872=EDGE_CURVE('',#5192,#5198,#6452,.T.);
#3873=EDGE_CURVE('',#5190,#5194,#6453,.T.);
#3874=EDGE_CURVE('',#5200,#5186,#6454,.T.);
#3875=EDGE_CURVE('',#5201,#5187,#6455,.T.);
#3876=EDGE_CURVE('',#5191,#5199,#6456,.T.);
#3877=EDGE_CURVE('',#5202,#5203,#6457,.T.);
#3878=EDGE_CURVE('',#5202,#5204,#6458,.T.);
#3879=EDGE_CURVE('',#5204,#5205,#6459,.T.);
#3880=EDGE_CURVE('',#5203,#5205,#6460,.T.);
#3881=EDGE_CURVE('',#5206,#5207,#6461,.T.);
#3882=EDGE_CURVE('',#5206,#5203,#6462,.T.);
#3883=EDGE_CURVE('',#5207,#5205,#6463,.T.);
#3884=EDGE_CURVE('',#5208,#5209,#6464,.T.);
#3885=EDGE_CURVE('',#5210,#5208,#6465,.T.);
#3886=EDGE_CURVE('',#5211,#5210,#6466,.T.);
#3887=EDGE_CURVE('',#5211,#5212,#6467,.T.);
#3888=EDGE_CURVE('',#5212,#5213,#6468,.T.);
#3889=EDGE_CURVE('',#5213,#5209,#6469,.T.);
#3890=EDGE_CURVE('',#5214,#5215,#6470,.T.);
#3891=EDGE_CURVE('',#5215,#5216,#6471,.T.);
#3892=EDGE_CURVE('',#5217,#5216,#6472,.T.);
#3893=EDGE_CURVE('',#5218,#5217,#6473,.T.);
#3894=EDGE_CURVE('',#5219,#5218,#6474,.T.);
#3895=EDGE_CURVE('',#5219,#5214,#6475,.T.);
#3896=EDGE_CURVE('',#5202,#5220,#6476,.T.);
#3897=EDGE_CURVE('',#5220,#5208,#6477,.T.);
#3898=EDGE_CURVE('',#5209,#5216,#6478,.T.);
#3899=EDGE_CURVE('',#5215,#5221,#6479,.T.);
#3900=EDGE_CURVE('',#5204,#5221,#6480,.T.);
#3901=EDGE_CURVE('',#5213,#5217,#6481,.T.);
#3902=EDGE_CURVE('',#5212,#5218,#6482,.T.);
#3903=EDGE_CURVE('',#5210,#5214,#6483,.T.);
#3904=EDGE_CURVE('',#5220,#5206,#6484,.T.);
#3905=EDGE_CURVE('',#5221,#5207,#6485,.T.);
#3906=EDGE_CURVE('',#5211,#5219,#6486,.T.);
#3907=EDGE_CURVE('',#5222,#5223,#6487,.T.);
#3908=EDGE_CURVE('',#5222,#5224,#6488,.T.);
#3909=EDGE_CURVE('',#5224,#5225,#6489,.T.);
#3910=EDGE_CURVE('',#5223,#5225,#6490,.T.);
#3911=EDGE_CURVE('',#5226,#5227,#6491,.T.);
#3912=EDGE_CURVE('',#5226,#5223,#6492,.T.);
#3913=EDGE_CURVE('',#5227,#5225,#6493,.T.);
#3914=EDGE_CURVE('',#5228,#5229,#6494,.T.);
#3915=EDGE_CURVE('',#5230,#5228,#6495,.T.);
#3916=EDGE_CURVE('',#5231,#5230,#6496,.T.);
#3917=EDGE_CURVE('',#5231,#5232,#6497,.T.);
#3918=EDGE_CURVE('',#5232,#5233,#6498,.T.);
#3919=EDGE_CURVE('',#5233,#5229,#6499,.T.);
#3920=EDGE_CURVE('',#5234,#5235,#6500,.T.);
#3921=EDGE_CURVE('',#5235,#5236,#6501,.T.);
#3922=EDGE_CURVE('',#5237,#5236,#6502,.T.);
#3923=EDGE_CURVE('',#5238,#5237,#6503,.T.);
#3924=EDGE_CURVE('',#5239,#5238,#6504,.T.);
#3925=EDGE_CURVE('',#5239,#5234,#6505,.T.);
#3926=EDGE_CURVE('',#5222,#5240,#6506,.T.);
#3927=EDGE_CURVE('',#5240,#5228,#6507,.T.);
#3928=EDGE_CURVE('',#5229,#5236,#6508,.T.);
#3929=EDGE_CURVE('',#5235,#5241,#6509,.T.);
#3930=EDGE_CURVE('',#5224,#5241,#6510,.T.);
#3931=EDGE_CURVE('',#5233,#5237,#6511,.T.);
#3932=EDGE_CURVE('',#5232,#5238,#6512,.T.);
#3933=EDGE_CURVE('',#5230,#5234,#6513,.T.);
#3934=EDGE_CURVE('',#5240,#5226,#6514,.T.);
#3935=EDGE_CURVE('',#5241,#5227,#6515,.T.);
#3936=EDGE_CURVE('',#5231,#5239,#6516,.T.);
#3937=EDGE_CURVE('',#5242,#5243,#6517,.T.);
#3938=EDGE_CURVE('',#5242,#5244,#6518,.T.);
#3939=EDGE_CURVE('',#5244,#5245,#6519,.T.);
#3940=EDGE_CURVE('',#5243,#5245,#6520,.T.);
#3941=EDGE_CURVE('',#5246,#5247,#6521,.T.);
#3942=EDGE_CURVE('',#5246,#5243,#6522,.T.);
#3943=EDGE_CURVE('',#5247,#5245,#6523,.T.);
#3944=EDGE_CURVE('',#5248,#5249,#6524,.T.);
#3945=EDGE_CURVE('',#5250,#5248,#6525,.T.);
#3946=EDGE_CURVE('',#5251,#5250,#6526,.T.);
#3947=EDGE_CURVE('',#5251,#5252,#6527,.T.);
#3948=EDGE_CURVE('',#5252,#5253,#6528,.T.);
#3949=EDGE_CURVE('',#5253,#5249,#6529,.T.);
#3950=EDGE_CURVE('',#5254,#5255,#6530,.T.);
#3951=EDGE_CURVE('',#5255,#5256,#6531,.T.);
#3952=EDGE_CURVE('',#5257,#5256,#6532,.T.);
#3953=EDGE_CURVE('',#5258,#5257,#6533,.T.);
#3954=EDGE_CURVE('',#5259,#5258,#6534,.T.);
#3955=EDGE_CURVE('',#5259,#5254,#6535,.T.);
#3956=EDGE_CURVE('',#5242,#5260,#6536,.T.);
#3957=EDGE_CURVE('',#5260,#5248,#6537,.T.);
#3958=EDGE_CURVE('',#5249,#5256,#6538,.T.);
#3959=EDGE_CURVE('',#5255,#5261,#6539,.T.);
#3960=EDGE_CURVE('',#5244,#5261,#6540,.T.);
#3961=EDGE_CURVE('',#5253,#5257,#6541,.T.);
#3962=EDGE_CURVE('',#5252,#5258,#6542,.T.);
#3963=EDGE_CURVE('',#5250,#5254,#6543,.T.);
#3964=EDGE_CURVE('',#5260,#5246,#6544,.T.);
#3965=EDGE_CURVE('',#5261,#5247,#6545,.T.);
#3966=EDGE_CURVE('',#5251,#5259,#6546,.T.);
#3967=EDGE_CURVE('',#5262,#5263,#6547,.T.);
#3968=EDGE_CURVE('',#5262,#5264,#6548,.T.);
#3969=EDGE_CURVE('',#5264,#5265,#6549,.T.);
#3970=EDGE_CURVE('',#5263,#5265,#6550,.T.);
#3971=EDGE_CURVE('',#5266,#5267,#6551,.T.);
#3972=EDGE_CURVE('',#5266,#5263,#6552,.T.);
#3973=EDGE_CURVE('',#5267,#5265,#6553,.T.);
#3974=EDGE_CURVE('',#5268,#5269,#6554,.T.);
#3975=EDGE_CURVE('',#5270,#5268,#6555,.T.);
#3976=EDGE_CURVE('',#5271,#5270,#6556,.T.);
#3977=EDGE_CURVE('',#5271,#5272,#6557,.T.);
#3978=EDGE_CURVE('',#5272,#5273,#6558,.T.);
#3979=EDGE_CURVE('',#5273,#5269,#6559,.T.);
#3980=EDGE_CURVE('',#5274,#5275,#6560,.T.);
#3981=EDGE_CURVE('',#5275,#5276,#6561,.T.);
#3982=EDGE_CURVE('',#5277,#5276,#6562,.T.);
#3983=EDGE_CURVE('',#5278,#5277,#6563,.T.);
#3984=EDGE_CURVE('',#5279,#5278,#6564,.T.);
#3985=EDGE_CURVE('',#5279,#5274,#6565,.T.);
#3986=EDGE_CURVE('',#5262,#5280,#6566,.T.);
#3987=EDGE_CURVE('',#5280,#5268,#6567,.T.);
#3988=EDGE_CURVE('',#5269,#5276,#6568,.T.);
#3989=EDGE_CURVE('',#5275,#5281,#6569,.T.);
#3990=EDGE_CURVE('',#5264,#5281,#6570,.T.);
#3991=EDGE_CURVE('',#5273,#5277,#6571,.T.);
#3992=EDGE_CURVE('',#5272,#5278,#6572,.T.);
#3993=EDGE_CURVE('',#5270,#5274,#6573,.T.);
#3994=EDGE_CURVE('',#5280,#5266,#6574,.T.);
#3995=EDGE_CURVE('',#5281,#5267,#6575,.T.);
#3996=EDGE_CURVE('',#5271,#5279,#6576,.T.);
#3997=EDGE_CURVE('',#5282,#5283,#6577,.T.);
#3998=EDGE_CURVE('',#5282,#5284,#6578,.T.);
#3999=EDGE_CURVE('',#5284,#5285,#6579,.T.);
#4000=EDGE_CURVE('',#5283,#5285,#6580,.T.);
#4001=EDGE_CURVE('',#5286,#5287,#6581,.T.);
#4002=EDGE_CURVE('',#5286,#5283,#6582,.T.);
#4003=EDGE_CURVE('',#5287,#5285,#6583,.T.);
#4004=EDGE_CURVE('',#5288,#5289,#6584,.T.);
#4005=EDGE_CURVE('',#5290,#5288,#6585,.T.);
#4006=EDGE_CURVE('',#5291,#5290,#6586,.T.);
#4007=EDGE_CURVE('',#5291,#5292,#6587,.T.);
#4008=EDGE_CURVE('',#5292,#5293,#6588,.T.);
#4009=EDGE_CURVE('',#5293,#5289,#6589,.T.);
#4010=EDGE_CURVE('',#5294,#5295,#6590,.T.);
#4011=EDGE_CURVE('',#5295,#5296,#6591,.T.);
#4012=EDGE_CURVE('',#5297,#5296,#6592,.T.);
#4013=EDGE_CURVE('',#5298,#5297,#6593,.T.);
#4014=EDGE_CURVE('',#5299,#5298,#6594,.T.);
#4015=EDGE_CURVE('',#5299,#5294,#6595,.T.);
#4016=EDGE_CURVE('',#5282,#5300,#6596,.T.);
#4017=EDGE_CURVE('',#5300,#5288,#6597,.T.);
#4018=EDGE_CURVE('',#5289,#5296,#6598,.T.);
#4019=EDGE_CURVE('',#5295,#5301,#6599,.T.);
#4020=EDGE_CURVE('',#5284,#5301,#6600,.T.);
#4021=EDGE_CURVE('',#5293,#5297,#6601,.T.);
#4022=EDGE_CURVE('',#5292,#5298,#6602,.T.);
#4023=EDGE_CURVE('',#5290,#5294,#6603,.T.);
#4024=EDGE_CURVE('',#5300,#5286,#6604,.T.);
#4025=EDGE_CURVE('',#5301,#5287,#6605,.T.);
#4026=EDGE_CURVE('',#5291,#5299,#6606,.T.);
#4027=EDGE_CURVE('',#5302,#5303,#6607,.T.);
#4028=EDGE_CURVE('',#5302,#5304,#6608,.T.);
#4029=EDGE_CURVE('',#5304,#5305,#6609,.T.);
#4030=EDGE_CURVE('',#5303,#5305,#6610,.T.);
#4031=EDGE_CURVE('',#5306,#5307,#6611,.T.);
#4032=EDGE_CURVE('',#5306,#5303,#6612,.T.);
#4033=EDGE_CURVE('',#5307,#5305,#6613,.T.);
#4034=EDGE_CURVE('',#5308,#5309,#6614,.T.);
#4035=EDGE_CURVE('',#5310,#5308,#6615,.T.);
#4036=EDGE_CURVE('',#5311,#5310,#6616,.T.);
#4037=EDGE_CURVE('',#5311,#5312,#6617,.T.);
#4038=EDGE_CURVE('',#5312,#5313,#6618,.T.);
#4039=EDGE_CURVE('',#5313,#5309,#6619,.T.);
#4040=EDGE_CURVE('',#5314,#5315,#6620,.T.);
#4041=EDGE_CURVE('',#5315,#5316,#6621,.T.);
#4042=EDGE_CURVE('',#5317,#5316,#6622,.T.);
#4043=EDGE_CURVE('',#5318,#5317,#6623,.T.);
#4044=EDGE_CURVE('',#5319,#5318,#6624,.T.);
#4045=EDGE_CURVE('',#5319,#5314,#6625,.T.);
#4046=EDGE_CURVE('',#5302,#5320,#6626,.T.);
#4047=EDGE_CURVE('',#5320,#5308,#6627,.T.);
#4048=EDGE_CURVE('',#5309,#5316,#6628,.T.);
#4049=EDGE_CURVE('',#5315,#5321,#6629,.T.);
#4050=EDGE_CURVE('',#5304,#5321,#6630,.T.);
#4051=EDGE_CURVE('',#5313,#5317,#6631,.T.);
#4052=EDGE_CURVE('',#5312,#5318,#6632,.T.);
#4053=EDGE_CURVE('',#5310,#5314,#6633,.T.);
#4054=EDGE_CURVE('',#5320,#5306,#6634,.T.);
#4055=EDGE_CURVE('',#5321,#5307,#6635,.T.);
#4056=EDGE_CURVE('',#5311,#5319,#6636,.T.);
#4057=EDGE_CURVE('',#5322,#5323,#6637,.T.);
#4058=EDGE_CURVE('',#5322,#5324,#6638,.T.);
#4059=EDGE_CURVE('',#5324,#5325,#6639,.T.);
#4060=EDGE_CURVE('',#5323,#5325,#6640,.T.);
#4061=EDGE_CURVE('',#5326,#5327,#6641,.T.);
#4062=EDGE_CURVE('',#5326,#5323,#6642,.T.);
#4063=EDGE_CURVE('',#5327,#5325,#6643,.T.);
#4064=EDGE_CURVE('',#5328,#5329,#6644,.T.);
#4065=EDGE_CURVE('',#5330,#5328,#6645,.T.);
#4066=EDGE_CURVE('',#5331,#5330,#6646,.T.);
#4067=EDGE_CURVE('',#5331,#5332,#6647,.T.);
#4068=EDGE_CURVE('',#5332,#5333,#6648,.T.);
#4069=EDGE_CURVE('',#5333,#5329,#6649,.T.);
#4070=EDGE_CURVE('',#5334,#5335,#6650,.T.);
#4071=EDGE_CURVE('',#5335,#5336,#6651,.T.);
#4072=EDGE_CURVE('',#5337,#5336,#6652,.T.);
#4073=EDGE_CURVE('',#5338,#5337,#6653,.T.);
#4074=EDGE_CURVE('',#5339,#5338,#6654,.T.);
#4075=EDGE_CURVE('',#5339,#5334,#6655,.T.);
#4076=EDGE_CURVE('',#5322,#5340,#6656,.T.);
#4077=EDGE_CURVE('',#5340,#5328,#6657,.T.);
#4078=EDGE_CURVE('',#5329,#5336,#6658,.T.);
#4079=EDGE_CURVE('',#5335,#5341,#6659,.T.);
#4080=EDGE_CURVE('',#5324,#5341,#6660,.T.);
#4081=EDGE_CURVE('',#5333,#5337,#6661,.T.);
#4082=EDGE_CURVE('',#5332,#5338,#6662,.T.);
#4083=EDGE_CURVE('',#5330,#5334,#6663,.T.);
#4084=EDGE_CURVE('',#5340,#5326,#6664,.T.);
#4085=EDGE_CURVE('',#5341,#5327,#6665,.T.);
#4086=EDGE_CURVE('',#5331,#5339,#6666,.T.);
#4087=EDGE_CURVE('',#5342,#5343,#6667,.T.);
#4088=EDGE_CURVE('',#5342,#5344,#6668,.T.);
#4089=EDGE_CURVE('',#5344,#5345,#6669,.T.);
#4090=EDGE_CURVE('',#5343,#5345,#6670,.T.);
#4091=EDGE_CURVE('',#5346,#5347,#6671,.T.);
#4092=EDGE_CURVE('',#5346,#5343,#6672,.T.);
#4093=EDGE_CURVE('',#5347,#5345,#6673,.T.);
#4094=EDGE_CURVE('',#5348,#5349,#6674,.T.);
#4095=EDGE_CURVE('',#5350,#5348,#6675,.T.);
#4096=EDGE_CURVE('',#5351,#5350,#6676,.T.);
#4097=EDGE_CURVE('',#5351,#5352,#6677,.T.);
#4098=EDGE_CURVE('',#5352,#5353,#6678,.T.);
#4099=EDGE_CURVE('',#5353,#5349,#6679,.T.);
#4100=EDGE_CURVE('',#5354,#5355,#6680,.T.);
#4101=EDGE_CURVE('',#5355,#5356,#6681,.T.);
#4102=EDGE_CURVE('',#5357,#5356,#6682,.T.);
#4103=EDGE_CURVE('',#5358,#5357,#6683,.T.);
#4104=EDGE_CURVE('',#5359,#5358,#6684,.T.);
#4105=EDGE_CURVE('',#5359,#5354,#6685,.T.);
#4106=EDGE_CURVE('',#5342,#5360,#6686,.T.);
#4107=EDGE_CURVE('',#5360,#5348,#6687,.T.);
#4108=EDGE_CURVE('',#5349,#5356,#6688,.T.);
#4109=EDGE_CURVE('',#5355,#5361,#6689,.T.);
#4110=EDGE_CURVE('',#5344,#5361,#6690,.T.);
#4111=EDGE_CURVE('',#5353,#5357,#6691,.T.);
#4112=EDGE_CURVE('',#5352,#5358,#6692,.T.);
#4113=EDGE_CURVE('',#5350,#5354,#6693,.T.);
#4114=EDGE_CURVE('',#5360,#5346,#6694,.T.);
#4115=EDGE_CURVE('',#5361,#5347,#6695,.T.);
#4116=EDGE_CURVE('',#5351,#5359,#6696,.T.);
#4117=EDGE_CURVE('',#5362,#5363,#6697,.T.);
#4118=EDGE_CURVE('',#5362,#5364,#6698,.T.);
#4119=EDGE_CURVE('',#5364,#5365,#6699,.T.);
#4120=EDGE_CURVE('',#5363,#5365,#6700,.T.);
#4121=EDGE_CURVE('',#5366,#5367,#6701,.T.);
#4122=EDGE_CURVE('',#5366,#5363,#6702,.T.);
#4123=EDGE_CURVE('',#5367,#5365,#6703,.T.);
#4124=EDGE_CURVE('',#5368,#5369,#6704,.T.);
#4125=EDGE_CURVE('',#5370,#5368,#6705,.T.);
#4126=EDGE_CURVE('',#5371,#5370,#6706,.T.);
#4127=EDGE_CURVE('',#5371,#5372,#6707,.T.);
#4128=EDGE_CURVE('',#5372,#5373,#6708,.T.);
#4129=EDGE_CURVE('',#5373,#5369,#6709,.T.);
#4130=EDGE_CURVE('',#5374,#5375,#6710,.T.);
#4131=EDGE_CURVE('',#5375,#5376,#6711,.T.);
#4132=EDGE_CURVE('',#5377,#5376,#6712,.T.);
#4133=EDGE_CURVE('',#5378,#5377,#6713,.T.);
#4134=EDGE_CURVE('',#5379,#5378,#6714,.T.);
#4135=EDGE_CURVE('',#5379,#5374,#6715,.T.);
#4136=EDGE_CURVE('',#5362,#5380,#6716,.T.);
#4137=EDGE_CURVE('',#5380,#5368,#6717,.T.);
#4138=EDGE_CURVE('',#5369,#5376,#6718,.T.);
#4139=EDGE_CURVE('',#5375,#5381,#6719,.T.);
#4140=EDGE_CURVE('',#5364,#5381,#6720,.T.);
#4141=EDGE_CURVE('',#5373,#5377,#6721,.T.);
#4142=EDGE_CURVE('',#5372,#5378,#6722,.T.);
#4143=EDGE_CURVE('',#5370,#5374,#6723,.T.);
#4144=EDGE_CURVE('',#5380,#5366,#6724,.T.);
#4145=EDGE_CURVE('',#5381,#5367,#6725,.T.);
#4146=EDGE_CURVE('',#5371,#5379,#6726,.T.);
#4147=EDGE_CURVE('',#5382,#5383,#6727,.T.);
#4148=EDGE_CURVE('',#5382,#5384,#6728,.T.);
#4149=EDGE_CURVE('',#5384,#5385,#6729,.T.);
#4150=EDGE_CURVE('',#5383,#5385,#6730,.T.);
#4151=EDGE_CURVE('',#5386,#5387,#6731,.T.);
#4152=EDGE_CURVE('',#5386,#5383,#6732,.T.);
#4153=EDGE_CURVE('',#5387,#5385,#6733,.T.);
#4154=EDGE_CURVE('',#5388,#5389,#6734,.T.);
#4155=EDGE_CURVE('',#5390,#5388,#6735,.T.);
#4156=EDGE_CURVE('',#5391,#5390,#6736,.T.);
#4157=EDGE_CURVE('',#5391,#5392,#6737,.T.);
#4158=EDGE_CURVE('',#5392,#5393,#6738,.T.);
#4159=EDGE_CURVE('',#5393,#5389,#6739,.T.);
#4160=EDGE_CURVE('',#5394,#5395,#6740,.T.);
#4161=EDGE_CURVE('',#5395,#5396,#6741,.T.);
#4162=EDGE_CURVE('',#5397,#5396,#6742,.T.);
#4163=EDGE_CURVE('',#5398,#5397,#6743,.T.);
#4164=EDGE_CURVE('',#5399,#5398,#6744,.T.);
#4165=EDGE_CURVE('',#5399,#5394,#6745,.T.);
#4166=EDGE_CURVE('',#5382,#5400,#6746,.T.);
#4167=EDGE_CURVE('',#5400,#5388,#6747,.T.);
#4168=EDGE_CURVE('',#5389,#5396,#6748,.T.);
#4169=EDGE_CURVE('',#5395,#5401,#6749,.T.);
#4170=EDGE_CURVE('',#5384,#5401,#6750,.T.);
#4171=EDGE_CURVE('',#5393,#5397,#6751,.T.);
#4172=EDGE_CURVE('',#5392,#5398,#6752,.T.);
#4173=EDGE_CURVE('',#5390,#5394,#6753,.T.);
#4174=EDGE_CURVE('',#5400,#5386,#6754,.T.);
#4175=EDGE_CURVE('',#5401,#5387,#6755,.T.);
#4176=EDGE_CURVE('',#5391,#5399,#6756,.T.);
#4177=EDGE_CURVE('',#5402,#5403,#6757,.T.);
#4178=EDGE_CURVE('',#5402,#5404,#6758,.T.);
#4179=EDGE_CURVE('',#5404,#5405,#6759,.T.);
#4180=EDGE_CURVE('',#5403,#5405,#6760,.T.);
#4181=EDGE_CURVE('',#5406,#5407,#6761,.T.);
#4182=EDGE_CURVE('',#5406,#5403,#6762,.T.);
#4183=EDGE_CURVE('',#5407,#5405,#6763,.T.);
#4184=EDGE_CURVE('',#5408,#5409,#6764,.T.);
#4185=EDGE_CURVE('',#5410,#5408,#6765,.T.);
#4186=EDGE_CURVE('',#5411,#5410,#6766,.T.);
#4187=EDGE_CURVE('',#5411,#5412,#6767,.T.);
#4188=EDGE_CURVE('',#5412,#5413,#6768,.T.);
#4189=EDGE_CURVE('',#5413,#5409,#6769,.T.);
#4190=EDGE_CURVE('',#5414,#5415,#6770,.T.);
#4191=EDGE_CURVE('',#5415,#5416,#6771,.T.);
#4192=EDGE_CURVE('',#5417,#5416,#6772,.T.);
#4193=EDGE_CURVE('',#5418,#5417,#6773,.T.);
#4194=EDGE_CURVE('',#5419,#5418,#6774,.T.);
#4195=EDGE_CURVE('',#5419,#5414,#6775,.T.);
#4196=EDGE_CURVE('',#5402,#5420,#6776,.T.);
#4197=EDGE_CURVE('',#5420,#5408,#6777,.T.);
#4198=EDGE_CURVE('',#5409,#5416,#6778,.T.);
#4199=EDGE_CURVE('',#5415,#5421,#6779,.T.);
#4200=EDGE_CURVE('',#5404,#5421,#6780,.T.);
#4201=EDGE_CURVE('',#5413,#5417,#6781,.T.);
#4202=EDGE_CURVE('',#5412,#5418,#6782,.T.);
#4203=EDGE_CURVE('',#5410,#5414,#6783,.T.);
#4204=EDGE_CURVE('',#5420,#5406,#6784,.T.);
#4205=EDGE_CURVE('',#5421,#5407,#6785,.T.);
#4206=EDGE_CURVE('',#5411,#5419,#6786,.T.);
#4207=EDGE_CURVE('',#5422,#5423,#6787,.T.);
#4208=EDGE_CURVE('',#5422,#5424,#6788,.T.);
#4209=EDGE_CURVE('',#5424,#5425,#6789,.T.);
#4210=EDGE_CURVE('',#5423,#5425,#6790,.T.);
#4211=EDGE_CURVE('',#5426,#5427,#6791,.T.);
#4212=EDGE_CURVE('',#5426,#5423,#6792,.T.);
#4213=EDGE_CURVE('',#5427,#5425,#6793,.T.);
#4214=EDGE_CURVE('',#5428,#5429,#6794,.T.);
#4215=EDGE_CURVE('',#5430,#5428,#6795,.T.);
#4216=EDGE_CURVE('',#5431,#5430,#6796,.T.);
#4217=EDGE_CURVE('',#5431,#5432,#6797,.T.);
#4218=EDGE_CURVE('',#5432,#5433,#6798,.T.);
#4219=EDGE_CURVE('',#5433,#5429,#6799,.T.);
#4220=EDGE_CURVE('',#5434,#5435,#6800,.T.);
#4221=EDGE_CURVE('',#5435,#5436,#6801,.T.);
#4222=EDGE_CURVE('',#5437,#5436,#6802,.T.);
#4223=EDGE_CURVE('',#5438,#5437,#6803,.T.);
#4224=EDGE_CURVE('',#5439,#5438,#6804,.T.);
#4225=EDGE_CURVE('',#5439,#5434,#6805,.T.);
#4226=EDGE_CURVE('',#5422,#5440,#6806,.T.);
#4227=EDGE_CURVE('',#5440,#5428,#6807,.T.);
#4228=EDGE_CURVE('',#5429,#5436,#6808,.T.);
#4229=EDGE_CURVE('',#5435,#5441,#6809,.T.);
#4230=EDGE_CURVE('',#5424,#5441,#6810,.T.);
#4231=EDGE_CURVE('',#5433,#5437,#6811,.T.);
#4232=EDGE_CURVE('',#5432,#5438,#6812,.T.);
#4233=EDGE_CURVE('',#5430,#5434,#6813,.T.);
#4234=EDGE_CURVE('',#5440,#5426,#6814,.T.);
#4235=EDGE_CURVE('',#5441,#5427,#6815,.T.);
#4236=EDGE_CURVE('',#5431,#5439,#6816,.T.);
#4237=EDGE_CURVE('',#5442,#5443,#6817,.T.);
#4238=EDGE_CURVE('',#5442,#5444,#6818,.T.);
#4239=EDGE_CURVE('',#5444,#5445,#6819,.T.);
#4240=EDGE_CURVE('',#5443,#5445,#6820,.T.);
#4241=EDGE_CURVE('',#5446,#5447,#6821,.T.);
#4242=EDGE_CURVE('',#5446,#5443,#6822,.T.);
#4243=EDGE_CURVE('',#5447,#5445,#6823,.T.);
#4244=EDGE_CURVE('',#5448,#5449,#6824,.T.);
#4245=EDGE_CURVE('',#5450,#5448,#6825,.T.);
#4246=EDGE_CURVE('',#5451,#5450,#6826,.T.);
#4247=EDGE_CURVE('',#5451,#5452,#6827,.T.);
#4248=EDGE_CURVE('',#5452,#5453,#6828,.T.);
#4249=EDGE_CURVE('',#5453,#5449,#6829,.T.);
#4250=EDGE_CURVE('',#5454,#5455,#6830,.T.);
#4251=EDGE_CURVE('',#5455,#5456,#6831,.T.);
#4252=EDGE_CURVE('',#5457,#5456,#6832,.T.);
#4253=EDGE_CURVE('',#5458,#5457,#6833,.T.);
#4254=EDGE_CURVE('',#5459,#5458,#6834,.T.);
#4255=EDGE_CURVE('',#5459,#5454,#6835,.T.);
#4256=EDGE_CURVE('',#5442,#5460,#6836,.T.);
#4257=EDGE_CURVE('',#5460,#5448,#6837,.T.);
#4258=EDGE_CURVE('',#5449,#5456,#6838,.T.);
#4259=EDGE_CURVE('',#5455,#5461,#6839,.T.);
#4260=EDGE_CURVE('',#5444,#5461,#6840,.T.);
#4261=EDGE_CURVE('',#5453,#5457,#6841,.T.);
#4262=EDGE_CURVE('',#5452,#5458,#6842,.T.);
#4263=EDGE_CURVE('',#5450,#5454,#6843,.T.);
#4264=EDGE_CURVE('',#5460,#5446,#6844,.T.);
#4265=EDGE_CURVE('',#5461,#5447,#6845,.T.);
#4266=EDGE_CURVE('',#5451,#5459,#6846,.T.);
#4267=EDGE_CURVE('',#5462,#5463,#6847,.T.);
#4268=EDGE_CURVE('',#5462,#5464,#6848,.T.);
#4269=EDGE_CURVE('',#5464,#5465,#6849,.T.);
#4270=EDGE_CURVE('',#5463,#5465,#6850,.T.);
#4271=EDGE_CURVE('',#5466,#5467,#6851,.T.);
#4272=EDGE_CURVE('',#5466,#5463,#6852,.T.);
#4273=EDGE_CURVE('',#5467,#5465,#6853,.T.);
#4274=EDGE_CURVE('',#5468,#5469,#6854,.T.);
#4275=EDGE_CURVE('',#5470,#5468,#6855,.T.);
#4276=EDGE_CURVE('',#5471,#5470,#6856,.T.);
#4277=EDGE_CURVE('',#5471,#5472,#6857,.T.);
#4278=EDGE_CURVE('',#5472,#5473,#6858,.T.);
#4279=EDGE_CURVE('',#5473,#5469,#6859,.T.);
#4280=EDGE_CURVE('',#5474,#5475,#6860,.T.);
#4281=EDGE_CURVE('',#5475,#5476,#6861,.T.);
#4282=EDGE_CURVE('',#5477,#5476,#6862,.T.);
#4283=EDGE_CURVE('',#5478,#5477,#6863,.T.);
#4284=EDGE_CURVE('',#5479,#5478,#6864,.T.);
#4285=EDGE_CURVE('',#5479,#5474,#6865,.T.);
#4286=EDGE_CURVE('',#5462,#5480,#6866,.T.);
#4287=EDGE_CURVE('',#5480,#5468,#6867,.T.);
#4288=EDGE_CURVE('',#5469,#5476,#6868,.T.);
#4289=EDGE_CURVE('',#5475,#5481,#6869,.T.);
#4290=EDGE_CURVE('',#5464,#5481,#6870,.T.);
#4291=EDGE_CURVE('',#5473,#5477,#6871,.T.);
#4292=EDGE_CURVE('',#5472,#5478,#6872,.T.);
#4293=EDGE_CURVE('',#5470,#5474,#6873,.T.);
#4294=EDGE_CURVE('',#5480,#5466,#6874,.T.);
#4295=EDGE_CURVE('',#5481,#5467,#6875,.T.);
#4296=EDGE_CURVE('',#5471,#5479,#6876,.T.);
#4297=EDGE_CURVE('',#5482,#5483,#6877,.T.);
#4298=EDGE_CURVE('',#5482,#5484,#6878,.T.);
#4299=EDGE_CURVE('',#5484,#5485,#6879,.T.);
#4300=EDGE_CURVE('',#5483,#5485,#6880,.T.);
#4301=EDGE_CURVE('',#5486,#5487,#6881,.T.);
#4302=EDGE_CURVE('',#5486,#5483,#6882,.T.);
#4303=EDGE_CURVE('',#5487,#5485,#6883,.T.);
#4304=EDGE_CURVE('',#5488,#5489,#6884,.T.);
#4305=EDGE_CURVE('',#5490,#5488,#6885,.T.);
#4306=EDGE_CURVE('',#5491,#5490,#6886,.T.);
#4307=EDGE_CURVE('',#5491,#5492,#6887,.T.);
#4308=EDGE_CURVE('',#5492,#5493,#6888,.T.);
#4309=EDGE_CURVE('',#5493,#5489,#6889,.T.);
#4310=EDGE_CURVE('',#5494,#5495,#6890,.T.);
#4311=EDGE_CURVE('',#5495,#5496,#6891,.T.);
#4312=EDGE_CURVE('',#5497,#5496,#6892,.T.);
#4313=EDGE_CURVE('',#5498,#5497,#6893,.T.);
#4314=EDGE_CURVE('',#5499,#5498,#6894,.T.);
#4315=EDGE_CURVE('',#5499,#5494,#6895,.T.);
#4316=EDGE_CURVE('',#5482,#5500,#6896,.T.);
#4317=EDGE_CURVE('',#5500,#5488,#6897,.T.);
#4318=EDGE_CURVE('',#5489,#5496,#6898,.T.);
#4319=EDGE_CURVE('',#5495,#5501,#6899,.T.);
#4320=EDGE_CURVE('',#5484,#5501,#6900,.T.);
#4321=EDGE_CURVE('',#5493,#5497,#6901,.T.);
#4322=EDGE_CURVE('',#5492,#5498,#6902,.T.);
#4323=EDGE_CURVE('',#5490,#5494,#6903,.T.);
#4324=EDGE_CURVE('',#5500,#5486,#6904,.T.);
#4325=EDGE_CURVE('',#5501,#5487,#6905,.T.);
#4326=EDGE_CURVE('',#5491,#5499,#6906,.T.);
#4327=EDGE_CURVE('',#5502,#5503,#6907,.T.);
#4328=EDGE_CURVE('',#5502,#5504,#6908,.T.);
#4329=EDGE_CURVE('',#5504,#5505,#6909,.T.);
#4330=EDGE_CURVE('',#5503,#5505,#6910,.T.);
#4331=EDGE_CURVE('',#5506,#5507,#6911,.T.);
#4332=EDGE_CURVE('',#5506,#5503,#6912,.T.);
#4333=EDGE_CURVE('',#5507,#5505,#6913,.T.);
#4334=EDGE_CURVE('',#5508,#5509,#6914,.T.);
#4335=EDGE_CURVE('',#5510,#5508,#6915,.T.);
#4336=EDGE_CURVE('',#5511,#5510,#6916,.T.);
#4337=EDGE_CURVE('',#5511,#5512,#6917,.T.);
#4338=EDGE_CURVE('',#5512,#5513,#6918,.T.);
#4339=EDGE_CURVE('',#5513,#5509,#6919,.T.);
#4340=EDGE_CURVE('',#5514,#5515,#6920,.T.);
#4341=EDGE_CURVE('',#5515,#5516,#6921,.T.);
#4342=EDGE_CURVE('',#5517,#5516,#6922,.T.);
#4343=EDGE_CURVE('',#5518,#5517,#6923,.T.);
#4344=EDGE_CURVE('',#5519,#5518,#6924,.T.);
#4345=EDGE_CURVE('',#5519,#5514,#6925,.T.);
#4346=EDGE_CURVE('',#5502,#5520,#6926,.T.);
#4347=EDGE_CURVE('',#5520,#5508,#6927,.T.);
#4348=EDGE_CURVE('',#5509,#5516,#6928,.T.);
#4349=EDGE_CURVE('',#5515,#5521,#6929,.T.);
#4350=EDGE_CURVE('',#5504,#5521,#6930,.T.);
#4351=EDGE_CURVE('',#5513,#5517,#6931,.T.);
#4352=EDGE_CURVE('',#5512,#5518,#6932,.T.);
#4353=EDGE_CURVE('',#5510,#5514,#6933,.T.);
#4354=EDGE_CURVE('',#5520,#5506,#6934,.T.);
#4355=EDGE_CURVE('',#5521,#5507,#6935,.T.);
#4356=EDGE_CURVE('',#5511,#5519,#6936,.T.);
#4357=EDGE_CURVE('',#5522,#5523,#6937,.T.);
#4358=EDGE_CURVE('',#5522,#5524,#6938,.T.);
#4359=EDGE_CURVE('',#5524,#5525,#6939,.T.);
#4360=EDGE_CURVE('',#5523,#5525,#6940,.T.);
#4361=EDGE_CURVE('',#5526,#5527,#6941,.T.);
#4362=EDGE_CURVE('',#5526,#5523,#6942,.T.);
#4363=EDGE_CURVE('',#5527,#5525,#6943,.T.);
#4364=EDGE_CURVE('',#5528,#5529,#6944,.T.);
#4365=EDGE_CURVE('',#5530,#5528,#6945,.T.);
#4366=EDGE_CURVE('',#5531,#5530,#6946,.T.);
#4367=EDGE_CURVE('',#5531,#5532,#6947,.T.);
#4368=EDGE_CURVE('',#5532,#5533,#6948,.T.);
#4369=EDGE_CURVE('',#5533,#5529,#6949,.T.);
#4370=EDGE_CURVE('',#5534,#5535,#6950,.T.);
#4371=EDGE_CURVE('',#5535,#5536,#6951,.T.);
#4372=EDGE_CURVE('',#5537,#5536,#6952,.T.);
#4373=EDGE_CURVE('',#5538,#5537,#6953,.T.);
#4374=EDGE_CURVE('',#5539,#5538,#6954,.T.);
#4375=EDGE_CURVE('',#5539,#5534,#6955,.T.);
#4376=EDGE_CURVE('',#5522,#5540,#6956,.T.);
#4377=EDGE_CURVE('',#5540,#5528,#6957,.T.);
#4378=EDGE_CURVE('',#5529,#5536,#6958,.T.);
#4379=EDGE_CURVE('',#5535,#5541,#6959,.T.);
#4380=EDGE_CURVE('',#5524,#5541,#6960,.T.);
#4381=EDGE_CURVE('',#5533,#5537,#6961,.T.);
#4382=EDGE_CURVE('',#5532,#5538,#6962,.T.);
#4383=EDGE_CURVE('',#5530,#5534,#6963,.T.);
#4384=EDGE_CURVE('',#5540,#5526,#6964,.T.);
#4385=EDGE_CURVE('',#5541,#5527,#6965,.T.);
#4386=EDGE_CURVE('',#5531,#5539,#6966,.T.);
#4387=EDGE_CURVE('',#5542,#5543,#6967,.T.);
#4388=EDGE_CURVE('',#5542,#5544,#6968,.T.);
#4389=EDGE_CURVE('',#5544,#5545,#6969,.T.);
#4390=EDGE_CURVE('',#5543,#5545,#6970,.T.);
#4391=EDGE_CURVE('',#5546,#5547,#6971,.T.);
#4392=EDGE_CURVE('',#5546,#5543,#6972,.T.);
#4393=EDGE_CURVE('',#5547,#5545,#6973,.T.);
#4394=EDGE_CURVE('',#5548,#5549,#6974,.T.);
#4395=EDGE_CURVE('',#5550,#5548,#6975,.T.);
#4396=EDGE_CURVE('',#5551,#5550,#6976,.T.);
#4397=EDGE_CURVE('',#5551,#5552,#6977,.T.);
#4398=EDGE_CURVE('',#5552,#5553,#6978,.T.);
#4399=EDGE_CURVE('',#5553,#5549,#6979,.T.);
#4400=EDGE_CURVE('',#5554,#5555,#6980,.T.);
#4401=EDGE_CURVE('',#5555,#5556,#6981,.T.);
#4402=EDGE_CURVE('',#5557,#5556,#6982,.T.);
#4403=EDGE_CURVE('',#5558,#5557,#6983,.T.);
#4404=EDGE_CURVE('',#5559,#5558,#6984,.T.);
#4405=EDGE_CURVE('',#5559,#5554,#6985,.T.);
#4406=EDGE_CURVE('',#5542,#5560,#6986,.T.);
#4407=EDGE_CURVE('',#5560,#5548,#6987,.T.);
#4408=EDGE_CURVE('',#5549,#5556,#6988,.T.);
#4409=EDGE_CURVE('',#5555,#5561,#6989,.T.);
#4410=EDGE_CURVE('',#5544,#5561,#6990,.T.);
#4411=EDGE_CURVE('',#5553,#5557,#6991,.T.);
#4412=EDGE_CURVE('',#5552,#5558,#6992,.T.);
#4413=EDGE_CURVE('',#5550,#5554,#6993,.T.);
#4414=EDGE_CURVE('',#5560,#5546,#6994,.T.);
#4415=EDGE_CURVE('',#5561,#5547,#6995,.T.);
#4416=EDGE_CURVE('',#5551,#5559,#6996,.T.);
#4417=EDGE_CURVE('',#5562,#5563,#6997,.T.);
#4418=EDGE_CURVE('',#5562,#5564,#6998,.T.);
#4419=EDGE_CURVE('',#5564,#5565,#6999,.T.);
#4420=EDGE_CURVE('',#5563,#5565,#7000,.T.);
#4421=EDGE_CURVE('',#5566,#5567,#7001,.T.);
#4422=EDGE_CURVE('',#5566,#5563,#7002,.T.);
#4423=EDGE_CURVE('',#5567,#5565,#7003,.T.);
#4424=EDGE_CURVE('',#5568,#5569,#7004,.T.);
#4425=EDGE_CURVE('',#5570,#5568,#7005,.T.);
#4426=EDGE_CURVE('',#5571,#5570,#7006,.T.);
#4427=EDGE_CURVE('',#5571,#5572,#7007,.T.);
#4428=EDGE_CURVE('',#5572,#5573,#7008,.T.);
#4429=EDGE_CURVE('',#5573,#5569,#7009,.T.);
#4430=EDGE_CURVE('',#5574,#5575,#7010,.T.);
#4431=EDGE_CURVE('',#5575,#5576,#7011,.T.);
#4432=EDGE_CURVE('',#5577,#5576,#7012,.T.);
#4433=EDGE_CURVE('',#5578,#5577,#7013,.T.);
#4434=EDGE_CURVE('',#5579,#5578,#7014,.T.);
#4435=EDGE_CURVE('',#5579,#5574,#7015,.T.);
#4436=EDGE_CURVE('',#5562,#5580,#7016,.T.);
#4437=EDGE_CURVE('',#5580,#5568,#7017,.T.);
#4438=EDGE_CURVE('',#5569,#5576,#7018,.T.);
#4439=EDGE_CURVE('',#5575,#5581,#7019,.T.);
#4440=EDGE_CURVE('',#5564,#5581,#7020,.T.);
#4441=EDGE_CURVE('',#5573,#5577,#7021,.T.);
#4442=EDGE_CURVE('',#5572,#5578,#7022,.T.);
#4443=EDGE_CURVE('',#5570,#5574,#7023,.T.);
#4444=EDGE_CURVE('',#5580,#5566,#7024,.T.);
#4445=EDGE_CURVE('',#5581,#5567,#7025,.T.);
#4446=EDGE_CURVE('',#5571,#5579,#7026,.T.);
#4447=EDGE_CURVE('',#5582,#5583,#7027,.T.);
#4448=EDGE_CURVE('',#5582,#5584,#7028,.T.);
#4449=EDGE_CURVE('',#5584,#5585,#7029,.T.);
#4450=EDGE_CURVE('',#5583,#5585,#7030,.T.);
#4451=EDGE_CURVE('',#5586,#5587,#7031,.T.);
#4452=EDGE_CURVE('',#5586,#5583,#7032,.T.);
#4453=EDGE_CURVE('',#5587,#5585,#7033,.T.);
#4454=EDGE_CURVE('',#5588,#5589,#7034,.T.);
#4455=EDGE_CURVE('',#5590,#5588,#7035,.T.);
#4456=EDGE_CURVE('',#5591,#5590,#7036,.T.);
#4457=EDGE_CURVE('',#5591,#5592,#7037,.T.);
#4458=EDGE_CURVE('',#5592,#5593,#7038,.T.);
#4459=EDGE_CURVE('',#5593,#5589,#7039,.T.);
#4460=EDGE_CURVE('',#5594,#5595,#7040,.T.);
#4461=EDGE_CURVE('',#5595,#5596,#7041,.T.);
#4462=EDGE_CURVE('',#5597,#5596,#7042,.T.);
#4463=EDGE_CURVE('',#5598,#5597,#7043,.T.);
#4464=EDGE_CURVE('',#5599,#5598,#7044,.T.);
#4465=EDGE_CURVE('',#5599,#5594,#7045,.T.);
#4466=EDGE_CURVE('',#5582,#5600,#7046,.T.);
#4467=EDGE_CURVE('',#5600,#5588,#7047,.T.);
#4468=EDGE_CURVE('',#5589,#5596,#7048,.T.);
#4469=EDGE_CURVE('',#5595,#5601,#7049,.T.);
#4470=EDGE_CURVE('',#5584,#5601,#7050,.T.);
#4471=EDGE_CURVE('',#5593,#5597,#7051,.T.);
#4472=EDGE_CURVE('',#5592,#5598,#7052,.T.);
#4473=EDGE_CURVE('',#5590,#5594,#7053,.T.);
#4474=EDGE_CURVE('',#5600,#5586,#7054,.T.);
#4475=EDGE_CURVE('',#5601,#5587,#7055,.T.);
#4476=EDGE_CURVE('',#5591,#5599,#7056,.T.);
#4477=EDGE_CURVE('',#5602,#5603,#7057,.T.);
#4478=EDGE_CURVE('',#5602,#5604,#7058,.T.);
#4479=EDGE_CURVE('',#5604,#5605,#7059,.T.);
#4480=EDGE_CURVE('',#5603,#5605,#7060,.T.);
#4481=EDGE_CURVE('',#5606,#5607,#7061,.T.);
#4482=EDGE_CURVE('',#5606,#5603,#7062,.T.);
#4483=EDGE_CURVE('',#5607,#5605,#7063,.T.);
#4484=EDGE_CURVE('',#5608,#5609,#7064,.T.);
#4485=EDGE_CURVE('',#5610,#5608,#7065,.T.);
#4486=EDGE_CURVE('',#5611,#5610,#7066,.T.);
#4487=EDGE_CURVE('',#5611,#5612,#7067,.T.);
#4488=EDGE_CURVE('',#5612,#5613,#7068,.T.);
#4489=EDGE_CURVE('',#5613,#5609,#7069,.T.);
#4490=EDGE_CURVE('',#5614,#5615,#7070,.T.);
#4491=EDGE_CURVE('',#5615,#5616,#7071,.T.);
#4492=EDGE_CURVE('',#5617,#5616,#7072,.T.);
#4493=EDGE_CURVE('',#5618,#5617,#7073,.T.);
#4494=EDGE_CURVE('',#5619,#5618,#7074,.T.);
#4495=EDGE_CURVE('',#5619,#5614,#7075,.T.);
#4496=EDGE_CURVE('',#5602,#5620,#7076,.T.);
#4497=EDGE_CURVE('',#5620,#5608,#7077,.T.);
#4498=EDGE_CURVE('',#5609,#5616,#7078,.T.);
#4499=EDGE_CURVE('',#5615,#5621,#7079,.T.);
#4500=EDGE_CURVE('',#5604,#5621,#7080,.T.);
#4501=EDGE_CURVE('',#5613,#5617,#7081,.T.);
#4502=EDGE_CURVE('',#5612,#5618,#7082,.T.);
#4503=EDGE_CURVE('',#5610,#5614,#7083,.T.);
#4504=EDGE_CURVE('',#5620,#5606,#7084,.T.);
#4505=EDGE_CURVE('',#5621,#5607,#7085,.T.);
#4506=EDGE_CURVE('',#5611,#5619,#7086,.T.);
#4507=EDGE_CURVE('',#5622,#5623,#7087,.T.);
#4508=EDGE_CURVE('',#5622,#5624,#7088,.T.);
#4509=EDGE_CURVE('',#5624,#5625,#7089,.T.);
#4510=EDGE_CURVE('',#5623,#5625,#7090,.T.);
#4511=EDGE_CURVE('',#5626,#5627,#7091,.T.);
#4512=EDGE_CURVE('',#5626,#5623,#7092,.T.);
#4513=EDGE_CURVE('',#5627,#5625,#7093,.T.);
#4514=EDGE_CURVE('',#5628,#5629,#7094,.T.);
#4515=EDGE_CURVE('',#5630,#5628,#7095,.T.);
#4516=EDGE_CURVE('',#5631,#5630,#7096,.T.);
#4517=EDGE_CURVE('',#5631,#5632,#7097,.T.);
#4518=EDGE_CURVE('',#5632,#5633,#7098,.T.);
#4519=EDGE_CURVE('',#5633,#5629,#7099,.T.);
#4520=EDGE_CURVE('',#5634,#5635,#7100,.T.);
#4521=EDGE_CURVE('',#5635,#5636,#7101,.T.);
#4522=EDGE_CURVE('',#5637,#5636,#7102,.T.);
#4523=EDGE_CURVE('',#5638,#5637,#7103,.T.);
#4524=EDGE_CURVE('',#5639,#5638,#7104,.T.);
#4525=EDGE_CURVE('',#5639,#5634,#7105,.T.);
#4526=EDGE_CURVE('',#5622,#5640,#7106,.T.);
#4527=EDGE_CURVE('',#5640,#5628,#7107,.T.);
#4528=EDGE_CURVE('',#5629,#5636,#7108,.T.);
#4529=EDGE_CURVE('',#5635,#5641,#7109,.T.);
#4530=EDGE_CURVE('',#5624,#5641,#7110,.T.);
#4531=EDGE_CURVE('',#5633,#5637,#7111,.T.);
#4532=EDGE_CURVE('',#5632,#5638,#7112,.T.);
#4533=EDGE_CURVE('',#5630,#5634,#7113,.T.);
#4534=EDGE_CURVE('',#5640,#5626,#7114,.T.);
#4535=EDGE_CURVE('',#5641,#5627,#7115,.T.);
#4536=EDGE_CURVE('',#5631,#5639,#7116,.T.);
#4537=EDGE_CURVE('',#5642,#5643,#7117,.T.);
#4538=EDGE_CURVE('',#5642,#5644,#7118,.T.);
#4539=EDGE_CURVE('',#5644,#5645,#7119,.T.);
#4540=EDGE_CURVE('',#5643,#5645,#7120,.T.);
#4541=EDGE_CURVE('',#5646,#5647,#7121,.T.);
#4542=EDGE_CURVE('',#5646,#5643,#7122,.T.);
#4543=EDGE_CURVE('',#5647,#5645,#7123,.T.);
#4544=EDGE_CURVE('',#5648,#5649,#7124,.T.);
#4545=EDGE_CURVE('',#5650,#5648,#7125,.T.);
#4546=EDGE_CURVE('',#5651,#5650,#7126,.T.);
#4547=EDGE_CURVE('',#5651,#5652,#7127,.T.);
#4548=EDGE_CURVE('',#5652,#5653,#7128,.T.);
#4549=EDGE_CURVE('',#5653,#5649,#7129,.T.);
#4550=EDGE_CURVE('',#5654,#5655,#7130,.T.);
#4551=EDGE_CURVE('',#5655,#5656,#7131,.T.);
#4552=EDGE_CURVE('',#5657,#5656,#7132,.T.);
#4553=EDGE_CURVE('',#5658,#5657,#7133,.T.);
#4554=EDGE_CURVE('',#5659,#5658,#7134,.T.);
#4555=EDGE_CURVE('',#5659,#5654,#7135,.T.);
#4556=EDGE_CURVE('',#5642,#5660,#7136,.T.);
#4557=EDGE_CURVE('',#5660,#5648,#7137,.T.);
#4558=EDGE_CURVE('',#5649,#5656,#7138,.T.);
#4559=EDGE_CURVE('',#5655,#5661,#7139,.T.);
#4560=EDGE_CURVE('',#5644,#5661,#7140,.T.);
#4561=EDGE_CURVE('',#5653,#5657,#7141,.T.);
#4562=EDGE_CURVE('',#5652,#5658,#7142,.T.);
#4563=EDGE_CURVE('',#5650,#5654,#7143,.T.);
#4564=EDGE_CURVE('',#5660,#5646,#7144,.T.);
#4565=EDGE_CURVE('',#5661,#5647,#7145,.T.);
#4566=EDGE_CURVE('',#5651,#5659,#7146,.T.);
#4567=EDGE_CURVE('',#5662,#5663,#7147,.T.);
#4568=EDGE_CURVE('',#5662,#5664,#7148,.T.);
#4569=EDGE_CURVE('',#5664,#5665,#7149,.T.);
#4570=EDGE_CURVE('',#5663,#5665,#7150,.T.);
#4571=EDGE_CURVE('',#5666,#5667,#7151,.T.);
#4572=EDGE_CURVE('',#5666,#5663,#7152,.T.);
#4573=EDGE_CURVE('',#5667,#5665,#7153,.T.);
#4574=EDGE_CURVE('',#5668,#5669,#7154,.T.);
#4575=EDGE_CURVE('',#5670,#5668,#7155,.T.);
#4576=EDGE_CURVE('',#5671,#5670,#7156,.T.);
#4577=EDGE_CURVE('',#5671,#5672,#7157,.T.);
#4578=EDGE_CURVE('',#5672,#5673,#7158,.T.);
#4579=EDGE_CURVE('',#5673,#5669,#7159,.T.);
#4580=EDGE_CURVE('',#5674,#5675,#7160,.T.);
#4581=EDGE_CURVE('',#5675,#5676,#7161,.T.);
#4582=EDGE_CURVE('',#5677,#5676,#7162,.T.);
#4583=EDGE_CURVE('',#5678,#5677,#7163,.T.);
#4584=EDGE_CURVE('',#5679,#5678,#7164,.T.);
#4585=EDGE_CURVE('',#5679,#5674,#7165,.T.);
#4586=EDGE_CURVE('',#5662,#5680,#7166,.T.);
#4587=EDGE_CURVE('',#5680,#5668,#7167,.T.);
#4588=EDGE_CURVE('',#5669,#5676,#7168,.T.);
#4589=EDGE_CURVE('',#5675,#5681,#7169,.T.);
#4590=EDGE_CURVE('',#5664,#5681,#7170,.T.);
#4591=EDGE_CURVE('',#5673,#5677,#7171,.T.);
#4592=EDGE_CURVE('',#5672,#5678,#7172,.T.);
#4593=EDGE_CURVE('',#5670,#5674,#7173,.T.);
#4594=EDGE_CURVE('',#5680,#5666,#7174,.T.);
#4595=EDGE_CURVE('',#5681,#5667,#7175,.T.);
#4596=EDGE_CURVE('',#5671,#5679,#7176,.T.);
#4597=EDGE_CURVE('',#5682,#5683,#7177,.T.);
#4598=EDGE_CURVE('',#5682,#5684,#7178,.T.);
#4599=EDGE_CURVE('',#5684,#5685,#7179,.T.);
#4600=EDGE_CURVE('',#5683,#5685,#7180,.T.);
#4601=EDGE_CURVE('',#5686,#5687,#7181,.T.);
#4602=EDGE_CURVE('',#5686,#5683,#7182,.T.);
#4603=EDGE_CURVE('',#5687,#5685,#7183,.T.);
#4604=EDGE_CURVE('',#5688,#5689,#7184,.T.);
#4605=EDGE_CURVE('',#5690,#5688,#7185,.T.);
#4606=EDGE_CURVE('',#5691,#5690,#7186,.T.);
#4607=EDGE_CURVE('',#5691,#5692,#7187,.T.);
#4608=EDGE_CURVE('',#5692,#5693,#7188,.T.);
#4609=EDGE_CURVE('',#5693,#5689,#7189,.T.);
#4610=EDGE_CURVE('',#5694,#5695,#7190,.T.);
#4611=EDGE_CURVE('',#5695,#5696,#7191,.T.);
#4612=EDGE_CURVE('',#5697,#5696,#7192,.T.);
#4613=EDGE_CURVE('',#5698,#5697,#7193,.T.);
#4614=EDGE_CURVE('',#5699,#5698,#7194,.T.);
#4615=EDGE_CURVE('',#5699,#5694,#7195,.T.);
#4616=EDGE_CURVE('',#5682,#5700,#7196,.T.);
#4617=EDGE_CURVE('',#5700,#5688,#7197,.T.);
#4618=EDGE_CURVE('',#5689,#5696,#7198,.T.);
#4619=EDGE_CURVE('',#5695,#5701,#7199,.T.);
#4620=EDGE_CURVE('',#5684,#5701,#7200,.T.);
#4621=EDGE_CURVE('',#5693,#5697,#7201,.T.);
#4622=EDGE_CURVE('',#5692,#5698,#7202,.T.);
#4623=EDGE_CURVE('',#5690,#5694,#7203,.T.);
#4624=EDGE_CURVE('',#5700,#5686,#7204,.T.);
#4625=EDGE_CURVE('',#5701,#5687,#7205,.T.);
#4626=EDGE_CURVE('',#5691,#5699,#7206,.T.);
#4627=EDGE_CURVE('',#5702,#5703,#7207,.T.);
#4628=EDGE_CURVE('',#5702,#5704,#7208,.T.);
#4629=EDGE_CURVE('',#5704,#5705,#7209,.T.);
#4630=EDGE_CURVE('',#5703,#5705,#7210,.T.);
#4631=EDGE_CURVE('',#5706,#5707,#7211,.T.);
#4632=EDGE_CURVE('',#5706,#5703,#7212,.T.);
#4633=EDGE_CURVE('',#5707,#5705,#7213,.T.);
#4634=EDGE_CURVE('',#5708,#5709,#7214,.T.);
#4635=EDGE_CURVE('',#5710,#5708,#7215,.T.);
#4636=EDGE_CURVE('',#5711,#5710,#7216,.T.);
#4637=EDGE_CURVE('',#5711,#5712,#7217,.T.);
#4638=EDGE_CURVE('',#5712,#5713,#7218,.T.);
#4639=EDGE_CURVE('',#5713,#5709,#7219,.T.);
#4640=EDGE_CURVE('',#5714,#5715,#7220,.T.);
#4641=EDGE_CURVE('',#5715,#5716,#7221,.T.);
#4642=EDGE_CURVE('',#5717,#5716,#7222,.T.);
#4643=EDGE_CURVE('',#5718,#5717,#7223,.T.);
#4644=EDGE_CURVE('',#5719,#5718,#7224,.T.);
#4645=EDGE_CURVE('',#5719,#5714,#7225,.T.);
#4646=EDGE_CURVE('',#5702,#5720,#7226,.T.);
#4647=EDGE_CURVE('',#5720,#5708,#7227,.T.);
#4648=EDGE_CURVE('',#5709,#5716,#7228,.T.);
#4649=EDGE_CURVE('',#5715,#5721,#7229,.T.);
#4650=EDGE_CURVE('',#5704,#5721,#7230,.T.);
#4651=EDGE_CURVE('',#5713,#5717,#7231,.T.);
#4652=EDGE_CURVE('',#5712,#5718,#7232,.T.);
#4653=EDGE_CURVE('',#5710,#5714,#7233,.T.);
#4654=EDGE_CURVE('',#5720,#5706,#7234,.T.);
#4655=EDGE_CURVE('',#5721,#5707,#7235,.T.);
#4656=EDGE_CURVE('',#5711,#5719,#7236,.T.);
#4657=EDGE_CURVE('',#5722,#5723,#7237,.T.);
#4658=EDGE_CURVE('',#5722,#5724,#7238,.T.);
#4659=EDGE_CURVE('',#5724,#5725,#7239,.T.);
#4660=EDGE_CURVE('',#5723,#5725,#7240,.T.);
#4661=EDGE_CURVE('',#5726,#5727,#7241,.T.);
#4662=EDGE_CURVE('',#5726,#5723,#7242,.T.);
#4663=EDGE_CURVE('',#5727,#5725,#7243,.T.);
#4664=EDGE_CURVE('',#5728,#5729,#7244,.T.);
#4665=EDGE_CURVE('',#5730,#5728,#7245,.T.);
#4666=EDGE_CURVE('',#5731,#5730,#7246,.T.);
#4667=EDGE_CURVE('',#5731,#5732,#7247,.T.);
#4668=EDGE_CURVE('',#5732,#5733,#7248,.T.);
#4669=EDGE_CURVE('',#5733,#5729,#7249,.T.);
#4670=EDGE_CURVE('',#5734,#5735,#7250,.T.);
#4671=EDGE_CURVE('',#5735,#5736,#7251,.T.);
#4672=EDGE_CURVE('',#5737,#5736,#7252,.T.);
#4673=EDGE_CURVE('',#5738,#5737,#7253,.T.);
#4674=EDGE_CURVE('',#5739,#5738,#7254,.T.);
#4675=EDGE_CURVE('',#5739,#5734,#7255,.T.);
#4676=EDGE_CURVE('',#5722,#5740,#7256,.T.);
#4677=EDGE_CURVE('',#5740,#5728,#7257,.T.);
#4678=EDGE_CURVE('',#5729,#5736,#7258,.T.);
#4679=EDGE_CURVE('',#5735,#5741,#7259,.T.);
#4680=EDGE_CURVE('',#5724,#5741,#7260,.T.);
#4681=EDGE_CURVE('',#5733,#5737,#7261,.T.);
#4682=EDGE_CURVE('',#5732,#5738,#7262,.T.);
#4683=EDGE_CURVE('',#5730,#5734,#7263,.T.);
#4684=EDGE_CURVE('',#5740,#5726,#7264,.T.);
#4685=EDGE_CURVE('',#5741,#5727,#7265,.T.);
#4686=EDGE_CURVE('',#5731,#5739,#7266,.T.);
#4687=EDGE_CURVE('',#5742,#5743,#7267,.T.);
#4688=EDGE_CURVE('',#5742,#5744,#7268,.T.);
#4689=EDGE_CURVE('',#5744,#5745,#7269,.T.);
#4690=EDGE_CURVE('',#5743,#5745,#7270,.T.);
#4691=EDGE_CURVE('',#5746,#5747,#7271,.T.);
#4692=EDGE_CURVE('',#5746,#5743,#7272,.T.);
#4693=EDGE_CURVE('',#5747,#5745,#7273,.T.);
#4694=EDGE_CURVE('',#5748,#5749,#7274,.T.);
#4695=EDGE_CURVE('',#5750,#5748,#7275,.T.);
#4696=EDGE_CURVE('',#5751,#5750,#7276,.T.);
#4697=EDGE_CURVE('',#5751,#5752,#7277,.T.);
#4698=EDGE_CURVE('',#5752,#5753,#7278,.T.);
#4699=EDGE_CURVE('',#5753,#5749,#7279,.T.);
#4700=EDGE_CURVE('',#5754,#5755,#7280,.T.);
#4701=EDGE_CURVE('',#5755,#5756,#7281,.T.);
#4702=EDGE_CURVE('',#5757,#5756,#7282,.T.);
#4703=EDGE_CURVE('',#5758,#5757,#7283,.T.);
#4704=EDGE_CURVE('',#5759,#5758,#7284,.T.);
#4705=EDGE_CURVE('',#5759,#5754,#7285,.T.);
#4706=EDGE_CURVE('',#5742,#5760,#7286,.T.);
#4707=EDGE_CURVE('',#5760,#5748,#7287,.T.);
#4708=EDGE_CURVE('',#5749,#5756,#7288,.T.);
#4709=EDGE_CURVE('',#5755,#5761,#7289,.T.);
#4710=EDGE_CURVE('',#5744,#5761,#7290,.T.);
#4711=EDGE_CURVE('',#5753,#5757,#7291,.T.);
#4712=EDGE_CURVE('',#5752,#5758,#7292,.T.);
#4713=EDGE_CURVE('',#5750,#5754,#7293,.T.);
#4714=EDGE_CURVE('',#5760,#5746,#7294,.T.);
#4715=EDGE_CURVE('',#5761,#5747,#7295,.T.);
#4716=EDGE_CURVE('',#5751,#5759,#7296,.T.);
#4717=EDGE_CURVE('',#5762,#5763,#7297,.T.);
#4718=EDGE_CURVE('',#5762,#5764,#7298,.T.);
#4719=EDGE_CURVE('',#5764,#5765,#7299,.T.);
#4720=EDGE_CURVE('',#5763,#5765,#7300,.T.);
#4721=EDGE_CURVE('',#5766,#5767,#7301,.T.);
#4722=EDGE_CURVE('',#5766,#5763,#7302,.T.);
#4723=EDGE_CURVE('',#5767,#5765,#7303,.T.);
#4724=EDGE_CURVE('',#5768,#5769,#7304,.T.);
#4725=EDGE_CURVE('',#5770,#5768,#7305,.T.);
#4726=EDGE_CURVE('',#5771,#5770,#7306,.T.);
#4727=EDGE_CURVE('',#5771,#5772,#7307,.T.);
#4728=EDGE_CURVE('',#5772,#5773,#7308,.T.);
#4729=EDGE_CURVE('',#5773,#5769,#7309,.T.);
#4730=EDGE_CURVE('',#5774,#5775,#7310,.T.);
#4731=EDGE_CURVE('',#5775,#5776,#7311,.T.);
#4732=EDGE_CURVE('',#5777,#5776,#7312,.T.);
#4733=EDGE_CURVE('',#5778,#5777,#7313,.T.);
#4734=EDGE_CURVE('',#5779,#5778,#7314,.T.);
#4735=EDGE_CURVE('',#5779,#5774,#7315,.T.);
#4736=EDGE_CURVE('',#5762,#5780,#7316,.T.);
#4737=EDGE_CURVE('',#5780,#5768,#7317,.T.);
#4738=EDGE_CURVE('',#5769,#5776,#7318,.T.);
#4739=EDGE_CURVE('',#5775,#5781,#7319,.T.);
#4740=EDGE_CURVE('',#5764,#5781,#7320,.T.);
#4741=EDGE_CURVE('',#5773,#5777,#7321,.T.);
#4742=EDGE_CURVE('',#5772,#5778,#7322,.T.);
#4743=EDGE_CURVE('',#5770,#5774,#7323,.T.);
#4744=EDGE_CURVE('',#5780,#5766,#7324,.T.);
#4745=EDGE_CURVE('',#5781,#5767,#7325,.T.);
#4746=EDGE_CURVE('',#5771,#5779,#7326,.T.);
#4747=VERTEX_POINT('',#14993);
#4748=VERTEX_POINT('',#14994);
#4749=VERTEX_POINT('',#14996);
#4750=VERTEX_POINT('',#14998);
#4751=VERTEX_POINT('',#15002);
#4752=VERTEX_POINT('',#15003);
#4753=VERTEX_POINT('',#15008);
#4754=VERTEX_POINT('',#15009);
#4755=VERTEX_POINT('',#15011);
#4756=VERTEX_POINT('',#15013);
#4757=VERTEX_POINT('',#15015);
#4758=VERTEX_POINT('',#15017);
#4759=VERTEX_POINT('',#15021);
#4760=VERTEX_POINT('',#15022);
#4761=VERTEX_POINT('',#15024);
#4762=VERTEX_POINT('',#15026);
#4763=VERTEX_POINT('',#15028);
#4764=VERTEX_POINT('',#15030);
#4765=VERTEX_POINT('',#15034);
#4766=VERTEX_POINT('',#15038);
#4767=VERTEX_POINT('',#15056);
#4768=VERTEX_POINT('',#15057);
#4769=VERTEX_POINT('',#15059);
#4770=VERTEX_POINT('',#15061);
#4771=VERTEX_POINT('',#15065);
#4772=VERTEX_POINT('',#15066);
#4773=VERTEX_POINT('',#15068);
#4774=VERTEX_POINT('',#15070);
#4775=VERTEX_POINT('',#15074);
#4776=VERTEX_POINT('',#15075);
#4777=VERTEX_POINT('',#15077);
#4778=VERTEX_POINT('',#15079);
#4779=VERTEX_POINT('',#15083);
#4780=VERTEX_POINT('',#15084);
#4781=VERTEX_POINT('',#15086);
#4782=VERTEX_POINT('',#15088);
#4783=VERTEX_POINT('',#15092);
#4784=VERTEX_POINT('',#15093);
#4785=VERTEX_POINT('',#15095);
#4786=VERTEX_POINT('',#15097);
#4787=VERTEX_POINT('',#15101);
#4788=VERTEX_POINT('',#15102);
#4789=VERTEX_POINT('',#15104);
#4790=VERTEX_POINT('',#15106);
#4791=VERTEX_POINT('',#15110);
#4792=VERTEX_POINT('',#15111);
#4793=VERTEX_POINT('',#15113);
#4794=VERTEX_POINT('',#15115);
#4795=VERTEX_POINT('',#15119);
#4796=VERTEX_POINT('',#15120);
#4797=VERTEX_POINT('',#15122);
#4798=VERTEX_POINT('',#15124);
#4799=VERTEX_POINT('',#15128);
#4800=VERTEX_POINT('',#15129);
#4801=VERTEX_POINT('',#15131);
#4802=VERTEX_POINT('',#15133);
#4803=VERTEX_POINT('',#15137);
#4804=VERTEX_POINT('',#15138);
#4805=VERTEX_POINT('',#15140);
#4806=VERTEX_POINT('',#15142);
#4807=VERTEX_POINT('',#15146);
#4808=VERTEX_POINT('',#15147);
#4809=VERTEX_POINT('',#15149);
#4810=VERTEX_POINT('',#15151);
#4811=VERTEX_POINT('',#15155);
#4812=VERTEX_POINT('',#15156);
#4813=VERTEX_POINT('',#15158);
#4814=VERTEX_POINT('',#15160);
#4815=VERTEX_POINT('',#15164);
#4816=VERTEX_POINT('',#15165);
#4817=VERTEX_POINT('',#15167);
#4818=VERTEX_POINT('',#15169);
#4819=VERTEX_POINT('',#15173);
#4820=VERTEX_POINT('',#15174);
#4821=VERTEX_POINT('',#15176);
#4822=VERTEX_POINT('',#15178);
#4823=VERTEX_POINT('',#15182);
#4824=VERTEX_POINT('',#15183);
#4825=VERTEX_POINT('',#15185);
#4826=VERTEX_POINT('',#15187);
#4827=VERTEX_POINT('',#15191);
#4828=VERTEX_POINT('',#15192);
#4829=VERTEX_POINT('',#15194);
#4830=VERTEX_POINT('',#15196);
#4831=VERTEX_POINT('',#15200);
#4832=VERTEX_POINT('',#15201);
#4833=VERTEX_POINT('',#15203);
#4834=VERTEX_POINT('',#15205);
#4835=VERTEX_POINT('',#15209);
#4836=VERTEX_POINT('',#15210);
#4837=VERTEX_POINT('',#15212);
#4838=VERTEX_POINT('',#15214);
#4839=VERTEX_POINT('',#15218);
#4840=VERTEX_POINT('',#15219);
#4841=VERTEX_POINT('',#15221);
#4842=VERTEX_POINT('',#15223);
#4843=VERTEX_POINT('',#15227);
#4844=VERTEX_POINT('',#15228);
#4845=VERTEX_POINT('',#15230);
#4846=VERTEX_POINT('',#15232);
#4847=VERTEX_POINT('',#15236);
#4848=VERTEX_POINT('',#15237);
#4849=VERTEX_POINT('',#15239);
#4850=VERTEX_POINT('',#15241);
#4851=VERTEX_POINT('',#15245);
#4852=VERTEX_POINT('',#15246);
#4853=VERTEX_POINT('',#15248);
#4854=VERTEX_POINT('',#15250);
#4855=VERTEX_POINT('',#15254);
#4856=VERTEX_POINT('',#15255);
#4857=VERTEX_POINT('',#15257);
#4858=VERTEX_POINT('',#15259);
#4859=VERTEX_POINT('',#15263);
#4860=VERTEX_POINT('',#15264);
#4861=VERTEX_POINT('',#15266);
#4862=VERTEX_POINT('',#15268);
#4863=VERTEX_POINT('',#15272);
#4864=VERTEX_POINT('',#15273);
#4865=VERTEX_POINT('',#15275);
#4866=VERTEX_POINT('',#15277);
#4867=VERTEX_POINT('',#15281);
#4868=VERTEX_POINT('',#15282);
#4869=VERTEX_POINT('',#15284);
#4870=VERTEX_POINT('',#15286);
#4871=VERTEX_POINT('',#15290);
#4872=VERTEX_POINT('',#15291);
#4873=VERTEX_POINT('',#15293);
#4874=VERTEX_POINT('',#15295);
#4875=VERTEX_POINT('',#15299);
#4876=VERTEX_POINT('',#15300);
#4877=VERTEX_POINT('',#15302);
#4878=VERTEX_POINT('',#15304);
#4879=VERTEX_POINT('',#15308);
#4880=VERTEX_POINT('',#15309);
#4881=VERTEX_POINT('',#15311);
#4882=VERTEX_POINT('',#15313);
#4883=VERTEX_POINT('',#15317);
#4884=VERTEX_POINT('',#15318);
#4885=VERTEX_POINT('',#15320);
#4886=VERTEX_POINT('',#15322);
#4887=VERTEX_POINT('',#15326);
#4888=VERTEX_POINT('',#15327);
#4889=VERTEX_POINT('',#15329);
#4890=VERTEX_POINT('',#15331);
#4891=VERTEX_POINT('',#15335);
#4892=VERTEX_POINT('',#15337);
#4893=VERTEX_POINT('',#15340);
#4894=VERTEX_POINT('',#15342);
#4895=VERTEX_POINT('',#15345);
#4896=VERTEX_POINT('',#15347);
#4897=VERTEX_POINT('',#15350);
#4898=VERTEX_POINT('',#15352);
#4899=VERTEX_POINT('',#15355);
#4900=VERTEX_POINT('',#15357);
#4901=VERTEX_POINT('',#15360);
#4902=VERTEX_POINT('',#15362);
#4903=VERTEX_POINT('',#15365);
#4904=VERTEX_POINT('',#15367);
#4905=VERTEX_POINT('',#15370);
#4906=VERTEX_POINT('',#15372);
#4907=VERTEX_POINT('',#15375);
#4908=VERTEX_POINT('',#15377);
#4909=VERTEX_POINT('',#15380);
#4910=VERTEX_POINT('',#15382);
#4911=VERTEX_POINT('',#15385);
#4912=VERTEX_POINT('',#15387);
#4913=VERTEX_POINT('',#15390);
#4914=VERTEX_POINT('',#15392);
#4915=VERTEX_POINT('',#15395);
#4916=VERTEX_POINT('',#15397);
#4917=VERTEX_POINT('',#15400);
#4918=VERTEX_POINT('',#15402);
#4919=VERTEX_POINT('',#15405);
#4920=VERTEX_POINT('',#15407);
#4921=VERTEX_POINT('',#15410);
#4922=VERTEX_POINT('',#15412);
#4923=VERTEX_POINT('',#15415);
#4924=VERTEX_POINT('',#15417);
#4925=VERTEX_POINT('',#15420);
#4926=VERTEX_POINT('',#15422);
#4927=VERTEX_POINT('',#15425);
#4928=VERTEX_POINT('',#15427);
#4929=VERTEX_POINT('',#15430);
#4930=VERTEX_POINT('',#15432);
#4931=VERTEX_POINT('',#15435);
#4932=VERTEX_POINT('',#15437);
#4933=VERTEX_POINT('',#15440);
#4934=VERTEX_POINT('',#15442);
#4935=VERTEX_POINT('',#15445);
#4936=VERTEX_POINT('',#15447);
#4937=VERTEX_POINT('',#15450);
#4938=VERTEX_POINT('',#15452);
#4939=VERTEX_POINT('',#15455);
#4940=VERTEX_POINT('',#15457);
#4941=VERTEX_POINT('',#15460);
#4942=VERTEX_POINT('',#15462);
#4943=VERTEX_POINT('',#15465);
#4944=VERTEX_POINT('',#15467);
#4945=VERTEX_POINT('',#15470);
#4946=VERTEX_POINT('',#15472);
#4947=VERTEX_POINT('',#15475);
#4948=VERTEX_POINT('',#15477);
#4949=VERTEX_POINT('',#15480);
#4950=VERTEX_POINT('',#15482);
#4951=VERTEX_POINT('',#15484);
#4952=VERTEX_POINT('',#15486);
#4953=VERTEX_POINT('',#15488);
#4954=VERTEX_POINT('',#15490);
#4955=VERTEX_POINT('',#15492);
#4956=VERTEX_POINT('',#15494);
#4957=VERTEX_POINT('',#15496);
#4958=VERTEX_POINT('',#15498);
#4959=VERTEX_POINT('',#15501);
#4960=VERTEX_POINT('',#15503);
#4961=VERTEX_POINT('',#15507);
#4962=VERTEX_POINT('',#15508);
#4963=VERTEX_POINT('',#15510);
#4964=VERTEX_POINT('',#15512);
#4965=VERTEX_POINT('',#15514);
#4966=VERTEX_POINT('',#15516);
#4967=VERTEX_POINT('',#15518);
#4968=VERTEX_POINT('',#15520);
#4969=VERTEX_POINT('',#15522);
#4970=VERTEX_POINT('',#15524);
#4971=VERTEX_POINT('',#15526);
#4972=VERTEX_POINT('',#15528);
#4973=VERTEX_POINT('',#15530);
#4974=VERTEX_POINT('',#15532);
#4975=VERTEX_POINT('',#15534);
#4976=VERTEX_POINT('',#15536);
#4977=VERTEX_POINT('',#15538);
#4978=VERTEX_POINT('',#15540);
#4979=VERTEX_POINT('',#15542);
#4980=VERTEX_POINT('',#15544);
#4981=VERTEX_POINT('',#15546);
#4982=VERTEX_POINT('',#15550);
#4983=VERTEX_POINT('',#15552);
#4984=VERTEX_POINT('',#15556);
#4985=VERTEX_POINT('',#15558);
#4986=VERTEX_POINT('',#15560);
#4987=VERTEX_POINT('',#15565);
#4988=VERTEX_POINT('',#15567);
#4989=VERTEX_POINT('',#15570);
#4990=VERTEX_POINT('',#15572);
#4991=VERTEX_POINT('',#15576);
#4992=VERTEX_POINT('',#15578);
#4993=VERTEX_POINT('',#15580);
#4994=VERTEX_POINT('',#15582);
#4995=VERTEX_POINT('',#15584);
#4996=VERTEX_POINT('',#15586);
#4997=VERTEX_POINT('',#15588);
#4998=VERTEX_POINT('',#15592);
#4999=VERTEX_POINT('',#15593);
#5000=VERTEX_POINT('',#15595);
#5001=VERTEX_POINT('',#15597);
#5002=VERTEX_POINT('',#15599);
#5003=VERTEX_POINT('',#15601);
#5004=VERTEX_POINT('',#15603);
#5005=VERTEX_POINT('',#15605);
#5006=VERTEX_POINT('',#15607);
#5007=VERTEX_POINT('',#15609);
#5008=VERTEX_POINT('',#15611);
#5009=VERTEX_POINT('',#15614);
#5010=VERTEX_POINT('',#15616);
#5011=VERTEX_POINT('',#15618);
#5012=VERTEX_POINT('',#15622);
#5013=VERTEX_POINT('',#15624);
#5014=VERTEX_POINT('',#15627);
#5015=VERTEX_POINT('',#15630);
#5016=VERTEX_POINT('',#15632);
#5017=VERTEX_POINT('',#15634);
#5018=VERTEX_POINT('',#15637);
#5019=VERTEX_POINT('',#15639);
#5020=VERTEX_POINT('',#15643);
#5021=VERTEX_POINT('',#15646);
#5022=VERTEX_POINT('',#15648);
#5023=VERTEX_POINT('',#15650);
#5024=VERTEX_POINT('',#15652);
#5025=VERTEX_POINT('',#15654);
#5026=VERTEX_POINT('',#15657);
#5027=VERTEX_POINT('',#15659);
#5028=VERTEX_POINT('',#15661);
#5029=VERTEX_POINT('',#15663);
#5030=VERTEX_POINT('',#15665);
#5031=VERTEX_POINT('',#15669);
#5032=VERTEX_POINT('',#15670);
#5033=VERTEX_POINT('',#15672);
#5034=VERTEX_POINT('',#15674);
#5035=VERTEX_POINT('',#15677);
#5036=VERTEX_POINT('',#15678);
#5037=VERTEX_POINT('',#15680);
#5038=VERTEX_POINT('',#15682);
#5039=VERTEX_POINT('',#15685);
#5040=VERTEX_POINT('',#15686);
#5041=VERTEX_POINT('',#15688);
#5042=VERTEX_POINT('',#15690);
#5043=VERTEX_POINT('',#15693);
#5044=VERTEX_POINT('',#15694);
#5045=VERTEX_POINT('',#15696);
#5046=VERTEX_POINT('',#15698);
#5047=VERTEX_POINT('',#15701);
#5048=VERTEX_POINT('',#15702);
#5049=VERTEX_POINT('',#15705);
#5050=VERTEX_POINT('',#15713);
#5051=VERTEX_POINT('',#15715);
#5052=VERTEX_POINT('',#15717);
#5053=VERTEX_POINT('',#15760);
#5054=VERTEX_POINT('',#15762);
#5055=VERTEX_POINT('',#15764);
#5056=VERTEX_POINT('',#15772);
#5057=VERTEX_POINT('',#15775);
#5058=VERTEX_POINT('',#15777);
#5059=VERTEX_POINT('',#15779);
#5060=VERTEX_POINT('',#15781);
#5061=VERTEX_POINT('',#15783);
#5062=VERTEX_POINT('',#15785);
#5063=VERTEX_POINT('',#15788);
#5064=VERTEX_POINT('',#15790);
#5065=VERTEX_POINT('',#15793);
#5066=VERTEX_POINT('',#15795);
#5067=VERTEX_POINT('',#15798);
#5068=VERTEX_POINT('',#15800);
#5069=VERTEX_POINT('',#15803);
#5070=VERTEX_POINT('',#15805);
#5071=VERTEX_POINT('',#15808);
#5072=VERTEX_POINT('',#15810);
#5073=VERTEX_POINT('',#15813);
#5074=VERTEX_POINT('',#15815);
#5075=VERTEX_POINT('',#15818);
#5076=VERTEX_POINT('',#15820);
#5077=VERTEX_POINT('',#15823);
#5078=VERTEX_POINT('',#15825);
#5079=VERTEX_POINT('',#15828);
#5080=VERTEX_POINT('',#15830);
#5081=VERTEX_POINT('',#15833);
#5082=VERTEX_POINT('',#15835);
#5083=VERTEX_POINT('',#15838);
#5084=VERTEX_POINT('',#15840);
#5085=VERTEX_POINT('',#15843);
#5086=VERTEX_POINT('',#15845);
#5087=VERTEX_POINT('',#15848);
#5088=VERTEX_POINT('',#15850);
#5089=VERTEX_POINT('',#15853);
#5090=VERTEX_POINT('',#15855);
#5091=VERTEX_POINT('',#15858);
#5092=VERTEX_POINT('',#15860);
#5093=VERTEX_POINT('',#15863);
#5094=VERTEX_POINT('',#15865);
#5095=VERTEX_POINT('',#15868);
#5096=VERTEX_POINT('',#15870);
#5097=VERTEX_POINT('',#15873);
#5098=VERTEX_POINT('',#15875);
#5099=VERTEX_POINT('',#15878);
#5100=VERTEX_POINT('',#15880);
#5101=VERTEX_POINT('',#15883);
#5102=VERTEX_POINT('',#15885);
#5103=VERTEX_POINT('',#15888);
#5104=VERTEX_POINT('',#15890);
#5105=VERTEX_POINT('',#15893);
#5106=VERTEX_POINT('',#15895);
#5107=VERTEX_POINT('',#15898);
#5108=VERTEX_POINT('',#15900);
#5109=VERTEX_POINT('',#15903);
#5110=VERTEX_POINT('',#15905);
#5111=VERTEX_POINT('',#15908);
#5112=VERTEX_POINT('',#15910);
#5113=VERTEX_POINT('',#15913);
#5114=VERTEX_POINT('',#15915);
#5115=VERTEX_POINT('',#15918);
#5116=VERTEX_POINT('',#15920);
#5117=VERTEX_POINT('',#15923);
#5118=VERTEX_POINT('',#15925);
#5119=VERTEX_POINT('',#15928);
#5120=VERTEX_POINT('',#15930);
#5121=VERTEX_POINT('',#15933);
#5122=VERTEX_POINT('',#15935);
#5123=VERTEX_POINT('',#15940);
#5124=VERTEX_POINT('',#15944);
#5125=VERTEX_POINT('',#15946);
#5126=VERTEX_POINT('',#15966);
#5127=VERTEX_POINT('',#15970);
#5128=VERTEX_POINT('',#15974);
#5129=VERTEX_POINT('',#16029);
#5130=VERTEX_POINT('',#16033);
#5131=VERTEX_POINT('',#16035);
#5132=VERTEX_POINT('',#16050);
#5133=VERTEX_POINT('',#16059);
#5134=VERTEX_POINT('',#16063);
#5135=VERTEX_POINT('',#16118);
#5136=VERTEX_POINT('',#16120);
#5137=VERTEX_POINT('',#16124);
#5138=VERTEX_POINT('',#16128);
#5139=VERTEX_POINT('',#16135);
#5140=VERTEX_POINT('',#16137);
#5141=VERTEX_POINT('',#16141);
#5142=VERTEX_POINT('',#16145);
#5143=VERTEX_POINT('',#16152);
#5144=VERTEX_POINT('',#16154);
#5145=VERTEX_POINT('',#16158);
#5146=VERTEX_POINT('',#16162);
#5147=VERTEX_POINT('',#16169);
#5148=VERTEX_POINT('',#16171);
#5149=VERTEX_POINT('',#16175);
#5150=VERTEX_POINT('',#16179);
#5151=VERTEX_POINT('',#16199);
#5152=VERTEX_POINT('',#16206);
#5153=VERTEX_POINT('',#16212);
#5154=VERTEX_POINT('',#16216);
#5155=VERTEX_POINT('',#16220);
#5156=VERTEX_POINT('',#16227);
#5157=VERTEX_POINT('',#16234);
#5158=VERTEX_POINT('',#16238);
#5159=VERTEX_POINT('',#16245);
#5160=VERTEX_POINT('',#16247);
#5161=VERTEX_POINT('',#16253);
#5162=VERTEX_POINT('',#16417);
#5163=VERTEX_POINT('',#16418);
#5164=VERTEX_POINT('',#16420);
#5165=VERTEX_POINT('',#16422);
#5166=VERTEX_POINT('',#16426);
#5167=VERTEX_POINT('',#16427);
#5168=VERTEX_POINT('',#16432);
#5169=VERTEX_POINT('',#16433);
#5170=VERTEX_POINT('',#16435);
#5171=VERTEX_POINT('',#16437);
#5172=VERTEX_POINT('',#16439);
#5173=VERTEX_POINT('',#16441);
#5174=VERTEX_POINT('',#16445);
#5175=VERTEX_POINT('',#16446);
#5176=VERTEX_POINT('',#16448);
#5177=VERTEX_POINT('',#16450);
#5178=VERTEX_POINT('',#16452);
#5179=VERTEX_POINT('',#16454);
#5180=VERTEX_POINT('',#16458);
#5181=VERTEX_POINT('',#16462);
#5182=VERTEX_POINT('',#16480);
#5183=VERTEX_POINT('',#16481);
#5184=VERTEX_POINT('',#16483);
#5185=VERTEX_POINT('',#16485);
#5186=VERTEX_POINT('',#16489);
#5187=VERTEX_POINT('',#16490);
#5188=VERTEX_POINT('',#16495);
#5189=VERTEX_POINT('',#16496);
#5190=VERTEX_POINT('',#16498);
#5191=VERTEX_POINT('',#16500);
#5192=VERTEX_POINT('',#16502);
#5193=VERTEX_POINT('',#16504);
#5194=VERTEX_POINT('',#16508);
#5195=VERTEX_POINT('',#16509);
#5196=VERTEX_POINT('',#16511);
#5197=VERTEX_POINT('',#16513);
#5198=VERTEX_POINT('',#16515);
#5199=VERTEX_POINT('',#16517);
#5200=VERTEX_POINT('',#16521);
#5201=VERTEX_POINT('',#16525);
#5202=VERTEX_POINT('',#16543);
#5203=VERTEX_POINT('',#16544);
#5204=VERTEX_POINT('',#16546);
#5205=VERTEX_POINT('',#16548);
#5206=VERTEX_POINT('',#16552);
#5207=VERTEX_POINT('',#16553);
#5208=VERTEX_POINT('',#16558);
#5209=VERTEX_POINT('',#16559);
#5210=VERTEX_POINT('',#16561);
#5211=VERTEX_POINT('',#16563);
#5212=VERTEX_POINT('',#16565);
#5213=VERTEX_POINT('',#16567);
#5214=VERTEX_POINT('',#16571);
#5215=VERTEX_POINT('',#16572);
#5216=VERTEX_POINT('',#16574);
#5217=VERTEX_POINT('',#16576);
#5218=VERTEX_POINT('',#16578);
#5219=VERTEX_POINT('',#16580);
#5220=VERTEX_POINT('',#16584);
#5221=VERTEX_POINT('',#16588);
#5222=VERTEX_POINT('',#16606);
#5223=VERTEX_POINT('',#16607);
#5224=VERTEX_POINT('',#16609);
#5225=VERTEX_POINT('',#16611);
#5226=VERTEX_POINT('',#16615);
#5227=VERTEX_POINT('',#16616);
#5228=VERTEX_POINT('',#16621);
#5229=VERTEX_POINT('',#16622);
#5230=VERTEX_POINT('',#16624);
#5231=VERTEX_POINT('',#16626);
#5232=VERTEX_POINT('',#16628);
#5233=VERTEX_POINT('',#16630);
#5234=VERTEX_POINT('',#16634);
#5235=VERTEX_POINT('',#16635);
#5236=VERTEX_POINT('',#16637);
#5237=VERTEX_POINT('',#16639);
#5238=VERTEX_POINT('',#16641);
#5239=VERTEX_POINT('',#16643);
#5240=VERTEX_POINT('',#16647);
#5241=VERTEX_POINT('',#16651);
#5242=VERTEX_POINT('',#16669);
#5243=VERTEX_POINT('',#16670);
#5244=VERTEX_POINT('',#16672);
#5245=VERTEX_POINT('',#16674);
#5246=VERTEX_POINT('',#16678);
#5247=VERTEX_POINT('',#16679);
#5248=VERTEX_POINT('',#16684);
#5249=VERTEX_POINT('',#16685);
#5250=VERTEX_POINT('',#16687);
#5251=VERTEX_POINT('',#16689);
#5252=VERTEX_POINT('',#16691);
#5253=VERTEX_POINT('',#16693);
#5254=VERTEX_POINT('',#16697);
#5255=VERTEX_POINT('',#16698);
#5256=VERTEX_POINT('',#16700);
#5257=VERTEX_POINT('',#16702);
#5258=VERTEX_POINT('',#16704);
#5259=VERTEX_POINT('',#16706);
#5260=VERTEX_POINT('',#16710);
#5261=VERTEX_POINT('',#16714);
#5262=VERTEX_POINT('',#16732);
#5263=VERTEX_POINT('',#16733);
#5264=VERTEX_POINT('',#16735);
#5265=VERTEX_POINT('',#16737);
#5266=VERTEX_POINT('',#16741);
#5267=VERTEX_POINT('',#16742);
#5268=VERTEX_POINT('',#16747);
#5269=VERTEX_POINT('',#16748);
#5270=VERTEX_POINT('',#16750);
#5271=VERTEX_POINT('',#16752);
#5272=VERTEX_POINT('',#16754);
#5273=VERTEX_POINT('',#16756);
#5274=VERTEX_POINT('',#16760);
#5275=VERTEX_POINT('',#16761);
#5276=VERTEX_POINT('',#16763);
#5277=VERTEX_POINT('',#16765);
#5278=VERTEX_POINT('',#16767);
#5279=VERTEX_POINT('',#16769);
#5280=VERTEX_POINT('',#16773);
#5281=VERTEX_POINT('',#16777);
#5282=VERTEX_POINT('',#16795);
#5283=VERTEX_POINT('',#16796);
#5284=VERTEX_POINT('',#16798);
#5285=VERTEX_POINT('',#16800);
#5286=VERTEX_POINT('',#16804);
#5287=VERTEX_POINT('',#16805);
#5288=VERTEX_POINT('',#16810);
#5289=VERTEX_POINT('',#16811);
#5290=VERTEX_POINT('',#16813);
#5291=VERTEX_POINT('',#16815);
#5292=VERTEX_POINT('',#16817);
#5293=VERTEX_POINT('',#16819);
#5294=VERTEX_POINT('',#16823);
#5295=VERTEX_POINT('',#16824);
#5296=VERTEX_POINT('',#16826);
#5297=VERTEX_POINT('',#16828);
#5298=VERTEX_POINT('',#16830);
#5299=VERTEX_POINT('',#16832);
#5300=VERTEX_POINT('',#16836);
#5301=VERTEX_POINT('',#16840);
#5302=VERTEX_POINT('',#16858);
#5303=VERTEX_POINT('',#16859);
#5304=VERTEX_POINT('',#16861);
#5305=VERTEX_POINT('',#16863);
#5306=VERTEX_POINT('',#16867);
#5307=VERTEX_POINT('',#16868);
#5308=VERTEX_POINT('',#16873);
#5309=VERTEX_POINT('',#16874);
#5310=VERTEX_POINT('',#16876);
#5311=VERTEX_POINT('',#16878);
#5312=VERTEX_POINT('',#16880);
#5313=VERTEX_POINT('',#16882);
#5314=VERTEX_POINT('',#16886);
#5315=VERTEX_POINT('',#16887);
#5316=VERTEX_POINT('',#16889);
#5317=VERTEX_POINT('',#16891);
#5318=VERTEX_POINT('',#16893);
#5319=VERTEX_POINT('',#16895);
#5320=VERTEX_POINT('',#16899);
#5321=VERTEX_POINT('',#16903);
#5322=VERTEX_POINT('',#16921);
#5323=VERTEX_POINT('',#16922);
#5324=VERTEX_POINT('',#16924);
#5325=VERTEX_POINT('',#16926);
#5326=VERTEX_POINT('',#16930);
#5327=VERTEX_POINT('',#16931);
#5328=VERTEX_POINT('',#16936);
#5329=VERTEX_POINT('',#16937);
#5330=VERTEX_POINT('',#16939);
#5331=VERTEX_POINT('',#16941);
#5332=VERTEX_POINT('',#16943);
#5333=VERTEX_POINT('',#16945);
#5334=VERTEX_POINT('',#16949);
#5335=VERTEX_POINT('',#16950);
#5336=VERTEX_POINT('',#16952);
#5337=VERTEX_POINT('',#16954);
#5338=VERTEX_POINT('',#16956);
#5339=VERTEX_POINT('',#16958);
#5340=VERTEX_POINT('',#16962);
#5341=VERTEX_POINT('',#16966);
#5342=VERTEX_POINT('',#16984);
#5343=VERTEX_POINT('',#16985);
#5344=VERTEX_POINT('',#16987);
#5345=VERTEX_POINT('',#16989);
#5346=VERTEX_POINT('',#16993);
#5347=VERTEX_POINT('',#16994);
#5348=VERTEX_POINT('',#16999);
#5349=VERTEX_POINT('',#17000);
#5350=VERTEX_POINT('',#17002);
#5351=VERTEX_POINT('',#17004);
#5352=VERTEX_POINT('',#17006);
#5353=VERTEX_POINT('',#17008);
#5354=VERTEX_POINT('',#17012);
#5355=VERTEX_POINT('',#17013);
#5356=VERTEX_POINT('',#17015);
#5357=VERTEX_POINT('',#17017);
#5358=VERTEX_POINT('',#17019);
#5359=VERTEX_POINT('',#17021);
#5360=VERTEX_POINT('',#17025);
#5361=VERTEX_POINT('',#17029);
#5362=VERTEX_POINT('',#17047);
#5363=VERTEX_POINT('',#17048);
#5364=VERTEX_POINT('',#17050);
#5365=VERTEX_POINT('',#17052);
#5366=VERTEX_POINT('',#17056);
#5367=VERTEX_POINT('',#17057);
#5368=VERTEX_POINT('',#17062);
#5369=VERTEX_POINT('',#17063);
#5370=VERTEX_POINT('',#17065);
#5371=VERTEX_POINT('',#17067);
#5372=VERTEX_POINT('',#17069);
#5373=VERTEX_POINT('',#17071);
#5374=VERTEX_POINT('',#17075);
#5375=VERTEX_POINT('',#17076);
#5376=VERTEX_POINT('',#17078);
#5377=VERTEX_POINT('',#17080);
#5378=VERTEX_POINT('',#17082);
#5379=VERTEX_POINT('',#17084);
#5380=VERTEX_POINT('',#17088);
#5381=VERTEX_POINT('',#17092);
#5382=VERTEX_POINT('',#17110);
#5383=VERTEX_POINT('',#17111);
#5384=VERTEX_POINT('',#17113);
#5385=VERTEX_POINT('',#17115);
#5386=VERTEX_POINT('',#17119);
#5387=VERTEX_POINT('',#17120);
#5388=VERTEX_POINT('',#17125);
#5389=VERTEX_POINT('',#17126);
#5390=VERTEX_POINT('',#17128);
#5391=VERTEX_POINT('',#17130);
#5392=VERTEX_POINT('',#17132);
#5393=VERTEX_POINT('',#17134);
#5394=VERTEX_POINT('',#17138);
#5395=VERTEX_POINT('',#17139);
#5396=VERTEX_POINT('',#17141);
#5397=VERTEX_POINT('',#17143);
#5398=VERTEX_POINT('',#17145);
#5399=VERTEX_POINT('',#17147);
#5400=VERTEX_POINT('',#17151);
#5401=VERTEX_POINT('',#17155);
#5402=VERTEX_POINT('',#17173);
#5403=VERTEX_POINT('',#17174);
#5404=VERTEX_POINT('',#17176);
#5405=VERTEX_POINT('',#17178);
#5406=VERTEX_POINT('',#17182);
#5407=VERTEX_POINT('',#17183);
#5408=VERTEX_POINT('',#17188);
#5409=VERTEX_POINT('',#17189);
#5410=VERTEX_POINT('',#17191);
#5411=VERTEX_POINT('',#17193);
#5412=VERTEX_POINT('',#17195);
#5413=VERTEX_POINT('',#17197);
#5414=VERTEX_POINT('',#17201);
#5415=VERTEX_POINT('',#17202);
#5416=VERTEX_POINT('',#17204);
#5417=VERTEX_POINT('',#17206);
#5418=VERTEX_POINT('',#17208);
#5419=VERTEX_POINT('',#17210);
#5420=VERTEX_POINT('',#17214);
#5421=VERTEX_POINT('',#17218);
#5422=VERTEX_POINT('',#17236);
#5423=VERTEX_POINT('',#17237);
#5424=VERTEX_POINT('',#17239);
#5425=VERTEX_POINT('',#17241);
#5426=VERTEX_POINT('',#17245);
#5427=VERTEX_POINT('',#17246);
#5428=VERTEX_POINT('',#17251);
#5429=VERTEX_POINT('',#17252);
#5430=VERTEX_POINT('',#17254);
#5431=VERTEX_POINT('',#17256);
#5432=VERTEX_POINT('',#17258);
#5433=VERTEX_POINT('',#17260);
#5434=VERTEX_POINT('',#17264);
#5435=VERTEX_POINT('',#17265);
#5436=VERTEX_POINT('',#17267);
#5437=VERTEX_POINT('',#17269);
#5438=VERTEX_POINT('',#17271);
#5439=VERTEX_POINT('',#17273);
#5440=VERTEX_POINT('',#17277);
#5441=VERTEX_POINT('',#17281);
#5442=VERTEX_POINT('',#17299);
#5443=VERTEX_POINT('',#17300);
#5444=VERTEX_POINT('',#17302);
#5445=VERTEX_POINT('',#17304);
#5446=VERTEX_POINT('',#17308);
#5447=VERTEX_POINT('',#17309);
#5448=VERTEX_POINT('',#17314);
#5449=VERTEX_POINT('',#17315);
#5450=VERTEX_POINT('',#17317);
#5451=VERTEX_POINT('',#17319);
#5452=VERTEX_POINT('',#17321);
#5453=VERTEX_POINT('',#17323);
#5454=VERTEX_POINT('',#17327);
#5455=VERTEX_POINT('',#17328);
#5456=VERTEX_POINT('',#17330);
#5457=VERTEX_POINT('',#17332);
#5458=VERTEX_POINT('',#17334);
#5459=VERTEX_POINT('',#17336);
#5460=VERTEX_POINT('',#17340);
#5461=VERTEX_POINT('',#17344);
#5462=VERTEX_POINT('',#17362);
#5463=VERTEX_POINT('',#17363);
#5464=VERTEX_POINT('',#17365);
#5465=VERTEX_POINT('',#17367);
#5466=VERTEX_POINT('',#17371);
#5467=VERTEX_POINT('',#17372);
#5468=VERTEX_POINT('',#17377);
#5469=VERTEX_POINT('',#17378);
#5470=VERTEX_POINT('',#17380);
#5471=VERTEX_POINT('',#17382);
#5472=VERTEX_POINT('',#17384);
#5473=VERTEX_POINT('',#17386);
#5474=VERTEX_POINT('',#17390);
#5475=VERTEX_POINT('',#17391);
#5476=VERTEX_POINT('',#17393);
#5477=VERTEX_POINT('',#17395);
#5478=VERTEX_POINT('',#17397);
#5479=VERTEX_POINT('',#17399);
#5480=VERTEX_POINT('',#17403);
#5481=VERTEX_POINT('',#17407);
#5482=VERTEX_POINT('',#17425);
#5483=VERTEX_POINT('',#17426);
#5484=VERTEX_POINT('',#17428);
#5485=VERTEX_POINT('',#17430);
#5486=VERTEX_POINT('',#17434);
#5487=VERTEX_POINT('',#17435);
#5488=VERTEX_POINT('',#17440);
#5489=VERTEX_POINT('',#17441);
#5490=VERTEX_POINT('',#17443);
#5491=VERTEX_POINT('',#17445);
#5492=VERTEX_POINT('',#17447);
#5493=VERTEX_POINT('',#17449);
#5494=VERTEX_POINT('',#17453);
#5495=VERTEX_POINT('',#17454);
#5496=VERTEX_POINT('',#17456);
#5497=VERTEX_POINT('',#17458);
#5498=VERTEX_POINT('',#17460);
#5499=VERTEX_POINT('',#17462);
#5500=VERTEX_POINT('',#17466);
#5501=VERTEX_POINT('',#17470);
#5502=VERTEX_POINT('',#17488);
#5503=VERTEX_POINT('',#17489);
#5504=VERTEX_POINT('',#17491);
#5505=VERTEX_POINT('',#17493);
#5506=VERTEX_POINT('',#17497);
#5507=VERTEX_POINT('',#17498);
#5508=VERTEX_POINT('',#17503);
#5509=VERTEX_POINT('',#17504);
#5510=VERTEX_POINT('',#17506);
#5511=VERTEX_POINT('',#17508);
#5512=VERTEX_POINT('',#17510);
#5513=VERTEX_POINT('',#17512);
#5514=VERTEX_POINT('',#17516);
#5515=VERTEX_POINT('',#17517);
#5516=VERTEX_POINT('',#17519);
#5517=VERTEX_POINT('',#17521);
#5518=VERTEX_POINT('',#17523);
#5519=VERTEX_POINT('',#17525);
#5520=VERTEX_POINT('',#17529);
#5521=VERTEX_POINT('',#17533);
#5522=VERTEX_POINT('',#17551);
#5523=VERTEX_POINT('',#17552);
#5524=VERTEX_POINT('',#17554);
#5525=VERTEX_POINT('',#17556);
#5526=VERTEX_POINT('',#17560);
#5527=VERTEX_POINT('',#17561);
#5528=VERTEX_POINT('',#17566);
#5529=VERTEX_POINT('',#17567);
#5530=VERTEX_POINT('',#17569);
#5531=VERTEX_POINT('',#17571);
#5532=VERTEX_POINT('',#17573);
#5533=VERTEX_POINT('',#17575);
#5534=VERTEX_POINT('',#17579);
#5535=VERTEX_POINT('',#17580);
#5536=VERTEX_POINT('',#17582);
#5537=VERTEX_POINT('',#17584);
#5538=VERTEX_POINT('',#17586);
#5539=VERTEX_POINT('',#17588);
#5540=VERTEX_POINT('',#17592);
#5541=VERTEX_POINT('',#17596);
#5542=VERTEX_POINT('',#17614);
#5543=VERTEX_POINT('',#17615);
#5544=VERTEX_POINT('',#17617);
#5545=VERTEX_POINT('',#17619);
#5546=VERTEX_POINT('',#17623);
#5547=VERTEX_POINT('',#17624);
#5548=VERTEX_POINT('',#17629);
#5549=VERTEX_POINT('',#17630);
#5550=VERTEX_POINT('',#17632);
#5551=VERTEX_POINT('',#17634);
#5552=VERTEX_POINT('',#17636);
#5553=VERTEX_POINT('',#17638);
#5554=VERTEX_POINT('',#17642);
#5555=VERTEX_POINT('',#17643);
#5556=VERTEX_POINT('',#17645);
#5557=VERTEX_POINT('',#17647);
#5558=VERTEX_POINT('',#17649);
#5559=VERTEX_POINT('',#17651);
#5560=VERTEX_POINT('',#17655);
#5561=VERTEX_POINT('',#17659);
#5562=VERTEX_POINT('',#17677);
#5563=VERTEX_POINT('',#17678);
#5564=VERTEX_POINT('',#17680);
#5565=VERTEX_POINT('',#17682);
#5566=VERTEX_POINT('',#17686);
#5567=VERTEX_POINT('',#17687);
#5568=VERTEX_POINT('',#17692);
#5569=VERTEX_POINT('',#17693);
#5570=VERTEX_POINT('',#17695);
#5571=VERTEX_POINT('',#17697);
#5572=VERTEX_POINT('',#17699);
#5573=VERTEX_POINT('',#17701);
#5574=VERTEX_POINT('',#17705);
#5575=VERTEX_POINT('',#17706);
#5576=VERTEX_POINT('',#17708);
#5577=VERTEX_POINT('',#17710);
#5578=VERTEX_POINT('',#17712);
#5579=VERTEX_POINT('',#17714);
#5580=VERTEX_POINT('',#17718);
#5581=VERTEX_POINT('',#17722);
#5582=VERTEX_POINT('',#17740);
#5583=VERTEX_POINT('',#17741);
#5584=VERTEX_POINT('',#17743);
#5585=VERTEX_POINT('',#17745);
#5586=VERTEX_POINT('',#17749);
#5587=VERTEX_POINT('',#17750);
#5588=VERTEX_POINT('',#17755);
#5589=VERTEX_POINT('',#17756);
#5590=VERTEX_POINT('',#17758);
#5591=VERTEX_POINT('',#17760);
#5592=VERTEX_POINT('',#17762);
#5593=VERTEX_POINT('',#17764);
#5594=VERTEX_POINT('',#17768);
#5595=VERTEX_POINT('',#17769);
#5596=VERTEX_POINT('',#17771);
#5597=VERTEX_POINT('',#17773);
#5598=VERTEX_POINT('',#17775);
#5599=VERTEX_POINT('',#17777);
#5600=VERTEX_POINT('',#17781);
#5601=VERTEX_POINT('',#17785);
#5602=VERTEX_POINT('',#17803);
#5603=VERTEX_POINT('',#17804);
#5604=VERTEX_POINT('',#17806);
#5605=VERTEX_POINT('',#17808);
#5606=VERTEX_POINT('',#17812);
#5607=VERTEX_POINT('',#17813);
#5608=VERTEX_POINT('',#17818);
#5609=VERTEX_POINT('',#17819);
#5610=VERTEX_POINT('',#17821);
#5611=VERTEX_POINT('',#17823);
#5612=VERTEX_POINT('',#17825);
#5613=VERTEX_POINT('',#17827);
#5614=VERTEX_POINT('',#17831);
#5615=VERTEX_POINT('',#17832);
#5616=VERTEX_POINT('',#17834);
#5617=VERTEX_POINT('',#17836);
#5618=VERTEX_POINT('',#17838);
#5619=VERTEX_POINT('',#17840);
#5620=VERTEX_POINT('',#17844);
#5621=VERTEX_POINT('',#17848);
#5622=VERTEX_POINT('',#17866);
#5623=VERTEX_POINT('',#17867);
#5624=VERTEX_POINT('',#17869);
#5625=VERTEX_POINT('',#17871);
#5626=VERTEX_POINT('',#17875);
#5627=VERTEX_POINT('',#17876);
#5628=VERTEX_POINT('',#17881);
#5629=VERTEX_POINT('',#17882);
#5630=VERTEX_POINT('',#17884);
#5631=VERTEX_POINT('',#17886);
#5632=VERTEX_POINT('',#17888);
#5633=VERTEX_POINT('',#17890);
#5634=VERTEX_POINT('',#17894);
#5635=VERTEX_POINT('',#17895);
#5636=VERTEX_POINT('',#17897);
#5637=VERTEX_POINT('',#17899);
#5638=VERTEX_POINT('',#17901);
#5639=VERTEX_POINT('',#17903);
#5640=VERTEX_POINT('',#17907);
#5641=VERTEX_POINT('',#17911);
#5642=VERTEX_POINT('',#17929);
#5643=VERTEX_POINT('',#17930);
#5644=VERTEX_POINT('',#17932);
#5645=VERTEX_POINT('',#17934);
#5646=VERTEX_POINT('',#17938);
#5647=VERTEX_POINT('',#17939);
#5648=VERTEX_POINT('',#17944);
#5649=VERTEX_POINT('',#17945);
#5650=VERTEX_POINT('',#17947);
#5651=VERTEX_POINT('',#17949);
#5652=VERTEX_POINT('',#17951);
#5653=VERTEX_POINT('',#17953);
#5654=VERTEX_POINT('',#17957);
#5655=VERTEX_POINT('',#17958);
#5656=VERTEX_POINT('',#17960);
#5657=VERTEX_POINT('',#17962);
#5658=VERTEX_POINT('',#17964);
#5659=VERTEX_POINT('',#17966);
#5660=VERTEX_POINT('',#17970);
#5661=VERTEX_POINT('',#17974);
#5662=VERTEX_POINT('',#17992);
#5663=VERTEX_POINT('',#17993);
#5664=VERTEX_POINT('',#17995);
#5665=VERTEX_POINT('',#17997);
#5666=VERTEX_POINT('',#18001);
#5667=VERTEX_POINT('',#18002);
#5668=VERTEX_POINT('',#18007);
#5669=VERTEX_POINT('',#18008);
#5670=VERTEX_POINT('',#18010);
#5671=VERTEX_POINT('',#18012);
#5672=VERTEX_POINT('',#18014);
#5673=VERTEX_POINT('',#18016);
#5674=VERTEX_POINT('',#18020);
#5675=VERTEX_POINT('',#18021);
#5676=VERTEX_POINT('',#18023);
#5677=VERTEX_POINT('',#18025);
#5678=VERTEX_POINT('',#18027);
#5679=VERTEX_POINT('',#18029);
#5680=VERTEX_POINT('',#18033);
#5681=VERTEX_POINT('',#18037);
#5682=VERTEX_POINT('',#18055);
#5683=VERTEX_POINT('',#18056);
#5684=VERTEX_POINT('',#18058);
#5685=VERTEX_POINT('',#18060);
#5686=VERTEX_POINT('',#18064);
#5687=VERTEX_POINT('',#18065);
#5688=VERTEX_POINT('',#18070);
#5689=VERTEX_POINT('',#18071);
#5690=VERTEX_POINT('',#18073);
#5691=VERTEX_POINT('',#18075);
#5692=VERTEX_POINT('',#18077);
#5693=VERTEX_POINT('',#18079);
#5694=VERTEX_POINT('',#18083);
#5695=VERTEX_POINT('',#18084);
#5696=VERTEX_POINT('',#18086);
#5697=VERTEX_POINT('',#18088);
#5698=VERTEX_POINT('',#18090);
#5699=VERTEX_POINT('',#18092);
#5700=VERTEX_POINT('',#18096);
#5701=VERTEX_POINT('',#18100);
#5702=VERTEX_POINT('',#18118);
#5703=VERTEX_POINT('',#18119);
#5704=VERTEX_POINT('',#18121);
#5705=VERTEX_POINT('',#18123);
#5706=VERTEX_POINT('',#18127);
#5707=VERTEX_POINT('',#18128);
#5708=VERTEX_POINT('',#18133);
#5709=VERTEX_POINT('',#18134);
#5710=VERTEX_POINT('',#18136);
#5711=VERTEX_POINT('',#18138);
#5712=VERTEX_POINT('',#18140);
#5713=VERTEX_POINT('',#18142);
#5714=VERTEX_POINT('',#18146);
#5715=VERTEX_POINT('',#18147);
#5716=VERTEX_POINT('',#18149);
#5717=VERTEX_POINT('',#18151);
#5718=VERTEX_POINT('',#18153);
#5719=VERTEX_POINT('',#18155);
#5720=VERTEX_POINT('',#18159);
#5721=VERTEX_POINT('',#18163);
#5722=VERTEX_POINT('',#18181);
#5723=VERTEX_POINT('',#18182);
#5724=VERTEX_POINT('',#18184);
#5725=VERTEX_POINT('',#18186);
#5726=VERTEX_POINT('',#18190);
#5727=VERTEX_POINT('',#18191);
#5728=VERTEX_POINT('',#18196);
#5729=VERTEX_POINT('',#18197);
#5730=VERTEX_POINT('',#18199);
#5731=VERTEX_POINT('',#18201);
#5732=VERTEX_POINT('',#18203);
#5733=VERTEX_POINT('',#18205);
#5734=VERTEX_POINT('',#18209);
#5735=VERTEX_POINT('',#18210);
#5736=VERTEX_POINT('',#18212);
#5737=VERTEX_POINT('',#18214);
#5738=VERTEX_POINT('',#18216);
#5739=VERTEX_POINT('',#18218);
#5740=VERTEX_POINT('',#18222);
#5741=VERTEX_POINT('',#18226);
#5742=VERTEX_POINT('',#18244);
#5743=VERTEX_POINT('',#18245);
#5744=VERTEX_POINT('',#18247);
#5745=VERTEX_POINT('',#18249);
#5746=VERTEX_POINT('',#18253);
#5747=VERTEX_POINT('',#18254);
#5748=VERTEX_POINT('',#18259);
#5749=VERTEX_POINT('',#18260);
#5750=VERTEX_POINT('',#18262);
#5751=VERTEX_POINT('',#18264);
#5752=VERTEX_POINT('',#18266);
#5753=VERTEX_POINT('',#18268);
#5754=VERTEX_POINT('',#18272);
#5755=VERTEX_POINT('',#18273);
#5756=VERTEX_POINT('',#18275);
#5757=VERTEX_POINT('',#18277);
#5758=VERTEX_POINT('',#18279);
#5759=VERTEX_POINT('',#18281);
#5760=VERTEX_POINT('',#18285);
#5761=VERTEX_POINT('',#18289);
#5762=VERTEX_POINT('',#18307);
#5763=VERTEX_POINT('',#18308);
#5764=VERTEX_POINT('',#18310);
#5765=VERTEX_POINT('',#18312);
#5766=VERTEX_POINT('',#18316);
#5767=VERTEX_POINT('',#18317);
#5768=VERTEX_POINT('',#18322);
#5769=VERTEX_POINT('',#18323);
#5770=VERTEX_POINT('',#18325);
#5771=VERTEX_POINT('',#18327);
#5772=VERTEX_POINT('',#18329);
#5773=VERTEX_POINT('',#18331);
#5774=VERTEX_POINT('',#18335);
#5775=VERTEX_POINT('',#18336);
#5776=VERTEX_POINT('',#18338);
#5777=VERTEX_POINT('',#18340);
#5778=VERTEX_POINT('',#18342);
#5779=VERTEX_POINT('',#18344);
#5780=VERTEX_POINT('',#18348);
#5781=VERTEX_POINT('',#18352);
#5782=LINE('',#14992,#7327);
#5783=LINE('',#14995,#7328);
#5784=LINE('',#14997,#7329);
#5785=LINE('',#14999,#7330);
#5786=LINE('',#15001,#7331);
#5787=LINE('',#15004,#7332);
#5788=LINE('',#15005,#7333);
#5789=LINE('',#15007,#7334);
#5790=LINE('',#15010,#7335);
#5791=LINE('',#15012,#7336);
#5792=LINE('',#15014,#7337);
#5793=LINE('',#15016,#7338);
#5794=LINE('',#15018,#7339);
#5795=LINE('',#15020,#7340);
#5796=LINE('',#15023,#7341);
#5797=LINE('',#15025,#7342);
#5798=LINE('',#15027,#7343);
#5799=LINE('',#15029,#7344);
#5800=LINE('',#15031,#7345);
#5801=LINE('',#15033,#7346);
#5802=LINE('',#15035,#7347);
#5803=LINE('',#15036,#7348);
#5804=LINE('',#15037,#7349);
#5805=LINE('',#15039,#7350);
#5806=LINE('',#15041,#7351);
#5807=LINE('',#15042,#7352);
#5808=LINE('',#15045,#7353);
#5809=LINE('',#15046,#7354);
#5810=LINE('',#15047,#7355);
#5811=LINE('',#15049,#7356);
#5812=LINE('',#15055,#7357);
#5813=LINE('',#15058,#7358);
#5814=LINE('',#15060,#7359);
#5815=LINE('',#15062,#7360);
#5816=LINE('',#15064,#7361);
#5817=LINE('',#15067,#7362);
#5818=LINE('',#15069,#7363);
#5819=LINE('',#15071,#7364);
#5820=LINE('',#15073,#7365);
#5821=LINE('',#15076,#7366);
#5822=LINE('',#15078,#7367);
#5823=LINE('',#15080,#7368);
#5824=LINE('',#15082,#7369);
#5825=LINE('',#15085,#7370);
#5826=LINE('',#15087,#7371);
#5827=LINE('',#15089,#7372);
#5828=LINE('',#15091,#7373);
#5829=LINE('',#15094,#7374);
#5830=LINE('',#15096,#7375);
#5831=LINE('',#15098,#7376);
#5832=LINE('',#15100,#7377);
#5833=LINE('',#15103,#7378);
#5834=LINE('',#15105,#7379);
#5835=LINE('',#15107,#7380);
#5836=LINE('',#15109,#7381);
#5837=LINE('',#15112,#7382);
#5838=LINE('',#15114,#7383);
#5839=LINE('',#15116,#7384);
#5840=LINE('',#15118,#7385);
#5841=LINE('',#15121,#7386);
#5842=LINE('',#15123,#7387);
#5843=LINE('',#15125,#7388);
#5844=LINE('',#15127,#7389);
#5845=LINE('',#15130,#7390);
#5846=LINE('',#15132,#7391);
#5847=LINE('',#15134,#7392);
#5848=LINE('',#15136,#7393);
#5849=LINE('',#15139,#7394);
#5850=LINE('',#15141,#7395);
#5851=LINE('',#15143,#7396);
#5852=LINE('',#15145,#7397);
#5853=LINE('',#15148,#7398);
#5854=LINE('',#15150,#7399);
#5855=LINE('',#15152,#7400);
#5856=LINE('',#15154,#7401);
#5857=LINE('',#15157,#7402);
#5858=LINE('',#15159,#7403);
#5859=LINE('',#15161,#7404);
#5860=LINE('',#15163,#7405);
#5861=LINE('',#15166,#7406);
#5862=LINE('',#15168,#7407);
#5863=LINE('',#15170,#7408);
#5864=LINE('',#15172,#7409);
#5865=LINE('',#15175,#7410);
#5866=LINE('',#15177,#7411);
#5867=LINE('',#15179,#7412);
#5868=LINE('',#15181,#7413);
#5869=LINE('',#15184,#7414);
#5870=LINE('',#15186,#7415);
#5871=LINE('',#15188,#7416);
#5872=LINE('',#15190,#7417);
#5873=LINE('',#15193,#7418);
#5874=LINE('',#15195,#7419);
#5875=LINE('',#15197,#7420);
#5876=LINE('',#15199,#7421);
#5877=LINE('',#15202,#7422);
#5878=LINE('',#15204,#7423);
#5879=LINE('',#15206,#7424);
#5880=LINE('',#15208,#7425);
#5881=LINE('',#15211,#7426);
#5882=LINE('',#15213,#7427);
#5883=LINE('',#15215,#7428);
#5884=LINE('',#15217,#7429);
#5885=LINE('',#15220,#7430);
#5886=LINE('',#15222,#7431);
#5887=LINE('',#15224,#7432);
#5888=LINE('',#15226,#7433);
#5889=LINE('',#15229,#7434);
#5890=LINE('',#15231,#7435);
#5891=LINE('',#15233,#7436);
#5892=LINE('',#15235,#7437);
#5893=LINE('',#15238,#7438);
#5894=LINE('',#15240,#7439);
#5895=LINE('',#15242,#7440);
#5896=LINE('',#15244,#7441);
#5897=LINE('',#15247,#7442);
#5898=LINE('',#15249,#7443);
#5899=LINE('',#15251,#7444);
#5900=LINE('',#15253,#7445);
#5901=LINE('',#15256,#7446);
#5902=LINE('',#15258,#7447);
#5903=LINE('',#15260,#7448);
#5904=LINE('',#15262,#7449);
#5905=LINE('',#15265,#7450);
#5906=LINE('',#15267,#7451);
#5907=LINE('',#15269,#7452);
#5908=LINE('',#15271,#7453);
#5909=LINE('',#15274,#7454);
#5910=LINE('',#15276,#7455);
#5911=LINE('',#15278,#7456);
#5912=LINE('',#15280,#7457);
#5913=LINE('',#15283,#7458);
#5914=LINE('',#15285,#7459);
#5915=LINE('',#15287,#7460);
#5916=LINE('',#15289,#7461);
#5917=LINE('',#15292,#7462);
#5918=LINE('',#15294,#7463);
#5919=LINE('',#15296,#7464);
#5920=LINE('',#15298,#7465);
#5921=LINE('',#15301,#7466);
#5922=LINE('',#15303,#7467);
#5923=LINE('',#15305,#7468);
#5924=LINE('',#15307,#7469);
#5925=LINE('',#15310,#7470);
#5926=LINE('',#15312,#7471);
#5927=LINE('',#15314,#7472);
#5928=LINE('',#15316,#7473);
#5929=LINE('',#15319,#7474);
#5930=LINE('',#15321,#7475);
#5931=LINE('',#15323,#7476);
#5932=LINE('',#15325,#7477);
#5933=LINE('',#15328,#7478);
#5934=LINE('',#15330,#7479);
#5935=LINE('',#15332,#7480);
#5936=LINE('',#15334,#7481);
#5937=LINE('',#15336,#7482);
#5938=LINE('',#15338,#7483);
#5939=LINE('',#15339,#7484);
#5940=LINE('',#15341,#7485);
#5941=LINE('',#15343,#7486);
#5942=LINE('',#15344,#7487);
#5943=LINE('',#15346,#7488);
#5944=LINE('',#15348,#7489);
#5945=LINE('',#15349,#7490);
#5946=LINE('',#15351,#7491);
#5947=LINE('',#15353,#7492);
#5948=LINE('',#15354,#7493);
#5949=LINE('',#15356,#7494);
#5950=LINE('',#15358,#7495);
#5951=LINE('',#15359,#7496);
#5952=LINE('',#15361,#7497);
#5953=LINE('',#15363,#7498);
#5954=LINE('',#15364,#7499);
#5955=LINE('',#15366,#7500);
#5956=LINE('',#15368,#7501);
#5957=LINE('',#15369,#7502);
#5958=LINE('',#15371,#7503);
#5959=LINE('',#15373,#7504);
#5960=LINE('',#15374,#7505);
#5961=LINE('',#15376,#7506);
#5962=LINE('',#15378,#7507);
#5963=LINE('',#15379,#7508);
#5964=LINE('',#15381,#7509);
#5965=LINE('',#15383,#7510);
#5966=LINE('',#15384,#7511);
#5967=LINE('',#15386,#7512);
#5968=LINE('',#15388,#7513);
#5969=LINE('',#15389,#7514);
#5970=LINE('',#15391,#7515);
#5971=LINE('',#15393,#7516);
#5972=LINE('',#15394,#7517);
#5973=LINE('',#15396,#7518);
#5974=LINE('',#15398,#7519);
#5975=LINE('',#15399,#7520);
#5976=LINE('',#15401,#7521);
#5977=LINE('',#15403,#7522);
#5978=LINE('',#15404,#7523);
#5979=LINE('',#15406,#7524);
#5980=LINE('',#15408,#7525);
#5981=LINE('',#15409,#7526);
#5982=LINE('',#15411,#7527);
#5983=LINE('',#15413,#7528);
#5984=LINE('',#15414,#7529);
#5985=LINE('',#15416,#7530);
#5986=LINE('',#15418,#7531);
#5987=LINE('',#15419,#7532);
#5988=LINE('',#15421,#7533);
#5989=LINE('',#15423,#7534);
#5990=LINE('',#15424,#7535);
#5991=LINE('',#15426,#7536);
#5992=LINE('',#15428,#7537);
#5993=LINE('',#15429,#7538);
#5994=LINE('',#15431,#7539);
#5995=LINE('',#15433,#7540);
#5996=LINE('',#15434,#7541);
#5997=LINE('',#15436,#7542);
#5998=LINE('',#15438,#7543);
#5999=LINE('',#15439,#7544);
#6000=LINE('',#15441,#7545);
#6001=LINE('',#15443,#7546);
#6002=LINE('',#15444,#7547);
#6003=LINE('',#15446,#7548);
#6004=LINE('',#15448,#7549);
#6005=LINE('',#15449,#7550);
#6006=LINE('',#15451,#7551);
#6007=LINE('',#15453,#7552);
#6008=LINE('',#15454,#7553);
#6009=LINE('',#15456,#7554);
#6010=LINE('',#15458,#7555);
#6011=LINE('',#15459,#7556);
#6012=LINE('',#15461,#7557);
#6013=LINE('',#15463,#7558);
#6014=LINE('',#15464,#7559);
#6015=LINE('',#15466,#7560);
#6016=LINE('',#15468,#7561);
#6017=LINE('',#15469,#7562);
#6018=LINE('',#15471,#7563);
#6019=LINE('',#15473,#7564);
#6020=LINE('',#15474,#7565);
#6021=LINE('',#15476,#7566);
#6022=LINE('',#15478,#7567);
#6023=LINE('',#15479,#7568);
#6024=LINE('',#15481,#7569);
#6025=LINE('',#15483,#7570);
#6026=LINE('',#15485,#7571);
#6027=LINE('',#15487,#7572);
#6028=LINE('',#15489,#7573);
#6029=LINE('',#15491,#7574);
#6030=LINE('',#15493,#7575);
#6031=LINE('',#15495,#7576);
#6032=LINE('',#15497,#7577);
#6033=LINE('',#15499,#7578);
#6034=LINE('',#15500,#7579);
#6035=LINE('',#15502,#7580);
#6036=LINE('',#15504,#7581);
#6037=LINE('',#15506,#7582);
#6038=LINE('',#15509,#7583);
#6039=LINE('',#15511,#7584);
#6040=LINE('',#15513,#7585);
#6041=LINE('',#15515,#7586);
#6042=LINE('',#15517,#7587);
#6043=LINE('',#15519,#7588);
#6044=LINE('',#15521,#7589);
#6045=LINE('',#15523,#7590);
#6046=LINE('',#15525,#7591);
#6047=LINE('',#15527,#7592);
#6048=LINE('',#15529,#7593);
#6049=LINE('',#15531,#7594);
#6050=LINE('',#15533,#7595);
#6051=LINE('',#15535,#7596);
#6052=LINE('',#15537,#7597);
#6053=LINE('',#15539,#7598);
#6054=LINE('',#15541,#7599);
#6055=LINE('',#15543,#7600);
#6056=LINE('',#15545,#7601);
#6057=LINE('',#15547,#7602);
#6058=LINE('',#15549,#7603);
#6059=LINE('',#15551,#7604);
#6060=LINE('',#15553,#7605);
#6061=LINE('',#15555,#7606);
#6062=LINE('',#15557,#7607);
#6063=LINE('',#15559,#7608);
#6064=LINE('',#15561,#7609);
#6065=LINE('',#15563,#7610);
#6066=LINE('',#15564,#7611);
#6067=LINE('',#15566,#7612);
#6068=LINE('',#15568,#7613);
#6069=LINE('',#15569,#7614);
#6070=LINE('',#15571,#7615);
#6071=LINE('',#15573,#7616);
#6072=LINE('',#15575,#7617);
#6073=LINE('',#15577,#7618);
#6074=LINE('',#15579,#7619);
#6075=LINE('',#15581,#7620);
#6076=LINE('',#15583,#7621);
#6077=LINE('',#15585,#7622);
#6078=LINE('',#15587,#7623);
#6079=LINE('',#15589,#7624);
#6080=LINE('',#15591,#7625);
#6081=LINE('',#15594,#7626);
#6082=LINE('',#15596,#7627);
#6083=LINE('',#15598,#7628);
#6084=LINE('',#15600,#7629);
#6085=LINE('',#15602,#7630);
#6086=LINE('',#15604,#7631);
#6087=LINE('',#15606,#7632);
#6088=LINE('',#15608,#7633);
#6089=LINE('',#15610,#7634);
#6090=LINE('',#15612,#7635);
#6091=LINE('',#15613,#7636);
#6092=LINE('',#15615,#7637);
#6093=LINE('',#15617,#7638);
#6094=LINE('',#15619,#7639);
#6095=LINE('',#15621,#7640);
#6096=LINE('',#15623,#7641);
#6097=LINE('',#15625,#7642);
#6098=LINE('',#15626,#7643);
#6099=LINE('',#15628,#7644);
#6100=LINE('',#15629,#7645);
#6101=LINE('',#15631,#7646);
#6102=LINE('',#15633,#7647);
#6103=LINE('',#15635,#7648);
#6104=LINE('',#15636,#7649);
#6105=LINE('',#15638,#7650);
#6106=LINE('',#15640,#7651);
#6107=LINE('',#15642,#7652);
#6108=LINE('',#15644,#7653);
#6109=LINE('',#15645,#7654);
#6110=LINE('',#15647,#7655);
#6111=LINE('',#15649,#7656);
#6112=LINE('',#15651,#7657);
#6113=LINE('',#15653,#7658);
#6114=LINE('',#15655,#7659);
#6115=LINE('',#15656,#7660);
#6116=LINE('',#15658,#7661);
#6117=LINE('',#15660,#7662);
#6118=LINE('',#15662,#7663);
#6119=LINE('',#15664,#7664);
#6120=LINE('',#15666,#7665);
#6121=LINE('',#15668,#7666);
#6122=LINE('',#15671,#7667);
#6123=LINE('',#15673,#7668);
#6124=LINE('',#15675,#7669);
#6125=LINE('',#15676,#7670);
#6126=LINE('',#15679,#7671);
#6127=LINE('',#15681,#7672);
#6128=LINE('',#15683,#7673);
#6129=LINE('',#15684,#7674);
#6130=LINE('',#15687,#7675);
#6131=LINE('',#15689,#7676);
#6132=LINE('',#15691,#7677);
#6133=LINE('',#15692,#7678);
#6134=LINE('',#15695,#7679);
#6135=LINE('',#15697,#7680);
#6136=LINE('',#15699,#7681);
#6137=LINE('',#15700,#7682);
#6138=LINE('',#15703,#7683);
#6139=LINE('',#15704,#7684);
#6140=LINE('',#15706,#7685);
#6141=LINE('',#15714,#7686);
#6142=LINE('',#15716,#7687);
#6143=LINE('',#15761,#7688);
#6144=LINE('',#15763,#7689);
#6145=LINE('',#15771,#7690);
#6146=LINE('',#15773,#7691);
#6147=LINE('',#15774,#7692);
#6148=LINE('',#15776,#7693);
#6149=LINE('',#15778,#7694);
#6150=LINE('',#15780,#7695);
#6151=LINE('',#15782,#7696);
#6152=LINE('',#15784,#7697);
#6153=LINE('',#15786,#7698);
#6154=LINE('',#15787,#7699);
#6155=LINE('',#15789,#7700);
#6156=LINE('',#15791,#7701);
#6157=LINE('',#15792,#7702);
#6158=LINE('',#15794,#7703);
#6159=LINE('',#15796,#7704);
#6160=LINE('',#15797,#7705);
#6161=LINE('',#15799,#7706);
#6162=LINE('',#15801,#7707);
#6163=LINE('',#15802,#7708);
#6164=LINE('',#15804,#7709);
#6165=LINE('',#15806,#7710);
#6166=LINE('',#15807,#7711);
#6167=LINE('',#15809,#7712);
#6168=LINE('',#15811,#7713);
#6169=LINE('',#15812,#7714);
#6170=LINE('',#15814,#7715);
#6171=LINE('',#15816,#7716);
#6172=LINE('',#15817,#7717);
#6173=LINE('',#15819,#7718);
#6174=LINE('',#15821,#7719);
#6175=LINE('',#15822,#7720);
#6176=LINE('',#15824,#7721);
#6177=LINE('',#15826,#7722);
#6178=LINE('',#15827,#7723);
#6179=LINE('',#15829,#7724);
#6180=LINE('',#15831,#7725);
#6181=LINE('',#15832,#7726);
#6182=LINE('',#15834,#7727);
#6183=LINE('',#15836,#7728);
#6184=LINE('',#15837,#7729);
#6185=LINE('',#15839,#7730);
#6186=LINE('',#15841,#7731);
#6187=LINE('',#15842,#7732);
#6188=LINE('',#15844,#7733);
#6189=LINE('',#15846,#7734);
#6190=LINE('',#15847,#7735);
#6191=LINE('',#15849,#7736);
#6192=LINE('',#15851,#7737);
#6193=LINE('',#15852,#7738);
#6194=LINE('',#15854,#7739);
#6195=LINE('',#15856,#7740);
#6196=LINE('',#15857,#7741);
#6197=LINE('',#15859,#7742);
#6198=LINE('',#15861,#7743);
#6199=LINE('',#15862,#7744);
#6200=LINE('',#15864,#7745);
#6201=LINE('',#15866,#7746);
#6202=LINE('',#15867,#7747);
#6203=LINE('',#15869,#7748);
#6204=LINE('',#15871,#7749);
#6205=LINE('',#15872,#7750);
#6206=LINE('',#15874,#7751);
#6207=LINE('',#15876,#7752);
#6208=LINE('',#15877,#7753);
#6209=LINE('',#15879,#7754);
#6210=LINE('',#15881,#7755);
#6211=LINE('',#15882,#7756);
#6212=LINE('',#15884,#7757);
#6213=LINE('',#15886,#7758);
#6214=LINE('',#15887,#7759);
#6215=LINE('',#15889,#7760);
#6216=LINE('',#15891,#7761);
#6217=LINE('',#15892,#7762);
#6218=LINE('',#15894,#7763);
#6219=LINE('',#15896,#7764);
#6220=LINE('',#15897,#7765);
#6221=LINE('',#15899,#7766);
#6222=LINE('',#15901,#7767);
#6223=LINE('',#15902,#7768);
#6224=LINE('',#15904,#7769);
#6225=LINE('',#15906,#7770);
#6226=LINE('',#15907,#7771);
#6227=LINE('',#15909,#7772);
#6228=LINE('',#15911,#7773);
#6229=LINE('',#15912,#7774);
#6230=LINE('',#15914,#7775);
#6231=LINE('',#15916,#7776);
#6232=LINE('',#15917,#7777);
#6233=LINE('',#15919,#7778);
#6234=LINE('',#15921,#7779);
#6235=LINE('',#15922,#7780);
#6236=LINE('',#15924,#7781);
#6237=LINE('',#15926,#7782);
#6238=LINE('',#15927,#7783);
#6239=LINE('',#15929,#7784);
#6240=LINE('',#15931,#7785);
#6241=LINE('',#15932,#7786);
#6242=LINE('',#15934,#7787);
#6243=LINE('',#15936,#7788);
#6244=LINE('',#15937,#7789);
#6245=LINE('',#15939,#7790);
#6246=LINE('',#15941,#7791);
#6247=LINE('',#15943,#7792);
#6248=LINE('',#15945,#7793);
#6249=LINE('',#15947,#7794);
#6250=LINE('',#15967,#7795);
#6251=LINE('',#15969,#7796);
#6252=LINE('',#15971,#7797);
#6253=LINE('',#15973,#7798);
#6254=LINE('',#15975,#7799);
#6255=LINE('',#16022,#7800);
#6256=LINE('',#16025,#7801);
#6257=LINE('',#16028,#7802);
#6258=LINE('',#16030,#7803);
#6259=LINE('',#16032,#7804);
#6260=LINE('',#16034,#7805);
#6261=LINE('',#16036,#7806);
#6262=LINE('',#16049,#7807);
#6263=LINE('',#16058,#7808);
#6264=LINE('',#16060,#7809);
#6265=LINE('',#16062,#7810);
#6266=LINE('',#16064,#7811);
#6267=LINE('',#16111,#7812);
#6268=LINE('',#16114,#7813);
#6269=LINE('',#16117,#7814);
#6270=LINE('',#16119,#7815);
#6271=LINE('',#16121,#7816);
#6272=LINE('',#16123,#7817);
#6273=LINE('',#16125,#7818);
#6274=LINE('',#16127,#7819);
#6275=LINE('',#16129,#7820);
#6276=LINE('',#16131,#7821);
#6277=LINE('',#16134,#7822);
#6278=LINE('',#16136,#7823);
#6279=LINE('',#16138,#7824);
#6280=LINE('',#16140,#7825);
#6281=LINE('',#16142,#7826);
#6282=LINE('',#16144,#7827);
#6283=LINE('',#16146,#7828);
#6284=LINE('',#16148,#7829);
#6285=LINE('',#16151,#7830);
#6286=LINE('',#16153,#7831);
#6287=LINE('',#16155,#7832);
#6288=LINE('',#16157,#7833);
#6289=LINE('',#16159,#7834);
#6290=LINE('',#16161,#7835);
#6291=LINE('',#16163,#7836);
#6292=LINE('',#16165,#7837);
#6293=LINE('',#16168,#7838);
#6294=LINE('',#16170,#7839);
#6295=LINE('',#16172,#7840);
#6296=LINE('',#16174,#7841);
#6297=LINE('',#16176,#7842);
#6298=LINE('',#16178,#7843);
#6299=LINE('',#16180,#7844);
#6300=LINE('',#16182,#7845);
#6301=LINE('',#16185,#7846);
#6302=LINE('',#16186,#7847);
#6303=LINE('',#16188,#7848);
#6304=LINE('',#16190,#7849);
#6305=LINE('',#16193,#7850);
#6306=LINE('',#16195,#7851);
#6307=LINE('',#16198,#7852);
#6308=LINE('',#16200,#7853);
#6309=LINE('',#16202,#7854);
#6310=LINE('',#16205,#7855);
#6311=LINE('',#16207,#7856);
#6312=LINE('',#16209,#7857);
#6313=LINE('',#16211,#7858);
#6314=LINE('',#16213,#7859);
#6315=LINE('',#16215,#7860);
#6316=LINE('',#16217,#7861);
#6317=LINE('',#16219,#7862);
#6318=LINE('',#16221,#7863);
#6319=LINE('',#16223,#7864);
#6320=LINE('',#16226,#7865);
#6321=LINE('',#16228,#7866);
#6322=LINE('',#16230,#7867);
#6323=LINE('',#16233,#7868);
#6324=LINE('',#16235,#7869);
#6325=LINE('',#16237,#7870);
#6326=LINE('',#16239,#7871);
#6327=LINE('',#16241,#7872);
#6328=LINE('',#16244,#7873);
#6329=LINE('',#16246,#7874);
#6330=LINE('',#16248,#7875);
#6331=LINE('',#16250,#7876);
#6332=LINE('',#16252,#7877);
#6333=LINE('',#16254,#7878);
#6334=LINE('',#16256,#7879);
#6335=LINE('',#16260,#7880);
#6336=LINE('',#16262,#7881);
#6337=LINE('',#16265,#7882);
#6338=LINE('',#16267,#7883);
#6339=LINE('',#16270,#7884);
#6340=LINE('',#16272,#7885);
#6341=LINE('',#16275,#7886);
#6342=LINE('',#16277,#7887);
#6343=LINE('',#16280,#7888);
#6344=LINE('',#16282,#7889);
#6345=LINE('',#16285,#7890);
#6346=LINE('',#16287,#7891);
#6347=LINE('',#16290,#7892);
#6348=LINE('',#16292,#7893);
#6349=LINE('',#16295,#7894);
#6350=LINE('',#16297,#7895);
#6351=LINE('',#16300,#7896);
#6352=LINE('',#16302,#7897);
#6353=LINE('',#16305,#7898);
#6354=LINE('',#16307,#7899);
#6355=LINE('',#16310,#7900);
#6356=LINE('',#16312,#7901);
#6357=LINE('',#16315,#7902);
#6358=LINE('',#16317,#7903);
#6359=LINE('',#16320,#7904);
#6360=LINE('',#16322,#7905);
#6361=LINE('',#16325,#7906);
#6362=LINE('',#16327,#7907);
#6363=LINE('',#16330,#7908);
#6364=LINE('',#16332,#7909);
#6365=LINE('',#16335,#7910);
#6366=LINE('',#16337,#7911);
#6367=LINE('',#16340,#7912);
#6368=LINE('',#16342,#7913);
#6369=LINE('',#16345,#7914);
#6370=LINE('',#16347,#7915);
#6371=LINE('',#16350,#7916);
#6372=LINE('',#16352,#7917);
#6373=LINE('',#16355,#7918);
#6374=LINE('',#16357,#7919);
#6375=LINE('',#16360,#7920);
#6376=LINE('',#16362,#7921);
#6377=LINE('',#16365,#7922);
#6378=LINE('',#16367,#7923);
#6379=LINE('',#16370,#7924);
#6380=LINE('',#16372,#7925);
#6381=LINE('',#16375,#7926);
#6382=LINE('',#16377,#7927);
#6383=LINE('',#16380,#7928);
#6384=LINE('',#16382,#7929);
#6385=LINE('',#16385,#7930);
#6386=LINE('',#16387,#7931);
#6387=LINE('',#16390,#7932);
#6388=LINE('',#16392,#7933);
#6389=LINE('',#16395,#7934);
#6390=LINE('',#16397,#7935);
#6391=LINE('',#16400,#7936);
#6392=LINE('',#16402,#7937);
#6393=LINE('',#16405,#7938);
#6394=LINE('',#16407,#7939);
#6395=LINE('',#16410,#7940);
#6396=LINE('',#16411,#7941);
#6397=LINE('',#16416,#7942);
#6398=LINE('',#16419,#7943);
#6399=LINE('',#16421,#7944);
#6400=LINE('',#16423,#7945);
#6401=LINE('',#16425,#7946);
#6402=LINE('',#16428,#7947);
#6403=LINE('',#16429,#7948);
#6404=LINE('',#16431,#7949);
#6405=LINE('',#16434,#7950);
#6406=LINE('',#16436,#7951);
#6407=LINE('',#16438,#7952);
#6408=LINE('',#16440,#7953);
#6409=LINE('',#16442,#7954);
#6410=LINE('',#16444,#7955);
#6411=LINE('',#16447,#7956);
#6412=LINE('',#16449,#7957);
#6413=LINE('',#16451,#7958);
#6414=LINE('',#16453,#7959);
#6415=LINE('',#16455,#7960);
#6416=LINE('',#16457,#7961);
#6417=LINE('',#16459,#7962);
#6418=LINE('',#16460,#7963);
#6419=LINE('',#16461,#7964);
#6420=LINE('',#16463,#7965);
#6421=LINE('',#16465,#7966);
#6422=LINE('',#16466,#7967);
#6423=LINE('',#16469,#7968);
#6424=LINE('',#16470,#7969);
#6425=LINE('',#16471,#7970);
#6426=LINE('',#16473,#7971);
#6427=LINE('',#16479,#7972);
#6428=LINE('',#16482,#7973);
#6429=LINE('',#16484,#7974);
#6430=LINE('',#16486,#7975);
#6431=LINE('',#16488,#7976);
#6432=LINE('',#16491,#7977);
#6433=LINE('',#16492,#7978);
#6434=LINE('',#16494,#7979);
#6435=LINE('',#16497,#7980);
#6436=LINE('',#16499,#7981);
#6437=LINE('',#16501,#7982);
#6438=LINE('',#16503,#7983);
#6439=LINE('',#16505,#7984);
#6440=LINE('',#16507,#7985);
#6441=LINE('',#16510,#7986);
#6442=LINE('',#16512,#7987);
#6443=LINE('',#16514,#7988);
#6444=LINE('',#16516,#7989);
#6445=LINE('',#16518,#7990);
#6446=LINE('',#16520,#7991);
#6447=LINE('',#16522,#7992);
#6448=LINE('',#16523,#7993);
#6449=LINE('',#16524,#7994);
#6450=LINE('',#16526,#7995);
#6451=LINE('',#16528,#7996);
#6452=LINE('',#16529,#7997);
#6453=LINE('',#16532,#7998);
#6454=LINE('',#16533,#7999);
#6455=LINE('',#16534,#8000);
#6456=LINE('',#16536,#8001);
#6457=LINE('',#16542,#8002);
#6458=LINE('',#16545,#8003);
#6459=LINE('',#16547,#8004);
#6460=LINE('',#16549,#8005);
#6461=LINE('',#16551,#8006);
#6462=LINE('',#16554,#8007);
#6463=LINE('',#16555,#8008);
#6464=LINE('',#16557,#8009);
#6465=LINE('',#16560,#8010);
#6466=LINE('',#16562,#8011);
#6467=LINE('',#16564,#8012);
#6468=LINE('',#16566,#8013);
#6469=LINE('',#16568,#8014);
#6470=LINE('',#16570,#8015);
#6471=LINE('',#16573,#8016);
#6472=LINE('',#16575,#8017);
#6473=LINE('',#16577,#8018);
#6474=LINE('',#16579,#8019);
#6475=LINE('',#16581,#8020);
#6476=LINE('',#16583,#8021);
#6477=LINE('',#16585,#8022);
#6478=LINE('',#16586,#8023);
#6479=LINE('',#16587,#8024);
#6480=LINE('',#16589,#8025);
#6481=LINE('',#16591,#8026);
#6482=LINE('',#16592,#8027);
#6483=LINE('',#16595,#8028);
#6484=LINE('',#16596,#8029);
#6485=LINE('',#16597,#8030);
#6486=LINE('',#16599,#8031);
#6487=LINE('',#16605,#8032);
#6488=LINE('',#16608,#8033);
#6489=LINE('',#16610,#8034);
#6490=LINE('',#16612,#8035);
#6491=LINE('',#16614,#8036);
#6492=LINE('',#16617,#8037);
#6493=LINE('',#16618,#8038);
#6494=LINE('',#16620,#8039);
#6495=LINE('',#16623,#8040);
#6496=LINE('',#16625,#8041);
#6497=LINE('',#16627,#8042);
#6498=LINE('',#16629,#8043);
#6499=LINE('',#16631,#8044);
#6500=LINE('',#16633,#8045);
#6501=LINE('',#16636,#8046);
#6502=LINE('',#16638,#8047);
#6503=LINE('',#16640,#8048);
#6504=LINE('',#16642,#8049);
#6505=LINE('',#16644,#8050);
#6506=LINE('',#16646,#8051);
#6507=LINE('',#16648,#8052);
#6508=LINE('',#16649,#8053);
#6509=LINE('',#16650,#8054);
#6510=LINE('',#16652,#8055);
#6511=LINE('',#16654,#8056);
#6512=LINE('',#16655,#8057);
#6513=LINE('',#16658,#8058);
#6514=LINE('',#16659,#8059);
#6515=LINE('',#16660,#8060);
#6516=LINE('',#16662,#8061);
#6517=LINE('',#16668,#8062);
#6518=LINE('',#16671,#8063);
#6519=LINE('',#16673,#8064);
#6520=LINE('',#16675,#8065);
#6521=LINE('',#16677,#8066);
#6522=LINE('',#16680,#8067);
#6523=LINE('',#16681,#8068);
#6524=LINE('',#16683,#8069);
#6525=LINE('',#16686,#8070);
#6526=LINE('',#16688,#8071);
#6527=LINE('',#16690,#8072);
#6528=LINE('',#16692,#8073);
#6529=LINE('',#16694,#8074);
#6530=LINE('',#16696,#8075);
#6531=LINE('',#16699,#8076);
#6532=LINE('',#16701,#8077);
#6533=LINE('',#16703,#8078);
#6534=LINE('',#16705,#8079);
#6535=LINE('',#16707,#8080);
#6536=LINE('',#16709,#8081);
#6537=LINE('',#16711,#8082);
#6538=LINE('',#16712,#8083);
#6539=LINE('',#16713,#8084);
#6540=LINE('',#16715,#8085);
#6541=LINE('',#16717,#8086);
#6542=LINE('',#16718,#8087);
#6543=LINE('',#16721,#8088);
#6544=LINE('',#16722,#8089);
#6545=LINE('',#16723,#8090);
#6546=LINE('',#16725,#8091);
#6547=LINE('',#16731,#8092);
#6548=LINE('',#16734,#8093);
#6549=LINE('',#16736,#8094);
#6550=LINE('',#16738,#8095);
#6551=LINE('',#16740,#8096);
#6552=LINE('',#16743,#8097);
#6553=LINE('',#16744,#8098);
#6554=LINE('',#16746,#8099);
#6555=LINE('',#16749,#8100);
#6556=LINE('',#16751,#8101);
#6557=LINE('',#16753,#8102);
#6558=LINE('',#16755,#8103);
#6559=LINE('',#16757,#8104);
#6560=LINE('',#16759,#8105);
#6561=LINE('',#16762,#8106);
#6562=LINE('',#16764,#8107);
#6563=LINE('',#16766,#8108);
#6564=LINE('',#16768,#8109);
#6565=LINE('',#16770,#8110);
#6566=LINE('',#16772,#8111);
#6567=LINE('',#16774,#8112);
#6568=LINE('',#16775,#8113);
#6569=LINE('',#16776,#8114);
#6570=LINE('',#16778,#8115);
#6571=LINE('',#16780,#8116);
#6572=LINE('',#16781,#8117);
#6573=LINE('',#16784,#8118);
#6574=LINE('',#16785,#8119);
#6575=LINE('',#16786,#8120);
#6576=LINE('',#16788,#8121);
#6577=LINE('',#16794,#8122);
#6578=LINE('',#16797,#8123);
#6579=LINE('',#16799,#8124);
#6580=LINE('',#16801,#8125);
#6581=LINE('',#16803,#8126);
#6582=LINE('',#16806,#8127);
#6583=LINE('',#16807,#8128);
#6584=LINE('',#16809,#8129);
#6585=LINE('',#16812,#8130);
#6586=LINE('',#16814,#8131);
#6587=LINE('',#16816,#8132);
#6588=LINE('',#16818,#8133);
#6589=LINE('',#16820,#8134);
#6590=LINE('',#16822,#8135);
#6591=LINE('',#16825,#8136);
#6592=LINE('',#16827,#8137);
#6593=LINE('',#16829,#8138);
#6594=LINE('',#16831,#8139);
#6595=LINE('',#16833,#8140);
#6596=LINE('',#16835,#8141);
#6597=LINE('',#16837,#8142);
#6598=LINE('',#16838,#8143);
#6599=LINE('',#16839,#8144);
#6600=LINE('',#16841,#8145);
#6601=LINE('',#16843,#8146);
#6602=LINE('',#16844,#8147);
#6603=LINE('',#16847,#8148);
#6604=LINE('',#16848,#8149);
#6605=LINE('',#16849,#8150);
#6606=LINE('',#16851,#8151);
#6607=LINE('',#16857,#8152);
#6608=LINE('',#16860,#8153);
#6609=LINE('',#16862,#8154);
#6610=LINE('',#16864,#8155);
#6611=LINE('',#16866,#8156);
#6612=LINE('',#16869,#8157);
#6613=LINE('',#16870,#8158);
#6614=LINE('',#16872,#8159);
#6615=LINE('',#16875,#8160);
#6616=LINE('',#16877,#8161);
#6617=LINE('',#16879,#8162);
#6618=LINE('',#16881,#8163);
#6619=LINE('',#16883,#8164);
#6620=LINE('',#16885,#8165);
#6621=LINE('',#16888,#8166);
#6622=LINE('',#16890,#8167);
#6623=LINE('',#16892,#8168);
#6624=LINE('',#16894,#8169);
#6625=LINE('',#16896,#8170);
#6626=LINE('',#16898,#8171);
#6627=LINE('',#16900,#8172);
#6628=LINE('',#16901,#8173);
#6629=LINE('',#16902,#8174);
#6630=LINE('',#16904,#8175);
#6631=LINE('',#16906,#8176);
#6632=LINE('',#16907,#8177);
#6633=LINE('',#16910,#8178);
#6634=LINE('',#16911,#8179);
#6635=LINE('',#16912,#8180);
#6636=LINE('',#16914,#8181);
#6637=LINE('',#16920,#8182);
#6638=LINE('',#16923,#8183);
#6639=LINE('',#16925,#8184);
#6640=LINE('',#16927,#8185);
#6641=LINE('',#16929,#8186);
#6642=LINE('',#16932,#8187);
#6643=LINE('',#16933,#8188);
#6644=LINE('',#16935,#8189);
#6645=LINE('',#16938,#8190);
#6646=LINE('',#16940,#8191);
#6647=LINE('',#16942,#8192);
#6648=LINE('',#16944,#8193);
#6649=LINE('',#16946,#8194);
#6650=LINE('',#16948,#8195);
#6651=LINE('',#16951,#8196);
#6652=LINE('',#16953,#8197);
#6653=LINE('',#16955,#8198);
#6654=LINE('',#16957,#8199);
#6655=LINE('',#16959,#8200);
#6656=LINE('',#16961,#8201);
#6657=LINE('',#16963,#8202);
#6658=LINE('',#16964,#8203);
#6659=LINE('',#16965,#8204);
#6660=LINE('',#16967,#8205);
#6661=LINE('',#16969,#8206);
#6662=LINE('',#16970,#8207);
#6663=LINE('',#16973,#8208);
#6664=LINE('',#16974,#8209);
#6665=LINE('',#16975,#8210);
#6666=LINE('',#16977,#8211);
#6667=LINE('',#16983,#8212);
#6668=LINE('',#16986,#8213);
#6669=LINE('',#16988,#8214);
#6670=LINE('',#16990,#8215);
#6671=LINE('',#16992,#8216);
#6672=LINE('',#16995,#8217);
#6673=LINE('',#16996,#8218);
#6674=LINE('',#16998,#8219);
#6675=LINE('',#17001,#8220);
#6676=LINE('',#17003,#8221);
#6677=LINE('',#17005,#8222);
#6678=LINE('',#17007,#8223);
#6679=LINE('',#17009,#8224);
#6680=LINE('',#17011,#8225);
#6681=LINE('',#17014,#8226);
#6682=LINE('',#17016,#8227);
#6683=LINE('',#17018,#8228);
#6684=LINE('',#17020,#8229);
#6685=LINE('',#17022,#8230);
#6686=LINE('',#17024,#8231);
#6687=LINE('',#17026,#8232);
#6688=LINE('',#17027,#8233);
#6689=LINE('',#17028,#8234);
#6690=LINE('',#17030,#8235);
#6691=LINE('',#17032,#8236);
#6692=LINE('',#17033,#8237);
#6693=LINE('',#17036,#8238);
#6694=LINE('',#17037,#8239);
#6695=LINE('',#17038,#8240);
#6696=LINE('',#17040,#8241);
#6697=LINE('',#17046,#8242);
#6698=LINE('',#17049,#8243);
#6699=LINE('',#17051,#8244);
#6700=LINE('',#17053,#8245);
#6701=LINE('',#17055,#8246);
#6702=LINE('',#17058,#8247);
#6703=LINE('',#17059,#8248);
#6704=LINE('',#17061,#8249);
#6705=LINE('',#17064,#8250);
#6706=LINE('',#17066,#8251);
#6707=LINE('',#17068,#8252);
#6708=LINE('',#17070,#8253);
#6709=LINE('',#17072,#8254);
#6710=LINE('',#17074,#8255);
#6711=LINE('',#17077,#8256);
#6712=LINE('',#17079,#8257);
#6713=LINE('',#17081,#8258);
#6714=LINE('',#17083,#8259);
#6715=LINE('',#17085,#8260);
#6716=LINE('',#17087,#8261);
#6717=LINE('',#17089,#8262);
#6718=LINE('',#17090,#8263);
#6719=LINE('',#17091,#8264);
#6720=LINE('',#17093,#8265);
#6721=LINE('',#17095,#8266);
#6722=LINE('',#17096,#8267);
#6723=LINE('',#17099,#8268);
#6724=LINE('',#17100,#8269);
#6725=LINE('',#17101,#8270);
#6726=LINE('',#17103,#8271);
#6727=LINE('',#17109,#8272);
#6728=LINE('',#17112,#8273);
#6729=LINE('',#17114,#8274);
#6730=LINE('',#17116,#8275);
#6731=LINE('',#17118,#8276);
#6732=LINE('',#17121,#8277);
#6733=LINE('',#17122,#8278);
#6734=LINE('',#17124,#8279);
#6735=LINE('',#17127,#8280);
#6736=LINE('',#17129,#8281);
#6737=LINE('',#17131,#8282);
#6738=LINE('',#17133,#8283);
#6739=LINE('',#17135,#8284);
#6740=LINE('',#17137,#8285);
#6741=LINE('',#17140,#8286);
#6742=LINE('',#17142,#8287);
#6743=LINE('',#17144,#8288);
#6744=LINE('',#17146,#8289);
#6745=LINE('',#17148,#8290);
#6746=LINE('',#17150,#8291);
#6747=LINE('',#17152,#8292);
#6748=LINE('',#17153,#8293);
#6749=LINE('',#17154,#8294);
#6750=LINE('',#17156,#8295);
#6751=LINE('',#17158,#8296);
#6752=LINE('',#17159,#8297);
#6753=LINE('',#17162,#8298);
#6754=LINE('',#17163,#8299);
#6755=LINE('',#17164,#8300);
#6756=LINE('',#17166,#8301);
#6757=LINE('',#17172,#8302);
#6758=LINE('',#17175,#8303);
#6759=LINE('',#17177,#8304);
#6760=LINE('',#17179,#8305);
#6761=LINE('',#17181,#8306);
#6762=LINE('',#17184,#8307);
#6763=LINE('',#17185,#8308);
#6764=LINE('',#17187,#8309);
#6765=LINE('',#17190,#8310);
#6766=LINE('',#17192,#8311);
#6767=LINE('',#17194,#8312);
#6768=LINE('',#17196,#8313);
#6769=LINE('',#17198,#8314);
#6770=LINE('',#17200,#8315);
#6771=LINE('',#17203,#8316);
#6772=LINE('',#17205,#8317);
#6773=LINE('',#17207,#8318);
#6774=LINE('',#17209,#8319);
#6775=LINE('',#17211,#8320);
#6776=LINE('',#17213,#8321);
#6777=LINE('',#17215,#8322);
#6778=LINE('',#17216,#8323);
#6779=LINE('',#17217,#8324);
#6780=LINE('',#17219,#8325);
#6781=LINE('',#17221,#8326);
#6782=LINE('',#17222,#8327);
#6783=LINE('',#17225,#8328);
#6784=LINE('',#17226,#8329);
#6785=LINE('',#17227,#8330);
#6786=LINE('',#17229,#8331);
#6787=LINE('',#17235,#8332);
#6788=LINE('',#17238,#8333);
#6789=LINE('',#17240,#8334);
#6790=LINE('',#17242,#8335);
#6791=LINE('',#17244,#8336);
#6792=LINE('',#17247,#8337);
#6793=LINE('',#17248,#8338);
#6794=LINE('',#17250,#8339);
#6795=LINE('',#17253,#8340);
#6796=LINE('',#17255,#8341);
#6797=LINE('',#17257,#8342);
#6798=LINE('',#17259,#8343);
#6799=LINE('',#17261,#8344);
#6800=LINE('',#17263,#8345);
#6801=LINE('',#17266,#8346);
#6802=LINE('',#17268,#8347);
#6803=LINE('',#17270,#8348);
#6804=LINE('',#17272,#8349);
#6805=LINE('',#17274,#8350);
#6806=LINE('',#17276,#8351);
#6807=LINE('',#17278,#8352);
#6808=LINE('',#17279,#8353);
#6809=LINE('',#17280,#8354);
#6810=LINE('',#17282,#8355);
#6811=LINE('',#17284,#8356);
#6812=LINE('',#17285,#8357);
#6813=LINE('',#17288,#8358);
#6814=LINE('',#17289,#8359);
#6815=LINE('',#17290,#8360);
#6816=LINE('',#17292,#8361);
#6817=LINE('',#17298,#8362);
#6818=LINE('',#17301,#8363);
#6819=LINE('',#17303,#8364);
#6820=LINE('',#17305,#8365);
#6821=LINE('',#17307,#8366);
#6822=LINE('',#17310,#8367);
#6823=LINE('',#17311,#8368);
#6824=LINE('',#17313,#8369);
#6825=LINE('',#17316,#8370);
#6826=LINE('',#17318,#8371);
#6827=LINE('',#17320,#8372);
#6828=LINE('',#17322,#8373);
#6829=LINE('',#17324,#8374);
#6830=LINE('',#17326,#8375);
#6831=LINE('',#17329,#8376);
#6832=LINE('',#17331,#8377);
#6833=LINE('',#17333,#8378);
#6834=LINE('',#17335,#8379);
#6835=LINE('',#17337,#8380);
#6836=LINE('',#17339,#8381);
#6837=LINE('',#17341,#8382);
#6838=LINE('',#17342,#8383);
#6839=LINE('',#17343,#8384);
#6840=LINE('',#17345,#8385);
#6841=LINE('',#17347,#8386);
#6842=LINE('',#17348,#8387);
#6843=LINE('',#17351,#8388);
#6844=LINE('',#17352,#8389);
#6845=LINE('',#17353,#8390);
#6846=LINE('',#17355,#8391);
#6847=LINE('',#17361,#8392);
#6848=LINE('',#17364,#8393);
#6849=LINE('',#17366,#8394);
#6850=LINE('',#17368,#8395);
#6851=LINE('',#17370,#8396);
#6852=LINE('',#17373,#8397);
#6853=LINE('',#17374,#8398);
#6854=LINE('',#17376,#8399);
#6855=LINE('',#17379,#8400);
#6856=LINE('',#17381,#8401);
#6857=LINE('',#17383,#8402);
#6858=LINE('',#17385,#8403);
#6859=LINE('',#17387,#8404);
#6860=LINE('',#17389,#8405);
#6861=LINE('',#17392,#8406);
#6862=LINE('',#17394,#8407);
#6863=LINE('',#17396,#8408);
#6864=LINE('',#17398,#8409);
#6865=LINE('',#17400,#8410);
#6866=LINE('',#17402,#8411);
#6867=LINE('',#17404,#8412);
#6868=LINE('',#17405,#8413);
#6869=LINE('',#17406,#8414);
#6870=LINE('',#17408,#8415);
#6871=LINE('',#17410,#8416);
#6872=LINE('',#17411,#8417);
#6873=LINE('',#17414,#8418);
#6874=LINE('',#17415,#8419);
#6875=LINE('',#17416,#8420);
#6876=LINE('',#17418,#8421);
#6877=LINE('',#17424,#8422);
#6878=LINE('',#17427,#8423);
#6879=LINE('',#17429,#8424);
#6880=LINE('',#17431,#8425);
#6881=LINE('',#17433,#8426);
#6882=LINE('',#17436,#8427);
#6883=LINE('',#17437,#8428);
#6884=LINE('',#17439,#8429);
#6885=LINE('',#17442,#8430);
#6886=LINE('',#17444,#8431);
#6887=LINE('',#17446,#8432);
#6888=LINE('',#17448,#8433);
#6889=LINE('',#17450,#8434);
#6890=LINE('',#17452,#8435);
#6891=LINE('',#17455,#8436);
#6892=LINE('',#17457,#8437);
#6893=LINE('',#17459,#8438);
#6894=LINE('',#17461,#8439);
#6895=LINE('',#17463,#8440);
#6896=LINE('',#17465,#8441);
#6897=LINE('',#17467,#8442);
#6898=LINE('',#17468,#8443);
#6899=LINE('',#17469,#8444);
#6900=LINE('',#17471,#8445);
#6901=LINE('',#17473,#8446);
#6902=LINE('',#17474,#8447);
#6903=LINE('',#17477,#8448);
#6904=LINE('',#17478,#8449);
#6905=LINE('',#17479,#8450);
#6906=LINE('',#17481,#8451);
#6907=LINE('',#17487,#8452);
#6908=LINE('',#17490,#8453);
#6909=LINE('',#17492,#8454);
#6910=LINE('',#17494,#8455);
#6911=LINE('',#17496,#8456);
#6912=LINE('',#17499,#8457);
#6913=LINE('',#17500,#8458);
#6914=LINE('',#17502,#8459);
#6915=LINE('',#17505,#8460);
#6916=LINE('',#17507,#8461);
#6917=LINE('',#17509,#8462);
#6918=LINE('',#17511,#8463);
#6919=LINE('',#17513,#8464);
#6920=LINE('',#17515,#8465);
#6921=LINE('',#17518,#8466);
#6922=LINE('',#17520,#8467);
#6923=LINE('',#17522,#8468);
#6924=LINE('',#17524,#8469);
#6925=LINE('',#17526,#8470);
#6926=LINE('',#17528,#8471);
#6927=LINE('',#17530,#8472);
#6928=LINE('',#17531,#8473);
#6929=LINE('',#17532,#8474);
#6930=LINE('',#17534,#8475);
#6931=LINE('',#17536,#8476);
#6932=LINE('',#17537,#8477);
#6933=LINE('',#17540,#8478);
#6934=LINE('',#17541,#8479);
#6935=LINE('',#17542,#8480);
#6936=LINE('',#17544,#8481);
#6937=LINE('',#17550,#8482);
#6938=LINE('',#17553,#8483);
#6939=LINE('',#17555,#8484);
#6940=LINE('',#17557,#8485);
#6941=LINE('',#17559,#8486);
#6942=LINE('',#17562,#8487);
#6943=LINE('',#17563,#8488);
#6944=LINE('',#17565,#8489);
#6945=LINE('',#17568,#8490);
#6946=LINE('',#17570,#8491);
#6947=LINE('',#17572,#8492);
#6948=LINE('',#17574,#8493);
#6949=LINE('',#17576,#8494);
#6950=LINE('',#17578,#8495);
#6951=LINE('',#17581,#8496);
#6952=LINE('',#17583,#8497);
#6953=LINE('',#17585,#8498);
#6954=LINE('',#17587,#8499);
#6955=LINE('',#17589,#8500);
#6956=LINE('',#17591,#8501);
#6957=LINE('',#17593,#8502);
#6958=LINE('',#17594,#8503);
#6959=LINE('',#17595,#8504);
#6960=LINE('',#17597,#8505);
#6961=LINE('',#17599,#8506);
#6962=LINE('',#17600,#8507);
#6963=LINE('',#17603,#8508);
#6964=LINE('',#17604,#8509);
#6965=LINE('',#17605,#8510);
#6966=LINE('',#17607,#8511);
#6967=LINE('',#17613,#8512);
#6968=LINE('',#17616,#8513);
#6969=LINE('',#17618,#8514);
#6970=LINE('',#17620,#8515);
#6971=LINE('',#17622,#8516);
#6972=LINE('',#17625,#8517);
#6973=LINE('',#17626,#8518);
#6974=LINE('',#17628,#8519);
#6975=LINE('',#17631,#8520);
#6976=LINE('',#17633,#8521);
#6977=LINE('',#17635,#8522);
#6978=LINE('',#17637,#8523);
#6979=LINE('',#17639,#8524);
#6980=LINE('',#17641,#8525);
#6981=LINE('',#17644,#8526);
#6982=LINE('',#17646,#8527);
#6983=LINE('',#17648,#8528);
#6984=LINE('',#17650,#8529);
#6985=LINE('',#17652,#8530);
#6986=LINE('',#17654,#8531);
#6987=LINE('',#17656,#8532);
#6988=LINE('',#17657,#8533);
#6989=LINE('',#17658,#8534);
#6990=LINE('',#17660,#8535);
#6991=LINE('',#17662,#8536);
#6992=LINE('',#17663,#8537);
#6993=LINE('',#17666,#8538);
#6994=LINE('',#17667,#8539);
#6995=LINE('',#17668,#8540);
#6996=LINE('',#17670,#8541);
#6997=LINE('',#17676,#8542);
#6998=LINE('',#17679,#8543);
#6999=LINE('',#17681,#8544);
#7000=LINE('',#17683,#8545);
#7001=LINE('',#17685,#8546);
#7002=LINE('',#17688,#8547);
#7003=LINE('',#17689,#8548);
#7004=LINE('',#17691,#8549);
#7005=LINE('',#17694,#8550);
#7006=LINE('',#17696,#8551);
#7007=LINE('',#17698,#8552);
#7008=LINE('',#17700,#8553);
#7009=LINE('',#17702,#8554);
#7010=LINE('',#17704,#8555);
#7011=LINE('',#17707,#8556);
#7012=LINE('',#17709,#8557);
#7013=LINE('',#17711,#8558);
#7014=LINE('',#17713,#8559);
#7015=LINE('',#17715,#8560);
#7016=LINE('',#17717,#8561);
#7017=LINE('',#17719,#8562);
#7018=LINE('',#17720,#8563);
#7019=LINE('',#17721,#8564);
#7020=LINE('',#17723,#8565);
#7021=LINE('',#17725,#8566);
#7022=LINE('',#17726,#8567);
#7023=LINE('',#17729,#8568);
#7024=LINE('',#17730,#8569);
#7025=LINE('',#17731,#8570);
#7026=LINE('',#17733,#8571);
#7027=LINE('',#17739,#8572);
#7028=LINE('',#17742,#8573);
#7029=LINE('',#17744,#8574);
#7030=LINE('',#17746,#8575);
#7031=LINE('',#17748,#8576);
#7032=LINE('',#17751,#8577);
#7033=LINE('',#17752,#8578);
#7034=LINE('',#17754,#8579);
#7035=LINE('',#17757,#8580);
#7036=LINE('',#17759,#8581);
#7037=LINE('',#17761,#8582);
#7038=LINE('',#17763,#8583);
#7039=LINE('',#17765,#8584);
#7040=LINE('',#17767,#8585);
#7041=LINE('',#17770,#8586);
#7042=LINE('',#17772,#8587);
#7043=LINE('',#17774,#8588);
#7044=LINE('',#17776,#8589);
#7045=LINE('',#17778,#8590);
#7046=LINE('',#17780,#8591);
#7047=LINE('',#17782,#8592);
#7048=LINE('',#17783,#8593);
#7049=LINE('',#17784,#8594);
#7050=LINE('',#17786,#8595);
#7051=LINE('',#17788,#8596);
#7052=LINE('',#17789,#8597);
#7053=LINE('',#17792,#8598);
#7054=LINE('',#17793,#8599);
#7055=LINE('',#17794,#8600);
#7056=LINE('',#17796,#8601);
#7057=LINE('',#17802,#8602);
#7058=LINE('',#17805,#8603);
#7059=LINE('',#17807,#8604);
#7060=LINE('',#17809,#8605);
#7061=LINE('',#17811,#8606);
#7062=LINE('',#17814,#8607);
#7063=LINE('',#17815,#8608);
#7064=LINE('',#17817,#8609);
#7065=LINE('',#17820,#8610);
#7066=LINE('',#17822,#8611);
#7067=LINE('',#17824,#8612);
#7068=LINE('',#17826,#8613);
#7069=LINE('',#17828,#8614);
#7070=LINE('',#17830,#8615);
#7071=LINE('',#17833,#8616);
#7072=LINE('',#17835,#8617);
#7073=LINE('',#17837,#8618);
#7074=LINE('',#17839,#8619);
#7075=LINE('',#17841,#8620);
#7076=LINE('',#17843,#8621);
#7077=LINE('',#17845,#8622);
#7078=LINE('',#17846,#8623);
#7079=LINE('',#17847,#8624);
#7080=LINE('',#17849,#8625);
#7081=LINE('',#17851,#8626);
#7082=LINE('',#17852,#8627);
#7083=LINE('',#17855,#8628);
#7084=LINE('',#17856,#8629);
#7085=LINE('',#17857,#8630);
#7086=LINE('',#17859,#8631);
#7087=LINE('',#17865,#8632);
#7088=LINE('',#17868,#8633);
#7089=LINE('',#17870,#8634);
#7090=LINE('',#17872,#8635);
#7091=LINE('',#17874,#8636);
#7092=LINE('',#17877,#8637);
#7093=LINE('',#17878,#8638);
#7094=LINE('',#17880,#8639);
#7095=LINE('',#17883,#8640);
#7096=LINE('',#17885,#8641);
#7097=LINE('',#17887,#8642);
#7098=LINE('',#17889,#8643);
#7099=LINE('',#17891,#8644);
#7100=LINE('',#17893,#8645);
#7101=LINE('',#17896,#8646);
#7102=LINE('',#17898,#8647);
#7103=LINE('',#17900,#8648);
#7104=LINE('',#17902,#8649);
#7105=LINE('',#17904,#8650);
#7106=LINE('',#17906,#8651);
#7107=LINE('',#17908,#8652);
#7108=LINE('',#17909,#8653);
#7109=LINE('',#17910,#8654);
#7110=LINE('',#17912,#8655);
#7111=LINE('',#17914,#8656);
#7112=LINE('',#17915,#8657);
#7113=LINE('',#17918,#8658);
#7114=LINE('',#17919,#8659);
#7115=LINE('',#17920,#8660);
#7116=LINE('',#17922,#8661);
#7117=LINE('',#17928,#8662);
#7118=LINE('',#17931,#8663);
#7119=LINE('',#17933,#8664);
#7120=LINE('',#17935,#8665);
#7121=LINE('',#17937,#8666);
#7122=LINE('',#17940,#8667);
#7123=LINE('',#17941,#8668);
#7124=LINE('',#17943,#8669);
#7125=LINE('',#17946,#8670);
#7126=LINE('',#17948,#8671);
#7127=LINE('',#17950,#8672);
#7128=LINE('',#17952,#8673);
#7129=LINE('',#17954,#8674);
#7130=LINE('',#17956,#8675);
#7131=LINE('',#17959,#8676);
#7132=LINE('',#17961,#8677);
#7133=LINE('',#17963,#8678);
#7134=LINE('',#17965,#8679);
#7135=LINE('',#17967,#8680);
#7136=LINE('',#17969,#8681);
#7137=LINE('',#17971,#8682);
#7138=LINE('',#17972,#8683);
#7139=LINE('',#17973,#8684);
#7140=LINE('',#17975,#8685);
#7141=LINE('',#17977,#8686);
#7142=LINE('',#17978,#8687);
#7143=LINE('',#17981,#8688);
#7144=LINE('',#17982,#8689);
#7145=LINE('',#17983,#8690);
#7146=LINE('',#17985,#8691);
#7147=LINE('',#17991,#8692);
#7148=LINE('',#17994,#8693);
#7149=LINE('',#17996,#8694);
#7150=LINE('',#17998,#8695);
#7151=LINE('',#18000,#8696);
#7152=LINE('',#18003,#8697);
#7153=LINE('',#18004,#8698);
#7154=LINE('',#18006,#8699);
#7155=LINE('',#18009,#8700);
#7156=LINE('',#18011,#8701);
#7157=LINE('',#18013,#8702);
#7158=LINE('',#18015,#8703);
#7159=LINE('',#18017,#8704);
#7160=LINE('',#18019,#8705);
#7161=LINE('',#18022,#8706);
#7162=LINE('',#18024,#8707);
#7163=LINE('',#18026,#8708);
#7164=LINE('',#18028,#8709);
#7165=LINE('',#18030,#8710);
#7166=LINE('',#18032,#8711);
#7167=LINE('',#18034,#8712);
#7168=LINE('',#18035,#8713);
#7169=LINE('',#18036,#8714);
#7170=LINE('',#18038,#8715);
#7171=LINE('',#18040,#8716);
#7172=LINE('',#18041,#8717);
#7173=LINE('',#18044,#8718);
#7174=LINE('',#18045,#8719);
#7175=LINE('',#18046,#8720);
#7176=LINE('',#18048,#8721);
#7177=LINE('',#18054,#8722);
#7178=LINE('',#18057,#8723);
#7179=LINE('',#18059,#8724);
#7180=LINE('',#18061,#8725);
#7181=LINE('',#18063,#8726);
#7182=LINE('',#18066,#8727);
#7183=LINE('',#18067,#8728);
#7184=LINE('',#18069,#8729);
#7185=LINE('',#18072,#8730);
#7186=LINE('',#18074,#8731);
#7187=LINE('',#18076,#8732);
#7188=LINE('',#18078,#8733);
#7189=LINE('',#18080,#8734);
#7190=LINE('',#18082,#8735);
#7191=LINE('',#18085,#8736);
#7192=LINE('',#18087,#8737);
#7193=LINE('',#18089,#8738);
#7194=LINE('',#18091,#8739);
#7195=LINE('',#18093,#8740);
#7196=LINE('',#18095,#8741);
#7197=LINE('',#18097,#8742);
#7198=LINE('',#18098,#8743);
#7199=LINE('',#18099,#8744);
#7200=LINE('',#18101,#8745);
#7201=LINE('',#18103,#8746);
#7202=LINE('',#18104,#8747);
#7203=LINE('',#18107,#8748);
#7204=LINE('',#18108,#8749);
#7205=LINE('',#18109,#8750);
#7206=LINE('',#18111,#8751);
#7207=LINE('',#18117,#8752);
#7208=LINE('',#18120,#8753);
#7209=LINE('',#18122,#8754);
#7210=LINE('',#18124,#8755);
#7211=LINE('',#18126,#8756);
#7212=LINE('',#18129,#8757);
#7213=LINE('',#18130,#8758);
#7214=LINE('',#18132,#8759);
#7215=LINE('',#18135,#8760);
#7216=LINE('',#18137,#8761);
#7217=LINE('',#18139,#8762);
#7218=LINE('',#18141,#8763);
#7219=LINE('',#18143,#8764);
#7220=LINE('',#18145,#8765);
#7221=LINE('',#18148,#8766);
#7222=LINE('',#18150,#8767);
#7223=LINE('',#18152,#8768);
#7224=LINE('',#18154,#8769);
#7225=LINE('',#18156,#8770);
#7226=LINE('',#18158,#8771);
#7227=LINE('',#18160,#8772);
#7228=LINE('',#18161,#8773);
#7229=LINE('',#18162,#8774);
#7230=LINE('',#18164,#8775);
#7231=LINE('',#18166,#8776);
#7232=LINE('',#18167,#8777);
#7233=LINE('',#18170,#8778);
#7234=LINE('',#18171,#8779);
#7235=LINE('',#18172,#8780);
#7236=LINE('',#18174,#8781);
#7237=LINE('',#18180,#8782);
#7238=LINE('',#18183,#8783);
#7239=LINE('',#18185,#8784);
#7240=LINE('',#18187,#8785);
#7241=LINE('',#18189,#8786);
#7242=LINE('',#18192,#8787);
#7243=LINE('',#18193,#8788);
#7244=LINE('',#18195,#8789);
#7245=LINE('',#18198,#8790);
#7246=LINE('',#18200,#8791);
#7247=LINE('',#18202,#8792);
#7248=LINE('',#18204,#8793);
#7249=LINE('',#18206,#8794);
#7250=LINE('',#18208,#8795);
#7251=LINE('',#18211,#8796);
#7252=LINE('',#18213,#8797);
#7253=LINE('',#18215,#8798);
#7254=LINE('',#18217,#8799);
#7255=LINE('',#18219,#8800);
#7256=LINE('',#18221,#8801);
#7257=LINE('',#18223,#8802);
#7258=LINE('',#18224,#8803);
#7259=LINE('',#18225,#8804);
#7260=LINE('',#18227,#8805);
#7261=LINE('',#18229,#8806);
#7262=LINE('',#18230,#8807);
#7263=LINE('',#18233,#8808);
#7264=LINE('',#18234,#8809);
#7265=LINE('',#18235,#8810);
#7266=LINE('',#18237,#8811);
#7267=LINE('',#18243,#8812);
#7268=LINE('',#18246,#8813);
#7269=LINE('',#18248,#8814);
#7270=LINE('',#18250,#8815);
#7271=LINE('',#18252,#8816);
#7272=LINE('',#18255,#8817);
#7273=LINE('',#18256,#8818);
#7274=LINE('',#18258,#8819);
#7275=LINE('',#18261,#8820);
#7276=LINE('',#18263,#8821);
#7277=LINE('',#18265,#8822);
#7278=LINE('',#18267,#8823);
#7279=LINE('',#18269,#8824);
#7280=LINE('',#18271,#8825);
#7281=LINE('',#18274,#8826);
#7282=LINE('',#18276,#8827);
#7283=LINE('',#18278,#8828);
#7284=LINE('',#18280,#8829);
#7285=LINE('',#18282,#8830);
#7286=LINE('',#18284,#8831);
#7287=LINE('',#18286,#8832);
#7288=LINE('',#18287,#8833);
#7289=LINE('',#18288,#8834);
#7290=LINE('',#18290,#8835);
#7291=LINE('',#18292,#8836);
#7292=LINE('',#18293,#8837);
#7293=LINE('',#18296,#8838);
#7294=LINE('',#18297,#8839);
#7295=LINE('',#18298,#8840);
#7296=LINE('',#18300,#8841);
#7297=LINE('',#18306,#8842);
#7298=LINE('',#18309,#8843);
#7299=LINE('',#18311,#8844);
#7300=LINE('',#18313,#8845);
#7301=LINE('',#18315,#8846);
#7302=LINE('',#18318,#8847);
#7303=LINE('',#18319,#8848);
#7304=LINE('',#18321,#8849);
#7305=LINE('',#18324,#8850);
#7306=LINE('',#18326,#8851);
#7307=LINE('',#18328,#8852);
#7308=LINE('',#18330,#8853);
#7309=LINE('',#18332,#8854);
#7310=LINE('',#18334,#8855);
#7311=LINE('',#18337,#8856);
#7312=LINE('',#18339,#8857);
#7313=LINE('',#18341,#8858);
#7314=LINE('',#18343,#8859);
#7315=LINE('',#18345,#8860);
#7316=LINE('',#18347,#8861);
#7317=LINE('',#18349,#8862);
#7318=LINE('',#18350,#8863);
#7319=LINE('',#18351,#8864);
#7320=LINE('',#18353,#8865);
#7321=LINE('',#18355,#8866);
#7322=LINE('',#18356,#8867);
#7323=LINE('',#18359,#8868);
#7324=LINE('',#18360,#8869);
#7325=LINE('',#18361,#8870);
#7326=LINE('',#18363,#8871);
#7327=VECTOR('',#12215,1.);
#7328=VECTOR('',#12216,1.);
#7329=VECTOR('',#12217,1.);
#7330=VECTOR('',#12218,1.);
#7331=VECTOR('',#12221,1.);
#7332=VECTOR('',#12222,1.);
#7333=VECTOR('',#12223,1.);
#7334=VECTOR('',#12226,1.);
#7335=VECTOR('',#12227,1.);
#7336=VECTOR('',#12228,1.);
#7337=VECTOR('',#12229,1.);
#7338=VECTOR('',#12230,1.);
#7339=VECTOR('',#12231,1.);
#7340=VECTOR('',#12234,1.);
#7341=VECTOR('',#12235,1.);
#7342=VECTOR('',#12236,1.);
#7343=VECTOR('',#12237,1.);
#7344=VECTOR('',#12238,1.);
#7345=VECTOR('',#12239,1.);
#7346=VECTOR('',#12242,1.);
#7347=VECTOR('',#12243,1.);
#7348=VECTOR('',#12244,1.);
#7349=VECTOR('',#12245,1.);
#7350=VECTOR('',#12246,1.);
#7351=VECTOR('',#12249,1.);
#7352=VECTOR('',#12250,1.);
#7353=VECTOR('',#12255,1.);
#7354=VECTOR('',#12256,1.);
#7355=VECTOR('',#12257,1.);
#7356=VECTOR('',#12260,1.);
#7357=VECTOR('',#12271,1.);
#7358=VECTOR('',#12272,1.);
#7359=VECTOR('',#12273,1.);
#7360=VECTOR('',#12274,1.);
#7361=VECTOR('',#12277,1.);
#7362=VECTOR('',#12278,1.);
#7363=VECTOR('',#12279,1.);
#7364=VECTOR('',#12280,1.);
#7365=VECTOR('',#12283,1.);
#7366=VECTOR('',#12284,1.);
#7367=VECTOR('',#12285,1.);
#7368=VECTOR('',#12286,1.);
#7369=VECTOR('',#12289,1.);
#7370=VECTOR('',#12290,1.);
#7371=VECTOR('',#12291,1.);
#7372=VECTOR('',#12292,1.);
#7373=VECTOR('',#12295,1.);
#7374=VECTOR('',#12296,1.);
#7375=VECTOR('',#12297,1.);
#7376=VECTOR('',#12298,1.);
#7377=VECTOR('',#12301,1.);
#7378=VECTOR('',#12302,1.);
#7379=VECTOR('',#12303,1.);
#7380=VECTOR('',#12304,1.);
#7381=VECTOR('',#12307,1.);
#7382=VECTOR('',#12308,1.);
#7383=VECTOR('',#12309,1.);
#7384=VECTOR('',#12310,1.);
#7385=VECTOR('',#12313,1.);
#7386=VECTOR('',#12314,1.);
#7387=VECTOR('',#12315,1.);
#7388=VECTOR('',#12316,1.);
#7389=VECTOR('',#12319,1.);
#7390=VECTOR('',#12320,1.);
#7391=VECTOR('',#12321,1.);
#7392=VECTOR('',#12322,1.);
#7393=VECTOR('',#12325,1.);
#7394=VECTOR('',#12326,1.);
#7395=VECTOR('',#12327,1.);
#7396=VECTOR('',#12328,1.);
#7397=VECTOR('',#12331,1.);
#7398=VECTOR('',#12332,1.);
#7399=VECTOR('',#12333,1.);
#7400=VECTOR('',#12334,1.);
#7401=VECTOR('',#12337,1.);
#7402=VECTOR('',#12338,1.);
#7403=VECTOR('',#12339,1.);
#7404=VECTOR('',#12340,1.);
#7405=VECTOR('',#12343,1.);
#7406=VECTOR('',#12344,1.);
#7407=VECTOR('',#12345,1.);
#7408=VECTOR('',#12346,1.);
#7409=VECTOR('',#12349,1.);
#7410=VECTOR('',#12350,1.);
#7411=VECTOR('',#12351,1.);
#7412=VECTOR('',#12352,1.);
#7413=VECTOR('',#12355,1.);
#7414=VECTOR('',#12356,1.);
#7415=VECTOR('',#12357,1.);
#7416=VECTOR('',#12358,1.);
#7417=VECTOR('',#12361,1.);
#7418=VECTOR('',#12362,1.);
#7419=VECTOR('',#12363,1.);
#7420=VECTOR('',#12364,1.);
#7421=VECTOR('',#12367,1.);
#7422=VECTOR('',#12368,1.);
#7423=VECTOR('',#12369,1.);
#7424=VECTOR('',#12370,1.);
#7425=VECTOR('',#12373,1.);
#7426=VECTOR('',#12374,1.);
#7427=VECTOR('',#12375,1.);
#7428=VECTOR('',#12376,1.);
#7429=VECTOR('',#12379,1.);
#7430=VECTOR('',#12380,1.);
#7431=VECTOR('',#12381,1.);
#7432=VECTOR('',#12382,1.);
#7433=VECTOR('',#12385,1.);
#7434=VECTOR('',#12386,1.);
#7435=VECTOR('',#12387,1.);
#7436=VECTOR('',#12388,1.);
#7437=VECTOR('',#12391,1.);
#7438=VECTOR('',#12392,1.);
#7439=VECTOR('',#12393,1.);
#7440=VECTOR('',#12394,1.);
#7441=VECTOR('',#12397,1.);
#7442=VECTOR('',#12398,1.);
#7443=VECTOR('',#12399,1.);
#7444=VECTOR('',#12400,1.);
#7445=VECTOR('',#12403,1.);
#7446=VECTOR('',#12404,1.);
#7447=VECTOR('',#12405,1.);
#7448=VECTOR('',#12406,1.);
#7449=VECTOR('',#12409,1.);
#7450=VECTOR('',#12410,1.);
#7451=VECTOR('',#12411,1.);
#7452=VECTOR('',#12412,1.);
#7453=VECTOR('',#12415,1.);
#7454=VECTOR('',#12416,1.);
#7455=VECTOR('',#12417,1.);
#7456=VECTOR('',#12418,1.);
#7457=VECTOR('',#12421,1.);
#7458=VECTOR('',#12422,1.);
#7459=VECTOR('',#12423,1.);
#7460=VECTOR('',#12424,1.);
#7461=VECTOR('',#12427,1.);
#7462=VECTOR('',#12428,1.);
#7463=VECTOR('',#12429,1.);
#7464=VECTOR('',#12430,1.);
#7465=VECTOR('',#12433,1.);
#7466=VECTOR('',#12434,1.);
#7467=VECTOR('',#12435,1.);
#7468=VECTOR('',#12436,1.);
#7469=VECTOR('',#12439,1.);
#7470=VECTOR('',#12440,1.);
#7471=VECTOR('',#12441,1.);
#7472=VECTOR('',#12442,1.);
#7473=VECTOR('',#12445,1.);
#7474=VECTOR('',#12446,1.);
#7475=VECTOR('',#12447,1.);
#7476=VECTOR('',#12448,1.);
#7477=VECTOR('',#12451,1.);
#7478=VECTOR('',#12452,1.);
#7479=VECTOR('',#12453,1.);
#7480=VECTOR('',#12454,1.);
#7481=VECTOR('',#12457,1.);
#7482=VECTOR('',#12458,1.);
#7483=VECTOR('',#12459,1.);
#7484=VECTOR('',#12460,1.);
#7485=VECTOR('',#12461,1.);
#7486=VECTOR('',#12462,1.);
#7487=VECTOR('',#12463,1.);
#7488=VECTOR('',#12464,1.);
#7489=VECTOR('',#12465,1.);
#7490=VECTOR('',#12466,1.);
#7491=VECTOR('',#12467,1.);
#7492=VECTOR('',#12468,1.);
#7493=VECTOR('',#12469,1.);
#7494=VECTOR('',#12470,1.);
#7495=VECTOR('',#12471,1.);
#7496=VECTOR('',#12472,1.);
#7497=VECTOR('',#12473,1.);
#7498=VECTOR('',#12474,1.);
#7499=VECTOR('',#12475,1.);
#7500=VECTOR('',#12476,1.);
#7501=VECTOR('',#12477,1.);
#7502=VECTOR('',#12478,1.);
#7503=VECTOR('',#12479,1.);
#7504=VECTOR('',#12480,1.);
#7505=VECTOR('',#12481,1.);
#7506=VECTOR('',#12482,1.);
#7507=VECTOR('',#12483,1.);
#7508=VECTOR('',#12484,1.);
#7509=VECTOR('',#12485,1.);
#7510=VECTOR('',#12486,1.);
#7511=VECTOR('',#12487,1.);
#7512=VECTOR('',#12488,1.);
#7513=VECTOR('',#12489,1.);
#7514=VECTOR('',#12490,1.);
#7515=VECTOR('',#12491,1.);
#7516=VECTOR('',#12492,1.);
#7517=VECTOR('',#12493,1.);
#7518=VECTOR('',#12494,1.);
#7519=VECTOR('',#12495,1.);
#7520=VECTOR('',#12496,1.);
#7521=VECTOR('',#12497,1.);
#7522=VECTOR('',#12498,1.);
#7523=VECTOR('',#12499,1.);
#7524=VECTOR('',#12500,1.);
#7525=VECTOR('',#12501,1.);
#7526=VECTOR('',#12502,1.);
#7527=VECTOR('',#12503,1.);
#7528=VECTOR('',#12504,1.);
#7529=VECTOR('',#12505,1.);
#7530=VECTOR('',#12506,1.);
#7531=VECTOR('',#12507,1.);
#7532=VECTOR('',#12508,1.);
#7533=VECTOR('',#12509,1.);
#7534=VECTOR('',#12510,1.);
#7535=VECTOR('',#12511,1.);
#7536=VECTOR('',#12512,1.);
#7537=VECTOR('',#12513,1.);
#7538=VECTOR('',#12514,1.);
#7539=VECTOR('',#12515,1.);
#7540=VECTOR('',#12516,1.);
#7541=VECTOR('',#12517,1.);
#7542=VECTOR('',#12518,1.);
#7543=VECTOR('',#12519,1.);
#7544=VECTOR('',#12520,1.);
#7545=VECTOR('',#12521,1.);
#7546=VECTOR('',#12522,1.);
#7547=VECTOR('',#12523,1.);
#7548=VECTOR('',#12524,1.);
#7549=VECTOR('',#12525,1.);
#7550=VECTOR('',#12526,1.);
#7551=VECTOR('',#12527,1.);
#7552=VECTOR('',#12528,1.);
#7553=VECTOR('',#12529,1.);
#7554=VECTOR('',#12530,1.);
#7555=VECTOR('',#12531,1.);
#7556=VECTOR('',#12532,1.);
#7557=VECTOR('',#12533,1.);
#7558=VECTOR('',#12534,1.);
#7559=VECTOR('',#12535,1.);
#7560=VECTOR('',#12536,1.);
#7561=VECTOR('',#12537,1.);
#7562=VECTOR('',#12538,1.);
#7563=VECTOR('',#12539,1.);
#7564=VECTOR('',#12540,1.);
#7565=VECTOR('',#12541,1.);
#7566=VECTOR('',#12542,1.);
#7567=VECTOR('',#12543,1.);
#7568=VECTOR('',#12544,1.);
#7569=VECTOR('',#12545,1.);
#7570=VECTOR('',#12546,1.);
#7571=VECTOR('',#12547,1.);
#7572=VECTOR('',#12548,1.);
#7573=VECTOR('',#12549,1.);
#7574=VECTOR('',#12550,1.);
#7575=VECTOR('',#12551,1.);
#7576=VECTOR('',#12552,1.);
#7577=VECTOR('',#12553,1.);
#7578=VECTOR('',#12554,1.);
#7579=VECTOR('',#12555,1.);
#7580=VECTOR('',#12556,1.);
#7581=VECTOR('',#12557,1.);
#7582=VECTOR('',#12560,1.);
#7583=VECTOR('',#12561,1.);
#7584=VECTOR('',#12562,1.);
#7585=VECTOR('',#12563,1.);
#7586=VECTOR('',#12564,1.);
#7587=VECTOR('',#12565,1.);
#7588=VECTOR('',#12566,1.);
#7589=VECTOR('',#12567,1.);
#7590=VECTOR('',#12568,1.);
#7591=VECTOR('',#12569,1.);
#7592=VECTOR('',#12570,1.);
#7593=VECTOR('',#12571,1.);
#7594=VECTOR('',#12572,1.);
#7595=VECTOR('',#12573,1.);
#7596=VECTOR('',#12574,1.);
#7597=VECTOR('',#12575,1.);
#7598=VECTOR('',#12576,1.);
#7599=VECTOR('',#12577,1.);
#7600=VECTOR('',#12578,1.);
#7601=VECTOR('',#12579,1.);
#7602=VECTOR('',#12580,1.);
#7603=VECTOR('',#12583,1.);
#7604=VECTOR('',#12584,1.);
#7605=VECTOR('',#12585,1.);
#7606=VECTOR('',#12588,1.);
#7607=VECTOR('',#12589,1.);
#7608=VECTOR('',#12590,1.);
#7609=VECTOR('',#12591,1.);
#7610=VECTOR('',#12594,1.);
#7611=VECTOR('',#12595,1.);
#7612=VECTOR('',#12596,1.);
#7613=VECTOR('',#12597,1.);
#7614=VECTOR('',#12598,1.);
#7615=VECTOR('',#12599,1.);
#7616=VECTOR('',#12600,1.);
#7617=VECTOR('',#12603,1.);
#7618=VECTOR('',#12604,1.);
#7619=VECTOR('',#12605,1.);
#7620=VECTOR('',#12606,1.);
#7621=VECTOR('',#12607,1.);
#7622=VECTOR('',#12608,1.);
#7623=VECTOR('',#12609,1.);
#7624=VECTOR('',#12610,1.);
#7625=VECTOR('',#12613,1.);
#7626=VECTOR('',#12614,1.);
#7627=VECTOR('',#12615,1.);
#7628=VECTOR('',#12616,1.);
#7629=VECTOR('',#12617,1.);
#7630=VECTOR('',#12618,1.);
#7631=VECTOR('',#12619,1.);
#7632=VECTOR('',#12620,1.);
#7633=VECTOR('',#12621,1.);
#7634=VECTOR('',#12622,1.);
#7635=VECTOR('',#12623,1.);
#7636=VECTOR('',#12624,1.);
#7637=VECTOR('',#12625,1.);
#7638=VECTOR('',#12626,1.);
#7639=VECTOR('',#12627,1.);
#7640=VECTOR('',#12630,1.);
#7641=VECTOR('',#12631,1.);
#7642=VECTOR('',#12632,1.);
#7643=VECTOR('',#12633,1.);
#7644=VECTOR('',#12634,1.);
#7645=VECTOR('',#12635,1.);
#7646=VECTOR('',#12636,1.);
#7647=VECTOR('',#12637,1.);
#7648=VECTOR('',#12638,1.);
#7649=VECTOR('',#12639,1.);
#7650=VECTOR('',#12640,1.);
#7651=VECTOR('',#12641,1.);
#7652=VECTOR('',#12644,1.);
#7653=VECTOR('',#12645,1.);
#7654=VECTOR('',#12646,1.);
#7655=VECTOR('',#12647,1.);
#7656=VECTOR('',#12648,1.);
#7657=VECTOR('',#12649,1.);
#7658=VECTOR('',#12650,1.);
#7659=VECTOR('',#12651,1.);
#7660=VECTOR('',#12652,1.);
#7661=VECTOR('',#12653,1.);
#7662=VECTOR('',#12654,1.);
#7663=VECTOR('',#12655,1.);
#7664=VECTOR('',#12656,1.);
#7665=VECTOR('',#12657,1.);
#7666=VECTOR('',#12660,1.);
#7667=VECTOR('',#12661,1.);
#7668=VECTOR('',#12662,1.);
#7669=VECTOR('',#12663,1.);
#7670=VECTOR('',#12664,1.);
#7671=VECTOR('',#12665,1.);
#7672=VECTOR('',#12666,1.);
#7673=VECTOR('',#12667,1.);
#7674=VECTOR('',#12668,1.);
#7675=VECTOR('',#12669,1.);
#7676=VECTOR('',#12670,1.);
#7677=VECTOR('',#12671,1.);
#7678=VECTOR('',#12672,1.);
#7679=VECTOR('',#12673,1.);
#7680=VECTOR('',#12674,1.);
#7681=VECTOR('',#12675,1.);
#7682=VECTOR('',#12676,1.);
#7683=VECTOR('',#12677,1.);
#7684=VECTOR('',#12678,1.);
#7685=VECTOR('',#12679,1.);
#7686=VECTOR('',#12680,1.);
#7687=VECTOR('',#12681,1.);
#7688=VECTOR('',#12682,1.);
#7689=VECTOR('',#12683,1.);
#7690=VECTOR('',#12684,1.);
#7691=VECTOR('',#12685,1.);
#7692=VECTOR('',#12686,1.);
#7693=VECTOR('',#12687,1.);
#7694=VECTOR('',#12688,1.);
#7695=VECTOR('',#12689,1.);
#7696=VECTOR('',#12690,1.);
#7697=VECTOR('',#12691,1.);
#7698=VECTOR('',#12692,1.);
#7699=VECTOR('',#12693,1.);
#7700=VECTOR('',#12694,1.);
#7701=VECTOR('',#12695,1.);
#7702=VECTOR('',#12696,1.);
#7703=VECTOR('',#12697,1.);
#7704=VECTOR('',#12698,1.);
#7705=VECTOR('',#12699,1.);
#7706=VECTOR('',#12700,1.);
#7707=VECTOR('',#12701,1.);
#7708=VECTOR('',#12702,1.);
#7709=VECTOR('',#12703,1.);
#7710=VECTOR('',#12704,1.);
#7711=VECTOR('',#12705,1.);
#7712=VECTOR('',#12706,1.);
#7713=VECTOR('',#12707,1.);
#7714=VECTOR('',#12708,1.);
#7715=VECTOR('',#12709,1.);
#7716=VECTOR('',#12710,1.);
#7717=VECTOR('',#12711,1.);
#7718=VECTOR('',#12712,1.);
#7719=VECTOR('',#12713,1.);
#7720=VECTOR('',#12714,1.);
#7721=VECTOR('',#12715,1.);
#7722=VECTOR('',#12716,1.);
#7723=VECTOR('',#12717,1.);
#7724=VECTOR('',#12718,1.);
#7725=VECTOR('',#12719,1.);
#7726=VECTOR('',#12720,1.);
#7727=VECTOR('',#12721,1.);
#7728=VECTOR('',#12722,1.);
#7729=VECTOR('',#12723,1.);
#7730=VECTOR('',#12724,1.);
#7731=VECTOR('',#12725,1.);
#7732=VECTOR('',#12726,1.);
#7733=VECTOR('',#12727,1.);
#7734=VECTOR('',#12728,1.);
#7735=VECTOR('',#12729,1.);
#7736=VECTOR('',#12730,1.);
#7737=VECTOR('',#12731,1.);
#7738=VECTOR('',#12732,1.);
#7739=VECTOR('',#12733,1.);
#7740=VECTOR('',#12734,1.);
#7741=VECTOR('',#12735,1.);
#7742=VECTOR('',#12736,1.);
#7743=VECTOR('',#12737,1.);
#7744=VECTOR('',#12738,1.);
#7745=VECTOR('',#12739,1.);
#7746=VECTOR('',#12740,1.);
#7747=VECTOR('',#12741,1.);
#7748=VECTOR('',#12742,1.);
#7749=VECTOR('',#12743,1.);
#7750=VECTOR('',#12744,1.);
#7751=VECTOR('',#12745,1.);
#7752=VECTOR('',#12746,1.);
#7753=VECTOR('',#12747,1.);
#7754=VECTOR('',#12748,1.);
#7755=VECTOR('',#12749,1.);
#7756=VECTOR('',#12750,1.);
#7757=VECTOR('',#12751,1.);
#7758=VECTOR('',#12752,1.);
#7759=VECTOR('',#12753,1.);
#7760=VECTOR('',#12754,1.);
#7761=VECTOR('',#12755,1.);
#7762=VECTOR('',#12756,1.);
#7763=VECTOR('',#12757,1.);
#7764=VECTOR('',#12758,1.);
#7765=VECTOR('',#12759,1.);
#7766=VECTOR('',#12760,1.);
#7767=VECTOR('',#12761,1.);
#7768=VECTOR('',#12762,1.);
#7769=VECTOR('',#12763,1.);
#7770=VECTOR('',#12764,1.);
#7771=VECTOR('',#12765,1.);
#7772=VECTOR('',#12766,1.);
#7773=VECTOR('',#12767,1.);
#7774=VECTOR('',#12768,1.);
#7775=VECTOR('',#12769,1.);
#7776=VECTOR('',#12770,1.);
#7777=VECTOR('',#12771,1.);
#7778=VECTOR('',#12772,1.);
#7779=VECTOR('',#12773,1.);
#7780=VECTOR('',#12774,1.);
#7781=VECTOR('',#12775,1.);
#7782=VECTOR('',#12776,1.);
#7783=VECTOR('',#12777,1.);
#7784=VECTOR('',#12778,1.);
#7785=VECTOR('',#12779,1.);
#7786=VECTOR('',#12780,1.);
#7787=VECTOR('',#12781,1.);
#7788=VECTOR('',#12782,1.);
#7789=VECTOR('',#12783,1.);
#7790=VECTOR('',#12786,1.);
#7791=VECTOR('',#12787,1.);
#7792=VECTOR('',#12790,1.);
#7793=VECTOR('',#12791,1.);
#7794=VECTOR('',#12792,1.);
#7795=VECTOR('',#12793,1.);
#7796=VECTOR('',#12796,1.);
#7797=VECTOR('',#12797,1.);
#7798=VECTOR('',#12800,1.);
#7799=VECTOR('',#12801,1.);
#7800=VECTOR('',#12804,1.);
#7801=VECTOR('',#12809,1.);
#7802=VECTOR('',#12814,1.);
#7803=VECTOR('',#12815,1.);
#7804=VECTOR('',#12818,1.);
#7805=VECTOR('',#12819,1.);
#7806=VECTOR('',#12820,1.);
#7807=VECTOR('',#12821,1.);
#7808=VECTOR('',#12824,1.);
#7809=VECTOR('',#12825,1.);
#7810=VECTOR('',#12828,1.);
#7811=VECTOR('',#12829,1.);
#7812=VECTOR('',#12832,1.);
#7813=VECTOR('',#12837,1.);
#7814=VECTOR('',#12842,1.);
#7815=VECTOR('',#12843,1.);
#7816=VECTOR('',#12844,1.);
#7817=VECTOR('',#12847,1.);
#7818=VECTOR('',#12848,1.);
#7819=VECTOR('',#12851,1.);
#7820=VECTOR('',#12852,1.);
#7821=VECTOR('',#12855,1.);
#7822=VECTOR('',#12860,1.);
#7823=VECTOR('',#12861,1.);
#7824=VECTOR('',#12862,1.);
#7825=VECTOR('',#12865,1.);
#7826=VECTOR('',#12866,1.);
#7827=VECTOR('',#12869,1.);
#7828=VECTOR('',#12870,1.);
#7829=VECTOR('',#12873,1.);
#7830=VECTOR('',#12878,1.);
#7831=VECTOR('',#12879,1.);
#7832=VECTOR('',#12880,1.);
#7833=VECTOR('',#12883,1.);
#7834=VECTOR('',#12884,1.);
#7835=VECTOR('',#12887,1.);
#7836=VECTOR('',#12888,1.);
#7837=VECTOR('',#12891,1.);
#7838=VECTOR('',#12896,1.);
#7839=VECTOR('',#12897,1.);
#7840=VECTOR('',#12898,1.);
#7841=VECTOR('',#12901,1.);
#7842=VECTOR('',#12902,1.);
#7843=VECTOR('',#12905,1.);
#7844=VECTOR('',#12906,1.);
#7845=VECTOR('',#12909,1.);
#7846=VECTOR('',#12914,1.);
#7847=VECTOR('',#12915,1.);
#7848=VECTOR('',#12918,1.);
#7849=VECTOR('',#12921,1.);
#7850=VECTOR('',#12926,1.);
#7851=VECTOR('',#12929,1.);
#7852=VECTOR('',#12934,1.);
#7853=VECTOR('',#12935,1.);
#7854=VECTOR('',#12938,1.);
#7855=VECTOR('',#12943,1.);
#7856=VECTOR('',#12944,1.);
#7857=VECTOR('',#12947,1.);
#7858=VECTOR('',#12950,1.);
#7859=VECTOR('',#12951,1.);
#7860=VECTOR('',#12954,1.);
#7861=VECTOR('',#12955,1.);
#7862=VECTOR('',#12958,1.);
#7863=VECTOR('',#12959,1.);
#7864=VECTOR('',#12962,1.);
#7865=VECTOR('',#12967,1.);
#7866=VECTOR('',#12968,1.);
#7867=VECTOR('',#12971,1.);
#7868=VECTOR('',#12976,1.);
#7869=VECTOR('',#12977,1.);
#7870=VECTOR('',#12980,1.);
#7871=VECTOR('',#12981,1.);
#7872=VECTOR('',#12984,1.);
#7873=VECTOR('',#12989,1.);
#7874=VECTOR('',#12990,1.);
#7875=VECTOR('',#12991,1.);
#7876=VECTOR('',#12994,1.);
#7877=VECTOR('',#12997,1.);
#7878=VECTOR('',#12998,1.);
#7879=VECTOR('',#13001,1.);
#7880=VECTOR('',#13008,1.);
#7881=VECTOR('',#13011,1.);
#7882=VECTOR('',#13016,1.);
#7883=VECTOR('',#13019,1.);
#7884=VECTOR('',#13024,1.);
#7885=VECTOR('',#13027,1.);
#7886=VECTOR('',#13032,1.);
#7887=VECTOR('',#13035,1.);
#7888=VECTOR('',#13040,1.);
#7889=VECTOR('',#13043,1.);
#7890=VECTOR('',#13048,1.);
#7891=VECTOR('',#13051,1.);
#7892=VECTOR('',#13056,1.);
#7893=VECTOR('',#13059,1.);
#7894=VECTOR('',#13064,1.);
#7895=VECTOR('',#13067,1.);
#7896=VECTOR('',#13072,1.);
#7897=VECTOR('',#13075,1.);
#7898=VECTOR('',#13080,1.);
#7899=VECTOR('',#13083,1.);
#7900=VECTOR('',#13088,1.);
#7901=VECTOR('',#13091,1.);
#7902=VECTOR('',#13096,1.);
#7903=VECTOR('',#13099,1.);
#7904=VECTOR('',#13104,1.);
#7905=VECTOR('',#13107,1.);
#7906=VECTOR('',#13112,1.);
#7907=VECTOR('',#13115,1.);
#7908=VECTOR('',#13120,1.);
#7909=VECTOR('',#13123,1.);
#7910=VECTOR('',#13128,1.);
#7911=VECTOR('',#13131,1.);
#7912=VECTOR('',#13136,1.);
#7913=VECTOR('',#13139,1.);
#7914=VECTOR('',#13144,1.);
#7915=VECTOR('',#13147,1.);
#7916=VECTOR('',#13152,1.);
#7917=VECTOR('',#13155,1.);
#7918=VECTOR('',#13160,1.);
#7919=VECTOR('',#13163,1.);
#7920=VECTOR('',#13168,1.);
#7921=VECTOR('',#13171,1.);
#7922=VECTOR('',#13176,1.);
#7923=VECTOR('',#13179,1.);
#7924=VECTOR('',#13184,1.);
#7925=VECTOR('',#13187,1.);
#7926=VECTOR('',#13192,1.);
#7927=VECTOR('',#13195,1.);
#7928=VECTOR('',#13200,1.);
#7929=VECTOR('',#13203,1.);
#7930=VECTOR('',#13208,1.);
#7931=VECTOR('',#13211,1.);
#7932=VECTOR('',#13216,1.);
#7933=VECTOR('',#13219,1.);
#7934=VECTOR('',#13224,1.);
#7935=VECTOR('',#13227,1.);
#7936=VECTOR('',#13232,1.);
#7937=VECTOR('',#13235,1.);
#7938=VECTOR('',#13240,1.);
#7939=VECTOR('',#13243,1.);
#7940=VECTOR('',#13248,1.);
#7941=VECTOR('',#13249,1.);
#7942=VECTOR('',#13258,1.);
#7943=VECTOR('',#13259,1.);
#7944=VECTOR('',#13260,1.);
#7945=VECTOR('',#13261,1.);
#7946=VECTOR('',#13264,1.);
#7947=VECTOR('',#13265,1.);
#7948=VECTOR('',#13266,1.);
#7949=VECTOR('',#13269,1.);
#7950=VECTOR('',#13270,1.);
#7951=VECTOR('',#13271,1.);
#7952=VECTOR('',#13272,1.);
#7953=VECTOR('',#13273,1.);
#7954=VECTOR('',#13274,1.);
#7955=VECTOR('',#13277,1.);
#7956=VECTOR('',#13278,1.);
#7957=VECTOR('',#13279,1.);
#7958=VECTOR('',#13280,1.);
#7959=VECTOR('',#13281,1.);
#7960=VECTOR('',#13282,1.);
#7961=VECTOR('',#13285,1.);
#7962=VECTOR('',#13286,1.);
#7963=VECTOR('',#13287,1.);
#7964=VECTOR('',#13288,1.);
#7965=VECTOR('',#13289,1.);
#7966=VECTOR('',#13292,1.);
#7967=VECTOR('',#13293,1.);
#7968=VECTOR('',#13298,1.);
#7969=VECTOR('',#13299,1.);
#7970=VECTOR('',#13300,1.);
#7971=VECTOR('',#13303,1.);
#7972=VECTOR('',#13314,1.);
#7973=VECTOR('',#13315,1.);
#7974=VECTOR('',#13316,1.);
#7975=VECTOR('',#13317,1.);
#7976=VECTOR('',#13320,1.);
#7977=VECTOR('',#13321,1.);
#7978=VECTOR('',#13322,1.);
#7979=VECTOR('',#13325,1.);
#7980=VECTOR('',#13326,1.);
#7981=VECTOR('',#13327,1.);
#7982=VECTOR('',#13328,1.);
#7983=VECTOR('',#13329,1.);
#7984=VECTOR('',#13330,1.);
#7985=VECTOR('',#13333,1.);
#7986=VECTOR('',#13334,1.);
#7987=VECTOR('',#13335,1.);
#7988=VECTOR('',#13336,1.);
#7989=VECTOR('',#13337,1.);
#7990=VECTOR('',#13338,1.);
#7991=VECTOR('',#13341,1.);
#7992=VECTOR('',#13342,1.);
#7993=VECTOR('',#13343,1.);
#7994=VECTOR('',#13344,1.);
#7995=VECTOR('',#13345,1.);
#7996=VECTOR('',#13348,1.);
#7997=VECTOR('',#13349,1.);
#7998=VECTOR('',#13354,1.);
#7999=VECTOR('',#13355,1.);
#8000=VECTOR('',#13356,1.);
#8001=VECTOR('',#13359,1.);
#8002=VECTOR('',#13370,1.);
#8003=VECTOR('',#13371,1.);
#8004=VECTOR('',#13372,1.);
#8005=VECTOR('',#13373,1.);
#8006=VECTOR('',#13376,1.);
#8007=VECTOR('',#13377,1.);
#8008=VECTOR('',#13378,1.);
#8009=VECTOR('',#13381,1.);
#8010=VECTOR('',#13382,1.);
#8011=VECTOR('',#13383,1.);
#8012=VECTOR('',#13384,1.);
#8013=VECTOR('',#13385,1.);
#8014=VECTOR('',#13386,1.);
#8015=VECTOR('',#13389,1.);
#8016=VECTOR('',#13390,1.);
#8017=VECTOR('',#13391,1.);
#8018=VECTOR('',#13392,1.);
#8019=VECTOR('',#13393,1.);
#8020=VECTOR('',#13394,1.);
#8021=VECTOR('',#13397,1.);
#8022=VECTOR('',#13398,1.);
#8023=VECTOR('',#13399,1.);
#8024=VECTOR('',#13400,1.);
#8025=VECTOR('',#13401,1.);
#8026=VECTOR('',#13404,1.);
#8027=VECTOR('',#13405,1.);
#8028=VECTOR('',#13410,1.);
#8029=VECTOR('',#13411,1.);
#8030=VECTOR('',#13412,1.);
#8031=VECTOR('',#13415,1.);
#8032=VECTOR('',#13426,1.);
#8033=VECTOR('',#13427,1.);
#8034=VECTOR('',#13428,1.);
#8035=VECTOR('',#13429,1.);
#8036=VECTOR('',#13432,1.);
#8037=VECTOR('',#13433,1.);
#8038=VECTOR('',#13434,1.);
#8039=VECTOR('',#13437,1.);
#8040=VECTOR('',#13438,1.);
#8041=VECTOR('',#13439,1.);
#8042=VECTOR('',#13440,1.);
#8043=VECTOR('',#13441,1.);
#8044=VECTOR('',#13442,1.);
#8045=VECTOR('',#13445,1.);
#8046=VECTOR('',#13446,1.);
#8047=VECTOR('',#13447,1.);
#8048=VECTOR('',#13448,1.);
#8049=VECTOR('',#13449,1.);
#8050=VECTOR('',#13450,1.);
#8051=VECTOR('',#13453,1.);
#8052=VECTOR('',#13454,1.);
#8053=VECTOR('',#13455,1.);
#8054=VECTOR('',#13456,1.);
#8055=VECTOR('',#13457,1.);
#8056=VECTOR('',#13460,1.);
#8057=VECTOR('',#13461,1.);
#8058=VECTOR('',#13466,1.);
#8059=VECTOR('',#13467,1.);
#8060=VECTOR('',#13468,1.);
#8061=VECTOR('',#13471,1.);
#8062=VECTOR('',#13482,1.);
#8063=VECTOR('',#13483,1.);
#8064=VECTOR('',#13484,1.);
#8065=VECTOR('',#13485,1.);
#8066=VECTOR('',#13488,1.);
#8067=VECTOR('',#13489,1.);
#8068=VECTOR('',#13490,1.);
#8069=VECTOR('',#13493,1.);
#8070=VECTOR('',#13494,1.);
#8071=VECTOR('',#13495,1.);
#8072=VECTOR('',#13496,1.);
#8073=VECTOR('',#13497,1.);
#8074=VECTOR('',#13498,1.);
#8075=VECTOR('',#13501,1.);
#8076=VECTOR('',#13502,1.);
#8077=VECTOR('',#13503,1.);
#8078=VECTOR('',#13504,1.);
#8079=VECTOR('',#13505,1.);
#8080=VECTOR('',#13506,1.);
#8081=VECTOR('',#13509,1.);
#8082=VECTOR('',#13510,1.);
#8083=VECTOR('',#13511,1.);
#8084=VECTOR('',#13512,1.);
#8085=VECTOR('',#13513,1.);
#8086=VECTOR('',#13516,1.);
#8087=VECTOR('',#13517,1.);
#8088=VECTOR('',#13522,1.);
#8089=VECTOR('',#13523,1.);
#8090=VECTOR('',#13524,1.);
#8091=VECTOR('',#13527,1.);
#8092=VECTOR('',#13538,1.);
#8093=VECTOR('',#13539,1.);
#8094=VECTOR('',#13540,1.);
#8095=VECTOR('',#13541,1.);
#8096=VECTOR('',#13544,1.);
#8097=VECTOR('',#13545,1.);
#8098=VECTOR('',#13546,1.);
#8099=VECTOR('',#13549,1.);
#8100=VECTOR('',#13550,1.);
#8101=VECTOR('',#13551,1.);
#8102=VECTOR('',#13552,1.);
#8103=VECTOR('',#13553,1.);
#8104=VECTOR('',#13554,1.);
#8105=VECTOR('',#13557,1.);
#8106=VECTOR('',#13558,1.);
#8107=VECTOR('',#13559,1.);
#8108=VECTOR('',#13560,1.);
#8109=VECTOR('',#13561,1.);
#8110=VECTOR('',#13562,1.);
#8111=VECTOR('',#13565,1.);
#8112=VECTOR('',#13566,1.);
#8113=VECTOR('',#13567,1.);
#8114=VECTOR('',#13568,1.);
#8115=VECTOR('',#13569,1.);
#8116=VECTOR('',#13572,1.);
#8117=VECTOR('',#13573,1.);
#8118=VECTOR('',#13578,1.);
#8119=VECTOR('',#13579,1.);
#8120=VECTOR('',#13580,1.);
#8121=VECTOR('',#13583,1.);
#8122=VECTOR('',#13594,1.);
#8123=VECTOR('',#13595,1.);
#8124=VECTOR('',#13596,1.);
#8125=VECTOR('',#13597,1.);
#8126=VECTOR('',#13600,1.);
#8127=VECTOR('',#13601,1.);
#8128=VECTOR('',#13602,1.);
#8129=VECTOR('',#13605,1.);
#8130=VECTOR('',#13606,1.);
#8131=VECTOR('',#13607,1.);
#8132=VECTOR('',#13608,1.);
#8133=VECTOR('',#13609,1.);
#8134=VECTOR('',#13610,1.);
#8135=VECTOR('',#13613,1.);
#8136=VECTOR('',#13614,1.);
#8137=VECTOR('',#13615,1.);
#8138=VECTOR('',#13616,1.);
#8139=VECTOR('',#13617,1.);
#8140=VECTOR('',#13618,1.);
#8141=VECTOR('',#13621,1.);
#8142=VECTOR('',#13622,1.);
#8143=VECTOR('',#13623,1.);
#8144=VECTOR('',#13624,1.);
#8145=VECTOR('',#13625,1.);
#8146=VECTOR('',#13628,1.);
#8147=VECTOR('',#13629,1.);
#8148=VECTOR('',#13634,1.);
#8149=VECTOR('',#13635,1.);
#8150=VECTOR('',#13636,1.);
#8151=VECTOR('',#13639,1.);
#8152=VECTOR('',#13650,1.);
#8153=VECTOR('',#13651,1.);
#8154=VECTOR('',#13652,1.);
#8155=VECTOR('',#13653,1.);
#8156=VECTOR('',#13656,1.);
#8157=VECTOR('',#13657,1.);
#8158=VECTOR('',#13658,1.);
#8159=VECTOR('',#13661,1.);
#8160=VECTOR('',#13662,1.);
#8161=VECTOR('',#13663,1.);
#8162=VECTOR('',#13664,1.);
#8163=VECTOR('',#13665,1.);
#8164=VECTOR('',#13666,1.);
#8165=VECTOR('',#13669,1.);
#8166=VECTOR('',#13670,1.);
#8167=VECTOR('',#13671,1.);
#8168=VECTOR('',#13672,1.);
#8169=VECTOR('',#13673,1.);
#8170=VECTOR('',#13674,1.);
#8171=VECTOR('',#13677,1.);
#8172=VECTOR('',#13678,1.);
#8173=VECTOR('',#13679,1.);
#8174=VECTOR('',#13680,1.);
#8175=VECTOR('',#13681,1.);
#8176=VECTOR('',#13684,1.);
#8177=VECTOR('',#13685,1.);
#8178=VECTOR('',#13690,1.);
#8179=VECTOR('',#13691,1.);
#8180=VECTOR('',#13692,1.);
#8181=VECTOR('',#13695,1.);
#8182=VECTOR('',#13706,1.);
#8183=VECTOR('',#13707,1.);
#8184=VECTOR('',#13708,1.);
#8185=VECTOR('',#13709,1.);
#8186=VECTOR('',#13712,1.);
#8187=VECTOR('',#13713,1.);
#8188=VECTOR('',#13714,1.);
#8189=VECTOR('',#13717,1.);
#8190=VECTOR('',#13718,1.);
#8191=VECTOR('',#13719,1.);
#8192=VECTOR('',#13720,1.);
#8193=VECTOR('',#13721,1.);
#8194=VECTOR('',#13722,1.);
#8195=VECTOR('',#13725,1.);
#8196=VECTOR('',#13726,1.);
#8197=VECTOR('',#13727,1.);
#8198=VECTOR('',#13728,1.);
#8199=VECTOR('',#13729,1.);
#8200=VECTOR('',#13730,1.);
#8201=VECTOR('',#13733,1.);
#8202=VECTOR('',#13734,1.);
#8203=VECTOR('',#13735,1.);
#8204=VECTOR('',#13736,1.);
#8205=VECTOR('',#13737,1.);
#8206=VECTOR('',#13740,1.);
#8207=VECTOR('',#13741,1.);
#8208=VECTOR('',#13746,1.);
#8209=VECTOR('',#13747,1.);
#8210=VECTOR('',#13748,1.);
#8211=VECTOR('',#13751,1.);
#8212=VECTOR('',#13762,1.);
#8213=VECTOR('',#13763,1.);
#8214=VECTOR('',#13764,1.);
#8215=VECTOR('',#13765,1.);
#8216=VECTOR('',#13768,1.);
#8217=VECTOR('',#13769,1.);
#8218=VECTOR('',#13770,1.);
#8219=VECTOR('',#13773,1.);
#8220=VECTOR('',#13774,1.);
#8221=VECTOR('',#13775,1.);
#8222=VECTOR('',#13776,1.);
#8223=VECTOR('',#13777,1.);
#8224=VECTOR('',#13778,1.);
#8225=VECTOR('',#13781,1.);
#8226=VECTOR('',#13782,1.);
#8227=VECTOR('',#13783,1.);
#8228=VECTOR('',#13784,1.);
#8229=VECTOR('',#13785,1.);
#8230=VECTOR('',#13786,1.);
#8231=VECTOR('',#13789,1.);
#8232=VECTOR('',#13790,1.);
#8233=VECTOR('',#13791,1.);
#8234=VECTOR('',#13792,1.);
#8235=VECTOR('',#13793,1.);
#8236=VECTOR('',#13796,1.);
#8237=VECTOR('',#13797,1.);
#8238=VECTOR('',#13802,1.);
#8239=VECTOR('',#13803,1.);
#8240=VECTOR('',#13804,1.);
#8241=VECTOR('',#13807,1.);
#8242=VECTOR('',#13818,1.);
#8243=VECTOR('',#13819,1.);
#8244=VECTOR('',#13820,1.);
#8245=VECTOR('',#13821,1.);
#8246=VECTOR('',#13824,1.);
#8247=VECTOR('',#13825,1.);
#8248=VECTOR('',#13826,1.);
#8249=VECTOR('',#13829,1.);
#8250=VECTOR('',#13830,1.);
#8251=VECTOR('',#13831,1.);
#8252=VECTOR('',#13832,1.);
#8253=VECTOR('',#13833,1.);
#8254=VECTOR('',#13834,1.);
#8255=VECTOR('',#13837,1.);
#8256=VECTOR('',#13838,1.);
#8257=VECTOR('',#13839,1.);
#8258=VECTOR('',#13840,1.);
#8259=VECTOR('',#13841,1.);
#8260=VECTOR('',#13842,1.);
#8261=VECTOR('',#13845,1.);
#8262=VECTOR('',#13846,1.);
#8263=VECTOR('',#13847,1.);
#8264=VECTOR('',#13848,1.);
#8265=VECTOR('',#13849,1.);
#8266=VECTOR('',#13852,1.);
#8267=VECTOR('',#13853,1.);
#8268=VECTOR('',#13858,1.);
#8269=VECTOR('',#13859,1.);
#8270=VECTOR('',#13860,1.);
#8271=VECTOR('',#13863,1.);
#8272=VECTOR('',#13874,1.);
#8273=VECTOR('',#13875,1.);
#8274=VECTOR('',#13876,1.);
#8275=VECTOR('',#13877,1.);
#8276=VECTOR('',#13880,1.);
#8277=VECTOR('',#13881,1.);
#8278=VECTOR('',#13882,1.);
#8279=VECTOR('',#13885,1.);
#8280=VECTOR('',#13886,1.);
#8281=VECTOR('',#13887,1.);
#8282=VECTOR('',#13888,1.);
#8283=VECTOR('',#13889,1.);
#8284=VECTOR('',#13890,1.);
#8285=VECTOR('',#13893,1.);
#8286=VECTOR('',#13894,1.);
#8287=VECTOR('',#13895,1.);
#8288=VECTOR('',#13896,1.);
#8289=VECTOR('',#13897,1.);
#8290=VECTOR('',#13898,1.);
#8291=VECTOR('',#13901,1.);
#8292=VECTOR('',#13902,1.);
#8293=VECTOR('',#13903,1.);
#8294=VECTOR('',#13904,1.);
#8295=VECTOR('',#13905,1.);
#8296=VECTOR('',#13908,1.);
#8297=VECTOR('',#13909,1.);
#8298=VECTOR('',#13914,1.);
#8299=VECTOR('',#13915,1.);
#8300=VECTOR('',#13916,1.);
#8301=VECTOR('',#13919,1.);
#8302=VECTOR('',#13930,1.);
#8303=VECTOR('',#13931,1.);
#8304=VECTOR('',#13932,1.);
#8305=VECTOR('',#13933,1.);
#8306=VECTOR('',#13936,1.);
#8307=VECTOR('',#13937,1.);
#8308=VECTOR('',#13938,1.);
#8309=VECTOR('',#13941,1.);
#8310=VECTOR('',#13942,1.);
#8311=VECTOR('',#13943,1.);
#8312=VECTOR('',#13944,1.);
#8313=VECTOR('',#13945,1.);
#8314=VECTOR('',#13946,1.);
#8315=VECTOR('',#13949,1.);
#8316=VECTOR('',#13950,1.);
#8317=VECTOR('',#13951,1.);
#8318=VECTOR('',#13952,1.);
#8319=VECTOR('',#13953,1.);
#8320=VECTOR('',#13954,1.);
#8321=VECTOR('',#13957,1.);
#8322=VECTOR('',#13958,1.);
#8323=VECTOR('',#13959,1.);
#8324=VECTOR('',#13960,1.);
#8325=VECTOR('',#13961,1.);
#8326=VECTOR('',#13964,1.);
#8327=VECTOR('',#13965,1.);
#8328=VECTOR('',#13970,1.);
#8329=VECTOR('',#13971,1.);
#8330=VECTOR('',#13972,1.);
#8331=VECTOR('',#13975,1.);
#8332=VECTOR('',#13986,1.);
#8333=VECTOR('',#13987,1.);
#8334=VECTOR('',#13988,1.);
#8335=VECTOR('',#13989,1.);
#8336=VECTOR('',#13992,1.);
#8337=VECTOR('',#13993,1.);
#8338=VECTOR('',#13994,1.);
#8339=VECTOR('',#13997,1.);
#8340=VECTOR('',#13998,1.);
#8341=VECTOR('',#13999,1.);
#8342=VECTOR('',#14000,1.);
#8343=VECTOR('',#14001,1.);
#8344=VECTOR('',#14002,1.);
#8345=VECTOR('',#14005,1.);
#8346=VECTOR('',#14006,1.);
#8347=VECTOR('',#14007,1.);
#8348=VECTOR('',#14008,1.);
#8349=VECTOR('',#14009,1.);
#8350=VECTOR('',#14010,1.);
#8351=VECTOR('',#14013,1.);
#8352=VECTOR('',#14014,1.);
#8353=VECTOR('',#14015,1.);
#8354=VECTOR('',#14016,1.);
#8355=VECTOR('',#14017,1.);
#8356=VECTOR('',#14020,1.);
#8357=VECTOR('',#14021,1.);
#8358=VECTOR('',#14026,1.);
#8359=VECTOR('',#14027,1.);
#8360=VECTOR('',#14028,1.);
#8361=VECTOR('',#14031,1.);
#8362=VECTOR('',#14042,1.);
#8363=VECTOR('',#14043,1.);
#8364=VECTOR('',#14044,1.);
#8365=VECTOR('',#14045,1.);
#8366=VECTOR('',#14048,1.);
#8367=VECTOR('',#14049,1.);
#8368=VECTOR('',#14050,1.);
#8369=VECTOR('',#14053,1.);
#8370=VECTOR('',#14054,1.);
#8371=VECTOR('',#14055,1.);
#8372=VECTOR('',#14056,1.);
#8373=VECTOR('',#14057,1.);
#8374=VECTOR('',#14058,1.);
#8375=VECTOR('',#14061,1.);
#8376=VECTOR('',#14062,1.);
#8377=VECTOR('',#14063,1.);
#8378=VECTOR('',#14064,1.);
#8379=VECTOR('',#14065,1.);
#8380=VECTOR('',#14066,1.);
#8381=VECTOR('',#14069,1.);
#8382=VECTOR('',#14070,1.);
#8383=VECTOR('',#14071,1.);
#8384=VECTOR('',#14072,1.);
#8385=VECTOR('',#14073,1.);
#8386=VECTOR('',#14076,1.);
#8387=VECTOR('',#14077,1.);
#8388=VECTOR('',#14082,1.);
#8389=VECTOR('',#14083,1.);
#8390=VECTOR('',#14084,1.);
#8391=VECTOR('',#14087,1.);
#8392=VECTOR('',#14098,1.);
#8393=VECTOR('',#14099,1.);
#8394=VECTOR('',#14100,1.);
#8395=VECTOR('',#14101,1.);
#8396=VECTOR('',#14104,1.);
#8397=VECTOR('',#14105,1.);
#8398=VECTOR('',#14106,1.);
#8399=VECTOR('',#14109,1.);
#8400=VECTOR('',#14110,1.);
#8401=VECTOR('',#14111,1.);
#8402=VECTOR('',#14112,1.);
#8403=VECTOR('',#14113,1.);
#8404=VECTOR('',#14114,1.);
#8405=VECTOR('',#14117,1.);
#8406=VECTOR('',#14118,1.);
#8407=VECTOR('',#14119,1.);
#8408=VECTOR('',#14120,1.);
#8409=VECTOR('',#14121,1.);
#8410=VECTOR('',#14122,1.);
#8411=VECTOR('',#14125,1.);
#8412=VECTOR('',#14126,1.);
#8413=VECTOR('',#14127,1.);
#8414=VECTOR('',#14128,1.);
#8415=VECTOR('',#14129,1.);
#8416=VECTOR('',#14132,1.);
#8417=VECTOR('',#14133,1.);
#8418=VECTOR('',#14138,1.);
#8419=VECTOR('',#14139,1.);
#8420=VECTOR('',#14140,1.);
#8421=VECTOR('',#14143,1.);
#8422=VECTOR('',#14154,1.);
#8423=VECTOR('',#14155,1.);
#8424=VECTOR('',#14156,1.);
#8425=VECTOR('',#14157,1.);
#8426=VECTOR('',#14160,1.);
#8427=VECTOR('',#14161,1.);
#8428=VECTOR('',#14162,1.);
#8429=VECTOR('',#14165,1.);
#8430=VECTOR('',#14166,1.);
#8431=VECTOR('',#14167,1.);
#8432=VECTOR('',#14168,1.);
#8433=VECTOR('',#14169,1.);
#8434=VECTOR('',#14170,1.);
#8435=VECTOR('',#14173,1.);
#8436=VECTOR('',#14174,1.);
#8437=VECTOR('',#14175,1.);
#8438=VECTOR('',#14176,1.);
#8439=VECTOR('',#14177,1.);
#8440=VECTOR('',#14178,1.);
#8441=VECTOR('',#14181,1.);
#8442=VECTOR('',#14182,1.);
#8443=VECTOR('',#14183,1.);
#8444=VECTOR('',#14184,1.);
#8445=VECTOR('',#14185,1.);
#8446=VECTOR('',#14188,1.);
#8447=VECTOR('',#14189,1.);
#8448=VECTOR('',#14194,1.);
#8449=VECTOR('',#14195,1.);
#8450=VECTOR('',#14196,1.);
#8451=VECTOR('',#14199,1.);
#8452=VECTOR('',#14210,1.);
#8453=VECTOR('',#14211,1.);
#8454=VECTOR('',#14212,1.);
#8455=VECTOR('',#14213,1.);
#8456=VECTOR('',#14216,1.);
#8457=VECTOR('',#14217,1.);
#8458=VECTOR('',#14218,1.);
#8459=VECTOR('',#14221,1.);
#8460=VECTOR('',#14222,1.);
#8461=VECTOR('',#14223,1.);
#8462=VECTOR('',#14224,1.);
#8463=VECTOR('',#14225,1.);
#8464=VECTOR('',#14226,1.);
#8465=VECTOR('',#14229,1.);
#8466=VECTOR('',#14230,1.);
#8467=VECTOR('',#14231,1.);
#8468=VECTOR('',#14232,1.);
#8469=VECTOR('',#14233,1.);
#8470=VECTOR('',#14234,1.);
#8471=VECTOR('',#14237,1.);
#8472=VECTOR('',#14238,1.);
#8473=VECTOR('',#14239,1.);
#8474=VECTOR('',#14240,1.);
#8475=VECTOR('',#14241,1.);
#8476=VECTOR('',#14244,1.);
#8477=VECTOR('',#14245,1.);
#8478=VECTOR('',#14250,1.);
#8479=VECTOR('',#14251,1.);
#8480=VECTOR('',#14252,1.);
#8481=VECTOR('',#14255,1.);
#8482=VECTOR('',#14266,1.);
#8483=VECTOR('',#14267,1.);
#8484=VECTOR('',#14268,1.);
#8485=VECTOR('',#14269,1.);
#8486=VECTOR('',#14272,1.);
#8487=VECTOR('',#14273,1.);
#8488=VECTOR('',#14274,1.);
#8489=VECTOR('',#14277,1.);
#8490=VECTOR('',#14278,1.);
#8491=VECTOR('',#14279,1.);
#8492=VECTOR('',#14280,1.);
#8493=VECTOR('',#14281,1.);
#8494=VECTOR('',#14282,1.);
#8495=VECTOR('',#14285,1.);
#8496=VECTOR('',#14286,1.);
#8497=VECTOR('',#14287,1.);
#8498=VECTOR('',#14288,1.);
#8499=VECTOR('',#14289,1.);
#8500=VECTOR('',#14290,1.);
#8501=VECTOR('',#14293,1.);
#8502=VECTOR('',#14294,1.);
#8503=VECTOR('',#14295,1.);
#8504=VECTOR('',#14296,1.);
#8505=VECTOR('',#14297,1.);
#8506=VECTOR('',#14300,1.);
#8507=VECTOR('',#14301,1.);
#8508=VECTOR('',#14306,1.);
#8509=VECTOR('',#14307,1.);
#8510=VECTOR('',#14308,1.);
#8511=VECTOR('',#14311,1.);
#8512=VECTOR('',#14322,1.);
#8513=VECTOR('',#14323,1.);
#8514=VECTOR('',#14324,1.);
#8515=VECTOR('',#14325,1.);
#8516=VECTOR('',#14328,1.);
#8517=VECTOR('',#14329,1.);
#8518=VECTOR('',#14330,1.);
#8519=VECTOR('',#14333,1.);
#8520=VECTOR('',#14334,1.);
#8521=VECTOR('',#14335,1.);
#8522=VECTOR('',#14336,1.);
#8523=VECTOR('',#14337,1.);
#8524=VECTOR('',#14338,1.);
#8525=VECTOR('',#14341,1.);
#8526=VECTOR('',#14342,1.);
#8527=VECTOR('',#14343,1.);
#8528=VECTOR('',#14344,1.);
#8529=VECTOR('',#14345,1.);
#8530=VECTOR('',#14346,1.);
#8531=VECTOR('',#14349,1.);
#8532=VECTOR('',#14350,1.);
#8533=VECTOR('',#14351,1.);
#8534=VECTOR('',#14352,1.);
#8535=VECTOR('',#14353,1.);
#8536=VECTOR('',#14356,1.);
#8537=VECTOR('',#14357,1.);
#8538=VECTOR('',#14362,1.);
#8539=VECTOR('',#14363,1.);
#8540=VECTOR('',#14364,1.);
#8541=VECTOR('',#14367,1.);
#8542=VECTOR('',#14378,1.);
#8543=VECTOR('',#14379,1.);
#8544=VECTOR('',#14380,1.);
#8545=VECTOR('',#14381,1.);
#8546=VECTOR('',#14384,1.);
#8547=VECTOR('',#14385,1.);
#8548=VECTOR('',#14386,1.);
#8549=VECTOR('',#14389,1.);
#8550=VECTOR('',#14390,1.);
#8551=VECTOR('',#14391,1.);
#8552=VECTOR('',#14392,1.);
#8553=VECTOR('',#14393,1.);
#8554=VECTOR('',#14394,1.);
#8555=VECTOR('',#14397,1.);
#8556=VECTOR('',#14398,1.);
#8557=VECTOR('',#14399,1.);
#8558=VECTOR('',#14400,1.);
#8559=VECTOR('',#14401,1.);
#8560=VECTOR('',#14402,1.);
#8561=VECTOR('',#14405,1.);
#8562=VECTOR('',#14406,1.);
#8563=VECTOR('',#14407,1.);
#8564=VECTOR('',#14408,1.);
#8565=VECTOR('',#14409,1.);
#8566=VECTOR('',#14412,1.);
#8567=VECTOR('',#14413,1.);
#8568=VECTOR('',#14418,1.);
#8569=VECTOR('',#14419,1.);
#8570=VECTOR('',#14420,1.);
#8571=VECTOR('',#14423,1.);
#8572=VECTOR('',#14434,1.);
#8573=VECTOR('',#14435,1.);
#8574=VECTOR('',#14436,1.);
#8575=VECTOR('',#14437,1.);
#8576=VECTOR('',#14440,1.);
#8577=VECTOR('',#14441,1.);
#8578=VECTOR('',#14442,1.);
#8579=VECTOR('',#14445,1.);
#8580=VECTOR('',#14446,1.);
#8581=VECTOR('',#14447,1.);
#8582=VECTOR('',#14448,1.);
#8583=VECTOR('',#14449,1.);
#8584=VECTOR('',#14450,1.);
#8585=VECTOR('',#14453,1.);
#8586=VECTOR('',#14454,1.);
#8587=VECTOR('',#14455,1.);
#8588=VECTOR('',#14456,1.);
#8589=VECTOR('',#14457,1.);
#8590=VECTOR('',#14458,1.);
#8591=VECTOR('',#14461,1.);
#8592=VECTOR('',#14462,1.);
#8593=VECTOR('',#14463,1.);
#8594=VECTOR('',#14464,1.);
#8595=VECTOR('',#14465,1.);
#8596=VECTOR('',#14468,1.);
#8597=VECTOR('',#14469,1.);
#8598=VECTOR('',#14474,1.);
#8599=VECTOR('',#14475,1.);
#8600=VECTOR('',#14476,1.);
#8601=VECTOR('',#14479,1.);
#8602=VECTOR('',#14490,1.);
#8603=VECTOR('',#14491,1.);
#8604=VECTOR('',#14492,1.);
#8605=VECTOR('',#14493,1.);
#8606=VECTOR('',#14496,1.);
#8607=VECTOR('',#14497,1.);
#8608=VECTOR('',#14498,1.);
#8609=VECTOR('',#14501,1.);
#8610=VECTOR('',#14502,1.);
#8611=VECTOR('',#14503,1.);
#8612=VECTOR('',#14504,1.);
#8613=VECTOR('',#14505,1.);
#8614=VECTOR('',#14506,1.);
#8615=VECTOR('',#14509,1.);
#8616=VECTOR('',#14510,1.);
#8617=VECTOR('',#14511,1.);
#8618=VECTOR('',#14512,1.);
#8619=VECTOR('',#14513,1.);
#8620=VECTOR('',#14514,1.);
#8621=VECTOR('',#14517,1.);
#8622=VECTOR('',#14518,1.);
#8623=VECTOR('',#14519,1.);
#8624=VECTOR('',#14520,1.);
#8625=VECTOR('',#14521,1.);
#8626=VECTOR('',#14524,1.);
#8627=VECTOR('',#14525,1.);
#8628=VECTOR('',#14530,1.);
#8629=VECTOR('',#14531,1.);
#8630=VECTOR('',#14532,1.);
#8631=VECTOR('',#14535,1.);
#8632=VECTOR('',#14546,1.);
#8633=VECTOR('',#14547,1.);
#8634=VECTOR('',#14548,1.);
#8635=VECTOR('',#14549,1.);
#8636=VECTOR('',#14552,1.);
#8637=VECTOR('',#14553,1.);
#8638=VECTOR('',#14554,1.);
#8639=VECTOR('',#14557,1.);
#8640=VECTOR('',#14558,1.);
#8641=VECTOR('',#14559,1.);
#8642=VECTOR('',#14560,1.);
#8643=VECTOR('',#14561,1.);
#8644=VECTOR('',#14562,1.);
#8645=VECTOR('',#14565,1.);
#8646=VECTOR('',#14566,1.);
#8647=VECTOR('',#14567,1.);
#8648=VECTOR('',#14568,1.);
#8649=VECTOR('',#14569,1.);
#8650=VECTOR('',#14570,1.);
#8651=VECTOR('',#14573,1.);
#8652=VECTOR('',#14574,1.);
#8653=VECTOR('',#14575,1.);
#8654=VECTOR('',#14576,1.);
#8655=VECTOR('',#14577,1.);
#8656=VECTOR('',#14580,1.);
#8657=VECTOR('',#14581,1.);
#8658=VECTOR('',#14586,1.);
#8659=VECTOR('',#14587,1.);
#8660=VECTOR('',#14588,1.);
#8661=VECTOR('',#14591,1.);
#8662=VECTOR('',#14602,1.);
#8663=VECTOR('',#14603,1.);
#8664=VECTOR('',#14604,1.);
#8665=VECTOR('',#14605,1.);
#8666=VECTOR('',#14608,1.);
#8667=VECTOR('',#14609,1.);
#8668=VECTOR('',#14610,1.);
#8669=VECTOR('',#14613,1.);
#8670=VECTOR('',#14614,1.);
#8671=VECTOR('',#14615,1.);
#8672=VECTOR('',#14616,1.);
#8673=VECTOR('',#14617,1.);
#8674=VECTOR('',#14618,1.);
#8675=VECTOR('',#14621,1.);
#8676=VECTOR('',#14622,1.);
#8677=VECTOR('',#14623,1.);
#8678=VECTOR('',#14624,1.);
#8679=VECTOR('',#14625,1.);
#8680=VECTOR('',#14626,1.);
#8681=VECTOR('',#14629,1.);
#8682=VECTOR('',#14630,1.);
#8683=VECTOR('',#14631,1.);
#8684=VECTOR('',#14632,1.);
#8685=VECTOR('',#14633,1.);
#8686=VECTOR('',#14636,1.);
#8687=VECTOR('',#14637,1.);
#8688=VECTOR('',#14642,1.);
#8689=VECTOR('',#14643,1.);
#8690=VECTOR('',#14644,1.);
#8691=VECTOR('',#14647,1.);
#8692=VECTOR('',#14658,1.);
#8693=VECTOR('',#14659,1.);
#8694=VECTOR('',#14660,1.);
#8695=VECTOR('',#14661,1.);
#8696=VECTOR('',#14664,1.);
#8697=VECTOR('',#14665,1.);
#8698=VECTOR('',#14666,1.);
#8699=VECTOR('',#14669,1.);
#8700=VECTOR('',#14670,1.);
#8701=VECTOR('',#14671,1.);
#8702=VECTOR('',#14672,1.);
#8703=VECTOR('',#14673,1.);
#8704=VECTOR('',#14674,1.);
#8705=VECTOR('',#14677,1.);
#8706=VECTOR('',#14678,1.);
#8707=VECTOR('',#14679,1.);
#8708=VECTOR('',#14680,1.);
#8709=VECTOR('',#14681,1.);
#8710=VECTOR('',#14682,1.);
#8711=VECTOR('',#14685,1.);
#8712=VECTOR('',#14686,1.);
#8713=VECTOR('',#14687,1.);
#8714=VECTOR('',#14688,1.);
#8715=VECTOR('',#14689,1.);
#8716=VECTOR('',#14692,1.);
#8717=VECTOR('',#14693,1.);
#8718=VECTOR('',#14698,1.);
#8719=VECTOR('',#14699,1.);
#8720=VECTOR('',#14700,1.);
#8721=VECTOR('',#14703,1.);
#8722=VECTOR('',#14714,1.);
#8723=VECTOR('',#14715,1.);
#8724=VECTOR('',#14716,1.);
#8725=VECTOR('',#14717,1.);
#8726=VECTOR('',#14720,1.);
#8727=VECTOR('',#14721,1.);
#8728=VECTOR('',#14722,1.);
#8729=VECTOR('',#14725,1.);
#8730=VECTOR('',#14726,1.);
#8731=VECTOR('',#14727,1.);
#8732=VECTOR('',#14728,1.);
#8733=VECTOR('',#14729,1.);
#8734=VECTOR('',#14730,1.);
#8735=VECTOR('',#14733,1.);
#8736=VECTOR('',#14734,1.);
#8737=VECTOR('',#14735,1.);
#8738=VECTOR('',#14736,1.);
#8739=VECTOR('',#14737,1.);
#8740=VECTOR('',#14738,1.);
#8741=VECTOR('',#14741,1.);
#8742=VECTOR('',#14742,1.);
#8743=VECTOR('',#14743,1.);
#8744=VECTOR('',#14744,1.);
#8745=VECTOR('',#14745,1.);
#8746=VECTOR('',#14748,1.);
#8747=VECTOR('',#14749,1.);
#8748=VECTOR('',#14754,1.);
#8749=VECTOR('',#14755,1.);
#8750=VECTOR('',#14756,1.);
#8751=VECTOR('',#14759,1.);
#8752=VECTOR('',#14770,1.);
#8753=VECTOR('',#14771,1.);
#8754=VECTOR('',#14772,1.);
#8755=VECTOR('',#14773,1.);
#8756=VECTOR('',#14776,1.);
#8757=VECTOR('',#14777,1.);
#8758=VECTOR('',#14778,1.);
#8759=VECTOR('',#14781,1.);
#8760=VECTOR('',#14782,1.);
#8761=VECTOR('',#14783,1.);
#8762=VECTOR('',#14784,1.);
#8763=VECTOR('',#14785,1.);
#8764=VECTOR('',#14786,1.);
#8765=VECTOR('',#14789,1.);
#8766=VECTOR('',#14790,1.);
#8767=VECTOR('',#14791,1.);
#8768=VECTOR('',#14792,1.);
#8769=VECTOR('',#14793,1.);
#8770=VECTOR('',#14794,1.);
#8771=VECTOR('',#14797,1.);
#8772=VECTOR('',#14798,1.);
#8773=VECTOR('',#14799,1.);
#8774=VECTOR('',#14800,1.);
#8775=VECTOR('',#14801,1.);
#8776=VECTOR('',#14804,1.);
#8777=VECTOR('',#14805,1.);
#8778=VECTOR('',#14810,1.);
#8779=VECTOR('',#14811,1.);
#8780=VECTOR('',#14812,1.);
#8781=VECTOR('',#14815,1.);
#8782=VECTOR('',#14826,1.);
#8783=VECTOR('',#14827,1.);
#8784=VECTOR('',#14828,1.);
#8785=VECTOR('',#14829,1.);
#8786=VECTOR('',#14832,1.);
#8787=VECTOR('',#14833,1.);
#8788=VECTOR('',#14834,1.);
#8789=VECTOR('',#14837,1.);
#8790=VECTOR('',#14838,1.);
#8791=VECTOR('',#14839,1.);
#8792=VECTOR('',#14840,1.);
#8793=VECTOR('',#14841,1.);
#8794=VECTOR('',#14842,1.);
#8795=VECTOR('',#14845,1.);
#8796=VECTOR('',#14846,1.);
#8797=VECTOR('',#14847,1.);
#8798=VECTOR('',#14848,1.);
#8799=VECTOR('',#14849,1.);
#8800=VECTOR('',#14850,1.);
#8801=VECTOR('',#14853,1.);
#8802=VECTOR('',#14854,1.);
#8803=VECTOR('',#14855,1.);
#8804=VECTOR('',#14856,1.);
#8805=VECTOR('',#14857,1.);
#8806=VECTOR('',#14860,1.);
#8807=VECTOR('',#14861,1.);
#8808=VECTOR('',#14866,1.);
#8809=VECTOR('',#14867,1.);
#8810=VECTOR('',#14868,1.);
#8811=VECTOR('',#14871,1.);
#8812=VECTOR('',#14882,1.);
#8813=VECTOR('',#14883,1.);
#8814=VECTOR('',#14884,1.);
#8815=VECTOR('',#14885,1.);
#8816=VECTOR('',#14888,1.);
#8817=VECTOR('',#14889,1.);
#8818=VECTOR('',#14890,1.);
#8819=VECTOR('',#14893,1.);
#8820=VECTOR('',#14894,1.);
#8821=VECTOR('',#14895,1.);
#8822=VECTOR('',#14896,1.);
#8823=VECTOR('',#14897,1.);
#8824=VECTOR('',#14898,1.);
#8825=VECTOR('',#14901,1.);
#8826=VECTOR('',#14902,1.);
#8827=VECTOR('',#14903,1.);
#8828=VECTOR('',#14904,1.);
#8829=VECTOR('',#14905,1.);
#8830=VECTOR('',#14906,1.);
#8831=VECTOR('',#14909,1.);
#8832=VECTOR('',#14910,1.);
#8833=VECTOR('',#14911,1.);
#8834=VECTOR('',#14912,1.);
#8835=VECTOR('',#14913,1.);
#8836=VECTOR('',#14916,1.);
#8837=VECTOR('',#14917,1.);
#8838=VECTOR('',#14922,1.);
#8839=VECTOR('',#14923,1.);
#8840=VECTOR('',#14924,1.);
#8841=VECTOR('',#14927,1.);
#8842=VECTOR('',#14938,1.);
#8843=VECTOR('',#14939,1.);
#8844=VECTOR('',#14940,1.);
#8845=VECTOR('',#14941,1.);
#8846=VECTOR('',#14944,1.);
#8847=VECTOR('',#14945,1.);
#8848=VECTOR('',#14946,1.);
#8849=VECTOR('',#14949,1.);
#8850=VECTOR('',#14950,1.);
#8851=VECTOR('',#14951,1.);
#8852=VECTOR('',#14952,1.);
#8853=VECTOR('',#14953,1.);
#8854=VECTOR('',#14954,1.);
#8855=VECTOR('',#14957,1.);
#8856=VECTOR('',#14958,1.);
#8857=VECTOR('',#14959,1.);
#8858=VECTOR('',#14960,1.);
#8859=VECTOR('',#14961,1.);
#8860=VECTOR('',#14962,1.);
#8861=VECTOR('',#14965,1.);
#8862=VECTOR('',#14966,1.);
#8863=VECTOR('',#14967,1.);
#8864=VECTOR('',#14968,1.);
#8865=VECTOR('',#14969,1.);
#8866=VECTOR('',#14972,1.);
#8867=VECTOR('',#14973,1.);
#8868=VECTOR('',#14978,1.);
#8869=VECTOR('',#14979,1.);
#8870=VECTOR('',#14980,1.);
#8871=VECTOR('',#14983,1.);
#8872=EDGE_LOOP('',(#88,#89,#90,#91));
#8873=EDGE_LOOP('',(#92,#93,#94,#95));
#8874=EDGE_LOOP('',(#96,#97,#98,#99,#100,#101));
#8875=EDGE_LOOP('',(#102,#103,#104,#105,#106,#107));
#8876=EDGE_LOOP('',(#108,#109,#110,#111,#112,#113,#114,#115));
#8877=EDGE_LOOP('',(#116,#117,#118,#119));
#8878=EDGE_LOOP('',(#120,#121,#122,#123));
#8879=EDGE_LOOP('',(#124,#125,#126,#127,#128,#129,#130,#131));
#8880=EDGE_LOOP('',(#132,#133,#134,#135));
#8881=EDGE_LOOP('',(#136,#137,#138,#139));
#8882=EDGE_LOOP('',(#140,#141,#142,#143));
#8883=EDGE_LOOP('',(#144,#145,#146,#147));
#8884=EDGE_LOOP('',(#148,#149,#150,#151));
#8885=EDGE_LOOP('',(#152,#153,#154,#155));
#8886=EDGE_LOOP('',(#156,#157,#158,#159));
#8887=EDGE_LOOP('',(#160,#161,#162,#163));
#8888=EDGE_LOOP('',(#164,#165,#166,#167));
#8889=EDGE_LOOP('',(#168,#169,#170,#171));
#8890=EDGE_LOOP('',(#172,#173,#174,#175));
#8891=EDGE_LOOP('',(#176,#177,#178,#179));
#8892=EDGE_LOOP('',(#180,#181,#182,#183));
#8893=EDGE_LOOP('',(#184,#185,#186,#187));
#8894=EDGE_LOOP('',(#188,#189,#190,#191));
#8895=EDGE_LOOP('',(#192,#193,#194,#195));
#8896=EDGE_LOOP('',(#196,#197,#198,#199));
#8897=EDGE_LOOP('',(#200,#201,#202,#203));
#8898=EDGE_LOOP('',(#204,#205,#206,#207));
#8899=EDGE_LOOP('',(#208,#209,#210,#211));
#8900=EDGE_LOOP('',(#212,#213,#214,#215));
#8901=EDGE_LOOP('',(#216,#217,#218,#219));
#8902=EDGE_LOOP('',(#220,#221,#222,#223));
#8903=EDGE_LOOP('',(#224,#225,#226,#227));
#8904=EDGE_LOOP('',(#228,#229,#230,#231));
#8905=EDGE_LOOP('',(#232,#233,#234,#235));
#8906=EDGE_LOOP('',(#236,#237,#238,#239));
#8907=EDGE_LOOP('',(#240,#241,#242,#243));
#8908=EDGE_LOOP('',(#244,#245,#246,#247));
#8909=EDGE_LOOP('',(#248,#249,#250,#251));
#8910=EDGE_LOOP('',(#252,#253,#254,#255));
#8911=EDGE_LOOP('',(#256,#257,#258,#259));
#8912=EDGE_LOOP('',(#260,#261,#262,#263));
#8913=EDGE_LOOP('',(#264,#265,#266,#267));
#8914=EDGE_LOOP('',(#268,#269,#270,#271));
#8915=EDGE_LOOP('',(#272,#273,#274,#275,#276,#277,#278,#279,#280,#281,#282,
#283,#284,#285,#286,#287,#288,#289,#290,#291,#292,#293,#294,#295,#296,#297,
#298,#299,#300,#301,#302,#303,#304,#305,#306,#307,#308,#309,#310,#311,#312,
#313,#314,#315,#316,#317,#318,#319,#320,#321,#322,#323,#324,#325,#326,#327,
#328,#329,#330,#331,#332,#333,#334,#335,#336,#337,#338,#339,#340,#341,#342,
#343,#344,#345,#346,#347,#348,#349,#350,#351,#352,#353,#354,#355,#356,#357,
#358,#359,#360,#361,#362,#363,#364,#365,#366,#367,#368,#369,#370,#371,#372,
#373,#374,#375,#376,#377,#378,#379,#380,#381,#382,#383,#384,#385,#386,#387,
#388,#389,#390,#391,#392,#393,#394,#395,#396,#397,#398,#399,#400,#401,#402,
#403));
#8916=EDGE_LOOP('',(#404,#405,#406,#407,#408,#409,#410,#411,#412,#413,#414,
#415,#416,#417,#418,#419,#420,#421,#422,#423,#424));
#8917=EDGE_LOOP('',(#425,#426,#427,#428));
#8918=EDGE_LOOP('',(#429,#430,#431,#432,#433));
#8919=EDGE_LOOP('',(#434,#435,#436,#437,#438,#439,#440,#441,#442));
#8920=EDGE_LOOP('',(#443,#444,#445,#446,#447,#448,#449,#450,#451,#452));
#8921=EDGE_LOOP('',(#453,#454,#455,#456,#457,#458,#459,#460,#461,#462,#463,
#464,#465,#466,#467,#468));
#8922=EDGE_LOOP('',(#469,#470,#471,#472,#473,#474,#475,#476,#477,#478,#479,
#480,#481,#482,#483,#484));
#8923=EDGE_LOOP('',(#485,#486,#487,#488,#489,#490,#491,#492,#493,#494,#495,
#496,#497,#498,#499,#500,#501,#502));
#8924=EDGE_LOOP('',(#503,#504,#505,#506));
#8925=EDGE_LOOP('',(#507,#508,#509,#510));
#8926=EDGE_LOOP('',(#511,#512,#513,#514));
#8927=EDGE_LOOP('',(#515,#516,#517,#518));
#8928=EDGE_LOOP('',(#519,#520,#521,#522,#523,#524,#525,#526,#527,#528,#529,
#530,#531,#532,#533,#534,#535,#536,#537,#538,#539,#540,#541,#542,#543,#544,
#545,#546,#547,#548,#549,#550,#551,#552,#553,#554,#555,#556,#557,#558,#559,
#560,#561,#562,#563,#564,#565,#566,#567,#568,#569,#570,#571,#572,#573,#574,
#575,#576,#577,#578,#579,#580,#581,#582,#583,#584,#585,#586,#587,#588,#589,
#590,#591,#592,#593,#594,#595,#596,#597,#598,#599,#600,#601,#602,#603,#604,
#605,#606,#607,#608,#609,#610,#611,#612,#613,#614,#615,#616,#617,#618,#619,
#620,#621,#622,#623,#624,#625,#626,#627,#628,#629,#630,#631,#632,#633,#634,
#635,#636,#637,#638,#639,#640,#641,#642,#643,#644,#645,#646,#647,#648,#649,
#650,#651,#652,#653,#654,#655,#656,#657,#658,#659,#660,#661,#662,#663,#664,
#665,#666,#667,#668,#669,#670));
#8929=EDGE_LOOP('',(#671,#672,#673,#674));
#8930=EDGE_LOOP('',(#675,#676,#677,#678,#679,#680));
#8931=EDGE_LOOP('',(#681,#682,#683,#684));
#8932=EDGE_LOOP('',(#685,#686,#687,#688));
#8933=EDGE_LOOP('',(#689,#690,#691,#692));
#8934=EDGE_LOOP('',(#693,#694,#695,#696));
#8935=EDGE_LOOP('',(#697,#698,#699,#700));
#8936=EDGE_LOOP('',(#701,#702,#703,#704,#705));
#8937=EDGE_LOOP('',(#706,#707,#708,#709));
#8938=EDGE_LOOP('',(#710,#711,#712,#713));
#8939=EDGE_LOOP('',(#714,#715,#716,#717));
#8940=EDGE_LOOP('',(#718,#719,#720,#721,#722,#723));
#8941=EDGE_LOOP('',(#724,#725,#726,#727));
#8942=EDGE_LOOP('',(#728,#729,#730,#731));
#8943=EDGE_LOOP('',(#732,#733,#734,#735));
#8944=EDGE_LOOP('',(#736,#737,#738,#739));
#8945=EDGE_LOOP('',(#740,#741,#742,#743));
#8946=EDGE_LOOP('',(#744,#745,#746,#747,#748));
#8947=EDGE_LOOP('',(#749,#750,#751,#752));
#8948=EDGE_LOOP('',(#753,#754,#755,#756));
#8949=EDGE_LOOP('',(#757,#758,#759,#760));
#8950=EDGE_LOOP('',(#761,#762,#763,#764));
#8951=EDGE_LOOP('',(#765,#766,#767,#768));
#8952=EDGE_LOOP('',(#769,#770,#771,#772));
#8953=EDGE_LOOP('',(#773,#774,#775,#776));
#8954=EDGE_LOOP('',(#777,#778,#779,#780));
#8955=EDGE_LOOP('',(#781,#782,#783,#784));
#8956=EDGE_LOOP('',(#785,#786,#787,#788));
#8957=EDGE_LOOP('',(#789,#790,#791,#792));
#8958=EDGE_LOOP('',(#793,#794,#795,#796));
#8959=EDGE_LOOP('',(#797,#798,#799,#800));
#8960=EDGE_LOOP('',(#801,#802,#803,#804));
#8961=EDGE_LOOP('',(#805,#806,#807,#808));
#8962=EDGE_LOOP('',(#809,#810,#811,#812));
#8963=EDGE_LOOP('',(#813,#814,#815,#816));
#8964=EDGE_LOOP('',(#817,#818,#819,#820));
#8965=EDGE_LOOP('',(#821,#822,#823,#824));
#8966=EDGE_LOOP('',(#825,#826,#827,#828));
#8967=EDGE_LOOP('',(#829,#830,#831,#832));
#8968=EDGE_LOOP('',(#833,#834,#835,#836));
#8969=EDGE_LOOP('',(#837,#838,#839,#840));
#8970=EDGE_LOOP('',(#841,#842,#843,#844));
#8971=EDGE_LOOP('',(#845,#846,#847,#848));
#8972=EDGE_LOOP('',(#849,#850,#851,#852));
#8973=EDGE_LOOP('',(#853,#854,#855,#856));
#8974=EDGE_LOOP('',(#857,#858,#859,#860));
#8975=EDGE_LOOP('',(#861,#862,#863,#864));
#8976=EDGE_LOOP('',(#865,#866,#867,#868));
#8977=EDGE_LOOP('',(#869,#870,#871,#872));
#8978=EDGE_LOOP('',(#873,#874,#875,#876));
#8979=EDGE_LOOP('',(#877,#878,#879,#880));
#8980=EDGE_LOOP('',(#881,#882,#883,#884));
#8981=EDGE_LOOP('',(#885,#886,#887,#888));
#8982=EDGE_LOOP('',(#889,#890,#891,#892));
#8983=EDGE_LOOP('',(#893,#894,#895,#896));
#8984=EDGE_LOOP('',(#897,#898,#899,#900));
#8985=EDGE_LOOP('',(#901,#902,#903,#904,#905,#906,#907,#908));
#8986=EDGE_LOOP('',(#909,#910,#911,#912));
#8987=EDGE_LOOP('',(#913,#914,#915,#916));
#8988=EDGE_LOOP('',(#917,#918,#919,#920));
#8989=EDGE_LOOP('',(#921,#922,#923,#924));
#8990=EDGE_LOOP('',(#925,#926,#927,#928));
#8991=EDGE_LOOP('',(#929,#930,#931,#932));
#8992=EDGE_LOOP('',(#933,#934,#935,#936));
#8993=EDGE_LOOP('',(#937,#938,#939,#940));
#8994=EDGE_LOOP('',(#941,#942,#943,#944));
#8995=EDGE_LOOP('',(#945,#946,#947,#948));
#8996=EDGE_LOOP('',(#949,#950,#951,#952));
#8997=EDGE_LOOP('',(#953,#954,#955,#956,#957));
#8998=EDGE_LOOP('',(#958,#959,#960,#961));
#8999=EDGE_LOOP('',(#962,#963,#964,#965));
#9000=EDGE_LOOP('',(#966,#967,#968,#969));
#9001=EDGE_LOOP('',(#970,#971,#972,#973));
#9002=EDGE_LOOP('',(#974,#975,#976,#977));
#9003=EDGE_LOOP('',(#978,#979,#980,#981));
#9004=EDGE_LOOP('',(#982,#983,#984,#985));
#9005=EDGE_LOOP('',(#986,#987,#988,#989));
#9006=EDGE_LOOP('',(#990,#991,#992,#993));
#9007=EDGE_LOOP('',(#994,#995,#996,#997));
#9008=EDGE_LOOP('',(#998,#999,#1000,#1001));
#9009=EDGE_LOOP('',(#1002,#1003,#1004,#1005));
#9010=EDGE_LOOP('',(#1006,#1007,#1008,#1009));
#9011=EDGE_LOOP('',(#1010,#1011,#1012,#1013));
#9012=EDGE_LOOP('',(#1014,#1015,#1016,#1017));
#9013=EDGE_LOOP('',(#1018,#1019,#1020,#1021));
#9014=EDGE_LOOP('',(#1022,#1023,#1024,#1025));
#9015=EDGE_LOOP('',(#1026,#1027,#1028,#1029));
#9016=EDGE_LOOP('',(#1030,#1031,#1032,#1033));
#9017=EDGE_LOOP('',(#1034,#1035,#1036,#1037));
#9018=EDGE_LOOP('',(#1038,#1039,#1040,#1041));
#9019=EDGE_LOOP('',(#1042,#1043,#1044,#1045));
#9020=EDGE_LOOP('',(#1046,#1047,#1048,#1049));
#9021=EDGE_LOOP('',(#1050,#1051,#1052,#1053));
#9022=EDGE_LOOP('',(#1054,#1055,#1056,#1057));
#9023=EDGE_LOOP('',(#1058,#1059,#1060,#1061));
#9024=EDGE_LOOP('',(#1062,#1063,#1064,#1065));
#9025=EDGE_LOOP('',(#1066,#1067,#1068,#1069));
#9026=EDGE_LOOP('',(#1070,#1071,#1072,#1073));
#9027=EDGE_LOOP('',(#1074,#1075,#1076,#1077));
#9028=EDGE_LOOP('',(#1078,#1079,#1080,#1081));
#9029=EDGE_LOOP('',(#1082,#1083,#1084,#1085));
#9030=EDGE_LOOP('',(#1086,#1087,#1088,#1089));
#9031=EDGE_LOOP('',(#1090,#1091,#1092,#1093));
#9032=EDGE_LOOP('',(#1094,#1095,#1096,#1097));
#9033=EDGE_LOOP('',(#1098,#1099,#1100,#1101));
#9034=EDGE_LOOP('',(#1102,#1103,#1104,#1105));
#9035=EDGE_LOOP('',(#1106,#1107,#1108,#1109));
#9036=EDGE_LOOP('',(#1110,#1111,#1112,#1113));
#9037=EDGE_LOOP('',(#1114,#1115,#1116,#1117));
#9038=EDGE_LOOP('',(#1118,#1119,#1120,#1121));
#9039=EDGE_LOOP('',(#1122,#1123,#1124,#1125));
#9040=EDGE_LOOP('',(#1126,#1127,#1128,#1129));
#9041=EDGE_LOOP('',(#1130,#1131,#1132,#1133));
#9042=EDGE_LOOP('',(#1134,#1135,#1136,#1137));
#9043=EDGE_LOOP('',(#1138,#1139,#1140,#1141));
#9044=EDGE_LOOP('',(#1142,#1143,#1144,#1145));
#9045=EDGE_LOOP('',(#1146,#1147,#1148,#1149));
#9046=EDGE_LOOP('',(#1150,#1151,#1152,#1153));
#9047=EDGE_LOOP('',(#1154,#1155,#1156,#1157));
#9048=EDGE_LOOP('',(#1158,#1159,#1160,#1161));
#9049=EDGE_LOOP('',(#1162,#1163,#1164,#1165));
#9050=EDGE_LOOP('',(#1166,#1167,#1168,#1169));
#9051=EDGE_LOOP('',(#1170,#1171,#1172,#1173));
#9052=EDGE_LOOP('',(#1174,#1175,#1176,#1177));
#9053=EDGE_LOOP('',(#1178,#1179,#1180,#1181));
#9054=EDGE_LOOP('',(#1182,#1183,#1184,#1185));
#9055=EDGE_LOOP('',(#1186,#1187,#1188,#1189));
#9056=EDGE_LOOP('',(#1190,#1191,#1192,#1193));
#9057=EDGE_LOOP('',(#1194,#1195,#1196,#1197));
#9058=EDGE_LOOP('',(#1198,#1199,#1200,#1201));
#9059=EDGE_LOOP('',(#1202,#1203,#1204,#1205));
#9060=EDGE_LOOP('',(#1206,#1207,#1208,#1209));
#9061=EDGE_LOOP('',(#1210,#1211,#1212,#1213));
#9062=EDGE_LOOP('',(#1214,#1215,#1216,#1217));
#9063=EDGE_LOOP('',(#1218,#1219,#1220,#1221));
#9064=EDGE_LOOP('',(#1222,#1223,#1224,#1225));
#9065=EDGE_LOOP('',(#1226,#1227,#1228,#1229));
#9066=EDGE_LOOP('',(#1230,#1231,#1232,#1233));
#9067=EDGE_LOOP('',(#1234,#1235,#1236,#1237));
#9068=EDGE_LOOP('',(#1238,#1239,#1240,#1241));
#9069=EDGE_LOOP('',(#1242,#1243,#1244,#1245));
#9070=EDGE_LOOP('',(#1246,#1247,#1248,#1249));
#9071=EDGE_LOOP('',(#1250,#1251,#1252,#1253));
#9072=EDGE_LOOP('',(#1254,#1255,#1256,#1257));
#9073=EDGE_LOOP('',(#1258,#1259,#1260,#1261));
#9074=EDGE_LOOP('',(#1262,#1263,#1264,#1265));
#9075=EDGE_LOOP('',(#1266,#1267,#1268,#1269));
#9076=EDGE_LOOP('',(#1270,#1271,#1272,#1273));
#9077=EDGE_LOOP('',(#1274,#1275,#1276,#1277));
#9078=EDGE_LOOP('',(#1278,#1279,#1280,#1281));
#9079=EDGE_LOOP('',(#1282,#1283,#1284,#1285));
#9080=EDGE_LOOP('',(#1286,#1287,#1288,#1289));
#9081=EDGE_LOOP('',(#1290,#1291,#1292,#1293));
#9082=EDGE_LOOP('',(#1294,#1295,#1296,#1297));
#9083=EDGE_LOOP('',(#1298,#1299,#1300,#1301));
#9084=EDGE_LOOP('',(#1302,#1303,#1304,#1305));
#9085=EDGE_LOOP('',(#1306,#1307,#1308,#1309));
#9086=EDGE_LOOP('',(#1310,#1311,#1312,#1313));
#9087=EDGE_LOOP('',(#1314,#1315,#1316,#1317));
#9088=EDGE_LOOP('',(#1318,#1319,#1320,#1321));
#9089=EDGE_LOOP('',(#1322,#1323,#1324,#1325));
#9090=EDGE_LOOP('',(#1326,#1327,#1328,#1329));
#9091=EDGE_LOOP('',(#1330,#1331,#1332,#1333));
#9092=EDGE_LOOP('',(#1334,#1335,#1336,#1337));
#9093=EDGE_LOOP('',(#1338,#1339,#1340,#1341));
#9094=EDGE_LOOP('',(#1342,#1343,#1344,#1345,#1346,#1347));
#9095=EDGE_LOOP('',(#1348,#1349,#1350,#1351,#1352,#1353));
#9096=EDGE_LOOP('',(#1354,#1355,#1356,#1357,#1358,#1359,#1360,#1361));
#9097=EDGE_LOOP('',(#1362,#1363,#1364,#1365));
#9098=EDGE_LOOP('',(#1366,#1367,#1368,#1369));
#9099=EDGE_LOOP('',(#1370,#1371,#1372,#1373,#1374,#1375,#1376,#1377));
#9100=EDGE_LOOP('',(#1378,#1379,#1380,#1381));
#9101=EDGE_LOOP('',(#1382,#1383,#1384,#1385));
#9102=EDGE_LOOP('',(#1386,#1387,#1388,#1389));
#9103=EDGE_LOOP('',(#1390,#1391,#1392,#1393));
#9104=EDGE_LOOP('',(#1394,#1395,#1396,#1397));
#9105=EDGE_LOOP('',(#1398,#1399,#1400,#1401));
#9106=EDGE_LOOP('',(#1402,#1403,#1404,#1405,#1406,#1407));
#9107=EDGE_LOOP('',(#1408,#1409,#1410,#1411,#1412,#1413));
#9108=EDGE_LOOP('',(#1414,#1415,#1416,#1417,#1418,#1419,#1420,#1421));
#9109=EDGE_LOOP('',(#1422,#1423,#1424,#1425));
#9110=EDGE_LOOP('',(#1426,#1427,#1428,#1429));
#9111=EDGE_LOOP('',(#1430,#1431,#1432,#1433,#1434,#1435,#1436,#1437));
#9112=EDGE_LOOP('',(#1438,#1439,#1440,#1441));
#9113=EDGE_LOOP('',(#1442,#1443,#1444,#1445));
#9114=EDGE_LOOP('',(#1446,#1447,#1448,#1449));
#9115=EDGE_LOOP('',(#1450,#1451,#1452,#1453));
#9116=EDGE_LOOP('',(#1454,#1455,#1456,#1457));
#9117=EDGE_LOOP('',(#1458,#1459,#1460,#1461));
#9118=EDGE_LOOP('',(#1462,#1463,#1464,#1465,#1466,#1467));
#9119=EDGE_LOOP('',(#1468,#1469,#1470,#1471,#1472,#1473));
#9120=EDGE_LOOP('',(#1474,#1475,#1476,#1477,#1478,#1479,#1480,#1481));
#9121=EDGE_LOOP('',(#1482,#1483,#1484,#1485));
#9122=EDGE_LOOP('',(#1486,#1487,#1488,#1489));
#9123=EDGE_LOOP('',(#1490,#1491,#1492,#1493,#1494,#1495,#1496,#1497));
#9124=EDGE_LOOP('',(#1498,#1499,#1500,#1501));
#9125=EDGE_LOOP('',(#1502,#1503,#1504,#1505));
#9126=EDGE_LOOP('',(#1506,#1507,#1508,#1509));
#9127=EDGE_LOOP('',(#1510,#1511,#1512,#1513));
#9128=EDGE_LOOP('',(#1514,#1515,#1516,#1517));
#9129=EDGE_LOOP('',(#1518,#1519,#1520,#1521));
#9130=EDGE_LOOP('',(#1522,#1523,#1524,#1525,#1526,#1527));
#9131=EDGE_LOOP('',(#1528,#1529,#1530,#1531,#1532,#1533));
#9132=EDGE_LOOP('',(#1534,#1535,#1536,#1537,#1538,#1539,#1540,#1541));
#9133=EDGE_LOOP('',(#1542,#1543,#1544,#1545));
#9134=EDGE_LOOP('',(#1546,#1547,#1548,#1549));
#9135=EDGE_LOOP('',(#1550,#1551,#1552,#1553,#1554,#1555,#1556,#1557));
#9136=EDGE_LOOP('',(#1558,#1559,#1560,#1561));
#9137=EDGE_LOOP('',(#1562,#1563,#1564,#1565));
#9138=EDGE_LOOP('',(#1566,#1567,#1568,#1569));
#9139=EDGE_LOOP('',(#1570,#1571,#1572,#1573));
#9140=EDGE_LOOP('',(#1574,#1575,#1576,#1577));
#9141=EDGE_LOOP('',(#1578,#1579,#1580,#1581));
#9142=EDGE_LOOP('',(#1582,#1583,#1584,#1585,#1586,#1587));
#9143=EDGE_LOOP('',(#1588,#1589,#1590,#1591,#1592,#1593));
#9144=EDGE_LOOP('',(#1594,#1595,#1596,#1597,#1598,#1599,#1600,#1601));
#9145=EDGE_LOOP('',(#1602,#1603,#1604,#1605));
#9146=EDGE_LOOP('',(#1606,#1607,#1608,#1609));
#9147=EDGE_LOOP('',(#1610,#1611,#1612,#1613,#1614,#1615,#1616,#1617));
#9148=EDGE_LOOP('',(#1618,#1619,#1620,#1621));
#9149=EDGE_LOOP('',(#1622,#1623,#1624,#1625));
#9150=EDGE_LOOP('',(#1626,#1627,#1628,#1629));
#9151=EDGE_LOOP('',(#1630,#1631,#1632,#1633));
#9152=EDGE_LOOP('',(#1634,#1635,#1636,#1637));
#9153=EDGE_LOOP('',(#1638,#1639,#1640,#1641));
#9154=EDGE_LOOP('',(#1642,#1643,#1644,#1645,#1646,#1647));
#9155=EDGE_LOOP('',(#1648,#1649,#1650,#1651,#1652,#1653));
#9156=EDGE_LOOP('',(#1654,#1655,#1656,#1657,#1658,#1659,#1660,#1661));
#9157=EDGE_LOOP('',(#1662,#1663,#1664,#1665));
#9158=EDGE_LOOP('',(#1666,#1667,#1668,#1669));
#9159=EDGE_LOOP('',(#1670,#1671,#1672,#1673,#1674,#1675,#1676,#1677));
#9160=EDGE_LOOP('',(#1678,#1679,#1680,#1681));
#9161=EDGE_LOOP('',(#1682,#1683,#1684,#1685));
#9162=EDGE_LOOP('',(#1686,#1687,#1688,#1689));
#9163=EDGE_LOOP('',(#1690,#1691,#1692,#1693));
#9164=EDGE_LOOP('',(#1694,#1695,#1696,#1697));
#9165=EDGE_LOOP('',(#1698,#1699,#1700,#1701));
#9166=EDGE_LOOP('',(#1702,#1703,#1704,#1705,#1706,#1707));
#9167=EDGE_LOOP('',(#1708,#1709,#1710,#1711,#1712,#1713));
#9168=EDGE_LOOP('',(#1714,#1715,#1716,#1717,#1718,#1719,#1720,#1721));
#9169=EDGE_LOOP('',(#1722,#1723,#1724,#1725));
#9170=EDGE_LOOP('',(#1726,#1727,#1728,#1729));
#9171=EDGE_LOOP('',(#1730,#1731,#1732,#1733,#1734,#1735,#1736,#1737));
#9172=EDGE_LOOP('',(#1738,#1739,#1740,#1741));
#9173=EDGE_LOOP('',(#1742,#1743,#1744,#1745));
#9174=EDGE_LOOP('',(#1746,#1747,#1748,#1749));
#9175=EDGE_LOOP('',(#1750,#1751,#1752,#1753));
#9176=EDGE_LOOP('',(#1754,#1755,#1756,#1757));
#9177=EDGE_LOOP('',(#1758,#1759,#1760,#1761));
#9178=EDGE_LOOP('',(#1762,#1763,#1764,#1765,#1766,#1767));
#9179=EDGE_LOOP('',(#1768,#1769,#1770,#1771,#1772,#1773));
#9180=EDGE_LOOP('',(#1774,#1775,#1776,#1777,#1778,#1779,#1780,#1781));
#9181=EDGE_LOOP('',(#1782,#1783,#1784,#1785));
#9182=EDGE_LOOP('',(#1786,#1787,#1788,#1789));
#9183=EDGE_LOOP('',(#1790,#1791,#1792,#1793,#1794,#1795,#1796,#1797));
#9184=EDGE_LOOP('',(#1798,#1799,#1800,#1801));
#9185=EDGE_LOOP('',(#1802,#1803,#1804,#1805));
#9186=EDGE_LOOP('',(#1806,#1807,#1808,#1809));
#9187=EDGE_LOOP('',(#1810,#1811,#1812,#1813));
#9188=EDGE_LOOP('',(#1814,#1815,#1816,#1817));
#9189=EDGE_LOOP('',(#1818,#1819,#1820,#1821));
#9190=EDGE_LOOP('',(#1822,#1823,#1824,#1825,#1826,#1827));
#9191=EDGE_LOOP('',(#1828,#1829,#1830,#1831,#1832,#1833));
#9192=EDGE_LOOP('',(#1834,#1835,#1836,#1837,#1838,#1839,#1840,#1841));
#9193=EDGE_LOOP('',(#1842,#1843,#1844,#1845));
#9194=EDGE_LOOP('',(#1846,#1847,#1848,#1849));
#9195=EDGE_LOOP('',(#1850,#1851,#1852,#1853,#1854,#1855,#1856,#1857));
#9196=EDGE_LOOP('',(#1858,#1859,#1860,#1861));
#9197=EDGE_LOOP('',(#1862,#1863,#1864,#1865));
#9198=EDGE_LOOP('',(#1866,#1867,#1868,#1869));
#9199=EDGE_LOOP('',(#1870,#1871,#1872,#1873));
#9200=EDGE_LOOP('',(#1874,#1875,#1876,#1877));
#9201=EDGE_LOOP('',(#1878,#1879,#1880,#1881));
#9202=EDGE_LOOP('',(#1882,#1883,#1884,#1885,#1886,#1887));
#9203=EDGE_LOOP('',(#1888,#1889,#1890,#1891,#1892,#1893));
#9204=EDGE_LOOP('',(#1894,#1895,#1896,#1897,#1898,#1899,#1900,#1901));
#9205=EDGE_LOOP('',(#1902,#1903,#1904,#1905));
#9206=EDGE_LOOP('',(#1906,#1907,#1908,#1909));
#9207=EDGE_LOOP('',(#1910,#1911,#1912,#1913,#1914,#1915,#1916,#1917));
#9208=EDGE_LOOP('',(#1918,#1919,#1920,#1921));
#9209=EDGE_LOOP('',(#1922,#1923,#1924,#1925));
#9210=EDGE_LOOP('',(#1926,#1927,#1928,#1929));
#9211=EDGE_LOOP('',(#1930,#1931,#1932,#1933));
#9212=EDGE_LOOP('',(#1934,#1935,#1936,#1937));
#9213=EDGE_LOOP('',(#1938,#1939,#1940,#1941));
#9214=EDGE_LOOP('',(#1942,#1943,#1944,#1945,#1946,#1947));
#9215=EDGE_LOOP('',(#1948,#1949,#1950,#1951,#1952,#1953));
#9216=EDGE_LOOP('',(#1954,#1955,#1956,#1957,#1958,#1959,#1960,#1961));
#9217=EDGE_LOOP('',(#1962,#1963,#1964,#1965));
#9218=EDGE_LOOP('',(#1966,#1967,#1968,#1969));
#9219=EDGE_LOOP('',(#1970,#1971,#1972,#1973,#1974,#1975,#1976,#1977));
#9220=EDGE_LOOP('',(#1978,#1979,#1980,#1981));
#9221=EDGE_LOOP('',(#1982,#1983,#1984,#1985));
#9222=EDGE_LOOP('',(#1986,#1987,#1988,#1989));
#9223=EDGE_LOOP('',(#1990,#1991,#1992,#1993));
#9224=EDGE_LOOP('',(#1994,#1995,#1996,#1997));
#9225=EDGE_LOOP('',(#1998,#1999,#2000,#2001));
#9226=EDGE_LOOP('',(#2002,#2003,#2004,#2005,#2006,#2007));
#9227=EDGE_LOOP('',(#2008,#2009,#2010,#2011,#2012,#2013));
#9228=EDGE_LOOP('',(#2014,#2015,#2016,#2017,#2018,#2019,#2020,#2021));
#9229=EDGE_LOOP('',(#2022,#2023,#2024,#2025));
#9230=EDGE_LOOP('',(#2026,#2027,#2028,#2029));
#9231=EDGE_LOOP('',(#2030,#2031,#2032,#2033,#2034,#2035,#2036,#2037));
#9232=EDGE_LOOP('',(#2038,#2039,#2040,#2041));
#9233=EDGE_LOOP('',(#2042,#2043,#2044,#2045));
#9234=EDGE_LOOP('',(#2046,#2047,#2048,#2049));
#9235=EDGE_LOOP('',(#2050,#2051,#2052,#2053));
#9236=EDGE_LOOP('',(#2054,#2055,#2056,#2057));
#9237=EDGE_LOOP('',(#2058,#2059,#2060,#2061));
#9238=EDGE_LOOP('',(#2062,#2063,#2064,#2065,#2066,#2067));
#9239=EDGE_LOOP('',(#2068,#2069,#2070,#2071,#2072,#2073));
#9240=EDGE_LOOP('',(#2074,#2075,#2076,#2077,#2078,#2079,#2080,#2081));
#9241=EDGE_LOOP('',(#2082,#2083,#2084,#2085));
#9242=EDGE_LOOP('',(#2086,#2087,#2088,#2089));
#9243=EDGE_LOOP('',(#2090,#2091,#2092,#2093,#2094,#2095,#2096,#2097));
#9244=EDGE_LOOP('',(#2098,#2099,#2100,#2101));
#9245=EDGE_LOOP('',(#2102,#2103,#2104,#2105));
#9246=EDGE_LOOP('',(#2106,#2107,#2108,#2109));
#9247=EDGE_LOOP('',(#2110,#2111,#2112,#2113));
#9248=EDGE_LOOP('',(#2114,#2115,#2116,#2117));
#9249=EDGE_LOOP('',(#2118,#2119,#2120,#2121));
#9250=EDGE_LOOP('',(#2122,#2123,#2124,#2125,#2126,#2127));
#9251=EDGE_LOOP('',(#2128,#2129,#2130,#2131,#2132,#2133));
#9252=EDGE_LOOP('',(#2134,#2135,#2136,#2137,#2138,#2139,#2140,#2141));
#9253=EDGE_LOOP('',(#2142,#2143,#2144,#2145));
#9254=EDGE_LOOP('',(#2146,#2147,#2148,#2149));
#9255=EDGE_LOOP('',(#2150,#2151,#2152,#2153,#2154,#2155,#2156,#2157));
#9256=EDGE_LOOP('',(#2158,#2159,#2160,#2161));
#9257=EDGE_LOOP('',(#2162,#2163,#2164,#2165));
#9258=EDGE_LOOP('',(#2166,#2167,#2168,#2169));
#9259=EDGE_LOOP('',(#2170,#2171,#2172,#2173));
#9260=EDGE_LOOP('',(#2174,#2175,#2176,#2177));
#9261=EDGE_LOOP('',(#2178,#2179,#2180,#2181));
#9262=EDGE_LOOP('',(#2182,#2183,#2184,#2185,#2186,#2187));
#9263=EDGE_LOOP('',(#2188,#2189,#2190,#2191,#2192,#2193));
#9264=EDGE_LOOP('',(#2194,#2195,#2196,#2197,#2198,#2199,#2200,#2201));
#9265=EDGE_LOOP('',(#2202,#2203,#2204,#2205));
#9266=EDGE_LOOP('',(#2206,#2207,#2208,#2209));
#9267=EDGE_LOOP('',(#2210,#2211,#2212,#2213,#2214,#2215,#2216,#2217));
#9268=EDGE_LOOP('',(#2218,#2219,#2220,#2221));
#9269=EDGE_LOOP('',(#2222,#2223,#2224,#2225));
#9270=EDGE_LOOP('',(#2226,#2227,#2228,#2229));
#9271=EDGE_LOOP('',(#2230,#2231,#2232,#2233));
#9272=EDGE_LOOP('',(#2234,#2235,#2236,#2237));
#9273=EDGE_LOOP('',(#2238,#2239,#2240,#2241));
#9274=EDGE_LOOP('',(#2242,#2243,#2244,#2245,#2246,#2247));
#9275=EDGE_LOOP('',(#2248,#2249,#2250,#2251,#2252,#2253));
#9276=EDGE_LOOP('',(#2254,#2255,#2256,#2257,#2258,#2259,#2260,#2261));
#9277=EDGE_LOOP('',(#2262,#2263,#2264,#2265));
#9278=EDGE_LOOP('',(#2266,#2267,#2268,#2269));
#9279=EDGE_LOOP('',(#2270,#2271,#2272,#2273,#2274,#2275,#2276,#2277));
#9280=EDGE_LOOP('',(#2278,#2279,#2280,#2281));
#9281=EDGE_LOOP('',(#2282,#2283,#2284,#2285));
#9282=EDGE_LOOP('',(#2286,#2287,#2288,#2289));
#9283=EDGE_LOOP('',(#2290,#2291,#2292,#2293));
#9284=EDGE_LOOP('',(#2294,#2295,#2296,#2297));
#9285=EDGE_LOOP('',(#2298,#2299,#2300,#2301));
#9286=EDGE_LOOP('',(#2302,#2303,#2304,#2305,#2306,#2307));
#9287=EDGE_LOOP('',(#2308,#2309,#2310,#2311,#2312,#2313));
#9288=EDGE_LOOP('',(#2314,#2315,#2316,#2317,#2318,#2319,#2320,#2321));
#9289=EDGE_LOOP('',(#2322,#2323,#2324,#2325));
#9290=EDGE_LOOP('',(#2326,#2327,#2328,#2329));
#9291=EDGE_LOOP('',(#2330,#2331,#2332,#2333,#2334,#2335,#2336,#2337));
#9292=EDGE_LOOP('',(#2338,#2339,#2340,#2341));
#9293=EDGE_LOOP('',(#2342,#2343,#2344,#2345));
#9294=EDGE_LOOP('',(#2346,#2347,#2348,#2349));
#9295=EDGE_LOOP('',(#2350,#2351,#2352,#2353));
#9296=EDGE_LOOP('',(#2354,#2355,#2356,#2357));
#9297=EDGE_LOOP('',(#2358,#2359,#2360,#2361));
#9298=EDGE_LOOP('',(#2362,#2363,#2364,#2365,#2366,#2367));
#9299=EDGE_LOOP('',(#2368,#2369,#2370,#2371,#2372,#2373));
#9300=EDGE_LOOP('',(#2374,#2375,#2376,#2377,#2378,#2379,#2380,#2381));
#9301=EDGE_LOOP('',(#2382,#2383,#2384,#2385));
#9302=EDGE_LOOP('',(#2386,#2387,#2388,#2389));
#9303=EDGE_LOOP('',(#2390,#2391,#2392,#2393,#2394,#2395,#2396,#2397));
#9304=EDGE_LOOP('',(#2398,#2399,#2400,#2401));
#9305=EDGE_LOOP('',(#2402,#2403,#2404,#2405));
#9306=EDGE_LOOP('',(#2406,#2407,#2408,#2409));
#9307=EDGE_LOOP('',(#2410,#2411,#2412,#2413));
#9308=EDGE_LOOP('',(#2414,#2415,#2416,#2417));
#9309=EDGE_LOOP('',(#2418,#2419,#2420,#2421));
#9310=EDGE_LOOP('',(#2422,#2423,#2424,#2425,#2426,#2427));
#9311=EDGE_LOOP('',(#2428,#2429,#2430,#2431,#2432,#2433));
#9312=EDGE_LOOP('',(#2434,#2435,#2436,#2437,#2438,#2439,#2440,#2441));
#9313=EDGE_LOOP('',(#2442,#2443,#2444,#2445));
#9314=EDGE_LOOP('',(#2446,#2447,#2448,#2449));
#9315=EDGE_LOOP('',(#2450,#2451,#2452,#2453,#2454,#2455,#2456,#2457));
#9316=EDGE_LOOP('',(#2458,#2459,#2460,#2461));
#9317=EDGE_LOOP('',(#2462,#2463,#2464,#2465));
#9318=EDGE_LOOP('',(#2466,#2467,#2468,#2469));
#9319=EDGE_LOOP('',(#2470,#2471,#2472,#2473));
#9320=EDGE_LOOP('',(#2474,#2475,#2476,#2477));
#9321=EDGE_LOOP('',(#2478,#2479,#2480,#2481));
#9322=EDGE_LOOP('',(#2482,#2483,#2484,#2485,#2486,#2487));
#9323=EDGE_LOOP('',(#2488,#2489,#2490,#2491,#2492,#2493));
#9324=EDGE_LOOP('',(#2494,#2495,#2496,#2497,#2498,#2499,#2500,#2501));
#9325=EDGE_LOOP('',(#2502,#2503,#2504,#2505));
#9326=EDGE_LOOP('',(#2506,#2507,#2508,#2509));
#9327=EDGE_LOOP('',(#2510,#2511,#2512,#2513,#2514,#2515,#2516,#2517));
#9328=EDGE_LOOP('',(#2518,#2519,#2520,#2521));
#9329=EDGE_LOOP('',(#2522,#2523,#2524,#2525));
#9330=EDGE_LOOP('',(#2526,#2527,#2528,#2529));
#9331=EDGE_LOOP('',(#2530,#2531,#2532,#2533));
#9332=EDGE_LOOP('',(#2534,#2535,#2536,#2537));
#9333=EDGE_LOOP('',(#2538,#2539,#2540,#2541));
#9334=EDGE_LOOP('',(#2542,#2543,#2544,#2545,#2546,#2547));
#9335=EDGE_LOOP('',(#2548,#2549,#2550,#2551,#2552,#2553));
#9336=EDGE_LOOP('',(#2554,#2555,#2556,#2557,#2558,#2559,#2560,#2561));
#9337=EDGE_LOOP('',(#2562,#2563,#2564,#2565));
#9338=EDGE_LOOP('',(#2566,#2567,#2568,#2569));
#9339=EDGE_LOOP('',(#2570,#2571,#2572,#2573,#2574,#2575,#2576,#2577));
#9340=EDGE_LOOP('',(#2578,#2579,#2580,#2581));
#9341=EDGE_LOOP('',(#2582,#2583,#2584,#2585));
#9342=EDGE_LOOP('',(#2586,#2587,#2588,#2589));
#9343=EDGE_LOOP('',(#2590,#2591,#2592,#2593));
#9344=EDGE_LOOP('',(#2594,#2595,#2596,#2597));
#9345=EDGE_LOOP('',(#2598,#2599,#2600,#2601));
#9346=EDGE_LOOP('',(#2602,#2603,#2604,#2605,#2606,#2607));
#9347=EDGE_LOOP('',(#2608,#2609,#2610,#2611,#2612,#2613));
#9348=EDGE_LOOP('',(#2614,#2615,#2616,#2617,#2618,#2619,#2620,#2621));
#9349=EDGE_LOOP('',(#2622,#2623,#2624,#2625));
#9350=EDGE_LOOP('',(#2626,#2627,#2628,#2629));
#9351=EDGE_LOOP('',(#2630,#2631,#2632,#2633,#2634,#2635,#2636,#2637));
#9352=EDGE_LOOP('',(#2638,#2639,#2640,#2641));
#9353=EDGE_LOOP('',(#2642,#2643,#2644,#2645));
#9354=EDGE_LOOP('',(#2646,#2647,#2648,#2649));
#9355=EDGE_LOOP('',(#2650,#2651,#2652,#2653));
#9356=EDGE_LOOP('',(#2654,#2655,#2656,#2657));
#9357=EDGE_LOOP('',(#2658,#2659,#2660,#2661));
#9358=EDGE_LOOP('',(#2662,#2663,#2664,#2665,#2666,#2667));
#9359=EDGE_LOOP('',(#2668,#2669,#2670,#2671,#2672,#2673));
#9360=EDGE_LOOP('',(#2674,#2675,#2676,#2677,#2678,#2679,#2680,#2681));
#9361=EDGE_LOOP('',(#2682,#2683,#2684,#2685));
#9362=EDGE_LOOP('',(#2686,#2687,#2688,#2689));
#9363=EDGE_LOOP('',(#2690,#2691,#2692,#2693,#2694,#2695,#2696,#2697));
#9364=EDGE_LOOP('',(#2698,#2699,#2700,#2701));
#9365=EDGE_LOOP('',(#2702,#2703,#2704,#2705));
#9366=EDGE_LOOP('',(#2706,#2707,#2708,#2709));
#9367=EDGE_LOOP('',(#2710,#2711,#2712,#2713));
#9368=EDGE_LOOP('',(#2714,#2715,#2716,#2717));
#9369=EDGE_LOOP('',(#2718,#2719,#2720,#2721));
#9370=EDGE_LOOP('',(#2722,#2723,#2724,#2725,#2726,#2727));
#9371=EDGE_LOOP('',(#2728,#2729,#2730,#2731,#2732,#2733));
#9372=EDGE_LOOP('',(#2734,#2735,#2736,#2737,#2738,#2739,#2740,#2741));
#9373=EDGE_LOOP('',(#2742,#2743,#2744,#2745));
#9374=EDGE_LOOP('',(#2746,#2747,#2748,#2749));
#9375=EDGE_LOOP('',(#2750,#2751,#2752,#2753,#2754,#2755,#2756,#2757));
#9376=EDGE_LOOP('',(#2758,#2759,#2760,#2761));
#9377=EDGE_LOOP('',(#2762,#2763,#2764,#2765));
#9378=EDGE_LOOP('',(#2766,#2767,#2768,#2769));
#9379=EDGE_LOOP('',(#2770,#2771,#2772,#2773));
#9380=EDGE_LOOP('',(#2774,#2775,#2776,#2777));
#9381=EDGE_LOOP('',(#2778,#2779,#2780,#2781));
#9382=EDGE_LOOP('',(#2782,#2783,#2784,#2785,#2786,#2787));
#9383=EDGE_LOOP('',(#2788,#2789,#2790,#2791,#2792,#2793));
#9384=EDGE_LOOP('',(#2794,#2795,#2796,#2797,#2798,#2799,#2800,#2801));
#9385=EDGE_LOOP('',(#2802,#2803,#2804,#2805));
#9386=EDGE_LOOP('',(#2806,#2807,#2808,#2809));
#9387=EDGE_LOOP('',(#2810,#2811,#2812,#2813,#2814,#2815,#2816,#2817));
#9388=EDGE_LOOP('',(#2818,#2819,#2820,#2821));
#9389=EDGE_LOOP('',(#2822,#2823,#2824,#2825));
#9390=EDGE_LOOP('',(#2826,#2827,#2828,#2829));
#9391=EDGE_LOOP('',(#2830,#2831,#2832,#2833));
#9392=EDGE_LOOP('',(#2834,#2835,#2836,#2837));
#9393=EDGE_LOOP('',(#2838,#2839,#2840,#2841));
#9394=EDGE_LOOP('',(#2842,#2843,#2844,#2845,#2846,#2847));
#9395=EDGE_LOOP('',(#2848,#2849,#2850,#2851,#2852,#2853));
#9396=EDGE_LOOP('',(#2854,#2855,#2856,#2857,#2858,#2859,#2860,#2861));
#9397=EDGE_LOOP('',(#2862,#2863,#2864,#2865));
#9398=EDGE_LOOP('',(#2866,#2867,#2868,#2869));
#9399=EDGE_LOOP('',(#2870,#2871,#2872,#2873,#2874,#2875,#2876,#2877));
#9400=EDGE_LOOP('',(#2878,#2879,#2880,#2881));
#9401=EDGE_LOOP('',(#2882,#2883,#2884,#2885));
#9402=EDGE_LOOP('',(#2886,#2887,#2888,#2889));
#9403=EDGE_LOOP('',(#2890,#2891,#2892,#2893));
#9404=EDGE_LOOP('',(#2894,#2895,#2896,#2897));
#9405=EDGE_LOOP('',(#2898,#2899,#2900,#2901));
#9406=EDGE_LOOP('',(#2902,#2903,#2904,#2905,#2906,#2907));
#9407=EDGE_LOOP('',(#2908,#2909,#2910,#2911,#2912,#2913));
#9408=EDGE_LOOP('',(#2914,#2915,#2916,#2917,#2918,#2919,#2920,#2921));
#9409=EDGE_LOOP('',(#2922,#2923,#2924,#2925));
#9410=EDGE_LOOP('',(#2926,#2927,#2928,#2929));
#9411=EDGE_LOOP('',(#2930,#2931,#2932,#2933,#2934,#2935,#2936,#2937));
#9412=EDGE_LOOP('',(#2938,#2939,#2940,#2941));
#9413=EDGE_LOOP('',(#2942,#2943,#2944,#2945));
#9414=EDGE_LOOP('',(#2946,#2947,#2948,#2949));
#9415=EDGE_LOOP('',(#2950,#2951,#2952,#2953));
#9416=EDGE_LOOP('',(#2954,#2955,#2956,#2957));
#9417=EDGE_LOOP('',(#2958,#2959,#2960,#2961));
#9418=EDGE_LOOP('',(#2962,#2963,#2964,#2965,#2966,#2967));
#9419=EDGE_LOOP('',(#2968,#2969,#2970,#2971,#2972,#2973));
#9420=EDGE_LOOP('',(#2974,#2975,#2976,#2977,#2978,#2979,#2980,#2981));
#9421=EDGE_LOOP('',(#2982,#2983,#2984,#2985));
#9422=EDGE_LOOP('',(#2986,#2987,#2988,#2989));
#9423=EDGE_LOOP('',(#2990,#2991,#2992,#2993,#2994,#2995,#2996,#2997));
#9424=EDGE_LOOP('',(#2998,#2999,#3000,#3001));
#9425=EDGE_LOOP('',(#3002,#3003,#3004,#3005));
#9426=EDGE_LOOP('',(#3006,#3007,#3008,#3009));
#9427=EDGE_LOOP('',(#3010,#3011,#3012,#3013));
#9428=EDGE_LOOP('',(#3014,#3015,#3016,#3017));
#9429=EDGE_LOOP('',(#3018,#3019,#3020,#3021));
#9430=EDGE_LOOP('',(#3022,#3023,#3024,#3025,#3026,#3027));
#9431=EDGE_LOOP('',(#3028,#3029,#3030,#3031,#3032,#3033));
#9432=EDGE_LOOP('',(#3034,#3035,#3036,#3037,#3038,#3039,#3040,#3041));
#9433=EDGE_LOOP('',(#3042,#3043,#3044,#3045));
#9434=EDGE_LOOP('',(#3046,#3047,#3048,#3049));
#9435=EDGE_LOOP('',(#3050,#3051,#3052,#3053,#3054,#3055,#3056,#3057));
#9436=EDGE_LOOP('',(#3058,#3059,#3060,#3061));
#9437=EDGE_LOOP('',(#3062,#3063,#3064,#3065));
#9438=EDGE_LOOP('',(#3066,#3067,#3068,#3069));
#9439=EDGE_LOOP('',(#3070,#3071,#3072,#3073));
#9440=EDGE_LOOP('',(#3074,#3075,#3076,#3077));
#9441=EDGE_LOOP('',(#3078,#3079,#3080,#3081));
#9442=EDGE_LOOP('',(#3082,#3083,#3084,#3085,#3086,#3087));
#9443=EDGE_LOOP('',(#3088,#3089,#3090,#3091,#3092,#3093));
#9444=EDGE_LOOP('',(#3094,#3095,#3096,#3097,#3098,#3099,#3100,#3101));
#9445=EDGE_LOOP('',(#3102,#3103,#3104,#3105));
#9446=EDGE_LOOP('',(#3106,#3107,#3108,#3109));
#9447=EDGE_LOOP('',(#3110,#3111,#3112,#3113,#3114,#3115,#3116,#3117));
#9448=EDGE_LOOP('',(#3118,#3119,#3120,#3121));
#9449=EDGE_LOOP('',(#3122,#3123,#3124,#3125));
#9450=EDGE_LOOP('',(#3126,#3127,#3128,#3129));
#9451=EDGE_LOOP('',(#3130,#3131,#3132,#3133));
#9452=EDGE_LOOP('',(#3134,#3135,#3136,#3137));
#9453=EDGE_LOOP('',(#3138,#3139,#3140,#3141));
#9454=EDGE_LOOP('',(#3142,#3143,#3144,#3145,#3146,#3147));
#9455=EDGE_LOOP('',(#3148,#3149,#3150,#3151,#3152,#3153));
#9456=EDGE_LOOP('',(#3154,#3155,#3156,#3157,#3158,#3159,#3160,#3161));
#9457=EDGE_LOOP('',(#3162,#3163,#3164,#3165));
#9458=EDGE_LOOP('',(#3166,#3167,#3168,#3169));
#9459=EDGE_LOOP('',(#3170,#3171,#3172,#3173,#3174,#3175,#3176,#3177));
#9460=EDGE_LOOP('',(#3178,#3179,#3180,#3181));
#9461=EDGE_LOOP('',(#3182,#3183,#3184,#3185));
#9462=EDGE_LOOP('',(#3186,#3187,#3188,#3189));
#9463=EDGE_LOOP('',(#3190,#3191,#3192,#3193));
#9464=FACE_BOUND('',#8872,.T.);
#9465=FACE_BOUND('',#8873,.T.);
#9466=FACE_BOUND('',#8874,.T.);
#9467=FACE_BOUND('',#8875,.T.);
#9468=FACE_BOUND('',#8876,.T.);
#9469=FACE_BOUND('',#8877,.T.);
#9470=FACE_BOUND('',#8878,.T.);
#9471=FACE_BOUND('',#8879,.T.);
#9472=FACE_BOUND('',#8880,.T.);
#9473=FACE_BOUND('',#8881,.T.);
#9474=FACE_BOUND('',#8882,.T.);
#9475=FACE_BOUND('',#8883,.T.);
#9476=FACE_BOUND('',#8884,.T.);
#9477=FACE_BOUND('',#8885,.T.);
#9478=FACE_BOUND('',#8886,.T.);
#9479=FACE_BOUND('',#8887,.T.);
#9480=FACE_BOUND('',#8888,.T.);
#9481=FACE_BOUND('',#8889,.T.);
#9482=FACE_BOUND('',#8890,.T.);
#9483=FACE_BOUND('',#8891,.T.);
#9484=FACE_BOUND('',#8892,.T.);
#9485=FACE_BOUND('',#8893,.T.);
#9486=FACE_BOUND('',#8894,.T.);
#9487=FACE_BOUND('',#8895,.T.);
#9488=FACE_BOUND('',#8896,.T.);
#9489=FACE_BOUND('',#8897,.T.);
#9490=FACE_BOUND('',#8898,.T.);
#9491=FACE_BOUND('',#8899,.T.);
#9492=FACE_BOUND('',#8900,.T.);
#9493=FACE_BOUND('',#8901,.T.);
#9494=FACE_BOUND('',#8902,.T.);
#9495=FACE_BOUND('',#8903,.T.);
#9496=FACE_BOUND('',#8904,.T.);
#9497=FACE_BOUND('',#8905,.T.);
#9498=FACE_BOUND('',#8906,.T.);
#9499=FACE_BOUND('',#8907,.T.);
#9500=FACE_BOUND('',#8908,.T.);
#9501=FACE_BOUND('',#8909,.T.);
#9502=FACE_BOUND('',#8910,.T.);
#9503=FACE_BOUND('',#8911,.T.);
#9504=FACE_BOUND('',#8912,.T.);
#9505=FACE_BOUND('',#8913,.T.);
#9506=FACE_BOUND('',#8914,.T.);
#9507=FACE_BOUND('',#8915,.T.);
#9508=FACE_BOUND('',#8916,.T.);
#9509=FACE_BOUND('',#8917,.T.);
#9510=FACE_BOUND('',#8918,.T.);
#9511=FACE_BOUND('',#8919,.T.);
#9512=FACE_BOUND('',#8920,.T.);
#9513=FACE_BOUND('',#8921,.T.);
#9514=FACE_BOUND('',#8922,.T.);
#9515=FACE_BOUND('',#8923,.T.);
#9516=FACE_BOUND('',#8924,.T.);
#9517=FACE_BOUND('',#8925,.T.);
#9518=FACE_BOUND('',#8926,.T.);
#9519=FACE_BOUND('',#8927,.T.);
#9520=FACE_BOUND('',#8928,.T.);
#9521=FACE_BOUND('',#8929,.T.);
#9522=FACE_BOUND('',#8930,.T.);
#9523=FACE_BOUND('',#8931,.T.);
#9524=FACE_BOUND('',#8932,.T.);
#9525=FACE_BOUND('',#8933,.T.);
#9526=FACE_BOUND('',#8934,.T.);
#9527=FACE_BOUND('',#8935,.T.);
#9528=FACE_BOUND('',#8936,.T.);
#9529=FACE_BOUND('',#8937,.T.);
#9530=FACE_BOUND('',#8938,.T.);
#9531=FACE_BOUND('',#8939,.T.);
#9532=FACE_BOUND('',#8940,.T.);
#9533=FACE_BOUND('',#8941,.T.);
#9534=FACE_BOUND('',#8942,.T.);
#9535=FACE_BOUND('',#8943,.T.);
#9536=FACE_BOUND('',#8944,.T.);
#9537=FACE_BOUND('',#8945,.T.);
#9538=FACE_BOUND('',#8946,.T.);
#9539=FACE_BOUND('',#8947,.T.);
#9540=FACE_BOUND('',#8948,.T.);
#9541=FACE_BOUND('',#8949,.T.);
#9542=FACE_BOUND('',#8950,.T.);
#9543=FACE_BOUND('',#8951,.T.);
#9544=FACE_BOUND('',#8952,.T.);
#9545=FACE_BOUND('',#8953,.T.);
#9546=FACE_BOUND('',#8954,.T.);
#9547=FACE_BOUND('',#8955,.T.);
#9548=FACE_BOUND('',#8956,.T.);
#9549=FACE_BOUND('',#8957,.T.);
#9550=FACE_BOUND('',#8958,.T.);
#9551=FACE_BOUND('',#8959,.T.);
#9552=FACE_BOUND('',#8960,.T.);
#9553=FACE_BOUND('',#8961,.T.);
#9554=FACE_BOUND('',#8962,.T.);
#9555=FACE_BOUND('',#8963,.T.);
#9556=FACE_BOUND('',#8964,.T.);
#9557=FACE_BOUND('',#8965,.T.);
#9558=FACE_BOUND('',#8966,.T.);
#9559=FACE_BOUND('',#8967,.T.);
#9560=FACE_BOUND('',#8968,.T.);
#9561=FACE_BOUND('',#8969,.T.);
#9562=FACE_BOUND('',#8970,.T.);
#9563=FACE_BOUND('',#8971,.T.);
#9564=FACE_BOUND('',#8972,.T.);
#9565=FACE_BOUND('',#8973,.T.);
#9566=FACE_BOUND('',#8974,.T.);
#9567=FACE_BOUND('',#8975,.T.);
#9568=FACE_BOUND('',#8976,.T.);
#9569=FACE_BOUND('',#8977,.T.);
#9570=FACE_BOUND('',#8978,.T.);
#9571=FACE_BOUND('',#8979,.T.);
#9572=FACE_BOUND('',#8980,.T.);
#9573=FACE_BOUND('',#8981,.T.);
#9574=FACE_BOUND('',#8982,.T.);
#9575=FACE_BOUND('',#8983,.T.);
#9576=FACE_BOUND('',#8984,.T.);
#9577=FACE_BOUND('',#8985,.T.);
#9578=FACE_BOUND('',#8986,.T.);
#9579=FACE_BOUND('',#8987,.T.);
#9580=FACE_BOUND('',#8988,.T.);
#9581=FACE_BOUND('',#8989,.T.);
#9582=FACE_BOUND('',#8990,.T.);
#9583=FACE_BOUND('',#8991,.T.);
#9584=FACE_BOUND('',#8992,.T.);
#9585=FACE_BOUND('',#8993,.T.);
#9586=FACE_BOUND('',#8994,.T.);
#9587=FACE_BOUND('',#8995,.T.);
#9588=FACE_BOUND('',#8996,.T.);
#9589=FACE_BOUND('',#8997,.T.);
#9590=FACE_BOUND('',#8998,.T.);
#9591=FACE_BOUND('',#8999,.T.);
#9592=FACE_BOUND('',#9000,.T.);
#9593=FACE_BOUND('',#9001,.T.);
#9594=FACE_BOUND('',#9002,.T.);
#9595=FACE_BOUND('',#9003,.T.);
#9596=FACE_BOUND('',#9004,.T.);
#9597=FACE_BOUND('',#9005,.T.);
#9598=FACE_BOUND('',#9006,.T.);
#9599=FACE_BOUND('',#9007,.T.);
#9600=FACE_BOUND('',#9008,.T.);
#9601=FACE_BOUND('',#9009,.T.);
#9602=FACE_BOUND('',#9010,.T.);
#9603=FACE_BOUND('',#9011,.T.);
#9604=FACE_BOUND('',#9012,.T.);
#9605=FACE_BOUND('',#9013,.T.);
#9606=FACE_BOUND('',#9014,.T.);
#9607=FACE_BOUND('',#9015,.T.);
#9608=FACE_BOUND('',#9016,.T.);
#9609=FACE_BOUND('',#9017,.T.);
#9610=FACE_BOUND('',#9018,.T.);
#9611=FACE_BOUND('',#9019,.T.);
#9612=FACE_BOUND('',#9020,.T.);
#9613=FACE_BOUND('',#9021,.T.);
#9614=FACE_BOUND('',#9022,.T.);
#9615=FACE_BOUND('',#9023,.T.);
#9616=FACE_BOUND('',#9024,.T.);
#9617=FACE_BOUND('',#9025,.T.);
#9618=FACE_BOUND('',#9026,.T.);
#9619=FACE_BOUND('',#9027,.T.);
#9620=FACE_BOUND('',#9028,.T.);
#9621=FACE_BOUND('',#9029,.T.);
#9622=FACE_BOUND('',#9030,.T.);
#9623=FACE_BOUND('',#9031,.T.);
#9624=FACE_BOUND('',#9032,.T.);
#9625=FACE_BOUND('',#9033,.T.);
#9626=FACE_BOUND('',#9034,.T.);
#9627=FACE_BOUND('',#9035,.T.);
#9628=FACE_BOUND('',#9036,.T.);
#9629=FACE_BOUND('',#9037,.T.);
#9630=FACE_BOUND('',#9038,.T.);
#9631=FACE_BOUND('',#9039,.T.);
#9632=FACE_BOUND('',#9040,.T.);
#9633=FACE_BOUND('',#9041,.T.);
#9634=FACE_BOUND('',#9042,.T.);
#9635=FACE_BOUND('',#9043,.T.);
#9636=FACE_BOUND('',#9044,.T.);
#9637=FACE_BOUND('',#9045,.T.);
#9638=FACE_BOUND('',#9046,.T.);
#9639=FACE_BOUND('',#9047,.T.);
#9640=FACE_BOUND('',#9048,.T.);
#9641=FACE_BOUND('',#9049,.T.);
#9642=FACE_BOUND('',#9050,.T.);
#9643=FACE_BOUND('',#9051,.T.);
#9644=FACE_BOUND('',#9052,.T.);
#9645=FACE_BOUND('',#9053,.T.);
#9646=FACE_BOUND('',#9054,.T.);
#9647=FACE_BOUND('',#9055,.T.);
#9648=FACE_BOUND('',#9056,.T.);
#9649=FACE_BOUND('',#9057,.T.);
#9650=FACE_BOUND('',#9058,.T.);
#9651=FACE_BOUND('',#9059,.T.);
#9652=FACE_BOUND('',#9060,.T.);
#9653=FACE_BOUND('',#9061,.T.);
#9654=FACE_BOUND('',#9062,.T.);
#9655=FACE_BOUND('',#9063,.T.);
#9656=FACE_BOUND('',#9064,.T.);
#9657=FACE_BOUND('',#9065,.T.);
#9658=FACE_BOUND('',#9066,.T.);
#9659=FACE_BOUND('',#9067,.T.);
#9660=FACE_BOUND('',#9068,.T.);
#9661=FACE_BOUND('',#9069,.T.);
#9662=FACE_BOUND('',#9070,.T.);
#9663=FACE_BOUND('',#9071,.T.);
#9664=FACE_BOUND('',#9072,.T.);
#9665=FACE_BOUND('',#9073,.T.);
#9666=FACE_BOUND('',#9074,.T.);
#9667=FACE_BOUND('',#9075,.T.);
#9668=FACE_BOUND('',#9076,.T.);
#9669=FACE_BOUND('',#9077,.T.);
#9670=FACE_BOUND('',#9078,.T.);
#9671=FACE_BOUND('',#9079,.T.);
#9672=FACE_BOUND('',#9080,.T.);
#9673=FACE_BOUND('',#9081,.T.);
#9674=FACE_BOUND('',#9082,.T.);
#9675=FACE_BOUND('',#9083,.T.);
#9676=FACE_BOUND('',#9084,.T.);
#9677=FACE_BOUND('',#9085,.T.);
#9678=FACE_BOUND('',#9086,.T.);
#9679=FACE_BOUND('',#9087,.T.);
#9680=FACE_BOUND('',#9088,.T.);
#9681=FACE_BOUND('',#9089,.T.);
#9682=FACE_BOUND('',#9090,.T.);
#9683=FACE_BOUND('',#9091,.T.);
#9684=FACE_BOUND('',#9092,.T.);
#9685=FACE_BOUND('',#9093,.T.);
#9686=FACE_BOUND('',#9094,.T.);
#9687=FACE_BOUND('',#9095,.T.);
#9688=FACE_BOUND('',#9096,.T.);
#9689=FACE_BOUND('',#9097,.T.);
#9690=FACE_BOUND('',#9098,.T.);
#9691=FACE_BOUND('',#9099,.T.);
#9692=FACE_BOUND('',#9100,.T.);
#9693=FACE_BOUND('',#9101,.T.);
#9694=FACE_BOUND('',#9102,.T.);
#9695=FACE_BOUND('',#9103,.T.);
#9696=FACE_BOUND('',#9104,.T.);
#9697=FACE_BOUND('',#9105,.T.);
#9698=FACE_BOUND('',#9106,.T.);
#9699=FACE_BOUND('',#9107,.T.);
#9700=FACE_BOUND('',#9108,.T.);
#9701=FACE_BOUND('',#9109,.T.);
#9702=FACE_BOUND('',#9110,.T.);
#9703=FACE_BOUND('',#9111,.T.);
#9704=FACE_BOUND('',#9112,.T.);
#9705=FACE_BOUND('',#9113,.T.);
#9706=FACE_BOUND('',#9114,.T.);
#9707=FACE_BOUND('',#9115,.T.);
#9708=FACE_BOUND('',#9116,.T.);
#9709=FACE_BOUND('',#9117,.T.);
#9710=FACE_BOUND('',#9118,.T.);
#9711=FACE_BOUND('',#9119,.T.);
#9712=FACE_BOUND('',#9120,.T.);
#9713=FACE_BOUND('',#9121,.T.);
#9714=FACE_BOUND('',#9122,.T.);
#9715=FACE_BOUND('',#9123,.T.);
#9716=FACE_BOUND('',#9124,.T.);
#9717=FACE_BOUND('',#9125,.T.);
#9718=FACE_BOUND('',#9126,.T.);
#9719=FACE_BOUND('',#9127,.T.);
#9720=FACE_BOUND('',#9128,.T.);
#9721=FACE_BOUND('',#9129,.T.);
#9722=FACE_BOUND('',#9130,.T.);
#9723=FACE_BOUND('',#9131,.T.);
#9724=FACE_BOUND('',#9132,.T.);
#9725=FACE_BOUND('',#9133,.T.);
#9726=FACE_BOUND('',#9134,.T.);
#9727=FACE_BOUND('',#9135,.T.);
#9728=FACE_BOUND('',#9136,.T.);
#9729=FACE_BOUND('',#9137,.T.);
#9730=FACE_BOUND('',#9138,.T.);
#9731=FACE_BOUND('',#9139,.T.);
#9732=FACE_BOUND('',#9140,.T.);
#9733=FACE_BOUND('',#9141,.T.);
#9734=FACE_BOUND('',#9142,.T.);
#9735=FACE_BOUND('',#9143,.T.);
#9736=FACE_BOUND('',#9144,.T.);
#9737=FACE_BOUND('',#9145,.T.);
#9738=FACE_BOUND('',#9146,.T.);
#9739=FACE_BOUND('',#9147,.T.);
#9740=FACE_BOUND('',#9148,.T.);
#9741=FACE_BOUND('',#9149,.T.);
#9742=FACE_BOUND('',#9150,.T.);
#9743=FACE_BOUND('',#9151,.T.);
#9744=FACE_BOUND('',#9152,.T.);
#9745=FACE_BOUND('',#9153,.T.);
#9746=FACE_BOUND('',#9154,.T.);
#9747=FACE_BOUND('',#9155,.T.);
#9748=FACE_BOUND('',#9156,.T.);
#9749=FACE_BOUND('',#9157,.T.);
#9750=FACE_BOUND('',#9158,.T.);
#9751=FACE_BOUND('',#9159,.T.);
#9752=FACE_BOUND('',#9160,.T.);
#9753=FACE_BOUND('',#9161,.T.);
#9754=FACE_BOUND('',#9162,.T.);
#9755=FACE_BOUND('',#9163,.T.);
#9756=FACE_BOUND('',#9164,.T.);
#9757=FACE_BOUND('',#9165,.T.);
#9758=FACE_BOUND('',#9166,.T.);
#9759=FACE_BOUND('',#9167,.T.);
#9760=FACE_BOUND('',#9168,.T.);
#9761=FACE_BOUND('',#9169,.T.);
#9762=FACE_BOUND('',#9170,.T.);
#9763=FACE_BOUND('',#9171,.T.);
#9764=FACE_BOUND('',#9172,.T.);
#9765=FACE_BOUND('',#9173,.T.);
#9766=FACE_BOUND('',#9174,.T.);
#9767=FACE_BOUND('',#9175,.T.);
#9768=FACE_BOUND('',#9176,.T.);
#9769=FACE_BOUND('',#9177,.T.);
#9770=FACE_BOUND('',#9178,.T.);
#9771=FACE_BOUND('',#9179,.T.);
#9772=FACE_BOUND('',#9180,.T.);
#9773=FACE_BOUND('',#9181,.T.);
#9774=FACE_BOUND('',#9182,.T.);
#9775=FACE_BOUND('',#9183,.T.);
#9776=FACE_BOUND('',#9184,.T.);
#9777=FACE_BOUND('',#9185,.T.);
#9778=FACE_BOUND('',#9186,.T.);
#9779=FACE_BOUND('',#9187,.T.);
#9780=FACE_BOUND('',#9188,.T.);
#9781=FACE_BOUND('',#9189,.T.);
#9782=FACE_BOUND('',#9190,.T.);
#9783=FACE_BOUND('',#9191,.T.);
#9784=FACE_BOUND('',#9192,.T.);
#9785=FACE_BOUND('',#9193,.T.);
#9786=FACE_BOUND('',#9194,.T.);
#9787=FACE_BOUND('',#9195,.T.);
#9788=FACE_BOUND('',#9196,.T.);
#9789=FACE_BOUND('',#9197,.T.);
#9790=FACE_BOUND('',#9198,.T.);
#9791=FACE_BOUND('',#9199,.T.);
#9792=FACE_BOUND('',#9200,.T.);
#9793=FACE_BOUND('',#9201,.T.);
#9794=FACE_BOUND('',#9202,.T.);
#9795=FACE_BOUND('',#9203,.T.);
#9796=FACE_BOUND('',#9204,.T.);
#9797=FACE_BOUND('',#9205,.T.);
#9798=FACE_BOUND('',#9206,.T.);
#9799=FACE_BOUND('',#9207,.T.);
#9800=FACE_BOUND('',#9208,.T.);
#9801=FACE_BOUND('',#9209,.T.);
#9802=FACE_BOUND('',#9210,.T.);
#9803=FACE_BOUND('',#9211,.T.);
#9804=FACE_BOUND('',#9212,.T.);
#9805=FACE_BOUND('',#9213,.T.);
#9806=FACE_BOUND('',#9214,.T.);
#9807=FACE_BOUND('',#9215,.T.);
#9808=FACE_BOUND('',#9216,.T.);
#9809=FACE_BOUND('',#9217,.T.);
#9810=FACE_BOUND('',#9218,.T.);
#9811=FACE_BOUND('',#9219,.T.);
#9812=FACE_BOUND('',#9220,.T.);
#9813=FACE_BOUND('',#9221,.T.);
#9814=FACE_BOUND('',#9222,.T.);
#9815=FACE_BOUND('',#9223,.T.);
#9816=FACE_BOUND('',#9224,.T.);
#9817=FACE_BOUND('',#9225,.T.);
#9818=FACE_BOUND('',#9226,.T.);
#9819=FACE_BOUND('',#9227,.T.);
#9820=FACE_BOUND('',#9228,.T.);
#9821=FACE_BOUND('',#9229,.T.);
#9822=FACE_BOUND('',#9230,.T.);
#9823=FACE_BOUND('',#9231,.T.);
#9824=FACE_BOUND('',#9232,.T.);
#9825=FACE_BOUND('',#9233,.T.);
#9826=FACE_BOUND('',#9234,.T.);
#9827=FACE_BOUND('',#9235,.T.);
#9828=FACE_BOUND('',#9236,.T.);
#9829=FACE_BOUND('',#9237,.T.);
#9830=FACE_BOUND('',#9238,.T.);
#9831=FACE_BOUND('',#9239,.T.);
#9832=FACE_BOUND('',#9240,.T.);
#9833=FACE_BOUND('',#9241,.T.);
#9834=FACE_BOUND('',#9242,.T.);
#9835=FACE_BOUND('',#9243,.T.);
#9836=FACE_BOUND('',#9244,.T.);
#9837=FACE_BOUND('',#9245,.T.);
#9838=FACE_BOUND('',#9246,.T.);
#9839=FACE_BOUND('',#9247,.T.);
#9840=FACE_BOUND('',#9248,.T.);
#9841=FACE_BOUND('',#9249,.T.);
#9842=FACE_BOUND('',#9250,.T.);
#9843=FACE_BOUND('',#9251,.T.);
#9844=FACE_BOUND('',#9252,.T.);
#9845=FACE_BOUND('',#9253,.T.);
#9846=FACE_BOUND('',#9254,.T.);
#9847=FACE_BOUND('',#9255,.T.);
#9848=FACE_BOUND('',#9256,.T.);
#9849=FACE_BOUND('',#9257,.T.);
#9850=FACE_BOUND('',#9258,.T.);
#9851=FACE_BOUND('',#9259,.T.);
#9852=FACE_BOUND('',#9260,.T.);
#9853=FACE_BOUND('',#9261,.T.);
#9854=FACE_BOUND('',#9262,.T.);
#9855=FACE_BOUND('',#9263,.T.);
#9856=FACE_BOUND('',#9264,.T.);
#9857=FACE_BOUND('',#9265,.T.);
#9858=FACE_BOUND('',#9266,.T.);
#9859=FACE_BOUND('',#9267,.T.);
#9860=FACE_BOUND('',#9268,.T.);
#9861=FACE_BOUND('',#9269,.T.);
#9862=FACE_BOUND('',#9270,.T.);
#9863=FACE_BOUND('',#9271,.T.);
#9864=FACE_BOUND('',#9272,.T.);
#9865=FACE_BOUND('',#9273,.T.);
#9866=FACE_BOUND('',#9274,.T.);
#9867=FACE_BOUND('',#9275,.T.);
#9868=FACE_BOUND('',#9276,.T.);
#9869=FACE_BOUND('',#9277,.T.);
#9870=FACE_BOUND('',#9278,.T.);
#9871=FACE_BOUND('',#9279,.T.);
#9872=FACE_BOUND('',#9280,.T.);
#9873=FACE_BOUND('',#9281,.T.);
#9874=FACE_BOUND('',#9282,.T.);
#9875=FACE_BOUND('',#9283,.T.);
#9876=FACE_BOUND('',#9284,.T.);
#9877=FACE_BOUND('',#9285,.T.);
#9878=FACE_BOUND('',#9286,.T.);
#9879=FACE_BOUND('',#9287,.T.);
#9880=FACE_BOUND('',#9288,.T.);
#9881=FACE_BOUND('',#9289,.T.);
#9882=FACE_BOUND('',#9290,.T.);
#9883=FACE_BOUND('',#9291,.T.);
#9884=FACE_BOUND('',#9292,.T.);
#9885=FACE_BOUND('',#9293,.T.);
#9886=FACE_BOUND('',#9294,.T.);
#9887=FACE_BOUND('',#9295,.T.);
#9888=FACE_BOUND('',#9296,.T.);
#9889=FACE_BOUND('',#9297,.T.);
#9890=FACE_BOUND('',#9298,.T.);
#9891=FACE_BOUND('',#9299,.T.);
#9892=FACE_BOUND('',#9300,.T.);
#9893=FACE_BOUND('',#9301,.T.);
#9894=FACE_BOUND('',#9302,.T.);
#9895=FACE_BOUND('',#9303,.T.);
#9896=FACE_BOUND('',#9304,.T.);
#9897=FACE_BOUND('',#9305,.T.);
#9898=FACE_BOUND('',#9306,.T.);
#9899=FACE_BOUND('',#9307,.T.);
#9900=FACE_BOUND('',#9308,.T.);
#9901=FACE_BOUND('',#9309,.T.);
#9902=FACE_BOUND('',#9310,.T.);
#9903=FACE_BOUND('',#9311,.T.);
#9904=FACE_BOUND('',#9312,.T.);
#9905=FACE_BOUND('',#9313,.T.);
#9906=FACE_BOUND('',#9314,.T.);
#9907=FACE_BOUND('',#9315,.T.);
#9908=FACE_BOUND('',#9316,.T.);
#9909=FACE_BOUND('',#9317,.T.);
#9910=FACE_BOUND('',#9318,.T.);
#9911=FACE_BOUND('',#9319,.T.);
#9912=FACE_BOUND('',#9320,.T.);
#9913=FACE_BOUND('',#9321,.T.);
#9914=FACE_BOUND('',#9322,.T.);
#9915=FACE_BOUND('',#9323,.T.);
#9916=FACE_BOUND('',#9324,.T.);
#9917=FACE_BOUND('',#9325,.T.);
#9918=FACE_BOUND('',#9326,.T.);
#9919=FACE_BOUND('',#9327,.T.);
#9920=FACE_BOUND('',#9328,.T.);
#9921=FACE_BOUND('',#9329,.T.);
#9922=FACE_BOUND('',#9330,.T.);
#9923=FACE_BOUND('',#9331,.T.);
#9924=FACE_BOUND('',#9332,.T.);
#9925=FACE_BOUND('',#9333,.T.);
#9926=FACE_BOUND('',#9334,.T.);
#9927=FACE_BOUND('',#9335,.T.);
#9928=FACE_BOUND('',#9336,.T.);
#9929=FACE_BOUND('',#9337,.T.);
#9930=FACE_BOUND('',#9338,.T.);
#9931=FACE_BOUND('',#9339,.T.);
#9932=FACE_BOUND('',#9340,.T.);
#9933=FACE_BOUND('',#9341,.T.);
#9934=FACE_BOUND('',#9342,.T.);
#9935=FACE_BOUND('',#9343,.T.);
#9936=FACE_BOUND('',#9344,.T.);
#9937=FACE_BOUND('',#9345,.T.);
#9938=FACE_BOUND('',#9346,.T.);
#9939=FACE_BOUND('',#9347,.T.);
#9940=FACE_BOUND('',#9348,.T.);
#9941=FACE_BOUND('',#9349,.T.);
#9942=FACE_BOUND('',#9350,.T.);
#9943=FACE_BOUND('',#9351,.T.);
#9944=FACE_BOUND('',#9352,.T.);
#9945=FACE_BOUND('',#9353,.T.);
#9946=FACE_BOUND('',#9354,.T.);
#9947=FACE_BOUND('',#9355,.T.);
#9948=FACE_BOUND('',#9356,.T.);
#9949=FACE_BOUND('',#9357,.T.);
#9950=FACE_BOUND('',#9358,.T.);
#9951=FACE_BOUND('',#9359,.T.);
#9952=FACE_BOUND('',#9360,.T.);
#9953=FACE_BOUND('',#9361,.T.);
#9954=FACE_BOUND('',#9362,.T.);
#9955=FACE_BOUND('',#9363,.T.);
#9956=FACE_BOUND('',#9364,.T.);
#9957=FACE_BOUND('',#9365,.T.);
#9958=FACE_BOUND('',#9366,.T.);
#9959=FACE_BOUND('',#9367,.T.);
#9960=FACE_BOUND('',#9368,.T.);
#9961=FACE_BOUND('',#9369,.T.);
#9962=FACE_BOUND('',#9370,.T.);
#9963=FACE_BOUND('',#9371,.T.);
#9964=FACE_BOUND('',#9372,.T.);
#9965=FACE_BOUND('',#9373,.T.);
#9966=FACE_BOUND('',#9374,.T.);
#9967=FACE_BOUND('',#9375,.T.);
#9968=FACE_BOUND('',#9376,.T.);
#9969=FACE_BOUND('',#9377,.T.);
#9970=FACE_BOUND('',#9378,.T.);
#9971=FACE_BOUND('',#9379,.T.);
#9972=FACE_BOUND('',#9380,.T.);
#9973=FACE_BOUND('',#9381,.T.);
#9974=FACE_BOUND('',#9382,.T.);
#9975=FACE_BOUND('',#9383,.T.);
#9976=FACE_BOUND('',#9384,.T.);
#9977=FACE_BOUND('',#9385,.T.);
#9978=FACE_BOUND('',#9386,.T.);
#9979=FACE_BOUND('',#9387,.T.);
#9980=FACE_BOUND('',#9388,.T.);
#9981=FACE_BOUND('',#9389,.T.);
#9982=FACE_BOUND('',#9390,.T.);
#9983=FACE_BOUND('',#9391,.T.);
#9984=FACE_BOUND('',#9392,.T.);
#9985=FACE_BOUND('',#9393,.T.);
#9986=FACE_BOUND('',#9394,.T.);
#9987=FACE_BOUND('',#9395,.T.);
#9988=FACE_BOUND('',#9396,.T.);
#9989=FACE_BOUND('',#9397,.T.);
#9990=FACE_BOUND('',#9398,.T.);
#9991=FACE_BOUND('',#9399,.T.);
#9992=FACE_BOUND('',#9400,.T.);
#9993=FACE_BOUND('',#9401,.T.);
#9994=FACE_BOUND('',#9402,.T.);
#9995=FACE_BOUND('',#9403,.T.);
#9996=FACE_BOUND('',#9404,.T.);
#9997=FACE_BOUND('',#9405,.T.);
#9998=FACE_BOUND('',#9406,.T.);
#9999=FACE_BOUND('',#9407,.T.);
#10000=FACE_BOUND('',#9408,.T.);
#10001=FACE_BOUND('',#9409,.T.);
#10002=FACE_BOUND('',#9410,.T.);
#10003=FACE_BOUND('',#9411,.T.);
#10004=FACE_BOUND('',#9412,.T.);
#10005=FACE_BOUND('',#9413,.T.);
#10006=FACE_BOUND('',#9414,.T.);
#10007=FACE_BOUND('',#9415,.T.);
#10008=FACE_BOUND('',#9416,.T.);
#10009=FACE_BOUND('',#9417,.T.);
#10010=FACE_BOUND('',#9418,.T.);
#10011=FACE_BOUND('',#9419,.T.);
#10012=FACE_BOUND('',#9420,.T.);
#10013=FACE_BOUND('',#9421,.T.);
#10014=FACE_BOUND('',#9422,.T.);
#10015=FACE_BOUND('',#9423,.T.);
#10016=FACE_BOUND('',#9424,.T.);
#10017=FACE_BOUND('',#9425,.T.);
#10018=FACE_BOUND('',#9426,.T.);
#10019=FACE_BOUND('',#9427,.T.);
#10020=FACE_BOUND('',#9428,.T.);
#10021=FACE_BOUND('',#9429,.T.);
#10022=FACE_BOUND('',#9430,.T.);
#10023=FACE_BOUND('',#9431,.T.);
#10024=FACE_BOUND('',#9432,.T.);
#10025=FACE_BOUND('',#9433,.T.);
#10026=FACE_BOUND('',#9434,.T.);
#10027=FACE_BOUND('',#9435,.T.);
#10028=FACE_BOUND('',#9436,.T.);
#10029=FACE_BOUND('',#9437,.T.);
#10030=FACE_BOUND('',#9438,.T.);
#10031=FACE_BOUND('',#9439,.T.);
#10032=FACE_BOUND('',#9440,.T.);
#10033=FACE_BOUND('',#9441,.T.);
#10034=FACE_BOUND('',#9442,.T.);
#10035=FACE_BOUND('',#9443,.T.);
#10036=FACE_BOUND('',#9444,.T.);
#10037=FACE_BOUND('',#9445,.T.);
#10038=FACE_BOUND('',#9446,.T.);
#10039=FACE_BOUND('',#9447,.T.);
#10040=FACE_BOUND('',#9448,.T.);
#10041=FACE_BOUND('',#9449,.T.);
#10042=FACE_BOUND('',#9450,.T.);
#10043=FACE_BOUND('',#9451,.T.);
#10044=FACE_BOUND('',#9452,.T.);
#10045=FACE_BOUND('',#9453,.T.);
#10046=FACE_BOUND('',#9454,.T.);
#10047=FACE_BOUND('',#9455,.T.);
#10048=FACE_BOUND('',#9456,.T.);
#10049=FACE_BOUND('',#9457,.T.);
#10050=FACE_BOUND('',#9458,.T.);
#10051=FACE_BOUND('',#9459,.T.);
#10052=FACE_BOUND('',#9460,.T.);
#10053=FACE_BOUND('',#9461,.T.);
#10054=FACE_BOUND('',#9462,.T.);
#10055=FACE_BOUND('',#9463,.T.);
#10056=PLANE('',#11595);
#10057=PLANE('',#11596);
#10058=PLANE('',#11597);
#10059=PLANE('',#11598);
#10060=PLANE('',#11599);
#10061=PLANE('',#11600);
#10062=PLANE('',#11601);
#10063=PLANE('',#11602);
#10064=PLANE('',#11603);
#10065=PLANE('',#11604);
#10066=PLANE('',#11605);
#10067=PLANE('',#11606);
#10068=PLANE('',#11608);
#10069=PLANE('',#11609);
#10070=PLANE('',#11610);
#10071=PLANE('',#11611);
#10072=PLANE('',#11612);
#10073=PLANE('',#11613);
#10074=PLANE('',#11614);
#10075=PLANE('',#11615);
#10076=PLANE('',#11616);
#10077=PLANE('',#11617);
#10078=PLANE('',#11618);
#10079=PLANE('',#11619);
#10080=PLANE('',#11620);
#10081=PLANE('',#11621);
#10082=PLANE('',#11622);
#10083=PLANE('',#11623);
#10084=PLANE('',#11624);
#10085=PLANE('',#11625);
#10086=PLANE('',#11626);
#10087=PLANE('',#11627);
#10088=PLANE('',#11628);
#10089=PLANE('',#11629);
#10090=PLANE('',#11630);
#10091=PLANE('',#11631);
#10092=PLANE('',#11632);
#10093=PLANE('',#11633);
#10094=PLANE('',#11634);
#10095=PLANE('',#11635);
#10096=PLANE('',#11636);
#10097=PLANE('',#11637);
#10098=PLANE('',#11638);
#10099=PLANE('',#11639);
#10100=PLANE('',#11640);
#10101=PLANE('',#11641);
#10102=PLANE('',#11642);
#10103=PLANE('',#11643);
#10104=PLANE('',#11644);
#10105=PLANE('',#11645);
#10106=PLANE('',#11646);
#10107=PLANE('',#11647);
#10108=PLANE('',#11648);
#10109=PLANE('',#11649);
#10110=PLANE('',#11650);
#10111=PLANE('',#11651);
#10112=PLANE('',#11652);
#10113=PLANE('',#11653);
#10114=PLANE('',#11654);
#10115=PLANE('',#11655);
#10116=PLANE('',#11656);
#10117=PLANE('',#11657);
#10118=PLANE('',#11658);
#10119=PLANE('',#11659);
#10120=PLANE('',#11660);
#10121=PLANE('',#11661);
#10122=PLANE('',#11662);
#10123=PLANE('',#11663);
#10124=PLANE('',#11664);
#10125=PLANE('',#11665);
#10126=PLANE('',#11666);
#10127=PLANE('',#11667);
#10128=PLANE('',#11668);
#10129=PLANE('',#11669);
#10130=PLANE('',#11670);
#10131=PLANE('',#11671);
#10132=PLANE('',#11672);
#10133=PLANE('',#11673);
#10134=PLANE('',#11674);
#10135=PLANE('',#11675);
#10136=PLANE('',#11676);
#10137=PLANE('',#11677);
#10138=PLANE('',#11678);
#10139=PLANE('',#11679);
#10140=PLANE('',#11680);
#10141=PLANE('',#11681);
#10142=PLANE('',#11682);
#10143=PLANE('',#11683);
#10144=PLANE('',#11684);
#10145=PLANE('',#11685);
#10146=PLANE('',#11686);
#10147=PLANE('',#11687);
#10148=PLANE('',#11688);
#10149=PLANE('',#11689);
#10150=PLANE('',#11690);
#10151=PLANE('',#11691);
#10152=PLANE('',#11692);
#10153=PLANE('',#11693);
#10154=PLANE('',#11694);
#10155=PLANE('',#11695);
#10156=PLANE('',#11696);
#10157=PLANE('',#11697);
#10158=PLANE('',#11698);
#10159=PLANE('',#11699);
#10160=PLANE('',#11700);
#10161=PLANE('',#11701);
#10162=PLANE('',#11702);
#10163=PLANE('',#11703);
#10164=PLANE('',#11704);
#10165=PLANE('',#11705);
#10166=PLANE('',#11706);
#10167=PLANE('',#11707);
#10168=PLANE('',#11708);
#10169=PLANE('',#11709);
#10170=PLANE('',#11710);
#10171=PLANE('',#11711);
#10172=PLANE('',#11712);
#10173=PLANE('',#11713);
#10174=PLANE('',#11714);
#10175=PLANE('',#11715);
#10176=PLANE('',#11716);
#10177=PLANE('',#11717);
#10178=PLANE('',#11718);
#10179=PLANE('',#11719);
#10180=PLANE('',#11720);
#10181=PLANE('',#11721);
#10182=PLANE('',#11722);
#10183=PLANE('',#11723);
#10184=PLANE('',#11724);
#10185=PLANE('',#11725);
#10186=PLANE('',#11726);
#10187=PLANE('',#11727);
#10188=PLANE('',#11728);
#10189=PLANE('',#11729);
#10190=PLANE('',#11730);
#10191=PLANE('',#11731);
#10192=PLANE('',#11732);
#10193=PLANE('',#11733);
#10194=PLANE('',#11734);
#10195=PLANE('',#11735);
#10196=PLANE('',#11736);
#10197=PLANE('',#11737);
#10198=PLANE('',#11738);
#10199=PLANE('',#11739);
#10200=PLANE('',#11740);
#10201=PLANE('',#11741);
#10202=PLANE('',#11742);
#10203=PLANE('',#11743);
#10204=PLANE('',#11744);
#10205=PLANE('',#11745);
#10206=PLANE('',#11746);
#10207=PLANE('',#11747);
#10208=PLANE('',#11748);
#10209=PLANE('',#11749);
#10210=PLANE('',#11750);
#10211=PLANE('',#11751);
#10212=PLANE('',#11752);
#10213=PLANE('',#11753);
#10214=PLANE('',#11754);
#10215=PLANE('',#11755);
#10216=PLANE('',#11756);
#10217=PLANE('',#11757);
#10218=PLANE('',#11758);
#10219=PLANE('',#11759);
#10220=PLANE('',#11760);
#10221=PLANE('',#11761);
#10222=PLANE('',#11762);
#10223=PLANE('',#11763);
#10224=PLANE('',#11764);
#10225=PLANE('',#11765);
#10226=PLANE('',#11766);
#10227=PLANE('',#11767);
#10228=PLANE('',#11768);
#10229=PLANE('',#11769);
#10230=PLANE('',#11770);
#10231=PLANE('',#11771);
#10232=PLANE('',#11772);
#10233=PLANE('',#11773);
#10234=PLANE('',#11774);
#10235=PLANE('',#11775);
#10236=PLANE('',#11776);
#10237=PLANE('',#11777);
#10238=PLANE('',#11778);
#10239=PLANE('',#11779);
#10240=PLANE('',#11780);
#10241=PLANE('',#11781);
#10242=PLANE('',#11782);
#10243=PLANE('',#11783);
#10244=PLANE('',#11784);
#10245=PLANE('',#11785);
#10246=PLANE('',#11786);
#10247=PLANE('',#11787);
#10248=PLANE('',#11788);
#10249=PLANE('',#11789);
#10250=PLANE('',#11790);
#10251=PLANE('',#11791);
#10252=PLANE('',#11792);
#10253=PLANE('',#11793);
#10254=PLANE('',#11794);
#10255=PLANE('',#11795);
#10256=PLANE('',#11796);
#10257=PLANE('',#11797);
#10258=PLANE('',#11798);
#10259=PLANE('',#11799);
#10260=PLANE('',#11800);
#10261=PLANE('',#11801);
#10262=PLANE('',#11802);
#10263=PLANE('',#11803);
#10264=PLANE('',#11804);
#10265=PLANE('',#11805);
#10266=PLANE('',#11806);
#10267=PLANE('',#11807);
#10268=PLANE('',#11809);
#10269=PLANE('',#11810);
#10270=PLANE('',#11811);
#10271=PLANE('',#11812);
#10272=PLANE('',#11813);
#10273=PLANE('',#11814);
#10274=PLANE('',#11815);
#10275=PLANE('',#11816);
#10276=PLANE('',#11817);
#10277=PLANE('',#11818);
#10278=PLANE('',#11819);
#10279=PLANE('',#11820);
#10280=PLANE('',#11822);
#10281=PLANE('',#11823);
#10282=PLANE('',#11824);
#10283=PLANE('',#11825);
#10284=PLANE('',#11826);
#10285=PLANE('',#11827);
#10286=PLANE('',#11828);
#10287=PLANE('',#11829);
#10288=PLANE('',#11830);
#10289=PLANE('',#11831);
#10290=PLANE('',#11832);
#10291=PLANE('',#11833);
#10292=PLANE('',#11835);
#10293=PLANE('',#11836);
#10294=PLANE('',#11837);
#10295=PLANE('',#11838);
#10296=PLANE('',#11839);
#10297=PLANE('',#11840);
#10298=PLANE('',#11841);
#10299=PLANE('',#11842);
#10300=PLANE('',#11843);
#10301=PLANE('',#11844);
#10302=PLANE('',#11845);
#10303=PLANE('',#11846);
#10304=PLANE('',#11848);
#10305=PLANE('',#11849);
#10306=PLANE('',#11850);
#10307=PLANE('',#11851);
#10308=PLANE('',#11852);
#10309=PLANE('',#11853);
#10310=PLANE('',#11854);
#10311=PLANE('',#11855);
#10312=PLANE('',#11856);
#10313=PLANE('',#11857);
#10314=PLANE('',#11858);
#10315=PLANE('',#11859);
#10316=PLANE('',#11861);
#10317=PLANE('',#11862);
#10318=PLANE('',#11863);
#10319=PLANE('',#11864);
#10320=PLANE('',#11865);
#10321=PLANE('',#11866);
#10322=PLANE('',#11867);
#10323=PLANE('',#11868);
#10324=PLANE('',#11869);
#10325=PLANE('',#11870);
#10326=PLANE('',#11871);
#10327=PLANE('',#11872);
#10328=PLANE('',#11874);
#10329=PLANE('',#11875);
#10330=PLANE('',#11876);
#10331=PLANE('',#11877);
#10332=PLANE('',#11878);
#10333=PLANE('',#11879);
#10334=PLANE('',#11880);
#10335=PLANE('',#11881);
#10336=PLANE('',#11882);
#10337=PLANE('',#11883);
#10338=PLANE('',#11884);
#10339=PLANE('',#11885);
#10340=PLANE('',#11887);
#10341=PLANE('',#11888);
#10342=PLANE('',#11889);
#10343=PLANE('',#11890);
#10344=PLANE('',#11891);
#10345=PLANE('',#11892);
#10346=PLANE('',#11893);
#10347=PLANE('',#11894);
#10348=PLANE('',#11895);
#10349=PLANE('',#11896);
#10350=PLANE('',#11897);
#10351=PLANE('',#11898);
#10352=PLANE('',#11900);
#10353=PLANE('',#11901);
#10354=PLANE('',#11902);
#10355=PLANE('',#11903);
#10356=PLANE('',#11904);
#10357=PLANE('',#11905);
#10358=PLANE('',#11906);
#10359=PLANE('',#11907);
#10360=PLANE('',#11908);
#10361=PLANE('',#11909);
#10362=PLANE('',#11910);
#10363=PLANE('',#11911);
#10364=PLANE('',#11913);
#10365=PLANE('',#11914);
#10366=PLANE('',#11915);
#10367=PLANE('',#11916);
#10368=PLANE('',#11917);
#10369=PLANE('',#11918);
#10370=PLANE('',#11919);
#10371=PLANE('',#11920);
#10372=PLANE('',#11921);
#10373=PLANE('',#11922);
#10374=PLANE('',#11923);
#10375=PLANE('',#11924);
#10376=PLANE('',#11926);
#10377=PLANE('',#11927);
#10378=PLANE('',#11928);
#10379=PLANE('',#11929);
#10380=PLANE('',#11930);
#10381=PLANE('',#11931);
#10382=PLANE('',#11932);
#10383=PLANE('',#11933);
#10384=PLANE('',#11934);
#10385=PLANE('',#11935);
#10386=PLANE('',#11936);
#10387=PLANE('',#11937);
#10388=PLANE('',#11939);
#10389=PLANE('',#11940);
#10390=PLANE('',#11941);
#10391=PLANE('',#11942);
#10392=PLANE('',#11943);
#10393=PLANE('',#11944);
#10394=PLANE('',#11945);
#10395=PLANE('',#11946);
#10396=PLANE('',#11947);
#10397=PLANE('',#11948);
#10398=PLANE('',#11949);
#10399=PLANE('',#11950);
#10400=PLANE('',#11952);
#10401=PLANE('',#11953);
#10402=PLANE('',#11954);
#10403=PLANE('',#11955);
#10404=PLANE('',#11956);
#10405=PLANE('',#11957);
#10406=PLANE('',#11958);
#10407=PLANE('',#11959);
#10408=PLANE('',#11960);
#10409=PLANE('',#11961);
#10410=PLANE('',#11962);
#10411=PLANE('',#11963);
#10412=PLANE('',#11965);
#10413=PLANE('',#11966);
#10414=PLANE('',#11967);
#10415=PLANE('',#11968);
#10416=PLANE('',#11969);
#10417=PLANE('',#11970);
#10418=PLANE('',#11971);
#10419=PLANE('',#11972);
#10420=PLANE('',#11973);
#10421=PLANE('',#11974);
#10422=PLANE('',#11975);
#10423=PLANE('',#11976);
#10424=PLANE('',#11978);
#10425=PLANE('',#11979);
#10426=PLANE('',#11980);
#10427=PLANE('',#11981);
#10428=PLANE('',#11982);
#10429=PLANE('',#11983);
#10430=PLANE('',#11984);
#10431=PLANE('',#11985);
#10432=PLANE('',#11986);
#10433=PLANE('',#11987);
#10434=PLANE('',#11988);
#10435=PLANE('',#11989);
#10436=PLANE('',#11991);
#10437=PLANE('',#11992);
#10438=PLANE('',#11993);
#10439=PLANE('',#11994);
#10440=PLANE('',#11995);
#10441=PLANE('',#11996);
#10442=PLANE('',#11997);
#10443=PLANE('',#11998);
#10444=PLANE('',#11999);
#10445=PLANE('',#12000);
#10446=PLANE('',#12001);
#10447=PLANE('',#12002);
#10448=PLANE('',#12004);
#10449=PLANE('',#12005);
#10450=PLANE('',#12006);
#10451=PLANE('',#12007);
#10452=PLANE('',#12008);
#10453=PLANE('',#12009);
#10454=PLANE('',#12010);
#10455=PLANE('',#12011);
#10456=PLANE('',#12012);
#10457=PLANE('',#12013);
#10458=PLANE('',#12014);
#10459=PLANE('',#12015);
#10460=PLANE('',#12017);
#10461=PLANE('',#12018);
#10462=PLANE('',#12019);
#10463=PLANE('',#12020);
#10464=PLANE('',#12021);
#10465=PLANE('',#12022);
#10466=PLANE('',#12023);
#10467=PLANE('',#12024);
#10468=PLANE('',#12025);
#10469=PLANE('',#12026);
#10470=PLANE('',#12027);
#10471=PLANE('',#12028);
#10472=PLANE('',#12030);
#10473=PLANE('',#12031);
#10474=PLANE('',#12032);
#10475=PLANE('',#12033);
#10476=PLANE('',#12034);
#10477=PLANE('',#12035);
#10478=PLANE('',#12036);
#10479=PLANE('',#12037);
#10480=PLANE('',#12038);
#10481=PLANE('',#12039);
#10482=PLANE('',#12040);
#10483=PLANE('',#12041);
#10484=PLANE('',#12043);
#10485=PLANE('',#12044);
#10486=PLANE('',#12045);
#10487=PLANE('',#12046);
#10488=PLANE('',#12047);
#10489=PLANE('',#12048);
#10490=PLANE('',#12049);
#10491=PLANE('',#12050);
#10492=PLANE('',#12051);
#10493=PLANE('',#12052);
#10494=PLANE('',#12053);
#10495=PLANE('',#12054);
#10496=PLANE('',#12056);
#10497=PLANE('',#12057);
#10498=PLANE('',#12058);
#10499=PLANE('',#12059);
#10500=PLANE('',#12060);
#10501=PLANE('',#12061);
#10502=PLANE('',#12062);
#10503=PLANE('',#12063);
#10504=PLANE('',#12064);
#10505=PLANE('',#12065);
#10506=PLANE('',#12066);
#10507=PLANE('',#12067);
#10508=PLANE('',#12069);
#10509=PLANE('',#12070);
#10510=PLANE('',#12071);
#10511=PLANE('',#12072);
#10512=PLANE('',#12073);
#10513=PLANE('',#12074);
#10514=PLANE('',#12075);
#10515=PLANE('',#12076);
#10516=PLANE('',#12077);
#10517=PLANE('',#12078);
#10518=PLANE('',#12079);
#10519=PLANE('',#12080);
#10520=PLANE('',#12082);
#10521=PLANE('',#12083);
#10522=PLANE('',#12084);
#10523=PLANE('',#12085);
#10524=PLANE('',#12086);
#10525=PLANE('',#12087);
#10526=PLANE('',#12088);
#10527=PLANE('',#12089);
#10528=PLANE('',#12090);
#10529=PLANE('',#12091);
#10530=PLANE('',#12092);
#10531=PLANE('',#12093);
#10532=PLANE('',#12095);
#10533=PLANE('',#12096);
#10534=PLANE('',#12097);
#10535=PLANE('',#12098);
#10536=PLANE('',#12099);
#10537=PLANE('',#12100);
#10538=PLANE('',#12101);
#10539=PLANE('',#12102);
#10540=PLANE('',#12103);
#10541=PLANE('',#12104);
#10542=PLANE('',#12105);
#10543=PLANE('',#12106);
#10544=PLANE('',#12108);
#10545=PLANE('',#12109);
#10546=PLANE('',#12110);
#10547=PLANE('',#12111);
#10548=PLANE('',#12112);
#10549=PLANE('',#12113);
#10550=PLANE('',#12114);
#10551=PLANE('',#12115);
#10552=PLANE('',#12116);
#10553=PLANE('',#12117);
#10554=PLANE('',#12118);
#10555=PLANE('',#12119);
#10556=PLANE('',#12121);
#10557=PLANE('',#12122);
#10558=PLANE('',#12123);
#10559=PLANE('',#12124);
#10560=PLANE('',#12125);
#10561=PLANE('',#12126);
#10562=PLANE('',#12127);
#10563=PLANE('',#12128);
#10564=PLANE('',#12129);
#10565=PLANE('',#12130);
#10566=PLANE('',#12131);
#10567=PLANE('',#12132);
#10568=PLANE('',#12134);
#10569=PLANE('',#12135);
#10570=PLANE('',#12136);
#10571=PLANE('',#12137);
#10572=PLANE('',#12138);
#10573=PLANE('',#12139);
#10574=PLANE('',#12140);
#10575=PLANE('',#12141);
#10576=PLANE('',#12142);
#10577=PLANE('',#12143);
#10578=PLANE('',#12144);
#10579=PLANE('',#12145);
#10580=PLANE('',#12147);
#10581=PLANE('',#12148);
#10582=PLANE('',#12149);
#10583=PLANE('',#12150);
#10584=PLANE('',#12151);
#10585=PLANE('',#12152);
#10586=PLANE('',#12153);
#10587=PLANE('',#12154);
#10588=PLANE('',#12155);
#10589=PLANE('',#12156);
#10590=PLANE('',#12157);
#10591=PLANE('',#12158);
#10592=PLANE('',#12160);
#10593=PLANE('',#12161);
#10594=PLANE('',#12162);
#10595=PLANE('',#12163);
#10596=PLANE('',#12164);
#10597=PLANE('',#12165);
#10598=PLANE('',#12166);
#10599=PLANE('',#12167);
#10600=PLANE('',#12168);
#10601=PLANE('',#12169);
#10602=PLANE('',#12170);
#10603=PLANE('',#12171);
#10604=PLANE('',#12173);
#10605=PLANE('',#12174);
#10606=PLANE('',#12175);
#10607=PLANE('',#12176);
#10608=PLANE('',#12177);
#10609=PLANE('',#12178);
#10610=PLANE('',#12179);
#10611=PLANE('',#12180);
#10612=PLANE('',#12181);
#10613=PLANE('',#12182);
#10614=PLANE('',#12183);
#10615=PLANE('',#12184);
#10616=PLANE('',#12186);
#10617=PLANE('',#12187);
#10618=PLANE('',#12188);
#10619=PLANE('',#12189);
#10620=PLANE('',#12190);
#10621=PLANE('',#12191);
#10622=PLANE('',#12192);
#10623=PLANE('',#12193);
#10624=PLANE('',#12194);
#10625=PLANE('',#12195);
#10626=PLANE('',#12196);
#10627=PLANE('',#12197);
#10628=PLANE('',#12199);
#10629=PLANE('',#12200);
#10630=PLANE('',#12201);
#10631=PLANE('',#12202);
#10632=PLANE('',#12203);
#10633=PLANE('',#12204);
#10634=PLANE('',#12205);
#10635=PLANE('',#12206);
#10636=PLANE('',#12207);
#10637=PLANE('',#12208);
#10638=PLANE('',#12209);
#10639=PLANE('',#12210);
#10640=ADVANCED_FACE('',(#9464),#10056,.F.);
#10641=ADVANCED_FACE('',(#9465),#10057,.T.);
#10642=ADVANCED_FACE('',(#9466),#10058,.T.);
#10643=ADVANCED_FACE('',(#9467),#10059,.F.);
#10644=ADVANCED_FACE('',(#9468),#10060,.T.);
#10645=ADVANCED_FACE('',(#9469),#10061,.F.);
#10646=ADVANCED_FACE('',(#9470),#10062,.F.);
#10647=ADVANCED_FACE('',(#9471),#10063,.T.);
#10648=ADVANCED_FACE('',(#9472),#10064,.T.);
#10649=ADVANCED_FACE('',(#9473),#10065,.F.);
#10650=ADVANCED_FACE('',(#9474),#10066,.F.);
#10651=ADVANCED_FACE('',(#9475),#10067,.T.);
#10652=ADVANCED_FACE('',(#9476),#10068,.T.);
#10653=ADVANCED_FACE('',(#9477),#10069,.T.);
#10654=ADVANCED_FACE('',(#9478),#10070,.T.);
#10655=ADVANCED_FACE('',(#9479),#10071,.T.);
#10656=ADVANCED_FACE('',(#9480),#10072,.T.);
#10657=ADVANCED_FACE('',(#9481),#10073,.T.);
#10658=ADVANCED_FACE('',(#9482),#10074,.T.);
#10659=ADVANCED_FACE('',(#9483),#10075,.T.);
#10660=ADVANCED_FACE('',(#9484),#10076,.T.);
#10661=ADVANCED_FACE('',(#9485),#10077,.T.);
#10662=ADVANCED_FACE('',(#9486),#10078,.T.);
#10663=ADVANCED_FACE('',(#9487),#10079,.T.);
#10664=ADVANCED_FACE('',(#9488),#10080,.T.);
#10665=ADVANCED_FACE('',(#9489),#10081,.T.);
#10666=ADVANCED_FACE('',(#9490),#10082,.T.);
#10667=ADVANCED_FACE('',(#9491),#10083,.T.);
#10668=ADVANCED_FACE('',(#9492),#10084,.T.);
#10669=ADVANCED_FACE('',(#9493),#10085,.T.);
#10670=ADVANCED_FACE('',(#9494),#10086,.T.);
#10671=ADVANCED_FACE('',(#9495),#10087,.T.);
#10672=ADVANCED_FACE('',(#9496),#10088,.T.);
#10673=ADVANCED_FACE('',(#9497),#10089,.T.);
#10674=ADVANCED_FACE('',(#9498),#10090,.T.);
#10675=ADVANCED_FACE('',(#9499),#10091,.T.);
#10676=ADVANCED_FACE('',(#9500),#10092,.T.);
#10677=ADVANCED_FACE('',(#9501),#10093,.T.);
#10678=ADVANCED_FACE('',(#9502),#10094,.T.);
#10679=ADVANCED_FACE('',(#9503),#10095,.T.);
#10680=ADVANCED_FACE('',(#9504),#10096,.T.);
#10681=ADVANCED_FACE('',(#9505),#10097,.T.);
#10682=ADVANCED_FACE('',(#9506),#10098,.T.);
#10683=ADVANCED_FACE('',(#9507),#10099,.T.);
#10684=ADVANCED_FACE('',(#9508),#10100,.T.);
#10685=ADVANCED_FACE('',(#9509),#10101,.F.);
#10686=ADVANCED_FACE('',(#9510),#10102,.T.);
#10687=ADVANCED_FACE('',(#9511),#10103,.T.);
#10688=ADVANCED_FACE('',(#9512),#10104,.F.);
#10689=ADVANCED_FACE('',(#9513),#10105,.T.);
#10690=ADVANCED_FACE('',(#9514),#10106,.T.);
#10691=ADVANCED_FACE('',(#9515),#10107,.T.);
#10692=ADVANCED_FACE('',(#9516,#9517,#9518,#9519,#9520),#10108,.T.);
#10693=ADVANCED_FACE('',(#9521),#10109,.T.);
#10694=ADVANCED_FACE('',(#9522),#10110,.F.);
#10695=ADVANCED_FACE('',(#9523),#10,.T.);
#10696=ADVANCED_FACE('',(#9524),#10111,.T.);
#10697=ADVANCED_FACE('',(#9525),#10112,.T.);
#10698=ADVANCED_FACE('',(#9526),#11,.F.);
#10699=ADVANCED_FACE('',(#9527),#10113,.T.);
#10700=ADVANCED_FACE('',(#9528),#10114,.F.);
#10701=ADVANCED_FACE('',(#9529),#10115,.T.);
#10702=ADVANCED_FACE('',(#9530),#10116,.F.);
#10703=ADVANCED_FACE('',(#9531),#10117,.T.);
#10704=ADVANCED_FACE('',(#9532),#10118,.F.);
#10705=ADVANCED_FACE('',(#9533),#12,.F.);
#10706=ADVANCED_FACE('',(#9534),#10119,.T.);
#10707=ADVANCED_FACE('',(#9535),#10120,.T.);
#10708=ADVANCED_FACE('',(#9536),#13,.T.);
#10709=ADVANCED_FACE('',(#9537),#10121,.T.);
#10710=ADVANCED_FACE('',(#9538),#10122,.F.);
#10711=ADVANCED_FACE('',(#9539),#10123,.T.);
#10712=ADVANCED_FACE('',(#9540),#10124,.F.);
#10713=ADVANCED_FACE('',(#9541),#10125,.T.);
#10714=ADVANCED_FACE('',(#9542),#10126,.F.);
#10715=ADVANCED_FACE('',(#9543),#10127,.F.);
#10716=ADVANCED_FACE('',(#9544),#10128,.T.);
#10717=ADVANCED_FACE('',(#9545),#10129,.T.);
#10718=ADVANCED_FACE('',(#9546),#10130,.T.);
#10719=ADVANCED_FACE('',(#9547),#10131,.F.);
#10720=ADVANCED_FACE('',(#9548),#10132,.F.);
#10721=ADVANCED_FACE('',(#9549),#10133,.T.);
#10722=ADVANCED_FACE('',(#9550),#10134,.T.);
#10723=ADVANCED_FACE('',(#9551),#10135,.T.);
#10724=ADVANCED_FACE('',(#9552),#10136,.F.);
#10725=ADVANCED_FACE('',(#9553),#10137,.F.);
#10726=ADVANCED_FACE('',(#9554),#10138,.T.);
#10727=ADVANCED_FACE('',(#9555),#10139,.T.);
#10728=ADVANCED_FACE('',(#9556),#10140,.T.);
#10729=ADVANCED_FACE('',(#9557),#10141,.F.);
#10730=ADVANCED_FACE('',(#9558),#10142,.F.);
#10731=ADVANCED_FACE('',(#9559),#10143,.T.);
#10732=ADVANCED_FACE('',(#9560),#10144,.T.);
#10733=ADVANCED_FACE('',(#9561),#10145,.T.);
#10734=ADVANCED_FACE('',(#9562),#10146,.F.);
#10735=ADVANCED_FACE('',(#9563),#10147,.T.);
#10736=ADVANCED_FACE('',(#9564),#10148,.T.);
#10737=ADVANCED_FACE('',(#9565),#10149,.T.);
#10738=ADVANCED_FACE('',(#9566),#10150,.T.);
#10739=ADVANCED_FACE('',(#9567),#10151,.T.);
#10740=ADVANCED_FACE('',(#9568),#10152,.T.);
#10741=ADVANCED_FACE('',(#9569),#10153,.F.);
#10742=ADVANCED_FACE('',(#9570),#10154,.T.);
#10743=ADVANCED_FACE('',(#9571),#10155,.F.);
#10744=ADVANCED_FACE('',(#9572),#10156,.F.);
#10745=ADVANCED_FACE('',(#9573),#10157,.T.);
#10746=ADVANCED_FACE('',(#9574),#10158,.T.);
#10747=ADVANCED_FACE('',(#9575),#10159,.T.);
#10748=ADVANCED_FACE('',(#9576),#10160,.T.);
#10749=ADVANCED_FACE('',(#9577),#10161,.T.);
#10750=ADVANCED_FACE('',(#9578),#10162,.T.);
#10751=ADVANCED_FACE('',(#9579),#10163,.T.);
#10752=ADVANCED_FACE('',(#9580),#10164,.T.);
#10753=ADVANCED_FACE('',(#9581),#10165,.T.);
#10754=ADVANCED_FACE('',(#9582),#10166,.T.);
#10755=ADVANCED_FACE('',(#9583),#10167,.T.);
#10756=ADVANCED_FACE('',(#9584),#10168,.T.);
#10757=ADVANCED_FACE('',(#9585),#10169,.F.);
#10758=ADVANCED_FACE('',(#9586),#10170,.F.);
#10759=ADVANCED_FACE('',(#9587),#10171,.T.);
#10760=ADVANCED_FACE('',(#9588),#10172,.T.);
#10761=ADVANCED_FACE('',(#9589),#10173,.T.);
#10762=ADVANCED_FACE('',(#9590),#10174,.T.);
#10763=ADVANCED_FACE('',(#9591),#10175,.T.);
#10764=ADVANCED_FACE('',(#9592),#10176,.F.);
#10765=ADVANCED_FACE('',(#9593),#10177,.F.);
#10766=ADVANCED_FACE('',(#9594),#10178,.T.);
#10767=ADVANCED_FACE('',(#9595),#10179,.F.);
#10768=ADVANCED_FACE('',(#9596),#10180,.F.);
#10769=ADVANCED_FACE('',(#9597),#10181,.T.);
#10770=ADVANCED_FACE('',(#9598),#10182,.F.);
#10771=ADVANCED_FACE('',(#9599),#10183,.F.);
#10772=ADVANCED_FACE('',(#9600),#10184,.T.);
#10773=ADVANCED_FACE('',(#9601),#10185,.F.);
#10774=ADVANCED_FACE('',(#9602),#10186,.F.);
#10775=ADVANCED_FACE('',(#9603),#10187,.T.);
#10776=ADVANCED_FACE('',(#9604),#10188,.F.);
#10777=ADVANCED_FACE('',(#9605),#10189,.F.);
#10778=ADVANCED_FACE('',(#9606),#10190,.T.);
#10779=ADVANCED_FACE('',(#9607),#10191,.F.);
#10780=ADVANCED_FACE('',(#9608),#10192,.F.);
#10781=ADVANCED_FACE('',(#9609),#10193,.T.);
#10782=ADVANCED_FACE('',(#9610),#10194,.F.);
#10783=ADVANCED_FACE('',(#9611),#10195,.F.);
#10784=ADVANCED_FACE('',(#9612),#10196,.T.);
#10785=ADVANCED_FACE('',(#9613),#10197,.F.);
#10786=ADVANCED_FACE('',(#9614),#10198,.F.);
#10787=ADVANCED_FACE('',(#9615),#10199,.T.);
#10788=ADVANCED_FACE('',(#9616),#10200,.F.);
#10789=ADVANCED_FACE('',(#9617),#10201,.F.);
#10790=ADVANCED_FACE('',(#9618),#10202,.T.);
#10791=ADVANCED_FACE('',(#9619),#10203,.F.);
#10792=ADVANCED_FACE('',(#9620),#10204,.F.);
#10793=ADVANCED_FACE('',(#9621),#10205,.T.);
#10794=ADVANCED_FACE('',(#9622),#10206,.F.);
#10795=ADVANCED_FACE('',(#9623),#10207,.F.);
#10796=ADVANCED_FACE('',(#9624),#10208,.T.);
#10797=ADVANCED_FACE('',(#9625),#10209,.F.);
#10798=ADVANCED_FACE('',(#9626),#10210,.F.);
#10799=ADVANCED_FACE('',(#9627),#10211,.T.);
#10800=ADVANCED_FACE('',(#9628),#10212,.F.);
#10801=ADVANCED_FACE('',(#9629),#10213,.F.);
#10802=ADVANCED_FACE('',(#9630),#10214,.T.);
#10803=ADVANCED_FACE('',(#9631),#10215,.F.);
#10804=ADVANCED_FACE('',(#9632),#10216,.F.);
#10805=ADVANCED_FACE('',(#9633),#10217,.T.);
#10806=ADVANCED_FACE('',(#9634),#10218,.F.);
#10807=ADVANCED_FACE('',(#9635),#10219,.F.);
#10808=ADVANCED_FACE('',(#9636),#10220,.T.);
#10809=ADVANCED_FACE('',(#9637),#10221,.F.);
#10810=ADVANCED_FACE('',(#9638),#10222,.F.);
#10811=ADVANCED_FACE('',(#9639),#10223,.T.);
#10812=ADVANCED_FACE('',(#9640),#10224,.F.);
#10813=ADVANCED_FACE('',(#9641),#10225,.F.);
#10814=ADVANCED_FACE('',(#9642),#10226,.T.);
#10815=ADVANCED_FACE('',(#9643),#10227,.F.);
#10816=ADVANCED_FACE('',(#9644),#10228,.F.);
#10817=ADVANCED_FACE('',(#9645),#10229,.T.);
#10818=ADVANCED_FACE('',(#9646),#10230,.F.);
#10819=ADVANCED_FACE('',(#9647),#10231,.F.);
#10820=ADVANCED_FACE('',(#9648),#10232,.T.);
#10821=ADVANCED_FACE('',(#9649),#10233,.F.);
#10822=ADVANCED_FACE('',(#9650),#10234,.F.);
#10823=ADVANCED_FACE('',(#9651),#10235,.T.);
#10824=ADVANCED_FACE('',(#9652),#10236,.F.);
#10825=ADVANCED_FACE('',(#9653),#10237,.F.);
#10826=ADVANCED_FACE('',(#9654),#10238,.T.);
#10827=ADVANCED_FACE('',(#9655),#10239,.F.);
#10828=ADVANCED_FACE('',(#9656),#10240,.F.);
#10829=ADVANCED_FACE('',(#9657),#10241,.T.);
#10830=ADVANCED_FACE('',(#9658),#10242,.F.);
#10831=ADVANCED_FACE('',(#9659),#10243,.F.);
#10832=ADVANCED_FACE('',(#9660),#10244,.T.);
#10833=ADVANCED_FACE('',(#9661),#10245,.F.);
#10834=ADVANCED_FACE('',(#9662),#10246,.F.);
#10835=ADVANCED_FACE('',(#9663),#10247,.T.);
#10836=ADVANCED_FACE('',(#9664),#10248,.F.);
#10837=ADVANCED_FACE('',(#9665),#10249,.F.);
#10838=ADVANCED_FACE('',(#9666),#10250,.T.);
#10839=ADVANCED_FACE('',(#9667),#10251,.F.);
#10840=ADVANCED_FACE('',(#9668),#10252,.F.);
#10841=ADVANCED_FACE('',(#9669),#10253,.T.);
#10842=ADVANCED_FACE('',(#9670),#10254,.F.);
#10843=ADVANCED_FACE('',(#9671),#10255,.F.);
#10844=ADVANCED_FACE('',(#9672),#10256,.T.);
#10845=ADVANCED_FACE('',(#9673),#10257,.F.);
#10846=ADVANCED_FACE('',(#9674),#10258,.F.);
#10847=ADVANCED_FACE('',(#9675),#10259,.T.);
#10848=ADVANCED_FACE('',(#9676),#10260,.F.);
#10849=ADVANCED_FACE('',(#9677),#10261,.F.);
#10850=ADVANCED_FACE('',(#9678),#10262,.T.);
#10851=ADVANCED_FACE('',(#9679),#10263,.F.);
#10852=ADVANCED_FACE('',(#9680),#10264,.F.);
#10853=ADVANCED_FACE('',(#9681),#10265,.F.);
#10854=ADVANCED_FACE('',(#9682),#10266,.T.);
#10855=ADVANCED_FACE('',(#9683),#10267,.F.);
#10856=ADVANCED_FACE('',(#9684),#10268,.F.);
#10857=ADVANCED_FACE('',(#9685),#10269,.T.);
#10858=ADVANCED_FACE('',(#9686),#10270,.T.);
#10859=ADVANCED_FACE('',(#9687),#10271,.F.);
#10860=ADVANCED_FACE('',(#9688),#10272,.T.);
#10861=ADVANCED_FACE('',(#9689),#10273,.F.);
#10862=ADVANCED_FACE('',(#9690),#10274,.F.);
#10863=ADVANCED_FACE('',(#9691),#10275,.T.);
#10864=ADVANCED_FACE('',(#9692),#10276,.T.);
#10865=ADVANCED_FACE('',(#9693),#10277,.F.);
#10866=ADVANCED_FACE('',(#9694),#10278,.F.);
#10867=ADVANCED_FACE('',(#9695),#10279,.T.);
#10868=ADVANCED_FACE('',(#9696),#10280,.F.);
#10869=ADVANCED_FACE('',(#9697),#10281,.F.);
#10870=ADVANCED_FACE('',(#9698),#10282,.T.);
#10871=ADVANCED_FACE('',(#9699),#10283,.F.);
#10872=ADVANCED_FACE('',(#9700),#10284,.T.);
#10873=ADVANCED_FACE('',(#9701),#10285,.F.);
#10874=ADVANCED_FACE('',(#9702),#10286,.F.);
#10875=ADVANCED_FACE('',(#9703),#10287,.T.);
#10876=ADVANCED_FACE('',(#9704),#10288,.T.);
#10877=ADVANCED_FACE('',(#9705),#10289,.F.);
#10878=ADVANCED_FACE('',(#9706),#10290,.F.);
#10879=ADVANCED_FACE('',(#9707),#10291,.T.);
#10880=ADVANCED_FACE('',(#9708),#10292,.F.);
#10881=ADVANCED_FACE('',(#9709),#10293,.T.);
#10882=ADVANCED_FACE('',(#9710),#10294,.T.);
#10883=ADVANCED_FACE('',(#9711),#10295,.F.);
#10884=ADVANCED_FACE('',(#9712),#10296,.T.);
#10885=ADVANCED_FACE('',(#9713),#10297,.F.);
#10886=ADVANCED_FACE('',(#9714),#10298,.F.);
#10887=ADVANCED_FACE('',(#9715),#10299,.T.);
#10888=ADVANCED_FACE('',(#9716),#10300,.T.);
#10889=ADVANCED_FACE('',(#9717),#10301,.F.);
#10890=ADVANCED_FACE('',(#9718),#10302,.F.);
#10891=ADVANCED_FACE('',(#9719),#10303,.T.);
#10892=ADVANCED_FACE('',(#9720),#10304,.F.);
#10893=ADVANCED_FACE('',(#9721),#10305,.F.);
#10894=ADVANCED_FACE('',(#9722),#10306,.T.);
#10895=ADVANCED_FACE('',(#9723),#10307,.F.);
#10896=ADVANCED_FACE('',(#9724),#10308,.T.);
#10897=ADVANCED_FACE('',(#9725),#10309,.F.);
#10898=ADVANCED_FACE('',(#9726),#10310,.F.);
#10899=ADVANCED_FACE('',(#9727),#10311,.T.);
#10900=ADVANCED_FACE('',(#9728),#10312,.T.);
#10901=ADVANCED_FACE('',(#9729),#10313,.F.);
#10902=ADVANCED_FACE('',(#9730),#10314,.F.);
#10903=ADVANCED_FACE('',(#9731),#10315,.T.);
#10904=ADVANCED_FACE('',(#9732),#10316,.F.);
#10905=ADVANCED_FACE('',(#9733),#10317,.T.);
#10906=ADVANCED_FACE('',(#9734),#10318,.T.);
#10907=ADVANCED_FACE('',(#9735),#10319,.F.);
#10908=ADVANCED_FACE('',(#9736),#10320,.T.);
#10909=ADVANCED_FACE('',(#9737),#10321,.F.);
#10910=ADVANCED_FACE('',(#9738),#10322,.F.);
#10911=ADVANCED_FACE('',(#9739),#10323,.T.);
#10912=ADVANCED_FACE('',(#9740),#10324,.T.);
#10913=ADVANCED_FACE('',(#9741),#10325,.F.);
#10914=ADVANCED_FACE('',(#9742),#10326,.F.);
#10915=ADVANCED_FACE('',(#9743),#10327,.T.);
#10916=ADVANCED_FACE('',(#9744),#10328,.F.);
#10917=ADVANCED_FACE('',(#9745),#10329,.F.);
#10918=ADVANCED_FACE('',(#9746),#10330,.T.);
#10919=ADVANCED_FACE('',(#9747),#10331,.F.);
#10920=ADVANCED_FACE('',(#9748),#10332,.T.);
#10921=ADVANCED_FACE('',(#9749),#10333,.F.);
#10922=ADVANCED_FACE('',(#9750),#10334,.F.);
#10923=ADVANCED_FACE('',(#9751),#10335,.T.);
#10924=ADVANCED_FACE('',(#9752),#10336,.T.);
#10925=ADVANCED_FACE('',(#9753),#10337,.F.);
#10926=ADVANCED_FACE('',(#9754),#10338,.F.);
#10927=ADVANCED_FACE('',(#9755),#10339,.T.);
#10928=ADVANCED_FACE('',(#9756),#10340,.F.);
#10929=ADVANCED_FACE('',(#9757),#10341,.T.);
#10930=ADVANCED_FACE('',(#9758),#10342,.T.);
#10931=ADVANCED_FACE('',(#9759),#10343,.F.);
#10932=ADVANCED_FACE('',(#9760),#10344,.T.);
#10933=ADVANCED_FACE('',(#9761),#10345,.F.);
#10934=ADVANCED_FACE('',(#9762),#10346,.F.);
#10935=ADVANCED_FACE('',(#9763),#10347,.T.);
#10936=ADVANCED_FACE('',(#9764),#10348,.T.);
#10937=ADVANCED_FACE('',(#9765),#10349,.F.);
#10938=ADVANCED_FACE('',(#9766),#10350,.F.);
#10939=ADVANCED_FACE('',(#9767),#10351,.T.);
#10940=ADVANCED_FACE('',(#9768),#10352,.F.);
#10941=ADVANCED_FACE('',(#9769),#10353,.F.);
#10942=ADVANCED_FACE('',(#9770),#10354,.T.);
#10943=ADVANCED_FACE('',(#9771),#10355,.F.);
#10944=ADVANCED_FACE('',(#9772),#10356,.T.);
#10945=ADVANCED_FACE('',(#9773),#10357,.F.);
#10946=ADVANCED_FACE('',(#9774),#10358,.F.);
#10947=ADVANCED_FACE('',(#9775),#10359,.T.);
#10948=ADVANCED_FACE('',(#9776),#10360,.T.);
#10949=ADVANCED_FACE('',(#9777),#10361,.F.);
#10950=ADVANCED_FACE('',(#9778),#10362,.F.);
#10951=ADVANCED_FACE('',(#9779),#10363,.T.);
#10952=ADVANCED_FACE('',(#9780),#10364,.F.);
#10953=ADVANCED_FACE('',(#9781),#10365,.T.);
#10954=ADVANCED_FACE('',(#9782),#10366,.T.);
#10955=ADVANCED_FACE('',(#9783),#10367,.F.);
#10956=ADVANCED_FACE('',(#9784),#10368,.T.);
#10957=ADVANCED_FACE('',(#9785),#10369,.F.);
#10958=ADVANCED_FACE('',(#9786),#10370,.F.);
#10959=ADVANCED_FACE('',(#9787),#10371,.T.);
#10960=ADVANCED_FACE('',(#9788),#10372,.T.);
#10961=ADVANCED_FACE('',(#9789),#10373,.F.);
#10962=ADVANCED_FACE('',(#9790),#10374,.F.);
#10963=ADVANCED_FACE('',(#9791),#10375,.T.);
#10964=ADVANCED_FACE('',(#9792),#10376,.F.);
#10965=ADVANCED_FACE('',(#9793),#10377,.F.);
#10966=ADVANCED_FACE('',(#9794),#10378,.T.);
#10967=ADVANCED_FACE('',(#9795),#10379,.F.);
#10968=ADVANCED_FACE('',(#9796),#10380,.T.);
#10969=ADVANCED_FACE('',(#9797),#10381,.F.);
#10970=ADVANCED_FACE('',(#9798),#10382,.F.);
#10971=ADVANCED_FACE('',(#9799),#10383,.T.);
#10972=ADVANCED_FACE('',(#9800),#10384,.T.);
#10973=ADVANCED_FACE('',(#9801),#10385,.F.);
#10974=ADVANCED_FACE('',(#9802),#10386,.F.);
#10975=ADVANCED_FACE('',(#9803),#10387,.T.);
#10976=ADVANCED_FACE('',(#9804),#10388,.F.);
#10977=ADVANCED_FACE('',(#9805),#10389,.T.);
#10978=ADVANCED_FACE('',(#9806),#10390,.T.);
#10979=ADVANCED_FACE('',(#9807),#10391,.F.);
#10980=ADVANCED_FACE('',(#9808),#10392,.T.);
#10981=ADVANCED_FACE('',(#9809),#10393,.F.);
#10982=ADVANCED_FACE('',(#9810),#10394,.F.);
#10983=ADVANCED_FACE('',(#9811),#10395,.T.);
#10984=ADVANCED_FACE('',(#9812),#10396,.T.);
#10985=ADVANCED_FACE('',(#9813),#10397,.F.);
#10986=ADVANCED_FACE('',(#9814),#10398,.F.);
#10987=ADVANCED_FACE('',(#9815),#10399,.T.);
#10988=ADVANCED_FACE('',(#9816),#10400,.F.);
#10989=ADVANCED_FACE('',(#9817),#10401,.F.);
#10990=ADVANCED_FACE('',(#9818),#10402,.T.);
#10991=ADVANCED_FACE('',(#9819),#10403,.F.);
#10992=ADVANCED_FACE('',(#9820),#10404,.T.);
#10993=ADVANCED_FACE('',(#9821),#10405,.F.);
#10994=ADVANCED_FACE('',(#9822),#10406,.F.);
#10995=ADVANCED_FACE('',(#9823),#10407,.T.);
#10996=ADVANCED_FACE('',(#9824),#10408,.T.);
#10997=ADVANCED_FACE('',(#9825),#10409,.F.);
#10998=ADVANCED_FACE('',(#9826),#10410,.F.);
#10999=ADVANCED_FACE('',(#9827),#10411,.T.);
#11000=ADVANCED_FACE('',(#9828),#10412,.F.);
#11001=ADVANCED_FACE('',(#9829),#10413,.T.);
#11002=ADVANCED_FACE('',(#9830),#10414,.T.);
#11003=ADVANCED_FACE('',(#9831),#10415,.F.);
#11004=ADVANCED_FACE('',(#9832),#10416,.T.);
#11005=ADVANCED_FACE('',(#9833),#10417,.F.);
#11006=ADVANCED_FACE('',(#9834),#10418,.F.);
#11007=ADVANCED_FACE('',(#9835),#10419,.T.);
#11008=ADVANCED_FACE('',(#9836),#10420,.T.);
#11009=ADVANCED_FACE('',(#9837),#10421,.F.);
#11010=ADVANCED_FACE('',(#9838),#10422,.F.);
#11011=ADVANCED_FACE('',(#9839),#10423,.T.);
#11012=ADVANCED_FACE('',(#9840),#10424,.F.);
#11013=ADVANCED_FACE('',(#9841),#10425,.F.);
#11014=ADVANCED_FACE('',(#9842),#10426,.T.);
#11015=ADVANCED_FACE('',(#9843),#10427,.F.);
#11016=ADVANCED_FACE('',(#9844),#10428,.T.);
#11017=ADVANCED_FACE('',(#9845),#10429,.F.);
#11018=ADVANCED_FACE('',(#9846),#10430,.F.);
#11019=ADVANCED_FACE('',(#9847),#10431,.T.);
#11020=ADVANCED_FACE('',(#9848),#10432,.T.);
#11021=ADVANCED_FACE('',(#9849),#10433,.F.);
#11022=ADVANCED_FACE('',(#9850),#10434,.F.);
#11023=ADVANCED_FACE('',(#9851),#10435,.T.);
#11024=ADVANCED_FACE('',(#9852),#10436,.F.);
#11025=ADVANCED_FACE('',(#9853),#10437,.T.);
#11026=ADVANCED_FACE('',(#9854),#10438,.T.);
#11027=ADVANCED_FACE('',(#9855),#10439,.F.);
#11028=ADVANCED_FACE('',(#9856),#10440,.T.);
#11029=ADVANCED_FACE('',(#9857),#10441,.F.);
#11030=ADVANCED_FACE('',(#9858),#10442,.F.);
#11031=ADVANCED_FACE('',(#9859),#10443,.T.);
#11032=ADVANCED_FACE('',(#9860),#10444,.T.);
#11033=ADVANCED_FACE('',(#9861),#10445,.F.);
#11034=ADVANCED_FACE('',(#9862),#10446,.F.);
#11035=ADVANCED_FACE('',(#9863),#10447,.T.);
#11036=ADVANCED_FACE('',(#9864),#10448,.F.);
#11037=ADVANCED_FACE('',(#9865),#10449,.F.);
#11038=ADVANCED_FACE('',(#9866),#10450,.T.);
#11039=ADVANCED_FACE('',(#9867),#10451,.F.);
#11040=ADVANCED_FACE('',(#9868),#10452,.T.);
#11041=ADVANCED_FACE('',(#9869),#10453,.F.);
#11042=ADVANCED_FACE('',(#9870),#10454,.F.);
#11043=ADVANCED_FACE('',(#9871),#10455,.T.);
#11044=ADVANCED_FACE('',(#9872),#10456,.T.);
#11045=ADVANCED_FACE('',(#9873),#10457,.F.);
#11046=ADVANCED_FACE('',(#9874),#10458,.F.);
#11047=ADVANCED_FACE('',(#9875),#10459,.T.);
#11048=ADVANCED_FACE('',(#9876),#10460,.F.);
#11049=ADVANCED_FACE('',(#9877),#10461,.T.);
#11050=ADVANCED_FACE('',(#9878),#10462,.T.);
#11051=ADVANCED_FACE('',(#9879),#10463,.F.);
#11052=ADVANCED_FACE('',(#9880),#10464,.T.);
#11053=ADVANCED_FACE('',(#9881),#10465,.F.);
#11054=ADVANCED_FACE('',(#9882),#10466,.F.);
#11055=ADVANCED_FACE('',(#9883),#10467,.T.);
#11056=ADVANCED_FACE('',(#9884),#10468,.T.);
#11057=ADVANCED_FACE('',(#9885),#10469,.F.);
#11058=ADVANCED_FACE('',(#9886),#10470,.F.);
#11059=ADVANCED_FACE('',(#9887),#10471,.T.);
#11060=ADVANCED_FACE('',(#9888),#10472,.F.);
#11061=ADVANCED_FACE('',(#9889),#10473,.F.);
#11062=ADVANCED_FACE('',(#9890),#10474,.T.);
#11063=ADVANCED_FACE('',(#9891),#10475,.F.);
#11064=ADVANCED_FACE('',(#9892),#10476,.T.);
#11065=ADVANCED_FACE('',(#9893),#10477,.F.);
#11066=ADVANCED_FACE('',(#9894),#10478,.F.);
#11067=ADVANCED_FACE('',(#9895),#10479,.T.);
#11068=ADVANCED_FACE('',(#9896),#10480,.T.);
#11069=ADVANCED_FACE('',(#9897),#10481,.F.);
#11070=ADVANCED_FACE('',(#9898),#10482,.F.);
#11071=ADVANCED_FACE('',(#9899),#10483,.T.);
#11072=ADVANCED_FACE('',(#9900),#10484,.F.);
#11073=ADVANCED_FACE('',(#9901),#10485,.T.);
#11074=ADVANCED_FACE('',(#9902),#10486,.T.);
#11075=ADVANCED_FACE('',(#9903),#10487,.F.);
#11076=ADVANCED_FACE('',(#9904),#10488,.T.);
#11077=ADVANCED_FACE('',(#9905),#10489,.F.);
#11078=ADVANCED_FACE('',(#9906),#10490,.F.);
#11079=ADVANCED_FACE('',(#9907),#10491,.T.);
#11080=ADVANCED_FACE('',(#9908),#10492,.T.);
#11081=ADVANCED_FACE('',(#9909),#10493,.F.);
#11082=ADVANCED_FACE('',(#9910),#10494,.F.);
#11083=ADVANCED_FACE('',(#9911),#10495,.T.);
#11084=ADVANCED_FACE('',(#9912),#10496,.F.);
#11085=ADVANCED_FACE('',(#9913),#10497,.F.);
#11086=ADVANCED_FACE('',(#9914),#10498,.T.);
#11087=ADVANCED_FACE('',(#9915),#10499,.F.);
#11088=ADVANCED_FACE('',(#9916),#10500,.T.);
#11089=ADVANCED_FACE('',(#9917),#10501,.F.);
#11090=ADVANCED_FACE('',(#9918),#10502,.F.);
#11091=ADVANCED_FACE('',(#9919),#10503,.T.);
#11092=ADVANCED_FACE('',(#9920),#10504,.T.);
#11093=ADVANCED_FACE('',(#9921),#10505,.F.);
#11094=ADVANCED_FACE('',(#9922),#10506,.F.);
#11095=ADVANCED_FACE('',(#9923),#10507,.T.);
#11096=ADVANCED_FACE('',(#9924),#10508,.F.);
#11097=ADVANCED_FACE('',(#9925),#10509,.T.);
#11098=ADVANCED_FACE('',(#9926),#10510,.T.);
#11099=ADVANCED_FACE('',(#9927),#10511,.F.);
#11100=ADVANCED_FACE('',(#9928),#10512,.T.);
#11101=ADVANCED_FACE('',(#9929),#10513,.F.);
#11102=ADVANCED_FACE('',(#9930),#10514,.F.);
#11103=ADVANCED_FACE('',(#9931),#10515,.T.);
#11104=ADVANCED_FACE('',(#9932),#10516,.T.);
#11105=ADVANCED_FACE('',(#9933),#10517,.F.);
#11106=ADVANCED_FACE('',(#9934),#10518,.F.);
#11107=ADVANCED_FACE('',(#9935),#10519,.T.);
#11108=ADVANCED_FACE('',(#9936),#10520,.F.);
#11109=ADVANCED_FACE('',(#9937),#10521,.F.);
#11110=ADVANCED_FACE('',(#9938),#10522,.T.);
#11111=ADVANCED_FACE('',(#9939),#10523,.F.);
#11112=ADVANCED_FACE('',(#9940),#10524,.T.);
#11113=ADVANCED_FACE('',(#9941),#10525,.F.);
#11114=ADVANCED_FACE('',(#9942),#10526,.F.);
#11115=ADVANCED_FACE('',(#9943),#10527,.T.);
#11116=ADVANCED_FACE('',(#9944),#10528,.T.);
#11117=ADVANCED_FACE('',(#9945),#10529,.F.);
#11118=ADVANCED_FACE('',(#9946),#10530,.F.);
#11119=ADVANCED_FACE('',(#9947),#10531,.T.);
#11120=ADVANCED_FACE('',(#9948),#10532,.F.);
#11121=ADVANCED_FACE('',(#9949),#10533,.T.);
#11122=ADVANCED_FACE('',(#9950),#10534,.T.);
#11123=ADVANCED_FACE('',(#9951),#10535,.F.);
#11124=ADVANCED_FACE('',(#9952),#10536,.T.);
#11125=ADVANCED_FACE('',(#9953),#10537,.F.);
#11126=ADVANCED_FACE('',(#9954),#10538,.F.);
#11127=ADVANCED_FACE('',(#9955),#10539,.T.);
#11128=ADVANCED_FACE('',(#9956),#10540,.T.);
#11129=ADVANCED_FACE('',(#9957),#10541,.F.);
#11130=ADVANCED_FACE('',(#9958),#10542,.F.);
#11131=ADVANCED_FACE('',(#9959),#10543,.T.);
#11132=ADVANCED_FACE('',(#9960),#10544,.F.);
#11133=ADVANCED_FACE('',(#9961),#10545,.F.);
#11134=ADVANCED_FACE('',(#9962),#10546,.T.);
#11135=ADVANCED_FACE('',(#9963),#10547,.F.);
#11136=ADVANCED_FACE('',(#9964),#10548,.T.);
#11137=ADVANCED_FACE('',(#9965),#10549,.F.);
#11138=ADVANCED_FACE('',(#9966),#10550,.F.);
#11139=ADVANCED_FACE('',(#9967),#10551,.T.);
#11140=ADVANCED_FACE('',(#9968),#10552,.T.);
#11141=ADVANCED_FACE('',(#9969),#10553,.F.);
#11142=ADVANCED_FACE('',(#9970),#10554,.F.);
#11143=ADVANCED_FACE('',(#9971),#10555,.T.);
#11144=ADVANCED_FACE('',(#9972),#10556,.F.);
#11145=ADVANCED_FACE('',(#9973),#10557,.F.);
#11146=ADVANCED_FACE('',(#9974),#10558,.T.);
#11147=ADVANCED_FACE('',(#9975),#10559,.F.);
#11148=ADVANCED_FACE('',(#9976),#10560,.T.);
#11149=ADVANCED_FACE('',(#9977),#10561,.F.);
#11150=ADVANCED_FACE('',(#9978),#10562,.F.);
#11151=ADVANCED_FACE('',(#9979),#10563,.T.);
#11152=ADVANCED_FACE('',(#9980),#10564,.T.);
#11153=ADVANCED_FACE('',(#9981),#10565,.F.);
#11154=ADVANCED_FACE('',(#9982),#10566,.F.);
#11155=ADVANCED_FACE('',(#9983),#10567,.T.);
#11156=ADVANCED_FACE('',(#9984),#10568,.F.);
#11157=ADVANCED_FACE('',(#9985),#10569,.T.);
#11158=ADVANCED_FACE('',(#9986),#10570,.T.);
#11159=ADVANCED_FACE('',(#9987),#10571,.F.);
#11160=ADVANCED_FACE('',(#9988),#10572,.T.);
#11161=ADVANCED_FACE('',(#9989),#10573,.F.);
#11162=ADVANCED_FACE('',(#9990),#10574,.F.);
#11163=ADVANCED_FACE('',(#9991),#10575,.T.);
#11164=ADVANCED_FACE('',(#9992),#10576,.T.);
#11165=ADVANCED_FACE('',(#9993),#10577,.F.);
#11166=ADVANCED_FACE('',(#9994),#10578,.F.);
#11167=ADVANCED_FACE('',(#9995),#10579,.T.);
#11168=ADVANCED_FACE('',(#9996),#10580,.F.);
#11169=ADVANCED_FACE('',(#9997),#10581,.F.);
#11170=ADVANCED_FACE('',(#9998),#10582,.T.);
#11171=ADVANCED_FACE('',(#9999),#10583,.F.);
#11172=ADVANCED_FACE('',(#10000),#10584,.T.);
#11173=ADVANCED_FACE('',(#10001),#10585,.F.);
#11174=ADVANCED_FACE('',(#10002),#10586,.F.);
#11175=ADVANCED_FACE('',(#10003),#10587,.T.);
#11176=ADVANCED_FACE('',(#10004),#10588,.T.);
#11177=ADVANCED_FACE('',(#10005),#10589,.F.);
#11178=ADVANCED_FACE('',(#10006),#10590,.F.);
#11179=ADVANCED_FACE('',(#10007),#10591,.T.);
#11180=ADVANCED_FACE('',(#10008),#10592,.F.);
#11181=ADVANCED_FACE('',(#10009),#10593,.T.);
#11182=ADVANCED_FACE('',(#10010),#10594,.T.);
#11183=ADVANCED_FACE('',(#10011),#10595,.F.);
#11184=ADVANCED_FACE('',(#10012),#10596,.T.);
#11185=ADVANCED_FACE('',(#10013),#10597,.F.);
#11186=ADVANCED_FACE('',(#10014),#10598,.F.);
#11187=ADVANCED_FACE('',(#10015),#10599,.T.);
#11188=ADVANCED_FACE('',(#10016),#10600,.T.);
#11189=ADVANCED_FACE('',(#10017),#10601,.F.);
#11190=ADVANCED_FACE('',(#10018),#10602,.F.);
#11191=ADVANCED_FACE('',(#10019),#10603,.T.);
#11192=ADVANCED_FACE('',(#10020),#10604,.F.);
#11193=ADVANCED_FACE('',(#10021),#10605,.F.);
#11194=ADVANCED_FACE('',(#10022),#10606,.T.);
#11195=ADVANCED_FACE('',(#10023),#10607,.F.);
#11196=ADVANCED_FACE('',(#10024),#10608,.T.);
#11197=ADVANCED_FACE('',(#10025),#10609,.F.);
#11198=ADVANCED_FACE('',(#10026),#10610,.F.);
#11199=ADVANCED_FACE('',(#10027),#10611,.T.);
#11200=ADVANCED_FACE('',(#10028),#10612,.T.);
#11201=ADVANCED_FACE('',(#10029),#10613,.F.);
#11202=ADVANCED_FACE('',(#10030),#10614,.F.);
#11203=ADVANCED_FACE('',(#10031),#10615,.T.);
#11204=ADVANCED_FACE('',(#10032),#10616,.F.);
#11205=ADVANCED_FACE('',(#10033),#10617,.T.);
#11206=ADVANCED_FACE('',(#10034),#10618,.T.);
#11207=ADVANCED_FACE('',(#10035),#10619,.F.);
#11208=ADVANCED_FACE('',(#10036),#10620,.T.);
#11209=ADVANCED_FACE('',(#10037),#10621,.F.);
#11210=ADVANCED_FACE('',(#10038),#10622,.F.);
#11211=ADVANCED_FACE('',(#10039),#10623,.T.);
#11212=ADVANCED_FACE('',(#10040),#10624,.T.);
#11213=ADVANCED_FACE('',(#10041),#10625,.F.);
#11214=ADVANCED_FACE('',(#10042),#10626,.F.);
#11215=ADVANCED_FACE('',(#10043),#10627,.T.);
#11216=ADVANCED_FACE('',(#10044),#10628,.F.);
#11217=ADVANCED_FACE('',(#10045),#10629,.F.);
#11218=ADVANCED_FACE('',(#10046),#10630,.T.);
#11219=ADVANCED_FACE('',(#10047),#10631,.F.);
#11220=ADVANCED_FACE('',(#10048),#10632,.T.);
#11221=ADVANCED_FACE('',(#10049),#10633,.F.);
#11222=ADVANCED_FACE('',(#10050),#10634,.F.);
#11223=ADVANCED_FACE('',(#10051),#10635,.T.);
#11224=ADVANCED_FACE('',(#10052),#10636,.T.);
#11225=ADVANCED_FACE('',(#10053),#10637,.F.);
#11226=ADVANCED_FACE('',(#10054),#10638,.F.);
#11227=ADVANCED_FACE('',(#10055),#10639,.T.);
#11228=CLOSED_SHELL('',(#10640,#10641,#10642,#10643,#10644,#10645,#10646,
#10647,#10648,#10649,#10650,#10651));
#11229=CLOSED_SHELL('',(#10652,#10653,#10654,#10655,#10656,#10657,#10658,
#10659,#10660,#10661,#10662,#10663,#10664,#10665,#10666,#10667,#10668,#10669,
#10670,#10671,#10672,#10673,#10674,#10675,#10676,#10677,#10678,#10679,#10680,
#10681,#10682,#10683,#10684,#10685,#10686,#10687,#10688,#10689,#10690,#10691,
#10692,#10693,#10694,#10695,#10696,#10697,#10698,#10699,#10700,#10701,#10702,
#10703,#10704,#10705,#10706,#10707,#10708,#10709,#10710,#10711,#10712,#10713,
#10714,#10715,#10716,#10717,#10718,#10719,#10720,#10721,#10722,#10723,#10724,
#10725,#10726,#10727,#10728,#10729,#10730,#10731,#10732,#10733,#10734,#10735,
#10736,#10737,#10738,#10739,#10740,#10741,#10742,#10743,#10744,#10745,#10746,
#10747,#10748,#10749,#10750,#10751,#10752,#10753,#10754,#10755,#10756,#10757,
#10758,#10759,#10760,#10761,#10762,#10763,#10764,#10765,#10766,#10767,#10768,
#10769,#10770,#10771,#10772,#10773,#10774,#10775,#10776,#10777,#10778,#10779,
#10780,#10781,#10782,#10783,#10784,#10785,#10786,#10787,#10788,#10789,#10790,
#10791,#10792,#10793,#10794,#10795,#10796,#10797,#10798,#10799,#10800,#10801,
#10802,#10803,#10804,#10805,#10806,#10807,#10808,#10809,#10810,#10811,#10812,
#10813,#10814,#10815,#10816,#10817,#10818,#10819,#10820,#10821,#10822,#10823,
#10824,#10825,#10826,#10827,#10828,#10829,#10830,#10831,#10832,#10833,#10834,
#10835,#10836,#10837,#10838,#10839,#10840,#10841,#10842,#10843,#10844,#10845,
#10846,#10847,#10848,#10849,#10850,#10851,#10852,#10853,#10854,#10855));
#11230=CLOSED_SHELL('',(#10856,#10857,#10858,#10859,#10860,#10861,#10862,
#10863,#10864,#10865,#10866,#10867));
#11231=CLOSED_SHELL('',(#10868,#10869,#10870,#10871,#10872,#10873,#10874,
#10875,#10876,#10877,#10878,#10879));
#11232=CLOSED_SHELL('',(#10880,#10881,#10882,#10883,#10884,#10885,#10886,
#10887,#10888,#10889,#10890,#10891));
#11233=CLOSED_SHELL('',(#10892,#10893,#10894,#10895,#10896,#10897,#10898,
#10899,#10900,#10901,#10902,#10903));
#11234=CLOSED_SHELL('',(#10904,#10905,#10906,#10907,#10908,#10909,#10910,
#10911,#10912,#10913,#10914,#10915));
#11235=CLOSED_SHELL('',(#10916,#10917,#10918,#10919,#10920,#10921,#10922,
#10923,#10924,#10925,#10926,#10927));
#11236=CLOSED_SHELL('',(#10928,#10929,#10930,#10931,#10932,#10933,#10934,
#10935,#10936,#10937,#10938,#10939));
#11237=CLOSED_SHELL('',(#10940,#10941,#10942,#10943,#10944,#10945,#10946,
#10947,#10948,#10949,#10950,#10951));
#11238=CLOSED_SHELL('',(#10952,#10953,#10954,#10955,#10956,#10957,#10958,
#10959,#10960,#10961,#10962,#10963));
#11239=CLOSED_SHELL('',(#10964,#10965,#10966,#10967,#10968,#10969,#10970,
#10971,#10972,#10973,#10974,#10975));
#11240=CLOSED_SHELL('',(#10976,#10977,#10978,#10979,#10980,#10981,#10982,
#10983,#10984,#10985,#10986,#10987));
#11241=CLOSED_SHELL('',(#10988,#10989,#10990,#10991,#10992,#10993,#10994,
#10995,#10996,#10997,#10998,#10999));
#11242=CLOSED_SHELL('',(#11000,#11001,#11002,#11003,#11004,#11005,#11006,
#11007,#11008,#11009,#11010,#11011));
#11243=CLOSED_SHELL('',(#11012,#11013,#11014,#11015,#11016,#11017,#11018,
#11019,#11020,#11021,#11022,#11023));
#11244=CLOSED_SHELL('',(#11024,#11025,#11026,#11027,#11028,#11029,#11030,
#11031,#11032,#11033,#11034,#11035));
#11245=CLOSED_SHELL('',(#11036,#11037,#11038,#11039,#11040,#11041,#11042,
#11043,#11044,#11045,#11046,#11047));
#11246=CLOSED_SHELL('',(#11048,#11049,#11050,#11051,#11052,#11053,#11054,
#11055,#11056,#11057,#11058,#11059));
#11247=CLOSED_SHELL('',(#11060,#11061,#11062,#11063,#11064,#11065,#11066,
#11067,#11068,#11069,#11070,#11071));
#11248=CLOSED_SHELL('',(#11072,#11073,#11074,#11075,#11076,#11077,#11078,
#11079,#11080,#11081,#11082,#11083));
#11249=CLOSED_SHELL('',(#11084,#11085,#11086,#11087,#11088,#11089,#11090,
#11091,#11092,#11093,#11094,#11095));
#11250=CLOSED_SHELL('',(#11096,#11097,#11098,#11099,#11100,#11101,#11102,
#11103,#11104,#11105,#11106,#11107));
#11251=CLOSED_SHELL('',(#11108,#11109,#11110,#11111,#11112,#11113,#11114,
#11115,#11116,#11117,#11118,#11119));
#11252=CLOSED_SHELL('',(#11120,#11121,#11122,#11123,#11124,#11125,#11126,
#11127,#11128,#11129,#11130,#11131));
#11253=CLOSED_SHELL('',(#11132,#11133,#11134,#11135,#11136,#11137,#11138,
#11139,#11140,#11141,#11142,#11143));
#11254=CLOSED_SHELL('',(#11144,#11145,#11146,#11147,#11148,#11149,#11150,
#11151,#11152,#11153,#11154,#11155));
#11255=CLOSED_SHELL('',(#11156,#11157,#11158,#11159,#11160,#11161,#11162,
#11163,#11164,#11165,#11166,#11167));
#11256=CLOSED_SHELL('',(#11168,#11169,#11170,#11171,#11172,#11173,#11174,
#11175,#11176,#11177,#11178,#11179));
#11257=CLOSED_SHELL('',(#11180,#11181,#11182,#11183,#11184,#11185,#11186,
#11187,#11188,#11189,#11190,#11191));
#11258=CLOSED_SHELL('',(#11192,#11193,#11194,#11195,#11196,#11197,#11198,
#11199,#11200,#11201,#11202,#11203));
#11259=CLOSED_SHELL('',(#11204,#11205,#11206,#11207,#11208,#11209,#11210,
#11211,#11212,#11213,#11214,#11215));
#11260=CLOSED_SHELL('',(#11216,#11217,#11218,#11219,#11220,#11221,#11222,
#11223,#11224,#11225,#11226,#11227));
#11261=STYLED_ITEM('',(#11294),#11495);
#11262=STYLED_ITEM('',(#11295),#11496);
#11263=STYLED_ITEM('',(#11296),#11497);
#11264=STYLED_ITEM('',(#11297),#11498);
#11265=STYLED_ITEM('',(#11298),#11499);
#11266=STYLED_ITEM('',(#11299),#11500);
#11267=STYLED_ITEM('',(#11300),#11501);
#11268=STYLED_ITEM('',(#11301),#11502);
#11269=STYLED_ITEM('',(#11302),#11503);
#11270=STYLED_ITEM('',(#11303),#11504);
#11271=STYLED_ITEM('',(#11304),#11505);
#11272=STYLED_ITEM('',(#11305),#11506);
#11273=STYLED_ITEM('',(#11306),#11507);
#11274=STYLED_ITEM('',(#11307),#11508);
#11275=STYLED_ITEM('',(#11308),#11509);
#11276=STYLED_ITEM('',(#11309),#11510);
#11277=STYLED_ITEM('',(#11310),#11511);
#11278=STYLED_ITEM('',(#11311),#11512);
#11279=STYLED_ITEM('',(#11312),#11513);
#11280=STYLED_ITEM('',(#11313),#11514);
#11281=STYLED_ITEM('',(#11314),#11515);
#11282=STYLED_ITEM('',(#11315),#11516);
#11283=STYLED_ITEM('',(#11316),#11517);
#11284=STYLED_ITEM('',(#11317),#11518);
#11285=STYLED_ITEM('',(#11318),#11519);
#11286=STYLED_ITEM('',(#11319),#11520);
#11287=STYLED_ITEM('',(#11320),#11521);
#11288=STYLED_ITEM('',(#11321),#11522);
#11289=STYLED_ITEM('',(#11322),#11523);
#11290=STYLED_ITEM('',(#11323),#11524);
#11291=STYLED_ITEM('',(#11324),#11525);
#11292=STYLED_ITEM('',(#11325),#11526);
#11293=STYLED_ITEM('',(#11326),#11527);
#11294=PRESENTATION_STYLE_ASSIGNMENT((#11327));
#11295=PRESENTATION_STYLE_ASSIGNMENT((#11328));
#11296=PRESENTATION_STYLE_ASSIGNMENT((#11329));
#11297=PRESENTATION_STYLE_ASSIGNMENT((#11330));
#11298=PRESENTATION_STYLE_ASSIGNMENT((#11331));
#11299=PRESENTATION_STYLE_ASSIGNMENT((#11332));
#11300=PRESENTATION_STYLE_ASSIGNMENT((#11333));
#11301=PRESENTATION_STYLE_ASSIGNMENT((#11334));
#11302=PRESENTATION_STYLE_ASSIGNMENT((#11335));
#11303=PRESENTATION_STYLE_ASSIGNMENT((#11336));
#11304=PRESENTATION_STYLE_ASSIGNMENT((#11337));
#11305=PRESENTATION_STYLE_ASSIGNMENT((#11338));
#11306=PRESENTATION_STYLE_ASSIGNMENT((#11339));
#11307=PRESENTATION_STYLE_ASSIGNMENT((#11340));
#11308=PRESENTATION_STYLE_ASSIGNMENT((#11341));
#11309=PRESENTATION_STYLE_ASSIGNMENT((#11342));
#11310=PRESENTATION_STYLE_ASSIGNMENT((#11343));
#11311=PRESENTATION_STYLE_ASSIGNMENT((#11344));
#11312=PRESENTATION_STYLE_ASSIGNMENT((#11345));
#11313=PRESENTATION_STYLE_ASSIGNMENT((#11346));
#11314=PRESENTATION_STYLE_ASSIGNMENT((#11347));
#11315=PRESENTATION_STYLE_ASSIGNMENT((#11348));
#11316=PRESENTATION_STYLE_ASSIGNMENT((#11349));
#11317=PRESENTATION_STYLE_ASSIGNMENT((#11350));
#11318=PRESENTATION_STYLE_ASSIGNMENT((#11351));
#11319=PRESENTATION_STYLE_ASSIGNMENT((#11352));
#11320=PRESENTATION_STYLE_ASSIGNMENT((#11353));
#11321=PRESENTATION_STYLE_ASSIGNMENT((#11354));
#11322=PRESENTATION_STYLE_ASSIGNMENT((#11355));
#11323=PRESENTATION_STYLE_ASSIGNMENT((#11356));
#11324=PRESENTATION_STYLE_ASSIGNMENT((#11357));
#11325=PRESENTATION_STYLE_ASSIGNMENT((#11358));
#11326=PRESENTATION_STYLE_ASSIGNMENT((#11359));
#11327=SURFACE_STYLE_USAGE(.BOTH.,#11360);
#11328=SURFACE_STYLE_USAGE(.BOTH.,#11361);
#11329=SURFACE_STYLE_USAGE(.BOTH.,#11362);
#11330=SURFACE_STYLE_USAGE(.BOTH.,#11363);
#11331=SURFACE_STYLE_USAGE(.BOTH.,#11364);
#11332=SURFACE_STYLE_USAGE(.BOTH.,#11365);
#11333=SURFACE_STYLE_USAGE(.BOTH.,#11366);
#11334=SURFACE_STYLE_USAGE(.BOTH.,#11367);
#11335=SURFACE_STYLE_USAGE(.BOTH.,#11368);
#11336=SURFACE_STYLE_USAGE(.BOTH.,#11369);
#11337=SURFACE_STYLE_USAGE(.BOTH.,#11370);
#11338=SURFACE_STYLE_USAGE(.BOTH.,#11371);
#11339=SURFACE_STYLE_USAGE(.BOTH.,#11372);
#11340=SURFACE_STYLE_USAGE(.BOTH.,#11373);
#11341=SURFACE_STYLE_USAGE(.BOTH.,#11374);
#11342=SURFACE_STYLE_USAGE(.BOTH.,#11375);
#11343=SURFACE_STYLE_USAGE(.BOTH.,#11376);
#11344=SURFACE_STYLE_USAGE(.BOTH.,#11377);
#11345=SURFACE_STYLE_USAGE(.BOTH.,#11378);
#11346=SURFACE_STYLE_USAGE(.BOTH.,#11379);
#11347=SURFACE_STYLE_USAGE(.BOTH.,#11380);
#11348=SURFACE_STYLE_USAGE(.BOTH.,#11381);
#11349=SURFACE_STYLE_USAGE(.BOTH.,#11382);
#11350=SURFACE_STYLE_USAGE(.BOTH.,#11383);
#11351=SURFACE_STYLE_USAGE(.BOTH.,#11384);
#11352=SURFACE_STYLE_USAGE(.BOTH.,#11385);
#11353=SURFACE_STYLE_USAGE(.BOTH.,#11386);
#11354=SURFACE_STYLE_USAGE(.BOTH.,#11387);
#11355=SURFACE_STYLE_USAGE(.BOTH.,#11388);
#11356=SURFACE_STYLE_USAGE(.BOTH.,#11389);
#11357=SURFACE_STYLE_USAGE(.BOTH.,#11390);
#11358=SURFACE_STYLE_USAGE(.BOTH.,#11391);
#11359=SURFACE_STYLE_USAGE(.BOTH.,#11392);
#11360=SURFACE_SIDE_STYLE('',(#11393));
#11361=SURFACE_SIDE_STYLE('',(#11394));
#11362=SURFACE_SIDE_STYLE('',(#11395));
#11363=SURFACE_SIDE_STYLE('',(#11396));
#11364=SURFACE_SIDE_STYLE('',(#11397));
#11365=SURFACE_SIDE_STYLE('',(#11398));
#11366=SURFACE_SIDE_STYLE('',(#11399));
#11367=SURFACE_SIDE_STYLE('',(#11400));
#11368=SURFACE_SIDE_STYLE('',(#11401));
#11369=SURFACE_SIDE_STYLE('',(#11402));
#11370=SURFACE_SIDE_STYLE('',(#11403));
#11371=SURFACE_SIDE_STYLE('',(#11404));
#11372=SURFACE_SIDE_STYLE('',(#11405));
#11373=SURFACE_SIDE_STYLE('',(#11406));
#11374=SURFACE_SIDE_STYLE('',(#11407));
#11375=SURFACE_SIDE_STYLE('',(#11408));
#11376=SURFACE_SIDE_STYLE('',(#11409));
#11377=SURFACE_SIDE_STYLE('',(#11410));
#11378=SURFACE_SIDE_STYLE('',(#11411));
#11379=SURFACE_SIDE_STYLE('',(#11412));
#11380=SURFACE_SIDE_STYLE('',(#11413));
#11381=SURFACE_SIDE_STYLE('',(#11414));
#11382=SURFACE_SIDE_STYLE('',(#11415));
#11383=SURFACE_SIDE_STYLE('',(#11416));
#11384=SURFACE_SIDE_STYLE('',(#11417));
#11385=SURFACE_SIDE_STYLE('',(#11418));
#11386=SURFACE_SIDE_STYLE('',(#11419));
#11387=SURFACE_SIDE_STYLE('',(#11420));
#11388=SURFACE_SIDE_STYLE('',(#11421));
#11389=SURFACE_SIDE_STYLE('',(#11422));
#11390=SURFACE_SIDE_STYLE('',(#11423));
#11391=SURFACE_SIDE_STYLE('',(#11424));
#11392=SURFACE_SIDE_STYLE('',(#11425));
#11393=SURFACE_STYLE_FILL_AREA(#11426);
#11394=SURFACE_STYLE_FILL_AREA(#11427);
#11395=SURFACE_STYLE_FILL_AREA(#11428);
#11396=SURFACE_STYLE_FILL_AREA(#11429);
#11397=SURFACE_STYLE_FILL_AREA(#11430);
#11398=SURFACE_STYLE_FILL_AREA(#11431);
#11399=SURFACE_STYLE_FILL_AREA(#11432);
#11400=SURFACE_STYLE_FILL_AREA(#11433);
#11401=SURFACE_STYLE_FILL_AREA(#11434);
#11402=SURFACE_STYLE_FILL_AREA(#11435);
#11403=SURFACE_STYLE_FILL_AREA(#11436);
#11404=SURFACE_STYLE_FILL_AREA(#11437);
#11405=SURFACE_STYLE_FILL_AREA(#11438);
#11406=SURFACE_STYLE_FILL_AREA(#11439);
#11407=SURFACE_STYLE_FILL_AREA(#11440);
#11408=SURFACE_STYLE_FILL_AREA(#11441);
#11409=SURFACE_STYLE_FILL_AREA(#11442);
#11410=SURFACE_STYLE_FILL_AREA(#11443);
#11411=SURFACE_STYLE_FILL_AREA(#11444);
#11412=SURFACE_STYLE_FILL_AREA(#11445);
#11413=SURFACE_STYLE_FILL_AREA(#11446);
#11414=SURFACE_STYLE_FILL_AREA(#11447);
#11415=SURFACE_STYLE_FILL_AREA(#11448);
#11416=SURFACE_STYLE_FILL_AREA(#11449);
#11417=SURFACE_STYLE_FILL_AREA(#11450);
#11418=SURFACE_STYLE_FILL_AREA(#11451);
#11419=SURFACE_STYLE_FILL_AREA(#11452);
#11420=SURFACE_STYLE_FILL_AREA(#11453);
#11421=SURFACE_STYLE_FILL_AREA(#11454);
#11422=SURFACE_STYLE_FILL_AREA(#11455);
#11423=SURFACE_STYLE_FILL_AREA(#11456);
#11424=SURFACE_STYLE_FILL_AREA(#11457);
#11425=SURFACE_STYLE_FILL_AREA(#11458);
#11426=FILL_AREA_STYLE('',(#11459));
#11427=FILL_AREA_STYLE('',(#11460));
#11428=FILL_AREA_STYLE('',(#11461));
#11429=FILL_AREA_STYLE('',(#11462));
#11430=FILL_AREA_STYLE('',(#11463));
#11431=FILL_AREA_STYLE('',(#11464));
#11432=FILL_AREA_STYLE('',(#11465));
#11433=FILL_AREA_STYLE('',(#11466));
#11434=FILL_AREA_STYLE('',(#11467));
#11435=FILL_AREA_STYLE('',(#11468));
#11436=FILL_AREA_STYLE('',(#11469));
#11437=FILL_AREA_STYLE('',(#11470));
#11438=FILL_AREA_STYLE('',(#11471));
#11439=FILL_AREA_STYLE('',(#11472));
#11440=FILL_AREA_STYLE('',(#11473));
#11441=FILL_AREA_STYLE('',(#11474));
#11442=FILL_AREA_STYLE('',(#11475));
#11443=FILL_AREA_STYLE('',(#11476));
#11444=FILL_AREA_STYLE('',(#11477));
#11445=FILL_AREA_STYLE('',(#11478));
#11446=FILL_AREA_STYLE('',(#11479));
#11447=FILL_AREA_STYLE('',(#11480));
#11448=FILL_AREA_STYLE('',(#11481));
#11449=FILL_AREA_STYLE('',(#11482));
#11450=FILL_AREA_STYLE('',(#11483));
#11451=FILL_AREA_STYLE('',(#11484));
#11452=FILL_AREA_STYLE('',(#11485));
#11453=FILL_AREA_STYLE('',(#11486));
#11454=FILL_AREA_STYLE('',(#11487));
#11455=FILL_AREA_STYLE('',(#11488));
#11456=FILL_AREA_STYLE('',(#11489));
#11457=FILL_AREA_STYLE('',(#11490));
#11458=FILL_AREA_STYLE('',(#11491));
#11459=FILL_AREA_STYLE_COLOUR('',#11492);
#11460=FILL_AREA_STYLE_COLOUR('',#11493);
#11461=FILL_AREA_STYLE_COLOUR('',#11492);
#11462=FILL_AREA_STYLE_COLOUR('',#11494);
#11463=FILL_AREA_STYLE_COLOUR('',#11492);
#11464=FILL_AREA_STYLE_COLOUR('',#11494);
#11465=FILL_AREA_STYLE_COLOUR('',#11492);
#11466=FILL_AREA_STYLE_COLOUR('',#11494);
#11467=FILL_AREA_STYLE_COLOUR('',#11492);
#11468=FILL_AREA_STYLE_COLOUR('',#11494);
#11469=FILL_AREA_STYLE_COLOUR('',#11492);
#11470=FILL_AREA_STYLE_COLOUR('',#11494);
#11471=FILL_AREA_STYLE_COLOUR('',#11492);
#11472=FILL_AREA_STYLE_COLOUR('',#11494);
#11473=FILL_AREA_STYLE_COLOUR('',#11492);
#11474=FILL_AREA_STYLE_COLOUR('',#11494);
#11475=FILL_AREA_STYLE_COLOUR('',#11492);
#11476=FILL_AREA_STYLE_COLOUR('',#11494);
#11477=FILL_AREA_STYLE_COLOUR('',#11492);
#11478=FILL_AREA_STYLE_COLOUR('',#11494);
#11479=FILL_AREA_STYLE_COLOUR('',#11492);
#11480=FILL_AREA_STYLE_COLOUR('',#11494);
#11481=FILL_AREA_STYLE_COLOUR('',#11492);
#11482=FILL_AREA_STYLE_COLOUR('',#11494);
#11483=FILL_AREA_STYLE_COLOUR('',#11492);
#11484=FILL_AREA_STYLE_COLOUR('',#11494);
#11485=FILL_AREA_STYLE_COLOUR('',#11494);
#11486=FILL_AREA_STYLE_COLOUR('',#11492);
#11487=FILL_AREA_STYLE_COLOUR('',#11494);
#11488=FILL_AREA_STYLE_COLOUR('',#11492);
#11489=FILL_AREA_STYLE_COLOUR('',#11494);
#11490=FILL_AREA_STYLE_COLOUR('',#11492);
#11491=FILL_AREA_STYLE_COLOUR('',#11494);
#11492=COLOUR_RGB('',0.901960784313726,0.901960784313726,0.901960784313726);
#11493=COLOUR_RGB('',0.262745098039216,0.282352941176471,0.301960784313725);
#11494=COLOUR_RGB('',0.917647058823529,0.917647058823529,0.917647058823529);
#11495=MANIFOLD_SOLID_BREP('Part 26',#11228);
#11496=MANIFOLD_SOLID_BREP('Part 1',#11229);
#11497=MANIFOLD_SOLID_BREP('Part 2',#11230);
#11498=MANIFOLD_SOLID_BREP('Part 3',#11231);
#11499=MANIFOLD_SOLID_BREP('Part 4',#11232);
#11500=MANIFOLD_SOLID_BREP('Part 5',#11233);
#11501=MANIFOLD_SOLID_BREP('Part 6',#11234);
#11502=MANIFOLD_SOLID_BREP('Part 7',#11235);
#11503=MANIFOLD_SOLID_BREP('Part 8',#11236);
#11504=MANIFOLD_SOLID_BREP('Part 9',#11237);
#11505=MANIFOLD_SOLID_BREP('Part 10',#11238);
#11506=MANIFOLD_SOLID_BREP('Part 11',#11239);
#11507=MANIFOLD_SOLID_BREP('Part 12',#11240);
#11508=MANIFOLD_SOLID_BREP('Part 13',#11241);
#11509=MANIFOLD_SOLID_BREP('Part 14',#11242);
#11510=MANIFOLD_SOLID_BREP('Part 15',#11243);
#11511=MANIFOLD_SOLID_BREP('Part 16',#11244);
#11512=MANIFOLD_SOLID_BREP('Part 17',#11245);
#11513=MANIFOLD_SOLID_BREP('Part 18',#11246);
#11514=MANIFOLD_SOLID_BREP('Part 19',#11247);
#11515=MANIFOLD_SOLID_BREP('Part 20',#11248);
#11516=MANIFOLD_SOLID_BREP('Part 21',#11249);
#11517=MANIFOLD_SOLID_BREP('Part 22',#11250);
#11518=MANIFOLD_SOLID_BREP('Part 23',#11251);
#11519=MANIFOLD_SOLID_BREP('Part 24',#11252);
#11520=MANIFOLD_SOLID_BREP('Part 25',#11253);
#11521=MANIFOLD_SOLID_BREP('Part 27',#11254);
#11522=MANIFOLD_SOLID_BREP('Part 28',#11255);
#11523=MANIFOLD_SOLID_BREP('Part 29',#11256);
#11524=MANIFOLD_SOLID_BREP('Part 30',#11257);
#11525=MANIFOLD_SOLID_BREP('Part 31',#11258);
#11526=MANIFOLD_SOLID_BREP('Part 32',#11259);
#11527=MANIFOLD_SOLID_BREP('Part 33',#11260);
#11528=SHAPE_DEFINITION_REPRESENTATION(#18565,#11561);
#11529=SHAPE_DEFINITION_REPRESENTATION(#18566,#11562);
#11530=SHAPE_DEFINITION_REPRESENTATION(#18567,#11563);
#11531=SHAPE_DEFINITION_REPRESENTATION(#18568,#11564);
#11532=SHAPE_DEFINITION_REPRESENTATION(#18569,#11565);
#11533=SHAPE_DEFINITION_REPRESENTATION(#18570,#11566);
#11534=SHAPE_DEFINITION_REPRESENTATION(#18571,#11567);
#11535=SHAPE_DEFINITION_REPRESENTATION(#18572,#11568);
#11536=SHAPE_DEFINITION_REPRESENTATION(#18573,#11569);
#11537=SHAPE_DEFINITION_REPRESENTATION(#18574,#11570);
#11538=SHAPE_DEFINITION_REPRESENTATION(#18575,#11571);
#11539=SHAPE_DEFINITION_REPRESENTATION(#18576,#11572);
#11540=SHAPE_DEFINITION_REPRESENTATION(#18577,#11573);
#11541=SHAPE_DEFINITION_REPRESENTATION(#18578,#11574);
#11542=SHAPE_DEFINITION_REPRESENTATION(#18579,#11575);
#11543=SHAPE_DEFINITION_REPRESENTATION(#18580,#11576);
#11544=SHAPE_DEFINITION_REPRESENTATION(#18581,#11577);
#11545=SHAPE_DEFINITION_REPRESENTATION(#18582,#11578);
#11546=SHAPE_DEFINITION_REPRESENTATION(#18583,#11579);
#11547=SHAPE_DEFINITION_REPRESENTATION(#18584,#11580);
#11548=SHAPE_DEFINITION_REPRESENTATION(#18585,#11581);
#11549=SHAPE_DEFINITION_REPRESENTATION(#18586,#11582);
#11550=SHAPE_DEFINITION_REPRESENTATION(#18587,#11583);
#11551=SHAPE_DEFINITION_REPRESENTATION(#18588,#11584);
#11552=SHAPE_DEFINITION_REPRESENTATION(#18589,#11585);
#11553=SHAPE_DEFINITION_REPRESENTATION(#18590,#11586);
#11554=SHAPE_DEFINITION_REPRESENTATION(#18591,#11587);
#11555=SHAPE_DEFINITION_REPRESENTATION(#18592,#11588);
#11556=SHAPE_DEFINITION_REPRESENTATION(#18593,#11589);
#11557=SHAPE_DEFINITION_REPRESENTATION(#18594,#11590);
#11558=SHAPE_DEFINITION_REPRESENTATION(#18595,#11591);
#11559=SHAPE_DEFINITION_REPRESENTATION(#18596,#11592);
#11560=SHAPE_DEFINITION_REPRESENTATION(#18597,#11593);
#11561=SHAPE_REPRESENTATION('Part 26',(#11594),#18400);
#11562=SHAPE_REPRESENTATION('Part 1',(#11607),#18401);
#11563=SHAPE_REPRESENTATION('Part 2',(#11808),#18402);
#11564=SHAPE_REPRESENTATION('Part 3',(#11821),#18403);
#11565=SHAPE_REPRESENTATION('Part 4',(#11834),#18404);
#11566=SHAPE_REPRESENTATION('Part 5',(#11847),#18405);
#11567=SHAPE_REPRESENTATION('Part 6',(#11860),#18406);
#11568=SHAPE_REPRESENTATION('Part 7',(#11873),#18407);
#11569=SHAPE_REPRESENTATION('Part 8',(#11886),#18408);
#11570=SHAPE_REPRESENTATION('Part 9',(#11899),#18409);
#11571=SHAPE_REPRESENTATION('Part 10',(#11912),#18410);
#11572=SHAPE_REPRESENTATION('Part 11',(#11925),#18411);
#11573=SHAPE_REPRESENTATION('Part 12',(#11938),#18412);
#11574=SHAPE_REPRESENTATION('Part 13',(#11951),#18413);
#11575=SHAPE_REPRESENTATION('Part 14',(#11964),#18414);
#11576=SHAPE_REPRESENTATION('Part 15',(#11977),#18415);
#11577=SHAPE_REPRESENTATION('Part 16',(#11990),#18416);
#11578=SHAPE_REPRESENTATION('Part 17',(#12003),#18417);
#11579=SHAPE_REPRESENTATION('Part 18',(#12016),#18418);
#11580=SHAPE_REPRESENTATION('Part 19',(#12029),#18419);
#11581=SHAPE_REPRESENTATION('Part 20',(#12042),#18420);
#11582=SHAPE_REPRESENTATION('Part 21',(#12055),#18421);
#11583=SHAPE_REPRESENTATION('Part 22',(#12068),#18422);
#11584=SHAPE_REPRESENTATION('Part 23',(#12081),#18423);
#11585=SHAPE_REPRESENTATION('Part 24',(#12094),#18424);
#11586=SHAPE_REPRESENTATION('Part 25',(#12107),#18425);
#11587=SHAPE_REPRESENTATION('Part 27',(#12120),#18426);
#11588=SHAPE_REPRESENTATION('Part 28',(#12133),#18427);
#11589=SHAPE_REPRESENTATION('Part 29',(#12146),#18428);
#11590=SHAPE_REPRESENTATION('Part 30',(#12159),#18429);
#11591=SHAPE_REPRESENTATION('Part 31',(#12172),#18430);
#11592=SHAPE_REPRESENTATION('Part 32',(#12185),#18431);
#11593=SHAPE_REPRESENTATION('Part 33',(#12198),#18432);
#11594=AXIS2_PLACEMENT_3D('',#14990,#12211,#12212);
#11595=AXIS2_PLACEMENT_3D('',#14991,#12213,#12214);
#11596=AXIS2_PLACEMENT_3D('',#15000,#12219,#12220);
#11597=AXIS2_PLACEMENT_3D('',#15006,#12224,#12225);
#11598=AXIS2_PLACEMENT_3D('',#15019,#12232,#12233);
#11599=AXIS2_PLACEMENT_3D('',#15032,#12240,#12241);
#11600=AXIS2_PLACEMENT_3D('',#15040,#12247,#12248);
#11601=AXIS2_PLACEMENT_3D('',#15043,#12251,#12252);
#11602=AXIS2_PLACEMENT_3D('',#15044,#12253,#12254);
#11603=AXIS2_PLACEMENT_3D('',#15048,#12258,#12259);
#11604=AXIS2_PLACEMENT_3D('',#15050,#12261,#12262);
#11605=AXIS2_PLACEMENT_3D('',#15051,#12263,#12264);
#11606=AXIS2_PLACEMENT_3D('',#15052,#12265,#12266);
#11607=AXIS2_PLACEMENT_3D('',#15053,#12267,#12268);
#11608=AXIS2_PLACEMENT_3D('',#15054,#12269,#12270);
#11609=AXIS2_PLACEMENT_3D('',#15063,#12275,#12276);
#11610=AXIS2_PLACEMENT_3D('',#15072,#12281,#12282);
#11611=AXIS2_PLACEMENT_3D('',#15081,#12287,#12288);
#11612=AXIS2_PLACEMENT_3D('',#15090,#12293,#12294);
#11613=AXIS2_PLACEMENT_3D('',#15099,#12299,#12300);
#11614=AXIS2_PLACEMENT_3D('',#15108,#12305,#12306);
#11615=AXIS2_PLACEMENT_3D('',#15117,#12311,#12312);
#11616=AXIS2_PLACEMENT_3D('',#15126,#12317,#12318);
#11617=AXIS2_PLACEMENT_3D('',#15135,#12323,#12324);
#11618=AXIS2_PLACEMENT_3D('',#15144,#12329,#12330);
#11619=AXIS2_PLACEMENT_3D('',#15153,#12335,#12336);
#11620=AXIS2_PLACEMENT_3D('',#15162,#12341,#12342);
#11621=AXIS2_PLACEMENT_3D('',#15171,#12347,#12348);
#11622=AXIS2_PLACEMENT_3D('',#15180,#12353,#12354);
#11623=AXIS2_PLACEMENT_3D('',#15189,#12359,#12360);
#11624=AXIS2_PLACEMENT_3D('',#15198,#12365,#12366);
#11625=AXIS2_PLACEMENT_3D('',#15207,#12371,#12372);
#11626=AXIS2_PLACEMENT_3D('',#15216,#12377,#12378);
#11627=AXIS2_PLACEMENT_3D('',#15225,#12383,#12384);
#11628=AXIS2_PLACEMENT_3D('',#15234,#12389,#12390);
#11629=AXIS2_PLACEMENT_3D('',#15243,#12395,#12396);
#11630=AXIS2_PLACEMENT_3D('',#15252,#12401,#12402);
#11631=AXIS2_PLACEMENT_3D('',#15261,#12407,#12408);
#11632=AXIS2_PLACEMENT_3D('',#15270,#12413,#12414);
#11633=AXIS2_PLACEMENT_3D('',#15279,#12419,#12420);
#11634=AXIS2_PLACEMENT_3D('',#15288,#12425,#12426);
#11635=AXIS2_PLACEMENT_3D('',#15297,#12431,#12432);
#11636=AXIS2_PLACEMENT_3D('',#15306,#12437,#12438);
#11637=AXIS2_PLACEMENT_3D('',#15315,#12443,#12444);
#11638=AXIS2_PLACEMENT_3D('',#15324,#12449,#12450);
#11639=AXIS2_PLACEMENT_3D('',#15333,#12455,#12456);
#11640=AXIS2_PLACEMENT_3D('',#15505,#12558,#12559);
#11641=AXIS2_PLACEMENT_3D('',#15548,#12581,#12582);
#11642=AXIS2_PLACEMENT_3D('',#15554,#12586,#12587);
#11643=AXIS2_PLACEMENT_3D('',#15562,#12592,#12593);
#11644=AXIS2_PLACEMENT_3D('',#15574,#12601,#12602);
#11645=AXIS2_PLACEMENT_3D('',#15590,#12611,#12612);
#11646=AXIS2_PLACEMENT_3D('',#15620,#12628,#12629);
#11647=AXIS2_PLACEMENT_3D('',#15641,#12642,#12643);
#11648=AXIS2_PLACEMENT_3D('',#15667,#12658,#12659);
#11649=AXIS2_PLACEMENT_3D('',#15938,#12784,#12785);
#11650=AXIS2_PLACEMENT_3D('',#15942,#12788,#12789);
#11651=AXIS2_PLACEMENT_3D('',#15968,#12794,#12795);
#11652=AXIS2_PLACEMENT_3D('',#15972,#12798,#12799);
#11653=AXIS2_PLACEMENT_3D('',#16021,#12802,#12803);
#11654=AXIS2_PLACEMENT_3D('',#16023,#12805,#12806);
#11655=AXIS2_PLACEMENT_3D('',#16024,#12807,#12808);
#11656=AXIS2_PLACEMENT_3D('',#16026,#12810,#12811);
#11657=AXIS2_PLACEMENT_3D('',#16027,#12812,#12813);
#11658=AXIS2_PLACEMENT_3D('',#16031,#12816,#12817);
#11659=AXIS2_PLACEMENT_3D('',#16057,#12822,#12823);
#11660=AXIS2_PLACEMENT_3D('',#16061,#12826,#12827);
#11661=AXIS2_PLACEMENT_3D('',#16110,#12830,#12831);
#11662=AXIS2_PLACEMENT_3D('',#16112,#12833,#12834);
#11663=AXIS2_PLACEMENT_3D('',#16113,#12835,#12836);
#11664=AXIS2_PLACEMENT_3D('',#16115,#12838,#12839);
#11665=AXIS2_PLACEMENT_3D('',#16116,#12840,#12841);
#11666=AXIS2_PLACEMENT_3D('',#16122,#12845,#12846);
#11667=AXIS2_PLACEMENT_3D('',#16126,#12849,#12850);
#11668=AXIS2_PLACEMENT_3D('',#16130,#12853,#12854);
#11669=AXIS2_PLACEMENT_3D('',#16132,#12856,#12857);
#11670=AXIS2_PLACEMENT_3D('',#16133,#12858,#12859);
#11671=AXIS2_PLACEMENT_3D('',#16139,#12863,#12864);
#11672=AXIS2_PLACEMENT_3D('',#16143,#12867,#12868);
#11673=AXIS2_PLACEMENT_3D('',#16147,#12871,#12872);
#11674=AXIS2_PLACEMENT_3D('',#16149,#12874,#12875);
#11675=AXIS2_PLACEMENT_3D('',#16150,#12876,#12877);
#11676=AXIS2_PLACEMENT_3D('',#16156,#12881,#12882);
#11677=AXIS2_PLACEMENT_3D('',#16160,#12885,#12886);
#11678=AXIS2_PLACEMENT_3D('',#16164,#12889,#12890);
#11679=AXIS2_PLACEMENT_3D('',#16166,#12892,#12893);
#11680=AXIS2_PLACEMENT_3D('',#16167,#12894,#12895);
#11681=AXIS2_PLACEMENT_3D('',#16173,#12899,#12900);
#11682=AXIS2_PLACEMENT_3D('',#16177,#12903,#12904);
#11683=AXIS2_PLACEMENT_3D('',#16181,#12907,#12908);
#11684=AXIS2_PLACEMENT_3D('',#16183,#12910,#12911);
#11685=AXIS2_PLACEMENT_3D('',#16184,#12912,#12913);
#11686=AXIS2_PLACEMENT_3D('',#16187,#12916,#12917);
#11687=AXIS2_PLACEMENT_3D('',#16189,#12919,#12920);
#11688=AXIS2_PLACEMENT_3D('',#16191,#12922,#12923);
#11689=AXIS2_PLACEMENT_3D('',#16192,#12924,#12925);
#11690=AXIS2_PLACEMENT_3D('',#16194,#12927,#12928);
#11691=AXIS2_PLACEMENT_3D('',#16196,#12930,#12931);
#11692=AXIS2_PLACEMENT_3D('',#16197,#12932,#12933);
#11693=AXIS2_PLACEMENT_3D('',#16201,#12936,#12937);
#11694=AXIS2_PLACEMENT_3D('',#16203,#12939,#12940);
#11695=AXIS2_PLACEMENT_3D('',#16204,#12941,#12942);
#11696=AXIS2_PLACEMENT_3D('',#16208,#12945,#12946);
#11697=AXIS2_PLACEMENT_3D('',#16210,#12948,#12949);
#11698=AXIS2_PLACEMENT_3D('',#16214,#12952,#12953);
#11699=AXIS2_PLACEMENT_3D('',#16218,#12956,#12957);
#11700=AXIS2_PLACEMENT_3D('',#16222,#12960,#12961);
#11701=AXIS2_PLACEMENT_3D('',#16224,#12963,#12964);
#11702=AXIS2_PLACEMENT_3D('',#16225,#12965,#12966);
#11703=AXIS2_PLACEMENT_3D('',#16229,#12969,#12970);
#11704=AXIS2_PLACEMENT_3D('',#16231,#12972,#12973);
#11705=AXIS2_PLACEMENT_3D('',#16232,#12974,#12975);
#11706=AXIS2_PLACEMENT_3D('',#16236,#12978,#12979);
#11707=AXIS2_PLACEMENT_3D('',#16240,#12982,#12983);
#11708=AXIS2_PLACEMENT_3D('',#16242,#12985,#12986);
#11709=AXIS2_PLACEMENT_3D('',#16243,#12987,#12988);
#11710=AXIS2_PLACEMENT_3D('',#16249,#12992,#12993);
#11711=AXIS2_PLACEMENT_3D('',#16251,#12995,#12996);
#11712=AXIS2_PLACEMENT_3D('',#16255,#12999,#13000);
#11713=AXIS2_PLACEMENT_3D('',#16257,#13002,#13003);
#11714=AXIS2_PLACEMENT_3D('',#16258,#13004,#13005);
#11715=AXIS2_PLACEMENT_3D('',#16259,#13006,#13007);
#11716=AXIS2_PLACEMENT_3D('',#16261,#13009,#13010);
#11717=AXIS2_PLACEMENT_3D('',#16263,#13012,#13013);
#11718=AXIS2_PLACEMENT_3D('',#16264,#13014,#13015);
#11719=AXIS2_PLACEMENT_3D('',#16266,#13017,#13018);
#11720=AXIS2_PLACEMENT_3D('',#16268,#13020,#13021);
#11721=AXIS2_PLACEMENT_3D('',#16269,#13022,#13023);
#11722=AXIS2_PLACEMENT_3D('',#16271,#13025,#13026);
#11723=AXIS2_PLACEMENT_3D('',#16273,#13028,#13029);
#11724=AXIS2_PLACEMENT_3D('',#16274,#13030,#13031);
#11725=AXIS2_PLACEMENT_3D('',#16276,#13033,#13034);
#11726=AXIS2_PLACEMENT_3D('',#16278,#13036,#13037);
#11727=AXIS2_PLACEMENT_3D('',#16279,#13038,#13039);
#11728=AXIS2_PLACEMENT_3D('',#16281,#13041,#13042);
#11729=AXIS2_PLACEMENT_3D('',#16283,#13044,#13045);
#11730=AXIS2_PLACEMENT_3D('',#16284,#13046,#13047);
#11731=AXIS2_PLACEMENT_3D('',#16286,#13049,#13050);
#11732=AXIS2_PLACEMENT_3D('',#16288,#13052,#13053);
#11733=AXIS2_PLACEMENT_3D('',#16289,#13054,#13055);
#11734=AXIS2_PLACEMENT_3D('',#16291,#13057,#13058);
#11735=AXIS2_PLACEMENT_3D('',#16293,#13060,#13061);
#11736=AXIS2_PLACEMENT_3D('',#16294,#13062,#13063);
#11737=AXIS2_PLACEMENT_3D('',#16296,#13065,#13066);
#11738=AXIS2_PLACEMENT_3D('',#16298,#13068,#13069);
#11739=AXIS2_PLACEMENT_3D('',#16299,#13070,#13071);
#11740=AXIS2_PLACEMENT_3D('',#16301,#13073,#13074);
#11741=AXIS2_PLACEMENT_3D('',#16303,#13076,#13077);
#11742=AXIS2_PLACEMENT_3D('',#16304,#13078,#13079);
#11743=AXIS2_PLACEMENT_3D('',#16306,#13081,#13082);
#11744=AXIS2_PLACEMENT_3D('',#16308,#13084,#13085);
#11745=AXIS2_PLACEMENT_3D('',#16309,#13086,#13087);
#11746=AXIS2_PLACEMENT_3D('',#16311,#13089,#13090);
#11747=AXIS2_PLACEMENT_3D('',#16313,#13092,#13093);
#11748=AXIS2_PLACEMENT_3D('',#16314,#13094,#13095);
#11749=AXIS2_PLACEMENT_3D('',#16316,#13097,#13098);
#11750=AXIS2_PLACEMENT_3D('',#16318,#13100,#13101);
#11751=AXIS2_PLACEMENT_3D('',#16319,#13102,#13103);
#11752=AXIS2_PLACEMENT_3D('',#16321,#13105,#13106);
#11753=AXIS2_PLACEMENT_3D('',#16323,#13108,#13109);
#11754=AXIS2_PLACEMENT_3D('',#16324,#13110,#13111);
#11755=AXIS2_PLACEMENT_3D('',#16326,#13113,#13114);
#11756=AXIS2_PLACEMENT_3D('',#16328,#13116,#13117);
#11757=AXIS2_PLACEMENT_3D('',#16329,#13118,#13119);
#11758=AXIS2_PLACEMENT_3D('',#16331,#13121,#13122);
#11759=AXIS2_PLACEMENT_3D('',#16333,#13124,#13125);
#11760=AXIS2_PLACEMENT_3D('',#16334,#13126,#13127);
#11761=AXIS2_PLACEMENT_3D('',#16336,#13129,#13130);
#11762=AXIS2_PLACEMENT_3D('',#16338,#13132,#13133);
#11763=AXIS2_PLACEMENT_3D('',#16339,#13134,#13135);
#11764=AXIS2_PLACEMENT_3D('',#16341,#13137,#13138);
#11765=AXIS2_PLACEMENT_3D('',#16343,#13140,#13141);
#11766=AXIS2_PLACEMENT_3D('',#16344,#13142,#13143);
#11767=AXIS2_PLACEMENT_3D('',#16346,#13145,#13146);
#11768=AXIS2_PLACEMENT_3D('',#16348,#13148,#13149);
#11769=AXIS2_PLACEMENT_3D('',#16349,#13150,#13151);
#11770=AXIS2_PLACEMENT_3D('',#16351,#13153,#13154);
#11771=AXIS2_PLACEMENT_3D('',#16353,#13156,#13157);
#11772=AXIS2_PLACEMENT_3D('',#16354,#13158,#13159);
#11773=AXIS2_PLACEMENT_3D('',#16356,#13161,#13162);
#11774=AXIS2_PLACEMENT_3D('',#16358,#13164,#13165);
#11775=AXIS2_PLACEMENT_3D('',#16359,#13166,#13167);
#11776=AXIS2_PLACEMENT_3D('',#16361,#13169,#13170);
#11777=AXIS2_PLACEMENT_3D('',#16363,#13172,#13173);
#11778=AXIS2_PLACEMENT_3D('',#16364,#13174,#13175);
#11779=AXIS2_PLACEMENT_3D('',#16366,#13177,#13178);
#11780=AXIS2_PLACEMENT_3D('',#16368,#13180,#13181);
#11781=AXIS2_PLACEMENT_3D('',#16369,#13182,#13183);
#11782=AXIS2_PLACEMENT_3D('',#16371,#13185,#13186);
#11783=AXIS2_PLACEMENT_3D('',#16373,#13188,#13189);
#11784=AXIS2_PLACEMENT_3D('',#16374,#13190,#13191);
#11785=AXIS2_PLACEMENT_3D('',#16376,#13193,#13194);
#11786=AXIS2_PLACEMENT_3D('',#16378,#13196,#13197);
#11787=AXIS2_PLACEMENT_3D('',#16379,#13198,#13199);
#11788=AXIS2_PLACEMENT_3D('',#16381,#13201,#13202);
#11789=AXIS2_PLACEMENT_3D('',#16383,#13204,#13205);
#11790=AXIS2_PLACEMENT_3D('',#16384,#13206,#13207);
#11791=AXIS2_PLACEMENT_3D('',#16386,#13209,#13210);
#11792=AXIS2_PLACEMENT_3D('',#16388,#13212,#13213);
#11793=AXIS2_PLACEMENT_3D('',#16389,#13214,#13215);
#11794=AXIS2_PLACEMENT_3D('',#16391,#13217,#13218);
#11795=AXIS2_PLACEMENT_3D('',#16393,#13220,#13221);
#11796=AXIS2_PLACEMENT_3D('',#16394,#13222,#13223);
#11797=AXIS2_PLACEMENT_3D('',#16396,#13225,#13226);
#11798=AXIS2_PLACEMENT_3D('',#16398,#13228,#13229);
#11799=AXIS2_PLACEMENT_3D('',#16399,#13230,#13231);
#11800=AXIS2_PLACEMENT_3D('',#16401,#13233,#13234);
#11801=AXIS2_PLACEMENT_3D('',#16403,#13236,#13237);
#11802=AXIS2_PLACEMENT_3D('',#16404,#13238,#13239);
#11803=AXIS2_PLACEMENT_3D('',#16406,#13241,#13242);
#11804=AXIS2_PLACEMENT_3D('',#16408,#13244,#13245);
#11805=AXIS2_PLACEMENT_3D('',#16409,#13246,#13247);
#11806=AXIS2_PLACEMENT_3D('',#16412,#13250,#13251);
#11807=AXIS2_PLACEMENT_3D('',#16413,#13252,#13253);
#11808=AXIS2_PLACEMENT_3D('',#16414,#13254,#13255);
#11809=AXIS2_PLACEMENT_3D('',#16415,#13256,#13257);
#11810=AXIS2_PLACEMENT_3D('',#16424,#13262,#13263);
#11811=AXIS2_PLACEMENT_3D('',#16430,#13267,#13268);
#11812=AXIS2_PLACEMENT_3D('',#16443,#13275,#13276);
#11813=AXIS2_PLACEMENT_3D('',#16456,#13283,#13284);
#11814=AXIS2_PLACEMENT_3D('',#16464,#13290,#13291);
#11815=AXIS2_PLACEMENT_3D('',#16467,#13294,#13295);
#11816=AXIS2_PLACEMENT_3D('',#16468,#13296,#13297);
#11817=AXIS2_PLACEMENT_3D('',#16472,#13301,#13302);
#11818=AXIS2_PLACEMENT_3D('',#16474,#13304,#13305);
#11819=AXIS2_PLACEMENT_3D('',#16475,#13306,#13307);
#11820=AXIS2_PLACEMENT_3D('',#16476,#13308,#13309);
#11821=AXIS2_PLACEMENT_3D('',#16477,#13310,#13311);
#11822=AXIS2_PLACEMENT_3D('',#16478,#13312,#13313);
#11823=AXIS2_PLACEMENT_3D('',#16487,#13318,#13319);
#11824=AXIS2_PLACEMENT_3D('',#16493,#13323,#13324);
#11825=AXIS2_PLACEMENT_3D('',#16506,#13331,#13332);
#11826=AXIS2_PLACEMENT_3D('',#16519,#13339,#13340);
#11827=AXIS2_PLACEMENT_3D('',#16527,#13346,#13347);
#11828=AXIS2_PLACEMENT_3D('',#16530,#13350,#13351);
#11829=AXIS2_PLACEMENT_3D('',#16531,#13352,#13353);
#11830=AXIS2_PLACEMENT_3D('',#16535,#13357,#13358);
#11831=AXIS2_PLACEMENT_3D('',#16537,#13360,#13361);
#11832=AXIS2_PLACEMENT_3D('',#16538,#13362,#13363);
#11833=AXIS2_PLACEMENT_3D('',#16539,#13364,#13365);
#11834=AXIS2_PLACEMENT_3D('',#16540,#13366,#13367);
#11835=AXIS2_PLACEMENT_3D('',#16541,#13368,#13369);
#11836=AXIS2_PLACEMENT_3D('',#16550,#13374,#13375);
#11837=AXIS2_PLACEMENT_3D('',#16556,#13379,#13380);
#11838=AXIS2_PLACEMENT_3D('',#16569,#13387,#13388);
#11839=AXIS2_PLACEMENT_3D('',#16582,#13395,#13396);
#11840=AXIS2_PLACEMENT_3D('',#16590,#13402,#13403);
#11841=AXIS2_PLACEMENT_3D('',#16593,#13406,#13407);
#11842=AXIS2_PLACEMENT_3D('',#16594,#13408,#13409);
#11843=AXIS2_PLACEMENT_3D('',#16598,#13413,#13414);
#11844=AXIS2_PLACEMENT_3D('',#16600,#13416,#13417);
#11845=AXIS2_PLACEMENT_3D('',#16601,#13418,#13419);
#11846=AXIS2_PLACEMENT_3D('',#16602,#13420,#13421);
#11847=AXIS2_PLACEMENT_3D('',#16603,#13422,#13423);
#11848=AXIS2_PLACEMENT_3D('',#16604,#13424,#13425);
#11849=AXIS2_PLACEMENT_3D('',#16613,#13430,#13431);
#11850=AXIS2_PLACEMENT_3D('',#16619,#13435,#13436);
#11851=AXIS2_PLACEMENT_3D('',#16632,#13443,#13444);
#11852=AXIS2_PLACEMENT_3D('',#16645,#13451,#13452);
#11853=AXIS2_PLACEMENT_3D('',#16653,#13458,#13459);
#11854=AXIS2_PLACEMENT_3D('',#16656,#13462,#13463);
#11855=AXIS2_PLACEMENT_3D('',#16657,#13464,#13465);
#11856=AXIS2_PLACEMENT_3D('',#16661,#13469,#13470);
#11857=AXIS2_PLACEMENT_3D('',#16663,#13472,#13473);
#11858=AXIS2_PLACEMENT_3D('',#16664,#13474,#13475);
#11859=AXIS2_PLACEMENT_3D('',#16665,#13476,#13477);
#11860=AXIS2_PLACEMENT_3D('',#16666,#13478,#13479);
#11861=AXIS2_PLACEMENT_3D('',#16667,#13480,#13481);
#11862=AXIS2_PLACEMENT_3D('',#16676,#13486,#13487);
#11863=AXIS2_PLACEMENT_3D('',#16682,#13491,#13492);
#11864=AXIS2_PLACEMENT_3D('',#16695,#13499,#13500);
#11865=AXIS2_PLACEMENT_3D('',#16708,#13507,#13508);
#11866=AXIS2_PLACEMENT_3D('',#16716,#13514,#13515);
#11867=AXIS2_PLACEMENT_3D('',#16719,#13518,#13519);
#11868=AXIS2_PLACEMENT_3D('',#16720,#13520,#13521);
#11869=AXIS2_PLACEMENT_3D('',#16724,#13525,#13526);
#11870=AXIS2_PLACEMENT_3D('',#16726,#13528,#13529);
#11871=AXIS2_PLACEMENT_3D('',#16727,#13530,#13531);
#11872=AXIS2_PLACEMENT_3D('',#16728,#13532,#13533);
#11873=AXIS2_PLACEMENT_3D('',#16729,#13534,#13535);
#11874=AXIS2_PLACEMENT_3D('',#16730,#13536,#13537);
#11875=AXIS2_PLACEMENT_3D('',#16739,#13542,#13543);
#11876=AXIS2_PLACEMENT_3D('',#16745,#13547,#13548);
#11877=AXIS2_PLACEMENT_3D('',#16758,#13555,#13556);
#11878=AXIS2_PLACEMENT_3D('',#16771,#13563,#13564);
#11879=AXIS2_PLACEMENT_3D('',#16779,#13570,#13571);
#11880=AXIS2_PLACEMENT_3D('',#16782,#13574,#13575);
#11881=AXIS2_PLACEMENT_3D('',#16783,#13576,#13577);
#11882=AXIS2_PLACEMENT_3D('',#16787,#13581,#13582);
#11883=AXIS2_PLACEMENT_3D('',#16789,#13584,#13585);
#11884=AXIS2_PLACEMENT_3D('',#16790,#13586,#13587);
#11885=AXIS2_PLACEMENT_3D('',#16791,#13588,#13589);
#11886=AXIS2_PLACEMENT_3D('',#16792,#13590,#13591);
#11887=AXIS2_PLACEMENT_3D('',#16793,#13592,#13593);
#11888=AXIS2_PLACEMENT_3D('',#16802,#13598,#13599);
#11889=AXIS2_PLACEMENT_3D('',#16808,#13603,#13604);
#11890=AXIS2_PLACEMENT_3D('',#16821,#13611,#13612);
#11891=AXIS2_PLACEMENT_3D('',#16834,#13619,#13620);
#11892=AXIS2_PLACEMENT_3D('',#16842,#13626,#13627);
#11893=AXIS2_PLACEMENT_3D('',#16845,#13630,#13631);
#11894=AXIS2_PLACEMENT_3D('',#16846,#13632,#13633);
#11895=AXIS2_PLACEMENT_3D('',#16850,#13637,#13638);
#11896=AXIS2_PLACEMENT_3D('',#16852,#13640,#13641);
#11897=AXIS2_PLACEMENT_3D('',#16853,#13642,#13643);
#11898=AXIS2_PLACEMENT_3D('',#16854,#13644,#13645);
#11899=AXIS2_PLACEMENT_3D('',#16855,#13646,#13647);
#11900=AXIS2_PLACEMENT_3D('',#16856,#13648,#13649);
#11901=AXIS2_PLACEMENT_3D('',#16865,#13654,#13655);
#11902=AXIS2_PLACEMENT_3D('',#16871,#13659,#13660);
#11903=AXIS2_PLACEMENT_3D('',#16884,#13667,#13668);
#11904=AXIS2_PLACEMENT_3D('',#16897,#13675,#13676);
#11905=AXIS2_PLACEMENT_3D('',#16905,#13682,#13683);
#11906=AXIS2_PLACEMENT_3D('',#16908,#13686,#13687);
#11907=AXIS2_PLACEMENT_3D('',#16909,#13688,#13689);
#11908=AXIS2_PLACEMENT_3D('',#16913,#13693,#13694);
#11909=AXIS2_PLACEMENT_3D('',#16915,#13696,#13697);
#11910=AXIS2_PLACEMENT_3D('',#16916,#13698,#13699);
#11911=AXIS2_PLACEMENT_3D('',#16917,#13700,#13701);
#11912=AXIS2_PLACEMENT_3D('',#16918,#13702,#13703);
#11913=AXIS2_PLACEMENT_3D('',#16919,#13704,#13705);
#11914=AXIS2_PLACEMENT_3D('',#16928,#13710,#13711);
#11915=AXIS2_PLACEMENT_3D('',#16934,#13715,#13716);
#11916=AXIS2_PLACEMENT_3D('',#16947,#13723,#13724);
#11917=AXIS2_PLACEMENT_3D('',#16960,#13731,#13732);
#11918=AXIS2_PLACEMENT_3D('',#16968,#13738,#13739);
#11919=AXIS2_PLACEMENT_3D('',#16971,#13742,#13743);
#11920=AXIS2_PLACEMENT_3D('',#16972,#13744,#13745);
#11921=AXIS2_PLACEMENT_3D('',#16976,#13749,#13750);
#11922=AXIS2_PLACEMENT_3D('',#16978,#13752,#13753);
#11923=AXIS2_PLACEMENT_3D('',#16979,#13754,#13755);
#11924=AXIS2_PLACEMENT_3D('',#16980,#13756,#13757);
#11925=AXIS2_PLACEMENT_3D('',#16981,#13758,#13759);
#11926=AXIS2_PLACEMENT_3D('',#16982,#13760,#13761);
#11927=AXIS2_PLACEMENT_3D('',#16991,#13766,#13767);
#11928=AXIS2_PLACEMENT_3D('',#16997,#13771,#13772);
#11929=AXIS2_PLACEMENT_3D('',#17010,#13779,#13780);
#11930=AXIS2_PLACEMENT_3D('',#17023,#13787,#13788);
#11931=AXIS2_PLACEMENT_3D('',#17031,#13794,#13795);
#11932=AXIS2_PLACEMENT_3D('',#17034,#13798,#13799);
#11933=AXIS2_PLACEMENT_3D('',#17035,#13800,#13801);
#11934=AXIS2_PLACEMENT_3D('',#17039,#13805,#13806);
#11935=AXIS2_PLACEMENT_3D('',#17041,#13808,#13809);
#11936=AXIS2_PLACEMENT_3D('',#17042,#13810,#13811);
#11937=AXIS2_PLACEMENT_3D('',#17043,#13812,#13813);
#11938=AXIS2_PLACEMENT_3D('',#17044,#13814,#13815);
#11939=AXIS2_PLACEMENT_3D('',#17045,#13816,#13817);
#11940=AXIS2_PLACEMENT_3D('',#17054,#13822,#13823);
#11941=AXIS2_PLACEMENT_3D('',#17060,#13827,#13828);
#11942=AXIS2_PLACEMENT_3D('',#17073,#13835,#13836);
#11943=AXIS2_PLACEMENT_3D('',#17086,#13843,#13844);
#11944=AXIS2_PLACEMENT_3D('',#17094,#13850,#13851);
#11945=AXIS2_PLACEMENT_3D('',#17097,#13854,#13855);
#11946=AXIS2_PLACEMENT_3D('',#17098,#13856,#13857);
#11947=AXIS2_PLACEMENT_3D('',#17102,#13861,#13862);
#11948=AXIS2_PLACEMENT_3D('',#17104,#13864,#13865);
#11949=AXIS2_PLACEMENT_3D('',#17105,#13866,#13867);
#11950=AXIS2_PLACEMENT_3D('',#17106,#13868,#13869);
#11951=AXIS2_PLACEMENT_3D('',#17107,#13870,#13871);
#11952=AXIS2_PLACEMENT_3D('',#17108,#13872,#13873);
#11953=AXIS2_PLACEMENT_3D('',#17117,#13878,#13879);
#11954=AXIS2_PLACEMENT_3D('',#17123,#13883,#13884);
#11955=AXIS2_PLACEMENT_3D('',#17136,#13891,#13892);
#11956=AXIS2_PLACEMENT_3D('',#17149,#13899,#13900);
#11957=AXIS2_PLACEMENT_3D('',#17157,#13906,#13907);
#11958=AXIS2_PLACEMENT_3D('',#17160,#13910,#13911);
#11959=AXIS2_PLACEMENT_3D('',#17161,#13912,#13913);
#11960=AXIS2_PLACEMENT_3D('',#17165,#13917,#13918);
#11961=AXIS2_PLACEMENT_3D('',#17167,#13920,#13921);
#11962=AXIS2_PLACEMENT_3D('',#17168,#13922,#13923);
#11963=AXIS2_PLACEMENT_3D('',#17169,#13924,#13925);
#11964=AXIS2_PLACEMENT_3D('',#17170,#13926,#13927);
#11965=AXIS2_PLACEMENT_3D('',#17171,#13928,#13929);
#11966=AXIS2_PLACEMENT_3D('',#17180,#13934,#13935);
#11967=AXIS2_PLACEMENT_3D('',#17186,#13939,#13940);
#11968=AXIS2_PLACEMENT_3D('',#17199,#13947,#13948);
#11969=AXIS2_PLACEMENT_3D('',#17212,#13955,#13956);
#11970=AXIS2_PLACEMENT_3D('',#17220,#13962,#13963);
#11971=AXIS2_PLACEMENT_3D('',#17223,#13966,#13967);
#11972=AXIS2_PLACEMENT_3D('',#17224,#13968,#13969);
#11973=AXIS2_PLACEMENT_3D('',#17228,#13973,#13974);
#11974=AXIS2_PLACEMENT_3D('',#17230,#13976,#13977);
#11975=AXIS2_PLACEMENT_3D('',#17231,#13978,#13979);
#11976=AXIS2_PLACEMENT_3D('',#17232,#13980,#13981);
#11977=AXIS2_PLACEMENT_3D('',#17233,#13982,#13983);
#11978=AXIS2_PLACEMENT_3D('',#17234,#13984,#13985);
#11979=AXIS2_PLACEMENT_3D('',#17243,#13990,#13991);
#11980=AXIS2_PLACEMENT_3D('',#17249,#13995,#13996);
#11981=AXIS2_PLACEMENT_3D('',#17262,#14003,#14004);
#11982=AXIS2_PLACEMENT_3D('',#17275,#14011,#14012);
#11983=AXIS2_PLACEMENT_3D('',#17283,#14018,#14019);
#11984=AXIS2_PLACEMENT_3D('',#17286,#14022,#14023);
#11985=AXIS2_PLACEMENT_3D('',#17287,#14024,#14025);
#11986=AXIS2_PLACEMENT_3D('',#17291,#14029,#14030);
#11987=AXIS2_PLACEMENT_3D('',#17293,#14032,#14033);
#11988=AXIS2_PLACEMENT_3D('',#17294,#14034,#14035);
#11989=AXIS2_PLACEMENT_3D('',#17295,#14036,#14037);
#11990=AXIS2_PLACEMENT_3D('',#17296,#14038,#14039);
#11991=AXIS2_PLACEMENT_3D('',#17297,#14040,#14041);
#11992=AXIS2_PLACEMENT_3D('',#17306,#14046,#14047);
#11993=AXIS2_PLACEMENT_3D('',#17312,#14051,#14052);
#11994=AXIS2_PLACEMENT_3D('',#17325,#14059,#14060);
#11995=AXIS2_PLACEMENT_3D('',#17338,#14067,#14068);
#11996=AXIS2_PLACEMENT_3D('',#17346,#14074,#14075);
#11997=AXIS2_PLACEMENT_3D('',#17349,#14078,#14079);
#11998=AXIS2_PLACEMENT_3D('',#17350,#14080,#14081);
#11999=AXIS2_PLACEMENT_3D('',#17354,#14085,#14086);
#12000=AXIS2_PLACEMENT_3D('',#17356,#14088,#14089);
#12001=AXIS2_PLACEMENT_3D('',#17357,#14090,#14091);
#12002=AXIS2_PLACEMENT_3D('',#17358,#14092,#14093);
#12003=AXIS2_PLACEMENT_3D('',#17359,#14094,#14095);
#12004=AXIS2_PLACEMENT_3D('',#17360,#14096,#14097);
#12005=AXIS2_PLACEMENT_3D('',#17369,#14102,#14103);
#12006=AXIS2_PLACEMENT_3D('',#17375,#14107,#14108);
#12007=AXIS2_PLACEMENT_3D('',#17388,#14115,#14116);
#12008=AXIS2_PLACEMENT_3D('',#17401,#14123,#14124);
#12009=AXIS2_PLACEMENT_3D('',#17409,#14130,#14131);
#12010=AXIS2_PLACEMENT_3D('',#17412,#14134,#14135);
#12011=AXIS2_PLACEMENT_3D('',#17413,#14136,#14137);
#12012=AXIS2_PLACEMENT_3D('',#17417,#14141,#14142);
#12013=AXIS2_PLACEMENT_3D('',#17419,#14144,#14145);
#12014=AXIS2_PLACEMENT_3D('',#17420,#14146,#14147);
#12015=AXIS2_PLACEMENT_3D('',#17421,#14148,#14149);
#12016=AXIS2_PLACEMENT_3D('',#17422,#14150,#14151);
#12017=AXIS2_PLACEMENT_3D('',#17423,#14152,#14153);
#12018=AXIS2_PLACEMENT_3D('',#17432,#14158,#14159);
#12019=AXIS2_PLACEMENT_3D('',#17438,#14163,#14164);
#12020=AXIS2_PLACEMENT_3D('',#17451,#14171,#14172);
#12021=AXIS2_PLACEMENT_3D('',#17464,#14179,#14180);
#12022=AXIS2_PLACEMENT_3D('',#17472,#14186,#14187);
#12023=AXIS2_PLACEMENT_3D('',#17475,#14190,#14191);
#12024=AXIS2_PLACEMENT_3D('',#17476,#14192,#14193);
#12025=AXIS2_PLACEMENT_3D('',#17480,#14197,#14198);
#12026=AXIS2_PLACEMENT_3D('',#17482,#14200,#14201);
#12027=AXIS2_PLACEMENT_3D('',#17483,#14202,#14203);
#12028=AXIS2_PLACEMENT_3D('',#17484,#14204,#14205);
#12029=AXIS2_PLACEMENT_3D('',#17485,#14206,#14207);
#12030=AXIS2_PLACEMENT_3D('',#17486,#14208,#14209);
#12031=AXIS2_PLACEMENT_3D('',#17495,#14214,#14215);
#12032=AXIS2_PLACEMENT_3D('',#17501,#14219,#14220);
#12033=AXIS2_PLACEMENT_3D('',#17514,#14227,#14228);
#12034=AXIS2_PLACEMENT_3D('',#17527,#14235,#14236);
#12035=AXIS2_PLACEMENT_3D('',#17535,#14242,#14243);
#12036=AXIS2_PLACEMENT_3D('',#17538,#14246,#14247);
#12037=AXIS2_PLACEMENT_3D('',#17539,#14248,#14249);
#12038=AXIS2_PLACEMENT_3D('',#17543,#14253,#14254);
#12039=AXIS2_PLACEMENT_3D('',#17545,#14256,#14257);
#12040=AXIS2_PLACEMENT_3D('',#17546,#14258,#14259);
#12041=AXIS2_PLACEMENT_3D('',#17547,#14260,#14261);
#12042=AXIS2_PLACEMENT_3D('',#17548,#14262,#14263);
#12043=AXIS2_PLACEMENT_3D('',#17549,#14264,#14265);
#12044=AXIS2_PLACEMENT_3D('',#17558,#14270,#14271);
#12045=AXIS2_PLACEMENT_3D('',#17564,#14275,#14276);
#12046=AXIS2_PLACEMENT_3D('',#17577,#14283,#14284);
#12047=AXIS2_PLACEMENT_3D('',#17590,#14291,#14292);
#12048=AXIS2_PLACEMENT_3D('',#17598,#14298,#14299);
#12049=AXIS2_PLACEMENT_3D('',#17601,#14302,#14303);
#12050=AXIS2_PLACEMENT_3D('',#17602,#14304,#14305);
#12051=AXIS2_PLACEMENT_3D('',#17606,#14309,#14310);
#12052=AXIS2_PLACEMENT_3D('',#17608,#14312,#14313);
#12053=AXIS2_PLACEMENT_3D('',#17609,#14314,#14315);
#12054=AXIS2_PLACEMENT_3D('',#17610,#14316,#14317);
#12055=AXIS2_PLACEMENT_3D('',#17611,#14318,#14319);
#12056=AXIS2_PLACEMENT_3D('',#17612,#14320,#14321);
#12057=AXIS2_PLACEMENT_3D('',#17621,#14326,#14327);
#12058=AXIS2_PLACEMENT_3D('',#17627,#14331,#14332);
#12059=AXIS2_PLACEMENT_3D('',#17640,#14339,#14340);
#12060=AXIS2_PLACEMENT_3D('',#17653,#14347,#14348);
#12061=AXIS2_PLACEMENT_3D('',#17661,#14354,#14355);
#12062=AXIS2_PLACEMENT_3D('',#17664,#14358,#14359);
#12063=AXIS2_PLACEMENT_3D('',#17665,#14360,#14361);
#12064=AXIS2_PLACEMENT_3D('',#17669,#14365,#14366);
#12065=AXIS2_PLACEMENT_3D('',#17671,#14368,#14369);
#12066=AXIS2_PLACEMENT_3D('',#17672,#14370,#14371);
#12067=AXIS2_PLACEMENT_3D('',#17673,#14372,#14373);
#12068=AXIS2_PLACEMENT_3D('',#17674,#14374,#14375);
#12069=AXIS2_PLACEMENT_3D('',#17675,#14376,#14377);
#12070=AXIS2_PLACEMENT_3D('',#17684,#14382,#14383);
#12071=AXIS2_PLACEMENT_3D('',#17690,#14387,#14388);
#12072=AXIS2_PLACEMENT_3D('',#17703,#14395,#14396);
#12073=AXIS2_PLACEMENT_3D('',#17716,#14403,#14404);
#12074=AXIS2_PLACEMENT_3D('',#17724,#14410,#14411);
#12075=AXIS2_PLACEMENT_3D('',#17727,#14414,#14415);
#12076=AXIS2_PLACEMENT_3D('',#17728,#14416,#14417);
#12077=AXIS2_PLACEMENT_3D('',#17732,#14421,#14422);
#12078=AXIS2_PLACEMENT_3D('',#17734,#14424,#14425);
#12079=AXIS2_PLACEMENT_3D('',#17735,#14426,#14427);
#12080=AXIS2_PLACEMENT_3D('',#17736,#14428,#14429);
#12081=AXIS2_PLACEMENT_3D('',#17737,#14430,#14431);
#12082=AXIS2_PLACEMENT_3D('',#17738,#14432,#14433);
#12083=AXIS2_PLACEMENT_3D('',#17747,#14438,#14439);
#12084=AXIS2_PLACEMENT_3D('',#17753,#14443,#14444);
#12085=AXIS2_PLACEMENT_3D('',#17766,#14451,#14452);
#12086=AXIS2_PLACEMENT_3D('',#17779,#14459,#14460);
#12087=AXIS2_PLACEMENT_3D('',#17787,#14466,#14467);
#12088=AXIS2_PLACEMENT_3D('',#17790,#14470,#14471);
#12089=AXIS2_PLACEMENT_3D('',#17791,#14472,#14473);
#12090=AXIS2_PLACEMENT_3D('',#17795,#14477,#14478);
#12091=AXIS2_PLACEMENT_3D('',#17797,#14480,#14481);
#12092=AXIS2_PLACEMENT_3D('',#17798,#14482,#14483);
#12093=AXIS2_PLACEMENT_3D('',#17799,#14484,#14485);
#12094=AXIS2_PLACEMENT_3D('',#17800,#14486,#14487);
#12095=AXIS2_PLACEMENT_3D('',#17801,#14488,#14489);
#12096=AXIS2_PLACEMENT_3D('',#17810,#14494,#14495);
#12097=AXIS2_PLACEMENT_3D('',#17816,#14499,#14500);
#12098=AXIS2_PLACEMENT_3D('',#17829,#14507,#14508);
#12099=AXIS2_PLACEMENT_3D('',#17842,#14515,#14516);
#12100=AXIS2_PLACEMENT_3D('',#17850,#14522,#14523);
#12101=AXIS2_PLACEMENT_3D('',#17853,#14526,#14527);
#12102=AXIS2_PLACEMENT_3D('',#17854,#14528,#14529);
#12103=AXIS2_PLACEMENT_3D('',#17858,#14533,#14534);
#12104=AXIS2_PLACEMENT_3D('',#17860,#14536,#14537);
#12105=AXIS2_PLACEMENT_3D('',#17861,#14538,#14539);
#12106=AXIS2_PLACEMENT_3D('',#17862,#14540,#14541);
#12107=AXIS2_PLACEMENT_3D('',#17863,#14542,#14543);
#12108=AXIS2_PLACEMENT_3D('',#17864,#14544,#14545);
#12109=AXIS2_PLACEMENT_3D('',#17873,#14550,#14551);
#12110=AXIS2_PLACEMENT_3D('',#17879,#14555,#14556);
#12111=AXIS2_PLACEMENT_3D('',#17892,#14563,#14564);
#12112=AXIS2_PLACEMENT_3D('',#17905,#14571,#14572);
#12113=AXIS2_PLACEMENT_3D('',#17913,#14578,#14579);
#12114=AXIS2_PLACEMENT_3D('',#17916,#14582,#14583);
#12115=AXIS2_PLACEMENT_3D('',#17917,#14584,#14585);
#12116=AXIS2_PLACEMENT_3D('',#17921,#14589,#14590);
#12117=AXIS2_PLACEMENT_3D('',#17923,#14592,#14593);
#12118=AXIS2_PLACEMENT_3D('',#17924,#14594,#14595);
#12119=AXIS2_PLACEMENT_3D('',#17925,#14596,#14597);
#12120=AXIS2_PLACEMENT_3D('',#17926,#14598,#14599);
#12121=AXIS2_PLACEMENT_3D('',#17927,#14600,#14601);
#12122=AXIS2_PLACEMENT_3D('',#17936,#14606,#14607);
#12123=AXIS2_PLACEMENT_3D('',#17942,#14611,#14612);
#12124=AXIS2_PLACEMENT_3D('',#17955,#14619,#14620);
#12125=AXIS2_PLACEMENT_3D('',#17968,#14627,#14628);
#12126=AXIS2_PLACEMENT_3D('',#17976,#14634,#14635);
#12127=AXIS2_PLACEMENT_3D('',#17979,#14638,#14639);
#12128=AXIS2_PLACEMENT_3D('',#17980,#14640,#14641);
#12129=AXIS2_PLACEMENT_3D('',#17984,#14645,#14646);
#12130=AXIS2_PLACEMENT_3D('',#17986,#14648,#14649);
#12131=AXIS2_PLACEMENT_3D('',#17987,#14650,#14651);
#12132=AXIS2_PLACEMENT_3D('',#17988,#14652,#14653);
#12133=AXIS2_PLACEMENT_3D('',#17989,#14654,#14655);
#12134=AXIS2_PLACEMENT_3D('',#17990,#14656,#14657);
#12135=AXIS2_PLACEMENT_3D('',#17999,#14662,#14663);
#12136=AXIS2_PLACEMENT_3D('',#18005,#14667,#14668);
#12137=AXIS2_PLACEMENT_3D('',#18018,#14675,#14676);
#12138=AXIS2_PLACEMENT_3D('',#18031,#14683,#14684);
#12139=AXIS2_PLACEMENT_3D('',#18039,#14690,#14691);
#12140=AXIS2_PLACEMENT_3D('',#18042,#14694,#14695);
#12141=AXIS2_PLACEMENT_3D('',#18043,#14696,#14697);
#12142=AXIS2_PLACEMENT_3D('',#18047,#14701,#14702);
#12143=AXIS2_PLACEMENT_3D('',#18049,#14704,#14705);
#12144=AXIS2_PLACEMENT_3D('',#18050,#14706,#14707);
#12145=AXIS2_PLACEMENT_3D('',#18051,#14708,#14709);
#12146=AXIS2_PLACEMENT_3D('',#18052,#14710,#14711);
#12147=AXIS2_PLACEMENT_3D('',#18053,#14712,#14713);
#12148=AXIS2_PLACEMENT_3D('',#18062,#14718,#14719);
#12149=AXIS2_PLACEMENT_3D('',#18068,#14723,#14724);
#12150=AXIS2_PLACEMENT_3D('',#18081,#14731,#14732);
#12151=AXIS2_PLACEMENT_3D('',#18094,#14739,#14740);
#12152=AXIS2_PLACEMENT_3D('',#18102,#14746,#14747);
#12153=AXIS2_PLACEMENT_3D('',#18105,#14750,#14751);
#12154=AXIS2_PLACEMENT_3D('',#18106,#14752,#14753);
#12155=AXIS2_PLACEMENT_3D('',#18110,#14757,#14758);
#12156=AXIS2_PLACEMENT_3D('',#18112,#14760,#14761);
#12157=AXIS2_PLACEMENT_3D('',#18113,#14762,#14763);
#12158=AXIS2_PLACEMENT_3D('',#18114,#14764,#14765);
#12159=AXIS2_PLACEMENT_3D('',#18115,#14766,#14767);
#12160=AXIS2_PLACEMENT_3D('',#18116,#14768,#14769);
#12161=AXIS2_PLACEMENT_3D('',#18125,#14774,#14775);
#12162=AXIS2_PLACEMENT_3D('',#18131,#14779,#14780);
#12163=AXIS2_PLACEMENT_3D('',#18144,#14787,#14788);
#12164=AXIS2_PLACEMENT_3D('',#18157,#14795,#14796);
#12165=AXIS2_PLACEMENT_3D('',#18165,#14802,#14803);
#12166=AXIS2_PLACEMENT_3D('',#18168,#14806,#14807);
#12167=AXIS2_PLACEMENT_3D('',#18169,#14808,#14809);
#12168=AXIS2_PLACEMENT_3D('',#18173,#14813,#14814);
#12169=AXIS2_PLACEMENT_3D('',#18175,#14816,#14817);
#12170=AXIS2_PLACEMENT_3D('',#18176,#14818,#14819);
#12171=AXIS2_PLACEMENT_3D('',#18177,#14820,#14821);
#12172=AXIS2_PLACEMENT_3D('',#18178,#14822,#14823);
#12173=AXIS2_PLACEMENT_3D('',#18179,#14824,#14825);
#12174=AXIS2_PLACEMENT_3D('',#18188,#14830,#14831);
#12175=AXIS2_PLACEMENT_3D('',#18194,#14835,#14836);
#12176=AXIS2_PLACEMENT_3D('',#18207,#14843,#14844);
#12177=AXIS2_PLACEMENT_3D('',#18220,#14851,#14852);
#12178=AXIS2_PLACEMENT_3D('',#18228,#14858,#14859);
#12179=AXIS2_PLACEMENT_3D('',#18231,#14862,#14863);
#12180=AXIS2_PLACEMENT_3D('',#18232,#14864,#14865);
#12181=AXIS2_PLACEMENT_3D('',#18236,#14869,#14870);
#12182=AXIS2_PLACEMENT_3D('',#18238,#14872,#14873);
#12183=AXIS2_PLACEMENT_3D('',#18239,#14874,#14875);
#12184=AXIS2_PLACEMENT_3D('',#18240,#14876,#14877);
#12185=AXIS2_PLACEMENT_3D('',#18241,#14878,#14879);
#12186=AXIS2_PLACEMENT_3D('',#18242,#14880,#14881);
#12187=AXIS2_PLACEMENT_3D('',#18251,#14886,#14887);
#12188=AXIS2_PLACEMENT_3D('',#18257,#14891,#14892);
#12189=AXIS2_PLACEMENT_3D('',#18270,#14899,#14900);
#12190=AXIS2_PLACEMENT_3D('',#18283,#14907,#14908);
#12191=AXIS2_PLACEMENT_3D('',#18291,#14914,#14915);
#12192=AXIS2_PLACEMENT_3D('',#18294,#14918,#14919);
#12193=AXIS2_PLACEMENT_3D('',#18295,#14920,#14921);
#12194=AXIS2_PLACEMENT_3D('',#18299,#14925,#14926);
#12195=AXIS2_PLACEMENT_3D('',#18301,#14928,#14929);
#12196=AXIS2_PLACEMENT_3D('',#18302,#14930,#14931);
#12197=AXIS2_PLACEMENT_3D('',#18303,#14932,#14933);
#12198=AXIS2_PLACEMENT_3D('',#18304,#14934,#14935);
#12199=AXIS2_PLACEMENT_3D('',#18305,#14936,#14937);
#12200=AXIS2_PLACEMENT_3D('',#18314,#14942,#14943);
#12201=AXIS2_PLACEMENT_3D('',#18320,#14947,#14948);
#12202=AXIS2_PLACEMENT_3D('',#18333,#14955,#14956);
#12203=AXIS2_PLACEMENT_3D('',#18346,#14963,#14964);
#12204=AXIS2_PLACEMENT_3D('',#18354,#14970,#14971);
#12205=AXIS2_PLACEMENT_3D('',#18357,#14974,#14975);
#12206=AXIS2_PLACEMENT_3D('',#18358,#14976,#14977);
#12207=AXIS2_PLACEMENT_3D('',#18362,#14981,#14982);
#12208=AXIS2_PLACEMENT_3D('',#18364,#14984,#14985);
#12209=AXIS2_PLACEMENT_3D('',#18365,#14986,#14987);
#12210=AXIS2_PLACEMENT_3D('',#18366,#14988,#14989);
#12211=DIRECTION('',(0.,0.,1.));
#12212=DIRECTION('',(1.,0.,0.));
#12213=DIRECTION('',(0.,0.,1.));
#12214=DIRECTION('',(1.,0.,0.));
#12215=DIRECTION('',(0.,-1.,0.));
#12216=DIRECTION('',(1.,0.,0.));
#12217=DIRECTION('',(0.,-1.,0.));
#12218=DIRECTION('',(1.,0.,0.));
#12219=DIRECTION('',(0.,-1.,0.));
#12220=DIRECTION('',(0.,0.,-1.));
#12221=DIRECTION('',(1.,0.,0.));
#12222=DIRECTION('',(0.,0.,-1.));
#12223=DIRECTION('',(0.,0.,-1.));
#12224=DIRECTION('',(-1.,0.,0.));
#12225=DIRECTION('',(0.,-1.,0.));
#12226=DIRECTION('',(0.,0.,1.));
#12227=DIRECTION('',(0.,1.,0.));
#12228=DIRECTION('',(0.,0.,-1.));
#12229=DIRECTION('',(0.,1.,0.));
#12230=DIRECTION('',(0.,0.,-1.));
#12231=DIRECTION('',(0.,1.,0.));
#12232=DIRECTION('',(-1.,0.,0.));
#12233=DIRECTION('',(0.,-1.,0.));
#12234=DIRECTION('',(0.,1.,0.));
#12235=DIRECTION('',(0.,0.,1.));
#12236=DIRECTION('',(0.,1.,0.));
#12237=DIRECTION('',(0.,0.,-1.));
#12238=DIRECTION('',(0.,1.,0.));
#12239=DIRECTION('',(0.,0.,-1.));
#12240=DIRECTION('',(0.,1.,0.));
#12241=DIRECTION('',(0.,0.,1.));
#12242=DIRECTION('',(0.,0.,1.));
#12243=DIRECTION('',(-1.,0.,0.));
#12244=DIRECTION('',(1.,0.,0.));
#12245=DIRECTION('',(-1.,0.,0.));
#12246=DIRECTION('',(0.,0.,1.));
#12247=DIRECTION('',(0.,-1.,0.));
#12248=DIRECTION('',(0.,0.,-1.));
#12249=DIRECTION('',(1.,0.,0.));
#12250=DIRECTION('',(1.,0.,0.));
#12251=DIRECTION('',(0.,0.,-1.));
#12252=DIRECTION('',(-1.,0.,0.));
#12253=DIRECTION('',(0.,0.,-1.));
#12254=DIRECTION('',(-1.,0.,0.));
#12255=DIRECTION('',(1.,0.,0.));
#12256=DIRECTION('',(0.,-1.,0.));
#12257=DIRECTION('',(0.,-1.,0.));
#12258=DIRECTION('',(0.,-1.,0.));
#12259=DIRECTION('',(0.,0.,-1.));
#12260=DIRECTION('',(1.,0.,0.));
#12261=DIRECTION('',(0.,0.,-1.));
#12262=DIRECTION('',(-1.,0.,0.));
#12263=DIRECTION('',(-1.,0.,0.));
#12264=DIRECTION('',(0.,0.,1.));
#12265=DIRECTION('',(-1.,0.,0.));
#12266=DIRECTION('',(0.,0.,1.));
#12267=DIRECTION('',(0.,0.,1.));
#12268=DIRECTION('',(1.,0.,0.));
#12269=DIRECTION('',(0.,0.,-1.));
#12270=DIRECTION('',(-1.,0.,0.));
#12271=DIRECTION('',(1.,0.,0.));
#12272=DIRECTION('',(0.,1.,0.));
#12273=DIRECTION('',(1.,0.,0.));
#12274=DIRECTION('',(0.,-1.,0.));
#12275=DIRECTION('',(0.,0.,-1.));
#12276=DIRECTION('',(-1.,0.,0.));
#12277=DIRECTION('',(0.,1.,0.));
#12278=DIRECTION('',(1.,0.,0.));
#12279=DIRECTION('',(0.,1.,0.));
#12280=DIRECTION('',(1.,0.,0.));
#12281=DIRECTION('',(0.,0.,-1.));
#12282=DIRECTION('',(-1.,0.,0.));
#12283=DIRECTION('',(0.,1.,0.));
#12284=DIRECTION('',(1.,0.,0.));
#12285=DIRECTION('',(0.,1.,0.));
#12286=DIRECTION('',(1.,0.,0.));
#12287=DIRECTION('',(0.,0.,-1.));
#12288=DIRECTION('',(-1.,0.,0.));
#12289=DIRECTION('',(0.,1.,0.));
#12290=DIRECTION('',(1.,0.,0.));
#12291=DIRECTION('',(0.,1.,0.));
#12292=DIRECTION('',(1.,0.,0.));
#12293=DIRECTION('',(0.,0.,-1.));
#12294=DIRECTION('',(-1.,0.,0.));
#12295=DIRECTION('',(0.,1.,0.));
#12296=DIRECTION('',(1.,0.,0.));
#12297=DIRECTION('',(0.,1.,0.));
#12298=DIRECTION('',(1.,0.,0.));
#12299=DIRECTION('',(0.,0.,-1.));
#12300=DIRECTION('',(-1.,0.,0.));
#12301=DIRECTION('',(0.,1.,0.));
#12302=DIRECTION('',(1.,0.,0.));
#12303=DIRECTION('',(0.,1.,0.));
#12304=DIRECTION('',(1.,0.,0.));
#12305=DIRECTION('',(0.,0.,-1.));
#12306=DIRECTION('',(-1.,0.,0.));
#12307=DIRECTION('',(0.,1.,0.));
#12308=DIRECTION('',(1.,0.,0.));
#12309=DIRECTION('',(0.,1.,0.));
#12310=DIRECTION('',(1.,0.,0.));
#12311=DIRECTION('',(0.,0.,-1.));
#12312=DIRECTION('',(-1.,0.,0.));
#12313=DIRECTION('',(0.,1.,0.));
#12314=DIRECTION('',(1.,0.,0.));
#12315=DIRECTION('',(0.,1.,0.));
#12316=DIRECTION('',(1.,0.,0.));
#12317=DIRECTION('',(0.,0.,-1.));
#12318=DIRECTION('',(-1.,0.,0.));
#12319=DIRECTION('',(0.,1.,0.));
#12320=DIRECTION('',(1.,0.,0.));
#12321=DIRECTION('',(0.,1.,0.));
#12322=DIRECTION('',(1.,0.,0.));
#12323=DIRECTION('',(0.,0.,-1.));
#12324=DIRECTION('',(-1.,0.,0.));
#12325=DIRECTION('',(0.,1.,0.));
#12326=DIRECTION('',(1.,0.,0.));
#12327=DIRECTION('',(0.,1.,0.));
#12328=DIRECTION('',(1.,0.,0.));
#12329=DIRECTION('',(0.,0.,-1.));
#12330=DIRECTION('',(-1.,0.,0.));
#12331=DIRECTION('',(0.,1.,0.));
#12332=DIRECTION('',(1.,0.,0.));
#12333=DIRECTION('',(0.,1.,0.));
#12334=DIRECTION('',(1.,0.,0.));
#12335=DIRECTION('',(0.,0.,-1.));
#12336=DIRECTION('',(-1.,0.,0.));
#12337=DIRECTION('',(0.,1.,0.));
#12338=DIRECTION('',(1.,0.,0.));
#12339=DIRECTION('',(0.,1.,0.));
#12340=DIRECTION('',(1.,0.,0.));
#12341=DIRECTION('',(0.,0.,-1.));
#12342=DIRECTION('',(-1.,0.,0.));
#12343=DIRECTION('',(0.,1.,0.));
#12344=DIRECTION('',(1.,0.,0.));
#12345=DIRECTION('',(0.,1.,0.));
#12346=DIRECTION('',(1.,0.,0.));
#12347=DIRECTION('',(0.,0.,-1.));
#12348=DIRECTION('',(-1.,0.,0.));
#12349=DIRECTION('',(0.,1.,0.));
#12350=DIRECTION('',(1.,0.,0.));
#12351=DIRECTION('',(0.,1.,0.));
#12352=DIRECTION('',(1.,0.,0.));
#12353=DIRECTION('',(0.,0.,-1.));
#12354=DIRECTION('',(-1.,0.,0.));
#12355=DIRECTION('',(0.,1.,0.));
#12356=DIRECTION('',(1.,0.,0.));
#12357=DIRECTION('',(0.,1.,0.));
#12358=DIRECTION('',(1.,0.,0.));
#12359=DIRECTION('',(0.,0.,-1.));
#12360=DIRECTION('',(-1.,0.,0.));
#12361=DIRECTION('',(0.,1.,0.));
#12362=DIRECTION('',(1.,0.,0.));
#12363=DIRECTION('',(0.,1.,0.));
#12364=DIRECTION('',(1.,0.,0.));
#12365=DIRECTION('',(0.,0.,-1.));
#12366=DIRECTION('',(-1.,0.,0.));
#12367=DIRECTION('',(0.,1.,0.));
#12368=DIRECTION('',(1.,0.,0.));
#12369=DIRECTION('',(0.,1.,0.));
#12370=DIRECTION('',(1.,0.,0.));
#12371=DIRECTION('',(0.,0.,-1.));
#12372=DIRECTION('',(-1.,0.,0.));
#12373=DIRECTION('',(0.,1.,0.));
#12374=DIRECTION('',(1.,0.,0.));
#12375=DIRECTION('',(0.,1.,0.));
#12376=DIRECTION('',(1.,0.,0.));
#12377=DIRECTION('',(0.,0.,-1.));
#12378=DIRECTION('',(-1.,0.,0.));
#12379=DIRECTION('',(0.,1.,0.));
#12380=DIRECTION('',(1.,0.,0.));
#12381=DIRECTION('',(0.,1.,0.));
#12382=DIRECTION('',(1.,0.,0.));
#12383=DIRECTION('',(0.,0.,-1.));
#12384=DIRECTION('',(-1.,0.,0.));
#12385=DIRECTION('',(0.,1.,0.));
#12386=DIRECTION('',(1.,0.,0.));
#12387=DIRECTION('',(0.,1.,0.));
#12388=DIRECTION('',(1.,0.,0.));
#12389=DIRECTION('',(0.,0.,-1.));
#12390=DIRECTION('',(-1.,0.,0.));
#12391=DIRECTION('',(0.,1.,0.));
#12392=DIRECTION('',(1.,0.,0.));
#12393=DIRECTION('',(0.,1.,0.));
#12394=DIRECTION('',(1.,0.,0.));
#12395=DIRECTION('',(0.,0.,-1.));
#12396=DIRECTION('',(-1.,0.,0.));
#12397=DIRECTION('',(0.,1.,0.));
#12398=DIRECTION('',(1.,0.,0.));
#12399=DIRECTION('',(0.,1.,0.));
#12400=DIRECTION('',(1.,0.,0.));
#12401=DIRECTION('',(0.,0.,-1.));
#12402=DIRECTION('',(-1.,0.,0.));
#12403=DIRECTION('',(0.,1.,0.));
#12404=DIRECTION('',(1.,0.,0.));
#12405=DIRECTION('',(0.,1.,0.));
#12406=DIRECTION('',(1.,0.,0.));
#12407=DIRECTION('',(0.,0.,-1.));
#12408=DIRECTION('',(-1.,0.,0.));
#12409=DIRECTION('',(0.,1.,0.));
#12410=DIRECTION('',(1.,0.,0.));
#12411=DIRECTION('',(0.,1.,0.));
#12412=DIRECTION('',(1.,0.,0.));
#12413=DIRECTION('',(0.,0.,-1.));
#12414=DIRECTION('',(-1.,0.,0.));
#12415=DIRECTION('',(0.,1.,0.));
#12416=DIRECTION('',(1.,0.,0.));
#12417=DIRECTION('',(0.,1.,0.));
#12418=DIRECTION('',(1.,0.,0.));
#12419=DIRECTION('',(0.,0.,-1.));
#12420=DIRECTION('',(-1.,0.,0.));
#12421=DIRECTION('',(0.,1.,0.));
#12422=DIRECTION('',(1.,0.,0.));
#12423=DIRECTION('',(0.,1.,0.));
#12424=DIRECTION('',(1.,0.,0.));
#12425=DIRECTION('',(0.,0.,-1.));
#12426=DIRECTION('',(-1.,0.,0.));
#12427=DIRECTION('',(0.,1.,0.));
#12428=DIRECTION('',(1.,0.,0.));
#12429=DIRECTION('',(0.,1.,0.));
#12430=DIRECTION('',(1.,0.,0.));
#12431=DIRECTION('',(0.,0.,-1.));
#12432=DIRECTION('',(-1.,0.,0.));
#12433=DIRECTION('',(0.,1.,0.));
#12434=DIRECTION('',(1.,0.,0.));
#12435=DIRECTION('',(0.,1.,0.));
#12436=DIRECTION('',(1.,0.,0.));
#12437=DIRECTION('',(0.,0.,-1.));
#12438=DIRECTION('',(-1.,0.,0.));
#12439=DIRECTION('',(0.,1.,0.));
#12440=DIRECTION('',(1.,0.,0.));
#12441=DIRECTION('',(0.,1.,0.));
#12442=DIRECTION('',(1.,0.,0.));
#12443=DIRECTION('',(0.,0.,-1.));
#12444=DIRECTION('',(-1.,0.,0.));
#12445=DIRECTION('',(0.,1.,0.));
#12446=DIRECTION('',(1.,0.,0.));
#12447=DIRECTION('',(0.,1.,0.));
#12448=DIRECTION('',(1.,0.,0.));
#12449=DIRECTION('',(0.,0.,-1.));
#12450=DIRECTION('',(-1.,0.,0.));
#12451=DIRECTION('',(0.,1.,0.));
#12452=DIRECTION('',(1.,0.,0.));
#12453=DIRECTION('',(0.,1.,0.));
#12454=DIRECTION('',(1.,0.,0.));
#12455=DIRECTION('',(0.,-1.,0.));
#12456=DIRECTION('',(1.,0.,0.));
#12457=DIRECTION('',(0.,0.,-1.));
#12458=DIRECTION('',(1.,0.,3.46944695195361E-15));
#12459=DIRECTION('',(0.,0.,-1.));
#12460=DIRECTION('',(0.,0.,-1.));
#12461=DIRECTION('',(1.,0.,3.46944695195361E-15));
#12462=DIRECTION('',(0.,0.,-1.));
#12463=DIRECTION('',(0.,0.,-1.));
#12464=DIRECTION('',(1.,0.,3.46944695195361E-15));
#12465=DIRECTION('',(0.,0.,-1.));
#12466=DIRECTION('',(0.,0.,-1.));
#12467=DIRECTION('',(1.,0.,3.46944695195361E-15));
#12468=DIRECTION('',(0.,0.,-1.));
#12469=DIRECTION('',(0.,0.,-1.));
#12470=DIRECTION('',(1.,0.,3.46944695195361E-15));
#12471=DIRECTION('',(0.,0.,-1.));
#12472=DIRECTION('',(0.,0.,-1.));
#12473=DIRECTION('',(1.,0.,3.46944695195361E-15));
#12474=DIRECTION('',(0.,0.,-1.));
#12475=DIRECTION('',(0.,0.,-1.));
#12476=DIRECTION('',(1.,0.,3.46944695195361E-15));
#12477=DIRECTION('',(0.,0.,-1.));
#12478=DIRECTION('',(0.,0.,-1.));
#12479=DIRECTION('',(1.,0.,3.46944695195361E-15));
#12480=DIRECTION('',(0.,0.,-1.));
#12481=DIRECTION('',(0.,0.,-1.));
#12482=DIRECTION('',(1.,0.,3.46944695195361E-15));
#12483=DIRECTION('',(0.,0.,-1.));
#12484=DIRECTION('',(0.,0.,-1.));
#12485=DIRECTION('',(1.,0.,3.46944695195361E-15));
#12486=DIRECTION('',(0.,0.,-1.));
#12487=DIRECTION('',(0.,0.,-1.));
#12488=DIRECTION('',(1.,0.,3.46944695195361E-15));
#12489=DIRECTION('',(0.,0.,-1.));
#12490=DIRECTION('',(0.,0.,-1.));
#12491=DIRECTION('',(1.,0.,3.46944695195361E-15));
#12492=DIRECTION('',(0.,0.,-1.));
#12493=DIRECTION('',(0.,0.,-1.));
#12494=DIRECTION('',(1.,0.,3.46944695195361E-15));
#12495=DIRECTION('',(0.,0.,-1.));
#12496=DIRECTION('',(0.,0.,-1.));
#12497=DIRECTION('',(1.,0.,3.46944695195361E-15));
#12498=DIRECTION('',(0.,0.,-1.));
#12499=DIRECTION('',(0.,0.,-1.));
#12500=DIRECTION('',(1.,0.,3.46944695195361E-15));
#12501=DIRECTION('',(0.,0.,-1.));
#12502=DIRECTION('',(0.,0.,-1.));
#12503=DIRECTION('',(1.,0.,3.46944695195361E-15));
#12504=DIRECTION('',(0.,0.,-1.));
#12505=DIRECTION('',(0.,0.,-1.));
#12506=DIRECTION('',(1.,0.,3.46944695195361E-15));
#12507=DIRECTION('',(6.19544098563145E-17,0.,-1.));
#12508=DIRECTION('',(0.,0.,-1.));
#12509=DIRECTION('',(1.,0.,3.46944695195361E-15));
#12510=DIRECTION('',(6.19544098563145E-17,0.,-1.));
#12511=DIRECTION('',(0.,0.,-1.));
#12512=DIRECTION('',(1.,0.,3.46944695195361E-15));
#12513=DIRECTION('',(0.,0.,-1.));
#12514=DIRECTION('',(0.,0.,-1.));
#12515=DIRECTION('',(1.,0.,3.46944695195361E-15));
#12516=DIRECTION('',(0.,0.,-1.));
#12517=DIRECTION('',(0.,0.,-1.));
#12518=DIRECTION('',(1.,0.,3.46944695195361E-15));
#12519=DIRECTION('',(0.,0.,-1.));
#12520=DIRECTION('',(0.,0.,-1.));
#12521=DIRECTION('',(1.,0.,3.46944695195361E-15));
#12522=DIRECTION('',(0.,0.,-1.));
#12523=DIRECTION('',(0.,0.,-1.));
#12524=DIRECTION('',(1.,0.,3.46944695195361E-15));
#12525=DIRECTION('',(0.,0.,-1.));
#12526=DIRECTION('',(0.,0.,-1.));
#12527=DIRECTION('',(1.,0.,3.46944695195361E-15));
#12528=DIRECTION('',(0.,0.,-1.));
#12529=DIRECTION('',(0.,0.,-1.));
#12530=DIRECTION('',(1.,0.,3.46944695195361E-15));
#12531=DIRECTION('',(0.,0.,-1.));
#12532=DIRECTION('',(0.,0.,-1.));
#12533=DIRECTION('',(1.,0.,3.46944695195361E-15));
#12534=DIRECTION('',(0.,0.,-1.));
#12535=DIRECTION('',(0.,0.,-1.));
#12536=DIRECTION('',(1.,0.,3.46944695195361E-15));
#12537=DIRECTION('',(0.,0.,-1.));
#12538=DIRECTION('',(0.,0.,-1.));
#12539=DIRECTION('',(1.,0.,3.46944695195361E-15));
#12540=DIRECTION('',(0.,0.,-1.));
#12541=DIRECTION('',(0.,0.,-1.));
#12542=DIRECTION('',(1.,0.,3.46944695195361E-15));
#12543=DIRECTION('',(0.,0.,-1.));
#12544=DIRECTION('',(0.,0.,-1.));
#12545=DIRECTION('',(1.,0.,3.46944695195361E-15));
#12546=DIRECTION('',(0.,0.,-1.));
#12547=DIRECTION('',(1.,0.,0.));
#12548=DIRECTION('',(0.,0.,-1.));
#12549=DIRECTION('',(1.,0.,3.41523684332934E-15));
#12550=DIRECTION('',(0.,0.,1.));
#12551=DIRECTION('',(1.,0.,0.));
#12552=DIRECTION('',(0.,0.,-1.));
#12553=DIRECTION('',(1.,0.,0.));
#12554=DIRECTION('',(0.,0.,-1.));
#12555=DIRECTION('',(0.,0.,-1.));
#12556=DIRECTION('',(1.,0.,0.));
#12557=DIRECTION('',(0.,0.,-1.));
#12558=DIRECTION('',(1.,0.,0.));
#12559=DIRECTION('',(0.,0.,-1.));
#12560=DIRECTION('',(0.,1.,0.));
#12561=DIRECTION('',(0.,-0.997957133669148,0.0638870828795443));
#12562=DIRECTION('',(0.,-1.,0.));
#12563=DIRECTION('',(0.,0.,1.));
#12564=DIRECTION('',(0.,-1.,0.));
#12565=DIRECTION('',(0.,0.,1.));
#12566=DIRECTION('',(0.,-1.,0.));
#12567=DIRECTION('',(0.,0.,1.));
#12568=DIRECTION('',(0.,-1.,0.));
#12569=DIRECTION('',(0.,0.,1.));
#12570=DIRECTION('',(0.,-1.,0.));
#12571=DIRECTION('',(0.,0.,1.));
#12572=DIRECTION('',(0.,1.,0.));
#12573=DIRECTION('',(0.,0.,1.));
#12574=DIRECTION('',(0.,1.,0.));
#12575=DIRECTION('',(0.,0.,1.));
#12576=DIRECTION('',(0.,1.,0.));
#12577=DIRECTION('',(0.,0.,1.));
#12578=DIRECTION('',(0.,1.,0.));
#12579=DIRECTION('',(0.,0.,-1.));
#12580=DIRECTION('',(0.,0.707106781186548,0.707106781186548));
#12581=DIRECTION('',(0.,0.,-1.));
#12582=DIRECTION('',(-1.,0.,0.));
#12583=DIRECTION('',(1.,0.,0.));
#12584=DIRECTION('',(0.,-1.,0.));
#12585=DIRECTION('',(1.,0.,0.));
#12586=DIRECTION('',(-0.699974363904758,0.,0.714167970351604));
#12587=DIRECTION('',(0.714167970351604,0.,0.699974363904758));
#12588=DIRECTION('',(-0.0650445089961649,0.995843823450023,-0.0637517932758485));
#12589=DIRECTION('',(0.714167970351604,0.,0.699974363904758));
#12590=DIRECTION('',(0.,-1.,0.));
#12591=DIRECTION('',(-0.714167970351604,0.,-0.699974363904758));
#12592=DIRECTION('',(0.,1.,0.));
#12593=DIRECTION('',(-1.,0.,0.));
#12594=DIRECTION('',(1.,0.,0.));
#12595=DIRECTION('',(-1.,0.,0.));
#12596=DIRECTION('',(0.,0.,1.));
#12597=DIRECTION('',(-1.,0.,0.));
#12598=DIRECTION('',(1.,0.,-1.87078021919067E-16));
#12599=DIRECTION('',(0.,0.,-1.));
#12600=DIRECTION('',(-1.,0.,0.));
#12601=DIRECTION('',(0.,0.,-1.));
#12602=DIRECTION('',(-1.,0.,0.));
#12603=DIRECTION('',(0.,1.,0.));
#12604=DIRECTION('',(-1.,0.,0.));
#12605=DIRECTION('',(0.,1.,0.));
#12606=DIRECTION('',(-1.,0.,0.));
#12607=DIRECTION('',(0.,1.,0.));
#12608=DIRECTION('',(-1.,0.,0.));
#12609=DIRECTION('',(0.,-1.,0.));
#12610=DIRECTION('',(1.,0.,0.));
#12611=DIRECTION('',(-1.,0.,6.72205346941013E-16));
#12612=DIRECTION('',(-6.72205346941013E-16,0.,-1.));
#12613=DIRECTION('',(6.72205346941013E-16,0.,1.));
#12614=DIRECTION('',(0.,1.,0.));
#12615=DIRECTION('',(6.72205346941013E-16,0.,1.));
#12616=DIRECTION('',(0.,-1.,0.));
#12617=DIRECTION('',(6.72205346941013E-16,0.,1.));
#12618=DIRECTION('',(0.,-1.,0.));
#12619=DIRECTION('',(6.72205346941013E-16,0.,1.));
#12620=DIRECTION('',(0.,-1.,0.));
#12621=DIRECTION('',(6.72205346941013E-16,0.,1.));
#12622=DIRECTION('',(0.,-1.,0.));
#12623=DIRECTION('',(6.72205346941013E-16,0.,1.));
#12624=DIRECTION('',(6.72205346941013E-16,0.,1.));
#12625=DIRECTION('',(0.,1.,0.));
#12626=DIRECTION('',(6.72205346941013E-16,0.,1.));
#12627=DIRECTION('',(0.,1.,0.));
#12628=DIRECTION('',(0.,1.,0.));
#12629=DIRECTION('',(-1.,0.,0.));
#12630=DIRECTION('',(1.,0.,0.));
#12631=DIRECTION('',(0.,0.,1.));
#12632=DIRECTION('',(-1.,0.,0.));
#12633=DIRECTION('',(1.,0.,0.));
#12634=DIRECTION('',(0.,0.,1.));
#12635=DIRECTION('',(0.,0.,-1.));
#12636=DIRECTION('',(-1.,0.,0.));
#12637=DIRECTION('',(0.,0.,-1.));
#12638=DIRECTION('',(1.,0.,0.));
#12639=DIRECTION('',(1.,0.,-1.30570584213308E-16));
#12640=DIRECTION('',(0.,0.,-1.));
#12641=DIRECTION('',(1.,0.,0.));
#12642=DIRECTION('',(0.,0.,-1.));
#12643=DIRECTION('',(-1.,0.,0.));
#12644=DIRECTION('',(0.,1.,0.));
#12645=DIRECTION('',(1.,0.,0.));
#12646=DIRECTION('',(1.,0.,0.));
#12647=DIRECTION('',(0.,-1.,0.));
#12648=DIRECTION('',(1.,0.,0.));
#12649=DIRECTION('',(0.,-1.,0.));
#12650=DIRECTION('',(1.,0.,0.));
#12651=DIRECTION('',(0.,-1.,0.));
#12652=DIRECTION('',(0.,-1.,0.));
#12653=DIRECTION('',(1.,0.,0.));
#12654=DIRECTION('',(0.,-1.,0.));
#12655=DIRECTION('',(-1.,0.,6.72205346941013E-16));
#12656=DIRECTION('',(0.,-1.,0.));
#12657=DIRECTION('',(-1.,0.,6.72205346941013E-16));
#12658=DIRECTION('',(0.,-1.,0.));
#12659=DIRECTION('',(1.,0.,0.));
#12660=DIRECTION('',(0.,0.,-1.));
#12661=DIRECTION('',(1.,0.,0.));
#12662=DIRECTION('',(0.,0.,-1.));
#12663=DIRECTION('',(1.,0.,0.));
#12664=DIRECTION('',(0.,0.,-1.));
#12665=DIRECTION('',(1.,0.,0.));
#12666=DIRECTION('',(0.,0.,-1.));
#12667=DIRECTION('',(1.,0.,0.));
#12668=DIRECTION('',(0.,0.,-1.));
#12669=DIRECTION('',(1.,0.,0.));
#12670=DIRECTION('',(0.,0.,-1.));
#12671=DIRECTION('',(1.,0.,0.));
#12672=DIRECTION('',(0.,0.,-1.));
#12673=DIRECTION('',(1.,0.,0.));
#12674=DIRECTION('',(0.,0.,-1.));
#12675=DIRECTION('',(1.,0.,0.));
#12676=DIRECTION('',(1.,0.,0.));
#12677=DIRECTION('',(0.,0.,-1.));
#12678=DIRECTION('',(0.,0.,1.));
#12679=DIRECTION('',(1.,0.,0.));
#12680=DIRECTION('',(1.,0.,0.));
#12681=DIRECTION('',(0.,0.,1.));
#12682=DIRECTION('',(6.72205346941013E-16,0.,1.));
#12683=DIRECTION('',(-1.,0.,6.72205346941013E-16));
#12684=DIRECTION('',(-1.,0.,6.72205346941013E-16));
#12685=DIRECTION('',(6.72205346941013E-16,0.,1.));
#12686=DIRECTION('',(0.,0.,1.));
#12687=DIRECTION('',(1.,0.,3.41523684332934E-15));
#12688=DIRECTION('',(0.,0.,-1.));
#12689=DIRECTION('',(1.,0.,0.));
#12690=DIRECTION('',(0.,0.,-1.));
#12691=DIRECTION('',(1.,0.,3.46944695195361E-15));
#12692=DIRECTION('',(0.,0.,-1.));
#12693=DIRECTION('',(0.,0.,-1.));
#12694=DIRECTION('',(1.,0.,3.46944695195361E-15));
#12695=DIRECTION('',(0.,0.,-1.));
#12696=DIRECTION('',(0.,0.,-1.));
#12697=DIRECTION('',(1.,0.,3.46944695195361E-15));
#12698=DIRECTION('',(0.,0.,-1.));
#12699=DIRECTION('',(0.,0.,-1.));
#12700=DIRECTION('',(1.,0.,3.46944695195361E-15));
#12701=DIRECTION('',(0.,0.,-1.));
#12702=DIRECTION('',(0.,0.,-1.));
#12703=DIRECTION('',(1.,0.,3.46944695195361E-15));
#12704=DIRECTION('',(0.,0.,-1.));
#12705=DIRECTION('',(0.,0.,-1.));
#12706=DIRECTION('',(1.,0.,3.46944695195361E-15));
#12707=DIRECTION('',(0.,0.,-1.));
#12708=DIRECTION('',(0.,0.,-1.));
#12709=DIRECTION('',(1.,0.,3.46944695195361E-15));
#12710=DIRECTION('',(0.,0.,-1.));
#12711=DIRECTION('',(0.,0.,-1.));
#12712=DIRECTION('',(1.,0.,3.46944695195361E-15));
#12713=DIRECTION('',(0.,0.,-1.));
#12714=DIRECTION('',(0.,0.,-1.));
#12715=DIRECTION('',(1.,0.,3.46944695195361E-15));
#12716=DIRECTION('',(0.,0.,-1.));
#12717=DIRECTION('',(0.,0.,-1.));
#12718=DIRECTION('',(1.,0.,3.46944695195361E-15));
#12719=DIRECTION('',(0.,0.,-1.));
#12720=DIRECTION('',(0.,0.,-1.));
#12721=DIRECTION('',(1.,0.,3.46944695195361E-15));
#12722=DIRECTION('',(0.,0.,-1.));
#12723=DIRECTION('',(0.,0.,-1.));
#12724=DIRECTION('',(1.,0.,3.46944695195361E-15));
#12725=DIRECTION('',(0.,0.,-1.));
#12726=DIRECTION('',(6.19544098563145E-17,0.,-1.));
#12727=DIRECTION('',(1.,0.,3.46944695195361E-15));
#12728=DIRECTION('',(0.,0.,-1.));
#12729=DIRECTION('',(6.19544098563145E-17,0.,-1.));
#12730=DIRECTION('',(1.,0.,3.46944695195361E-15));
#12731=DIRECTION('',(0.,0.,-1.));
#12732=DIRECTION('',(0.,0.,-1.));
#12733=DIRECTION('',(1.,0.,3.46944695195361E-15));
#12734=DIRECTION('',(0.,0.,-1.));
#12735=DIRECTION('',(0.,0.,-1.));
#12736=DIRECTION('',(1.,0.,3.46944695195361E-15));
#12737=DIRECTION('',(0.,0.,-1.));
#12738=DIRECTION('',(0.,0.,-1.));
#12739=DIRECTION('',(1.,0.,3.46944695195361E-15));
#12740=DIRECTION('',(0.,0.,-1.));
#12741=DIRECTION('',(0.,0.,-1.));
#12742=DIRECTION('',(1.,0.,3.46944695195361E-15));
#12743=DIRECTION('',(0.,0.,-1.));
#12744=DIRECTION('',(0.,0.,-1.));
#12745=DIRECTION('',(1.,0.,3.46944695195361E-15));
#12746=DIRECTION('',(0.,0.,-1.));
#12747=DIRECTION('',(0.,0.,-1.));
#12748=DIRECTION('',(1.,0.,3.46944695195361E-15));
#12749=DIRECTION('',(0.,0.,-1.));
#12750=DIRECTION('',(0.,0.,-1.));
#12751=DIRECTION('',(1.,0.,3.46944695195361E-15));
#12752=DIRECTION('',(0.,0.,-1.));
#12753=DIRECTION('',(0.,0.,-1.));
#12754=DIRECTION('',(1.,0.,3.46944695195361E-15));
#12755=DIRECTION('',(0.,0.,-1.));
#12756=DIRECTION('',(0.,0.,-1.));
#12757=DIRECTION('',(1.,0.,3.46944695195361E-15));
#12758=DIRECTION('',(0.,0.,-1.));
#12759=DIRECTION('',(0.,0.,-1.));
#12760=DIRECTION('',(1.,0.,3.46944695195361E-15));
#12761=DIRECTION('',(0.,0.,-1.));
#12762=DIRECTION('',(0.,0.,-1.));
#12763=DIRECTION('',(1.,0.,3.46944695195361E-15));
#12764=DIRECTION('',(0.,0.,-1.));
#12765=DIRECTION('',(0.,0.,-1.));
#12766=DIRECTION('',(1.,0.,3.46944695195361E-15));
#12767=DIRECTION('',(0.,0.,-1.));
#12768=DIRECTION('',(0.,0.,-1.));
#12769=DIRECTION('',(1.,0.,3.46944695195361E-15));
#12770=DIRECTION('',(0.,0.,-1.));
#12771=DIRECTION('',(0.,0.,-1.));
#12772=DIRECTION('',(1.,0.,3.46944695195361E-15));
#12773=DIRECTION('',(0.,0.,-1.));
#12774=DIRECTION('',(0.,0.,-1.));
#12775=DIRECTION('',(1.,0.,3.46944695195361E-15));
#12776=DIRECTION('',(0.,0.,-1.));
#12777=DIRECTION('',(0.,0.,-1.));
#12778=DIRECTION('',(1.,0.,3.46944695195361E-15));
#12779=DIRECTION('',(0.,0.,-1.));
#12780=DIRECTION('',(0.,0.,-1.));
#12781=DIRECTION('',(1.,0.,0.));
#12782=DIRECTION('',(0.,0.,-1.));
#12783=DIRECTION('',(0.,0.,-1.));
#12784=DIRECTION('',(0.,1.,0.));
#12785=DIRECTION('',(-1.,0.,0.));
#12786=DIRECTION('',(1.,0.,0.));
#12787=DIRECTION('',(0.,0.,1.));
#12788=DIRECTION('',(0.,0.,-1.));
#12789=DIRECTION('',(-1.,0.,0.));
#12790=DIRECTION('',(0.,-1.,0.));
#12791=DIRECTION('',(1.,0.,0.));
#12792=DIRECTION('',(0.,-1.,0.));
#12793=DIRECTION('',(0.,-1.,0.));
#12794=DIRECTION('',(0.,0.,-1.));
#12795=DIRECTION('',(-1.,0.,0.));
#12796=DIRECTION('',(1.,0.,0.));
#12797=DIRECTION('',(0.,-1.,0.));
#12798=DIRECTION('',(1.,0.,0.));
#12799=DIRECTION('',(0.,0.,-1.));
#12800=DIRECTION('',(0.,0.,1.));
#12801=DIRECTION('',(0.,-1.,0.));
#12802=DIRECTION('',(1.,0.,0.));
#12803=DIRECTION('',(0.,0.,-1.));
#12804=DIRECTION('',(0.,0.,1.));
#12805=DIRECTION('',(0.,-1.,0.));
#12806=DIRECTION('',(1.,0.,0.));
#12807=DIRECTION('',(1.,0.,0.));
#12808=DIRECTION('',(0.,0.,-1.));
#12809=DIRECTION('',(0.,0.,1.));
#12810=DIRECTION('',(0.,1.,0.));
#12811=DIRECTION('',(-1.,0.,0.));
#12812=DIRECTION('',(0.,1.,0.));
#12813=DIRECTION('',(1.,0.,-6.72205346941013E-16));
#12814=DIRECTION('',(6.72205346941013E-16,0.,1.));
#12815=DIRECTION('',(-1.,0.,6.72205346941013E-16));
#12816=DIRECTION('',(-6.72205346941013E-16,0.,-1.));
#12817=DIRECTION('',(1.,0.,-6.72205346941013E-16));
#12818=DIRECTION('',(0.,-1.,0.));
#12819=DIRECTION('',(-1.,0.,6.72205346941013E-16));
#12820=DIRECTION('',(0.,-1.,0.));
#12821=DIRECTION('',(0.,-1.,0.));
#12822=DIRECTION('',(-6.72205346941013E-16,0.,-1.));
#12823=DIRECTION('',(1.,0.,-6.72205346941013E-16));
#12824=DIRECTION('',(0.,-1.,0.));
#12825=DIRECTION('',(-1.,0.,6.72205346941013E-16));
#12826=DIRECTION('',(-1.,0.,6.72205346941013E-16));
#12827=DIRECTION('',(-6.72205346941013E-16,0.,-1.));
#12828=DIRECTION('',(0.,-1.,0.));
#12829=DIRECTION('',(6.72205346941013E-16,0.,1.));
#12830=DIRECTION('',(-1.,0.,6.72205346941013E-16));
#12831=DIRECTION('',(-6.72205346941013E-16,0.,-1.));
#12832=DIRECTION('',(6.72205346941013E-16,0.,1.));
#12833=DIRECTION('',(0.,-1.,0.));
#12834=DIRECTION('',(-1.,0.,6.72205346941013E-16));
#12835=DIRECTION('',(-1.,0.,6.72205346941013E-16));
#12836=DIRECTION('',(-6.72205346941013E-16,0.,-1.));
#12837=DIRECTION('',(6.72205346941013E-16,0.,1.));
#12838=DIRECTION('',(0.,1.,0.));
#12839=DIRECTION('',(1.,0.,-6.72205346941013E-16));
#12840=DIRECTION('',(0.,0.,-1.));
#12841=DIRECTION('',(-1.,0.,0.));
#12842=DIRECTION('',(0.,-1.,0.));
#12843=DIRECTION('',(1.,0.,0.));
#12844=DIRECTION('',(0.,-1.,0.));
#12845=DIRECTION('',(-1.,0.,0.));
#12846=DIRECTION('',(0.,0.,1.));
#12847=DIRECTION('',(0.,-1.,0.));
#12848=DIRECTION('',(0.,0.,-1.));
#12849=DIRECTION('',(0.,0.,-1.));
#12850=DIRECTION('',(-1.,0.,0.));
#12851=DIRECTION('',(0.,-1.,0.));
#12852=DIRECTION('',(1.,0.,0.));
#12853=DIRECTION('',(-1.,0.,0.));
#12854=DIRECTION('',(0.,0.,1.));
#12855=DIRECTION('',(0.,0.,-1.));
#12856=DIRECTION('',(0.,-1.,0.));
#12857=DIRECTION('',(1.,0.,0.));
#12858=DIRECTION('',(0.,0.,-1.));
#12859=DIRECTION('',(-1.,0.,0.));
#12860=DIRECTION('',(0.,-1.,0.));
#12861=DIRECTION('',(1.,0.,0.));
#12862=DIRECTION('',(0.,-1.,0.));
#12863=DIRECTION('',(-1.,0.,0.));
#12864=DIRECTION('',(0.,0.,1.));
#12865=DIRECTION('',(0.,-1.,0.));
#12866=DIRECTION('',(0.,0.,-1.));
#12867=DIRECTION('',(0.,0.,-1.));
#12868=DIRECTION('',(-1.,0.,0.));
#12869=DIRECTION('',(0.,-1.,0.));
#12870=DIRECTION('',(1.,0.,0.));
#12871=DIRECTION('',(-1.,0.,0.));
#12872=DIRECTION('',(0.,0.,1.));
#12873=DIRECTION('',(0.,0.,-1.));
#12874=DIRECTION('',(0.,-1.,0.));
#12875=DIRECTION('',(1.,0.,0.));
#12876=DIRECTION('',(0.,0.,-1.));
#12877=DIRECTION('',(-1.,0.,0.));
#12878=DIRECTION('',(0.,-1.,0.));
#12879=DIRECTION('',(1.,0.,0.));
#12880=DIRECTION('',(0.,-1.,0.));
#12881=DIRECTION('',(-1.,0.,0.));
#12882=DIRECTION('',(0.,0.,1.));
#12883=DIRECTION('',(0.,-1.,0.));
#12884=DIRECTION('',(0.,0.,-1.));
#12885=DIRECTION('',(0.,0.,-1.));
#12886=DIRECTION('',(-1.,0.,0.));
#12887=DIRECTION('',(0.,-1.,0.));
#12888=DIRECTION('',(1.,0.,0.));
#12889=DIRECTION('',(-1.,0.,0.));
#12890=DIRECTION('',(0.,0.,1.));
#12891=DIRECTION('',(0.,0.,-1.));
#12892=DIRECTION('',(0.,-1.,0.));
#12893=DIRECTION('',(1.,0.,0.));
#12894=DIRECTION('',(0.,0.,-1.));
#12895=DIRECTION('',(-1.,0.,0.));
#12896=DIRECTION('',(0.,-1.,0.));
#12897=DIRECTION('',(1.,0.,0.));
#12898=DIRECTION('',(0.,-1.,0.));
#12899=DIRECTION('',(-1.,0.,0.));
#12900=DIRECTION('',(0.,0.,1.));
#12901=DIRECTION('',(0.,-1.,0.));
#12902=DIRECTION('',(0.,0.,-1.));
#12903=DIRECTION('',(0.,0.,-1.));
#12904=DIRECTION('',(-1.,0.,0.));
#12905=DIRECTION('',(0.,-1.,0.));
#12906=DIRECTION('',(1.,0.,0.));
#12907=DIRECTION('',(-1.,0.,0.));
#12908=DIRECTION('',(0.,0.,1.));
#12909=DIRECTION('',(0.,0.,-1.));
#12910=DIRECTION('',(0.,-1.,0.));
#12911=DIRECTION('',(1.,0.,0.));
#12912=DIRECTION('',(0.,0.,-1.));
#12913=DIRECTION('',(-1.,0.,0.));
#12914=DIRECTION('',(0.,1.,0.));
#12915=DIRECTION('',(0.,-1.,0.));
#12916=DIRECTION('',(-1.,0.,0.));
#12917=DIRECTION('',(0.,0.,1.));
#12918=DIRECTION('',(0.,-1.,0.));
#12919=DIRECTION('',(3.41523684332934E-15,0.,-1.));
#12920=DIRECTION('',(-1.,0.,-3.41523684332934E-15));
#12921=DIRECTION('',(0.,-1.,0.));
#12922=DIRECTION('',(1.,0.,0.));
#12923=DIRECTION('',(0.,0.,-1.));
#12924=DIRECTION('',(-1.,0.,0.));
#12925=DIRECTION('',(0.,0.,1.));
#12926=DIRECTION('',(0.,-1.,0.));
#12927=DIRECTION('',(0.,0.,-1.));
#12928=DIRECTION('',(-1.,0.,0.));
#12929=DIRECTION('',(0.,-1.,0.));
#12930=DIRECTION('',(-1.,0.,0.));
#12931=DIRECTION('',(0.,0.,1.));
#12932=DIRECTION('',(1.,0.,0.));
#12933=DIRECTION('',(0.,0.,-1.));
#12934=DIRECTION('',(0.,1.,0.));
#12935=DIRECTION('',(0.,0.,-1.));
#12936=DIRECTION('',(1.30570584213308E-16,0.,1.));
#12937=DIRECTION('',(1.,0.,-1.30570584213308E-16));
#12938=DIRECTION('',(1.,0.,-1.30570584213308E-16));
#12939=DIRECTION('',(0.,1.,0.));
#12940=DIRECTION('',(-1.,0.,0.));
#12941=DIRECTION('',(1.,0.,0.));
#12942=DIRECTION('',(0.,0.,-1.));
#12943=DIRECTION('',(0.,1.,0.));
#12944=DIRECTION('',(0.,0.,-1.));
#12945=DIRECTION('',(1.87078021919067E-16,0.,1.));
#12946=DIRECTION('',(1.,0.,-1.87078021919067E-16));
#12947=DIRECTION('',(1.,0.,-1.87078021919067E-16));
#12948=DIRECTION('',(0.,0.,1.));
#12949=DIRECTION('',(1.,0.,0.));
#12950=DIRECTION('',(0.,1.,0.));
#12951=DIRECTION('',(1.,0.,0.));
#12952=DIRECTION('',(1.,0.,0.));
#12953=DIRECTION('',(0.,0.,-1.));
#12954=DIRECTION('',(0.,1.,0.));
#12955=DIRECTION('',(0.,0.,-1.));
#12956=DIRECTION('',(0.,0.,-1.));
#12957=DIRECTION('',(-1.,0.,0.));
#12958=DIRECTION('',(0.,1.,0.));
#12959=DIRECTION('',(-1.,0.,0.));
#12960=DIRECTION('',(1.,0.,0.));
#12961=DIRECTION('',(0.,0.,-1.));
#12962=DIRECTION('',(0.,0.,-1.));
#12963=DIRECTION('',(0.,1.,0.));
#12964=DIRECTION('',(-1.,0.,0.));
#12965=DIRECTION('',(0.,0.,1.));
#12966=DIRECTION('',(1.,0.,0.));
#12967=DIRECTION('',(1.,0.,0.));
#12968=DIRECTION('',(0.,1.,0.));
#12969=DIRECTION('',(-1.,0.,0.));
#12970=DIRECTION('',(0.,0.,1.));
#12971=DIRECTION('',(0.,0.,1.));
#12972=DIRECTION('',(0.,1.,0.));
#12973=DIRECTION('',(-1.,0.,0.));
#12974=DIRECTION('',(0.,0.,1.));
#12975=DIRECTION('',(1.,0.,0.));
#12976=DIRECTION('',(1.,0.,0.));
#12977=DIRECTION('',(0.,1.,0.));
#12978=DIRECTION('',(0.,0.,-1.));
#12979=DIRECTION('',(-1.,0.,0.));
#12980=DIRECTION('',(0.,1.,0.));
#12981=DIRECTION('',(-1.,0.,0.));
#12982=DIRECTION('',(-1.,0.,0.));
#12983=DIRECTION('',(0.,0.,1.));
#12984=DIRECTION('',(0.,0.,1.));
#12985=DIRECTION('',(0.,1.,0.));
#12986=DIRECTION('',(-1.,0.,0.));
#12987=DIRECTION('',(0.,1.,0.));
#12988=DIRECTION('',(0.,0.,1.));
#12989=DIRECTION('',(-1.,0.,0.));
#12990=DIRECTION('',(0.,0.,-1.));
#12991=DIRECTION('',(-1.,0.,0.));
#12992=DIRECTION('',(0.,0.,1.));
#12993=DIRECTION('',(1.,0.,0.));
#12994=DIRECTION('',(0.,1.,0.));
#12995=DIRECTION('',(0.,0.,1.));
#12996=DIRECTION('',(1.,0.,0.));
#12997=DIRECTION('',(-1.,0.,0.));
#12998=DIRECTION('',(0.,1.,0.));
#12999=DIRECTION('',(0.,-0.707106781186548,0.707106781186548));
#13000=DIRECTION('',(0.,-0.707106781186548,-0.707106781186548));
#13001=DIRECTION('',(0.,0.707106781186548,0.707106781186548));
#13002=DIRECTION('',(1.,0.,0.));
#13003=DIRECTION('',(0.,1.,0.));
#13004=DIRECTION('',(0.,0.0638870828795443,0.997957133669148));
#13005=DIRECTION('',(0.,-0.997957133669148,0.0638870828795443));
#13006=DIRECTION('',(1.,0.,0.));
#13007=DIRECTION('',(0.,0.,-1.));
#13008=DIRECTION('',(0.,1.,0.));
#13009=DIRECTION('',(1.,0.,0.));
#13010=DIRECTION('',(0.,0.,-1.));
#13011=DIRECTION('',(0.,1.,0.));
#13012=DIRECTION('',(-3.46944695195361E-15,0.,1.));
#13013=DIRECTION('',(1.,0.,3.46944695195361E-15));
#13014=DIRECTION('',(1.,0.,0.));
#13015=DIRECTION('',(0.,0.,-1.));
#13016=DIRECTION('',(0.,1.,0.));
#13017=DIRECTION('',(1.,0.,0.));
#13018=DIRECTION('',(0.,0.,-1.));
#13019=DIRECTION('',(0.,1.,0.));
#13020=DIRECTION('',(-3.46944695195361E-15,0.,1.));
#13021=DIRECTION('',(1.,0.,3.46944695195361E-15));
#13022=DIRECTION('',(1.,0.,0.));
#13023=DIRECTION('',(0.,0.,-1.));
#13024=DIRECTION('',(0.,1.,0.));
#13025=DIRECTION('',(1.,0.,0.));
#13026=DIRECTION('',(0.,0.,-1.));
#13027=DIRECTION('',(0.,1.,0.));
#13028=DIRECTION('',(-3.46944695195361E-15,0.,1.));
#13029=DIRECTION('',(1.,0.,3.46944695195361E-15));
#13030=DIRECTION('',(1.,0.,0.));
#13031=DIRECTION('',(0.,0.,-1.));
#13032=DIRECTION('',(0.,1.,0.));
#13033=DIRECTION('',(1.,0.,0.));
#13034=DIRECTION('',(0.,0.,-1.));
#13035=DIRECTION('',(0.,1.,0.));
#13036=DIRECTION('',(-3.46944695195361E-15,0.,1.));
#13037=DIRECTION('',(1.,0.,3.46944695195361E-15));
#13038=DIRECTION('',(1.,0.,0.));
#13039=DIRECTION('',(0.,0.,-1.));
#13040=DIRECTION('',(0.,1.,0.));
#13041=DIRECTION('',(1.,0.,0.));
#13042=DIRECTION('',(0.,0.,-1.));
#13043=DIRECTION('',(0.,1.,0.));
#13044=DIRECTION('',(-3.46944695195361E-15,0.,1.));
#13045=DIRECTION('',(1.,0.,3.46944695195361E-15));
#13046=DIRECTION('',(1.,0.,0.));
#13047=DIRECTION('',(0.,0.,-1.));
#13048=DIRECTION('',(0.,1.,0.));
#13049=DIRECTION('',(1.,0.,0.));
#13050=DIRECTION('',(0.,0.,-1.));
#13051=DIRECTION('',(0.,1.,0.));
#13052=DIRECTION('',(-3.46944695195361E-15,0.,1.));
#13053=DIRECTION('',(1.,0.,3.46944695195361E-15));
#13054=DIRECTION('',(1.,0.,0.));
#13055=DIRECTION('',(0.,0.,-1.));
#13056=DIRECTION('',(0.,1.,0.));
#13057=DIRECTION('',(1.,0.,0.));
#13058=DIRECTION('',(0.,0.,-1.));
#13059=DIRECTION('',(0.,1.,0.));
#13060=DIRECTION('',(-3.46944695195361E-15,0.,1.));
#13061=DIRECTION('',(1.,0.,3.46944695195361E-15));
#13062=DIRECTION('',(1.,0.,0.));
#13063=DIRECTION('',(0.,0.,-1.));
#13064=DIRECTION('',(0.,1.,0.));
#13065=DIRECTION('',(1.,0.,0.));
#13066=DIRECTION('',(0.,0.,-1.));
#13067=DIRECTION('',(0.,1.,0.));
#13068=DIRECTION('',(-3.46944695195361E-15,0.,1.));
#13069=DIRECTION('',(1.,0.,3.46944695195361E-15));
#13070=DIRECTION('',(1.,0.,0.));
#13071=DIRECTION('',(0.,0.,-1.));
#13072=DIRECTION('',(0.,1.,0.));
#13073=DIRECTION('',(1.,0.,0.));
#13074=DIRECTION('',(0.,0.,-1.));
#13075=DIRECTION('',(0.,1.,0.));
#13076=DIRECTION('',(-3.46944695195361E-15,0.,1.));
#13077=DIRECTION('',(1.,0.,3.46944695195361E-15));
#13078=DIRECTION('',(1.,0.,0.));
#13079=DIRECTION('',(0.,0.,-1.));
#13080=DIRECTION('',(0.,1.,0.));
#13081=DIRECTION('',(1.,0.,0.));
#13082=DIRECTION('',(0.,0.,-1.));
#13083=DIRECTION('',(0.,1.,0.));
#13084=DIRECTION('',(-3.46944695195361E-15,0.,1.));
#13085=DIRECTION('',(1.,0.,3.46944695195361E-15));
#13086=DIRECTION('',(1.,0.,0.));
#13087=DIRECTION('',(0.,0.,-1.));
#13088=DIRECTION('',(0.,1.,0.));
#13089=DIRECTION('',(1.,0.,0.));
#13090=DIRECTION('',(0.,0.,-1.));
#13091=DIRECTION('',(0.,1.,0.));
#13092=DIRECTION('',(-3.46944695195361E-15,0.,1.));
#13093=DIRECTION('',(1.,0.,3.46944695195361E-15));
#13094=DIRECTION('',(1.,0.,0.));
#13095=DIRECTION('',(0.,0.,-1.));
#13096=DIRECTION('',(0.,1.,0.));
#13097=DIRECTION('',(1.,0.,0.));
#13098=DIRECTION('',(0.,0.,-1.));
#13099=DIRECTION('',(0.,1.,0.));
#13100=DIRECTION('',(-3.46944695195361E-15,0.,1.));
#13101=DIRECTION('',(1.,0.,3.46944695195361E-15));
#13102=DIRECTION('',(1.,0.,0.));
#13103=DIRECTION('',(0.,0.,-1.));
#13104=DIRECTION('',(0.,1.,0.));
#13105=DIRECTION('',(1.,0.,6.19544098563145E-17));
#13106=DIRECTION('',(6.19544098563145E-17,0.,-1.));
#13107=DIRECTION('',(0.,1.,0.));
#13108=DIRECTION('',(-3.46944695195361E-15,0.,1.));
#13109=DIRECTION('',(1.,0.,3.46944695195361E-15));
#13110=DIRECTION('',(1.,0.,0.));
#13111=DIRECTION('',(0.,0.,-1.));
#13112=DIRECTION('',(0.,1.,0.));
#13113=DIRECTION('',(1.,0.,6.19544098563145E-17));
#13114=DIRECTION('',(6.19544098563145E-17,0.,-1.));
#13115=DIRECTION('',(0.,1.,0.));
#13116=DIRECTION('',(-3.46944695195361E-15,0.,1.));
#13117=DIRECTION('',(1.,0.,3.46944695195361E-15));
#13118=DIRECTION('',(1.,0.,0.));
#13119=DIRECTION('',(0.,0.,-1.));
#13120=DIRECTION('',(0.,1.,0.));
#13121=DIRECTION('',(1.,0.,0.));
#13122=DIRECTION('',(0.,0.,-1.));
#13123=DIRECTION('',(0.,1.,0.));
#13124=DIRECTION('',(-3.46944695195361E-15,0.,1.));
#13125=DIRECTION('',(1.,0.,3.46944695195361E-15));
#13126=DIRECTION('',(1.,0.,0.));
#13127=DIRECTION('',(0.,0.,-1.));
#13128=DIRECTION('',(0.,1.,0.));
#13129=DIRECTION('',(1.,0.,0.));
#13130=DIRECTION('',(0.,0.,-1.));
#13131=DIRECTION('',(0.,1.,0.));
#13132=DIRECTION('',(-3.46944695195361E-15,0.,1.));
#13133=DIRECTION('',(1.,0.,3.46944695195361E-15));
#13134=DIRECTION('',(1.,0.,0.));
#13135=DIRECTION('',(0.,0.,-1.));
#13136=DIRECTION('',(0.,1.,0.));
#13137=DIRECTION('',(1.,0.,0.));
#13138=DIRECTION('',(0.,0.,-1.));
#13139=DIRECTION('',(0.,1.,0.));
#13140=DIRECTION('',(-3.46944695195361E-15,0.,1.));
#13141=DIRECTION('',(1.,0.,3.46944695195361E-15));
#13142=DIRECTION('',(1.,0.,0.));
#13143=DIRECTION('',(0.,0.,-1.));
#13144=DIRECTION('',(0.,1.,0.));
#13145=DIRECTION('',(1.,0.,0.));
#13146=DIRECTION('',(0.,0.,-1.));
#13147=DIRECTION('',(0.,1.,0.));
#13148=DIRECTION('',(-3.46944695195361E-15,0.,1.));
#13149=DIRECTION('',(1.,0.,3.46944695195361E-15));
#13150=DIRECTION('',(1.,0.,0.));
#13151=DIRECTION('',(0.,0.,-1.));
#13152=DIRECTION('',(0.,1.,0.));
#13153=DIRECTION('',(1.,0.,0.));
#13154=DIRECTION('',(0.,0.,-1.));
#13155=DIRECTION('',(0.,1.,0.));
#13156=DIRECTION('',(-3.46944695195361E-15,0.,1.));
#13157=DIRECTION('',(1.,0.,3.46944695195361E-15));
#13158=DIRECTION('',(1.,0.,0.));
#13159=DIRECTION('',(0.,0.,-1.));
#13160=DIRECTION('',(0.,1.,0.));
#13161=DIRECTION('',(1.,0.,0.));
#13162=DIRECTION('',(0.,0.,-1.));
#13163=DIRECTION('',(0.,1.,0.));
#13164=DIRECTION('',(-3.46944695195361E-15,0.,1.));
#13165=DIRECTION('',(1.,0.,3.46944695195361E-15));
#13166=DIRECTION('',(1.,0.,0.));
#13167=DIRECTION('',(0.,0.,-1.));
#13168=DIRECTION('',(0.,1.,0.));
#13169=DIRECTION('',(1.,0.,0.));
#13170=DIRECTION('',(0.,0.,-1.));
#13171=DIRECTION('',(0.,1.,0.));
#13172=DIRECTION('',(-3.46944695195361E-15,0.,1.));
#13173=DIRECTION('',(1.,0.,3.46944695195361E-15));
#13174=DIRECTION('',(1.,0.,0.));
#13175=DIRECTION('',(0.,0.,-1.));
#13176=DIRECTION('',(0.,1.,0.));
#13177=DIRECTION('',(1.,0.,0.));
#13178=DIRECTION('',(0.,0.,-1.));
#13179=DIRECTION('',(0.,1.,0.));
#13180=DIRECTION('',(-3.46944695195361E-15,0.,1.));
#13181=DIRECTION('',(1.,0.,3.46944695195361E-15));
#13182=DIRECTION('',(1.,0.,0.));
#13183=DIRECTION('',(0.,0.,-1.));
#13184=DIRECTION('',(0.,1.,0.));
#13185=DIRECTION('',(1.,0.,0.));
#13186=DIRECTION('',(0.,0.,-1.));
#13187=DIRECTION('',(0.,1.,0.));
#13188=DIRECTION('',(-3.46944695195361E-15,0.,1.));
#13189=DIRECTION('',(1.,0.,3.46944695195361E-15));
#13190=DIRECTION('',(1.,0.,0.));
#13191=DIRECTION('',(0.,0.,-1.));
#13192=DIRECTION('',(0.,1.,0.));
#13193=DIRECTION('',(1.,0.,0.));
#13194=DIRECTION('',(0.,0.,-1.));
#13195=DIRECTION('',(0.,1.,0.));
#13196=DIRECTION('',(-3.46944695195361E-15,0.,1.));
#13197=DIRECTION('',(1.,0.,3.46944695195361E-15));
#13198=DIRECTION('',(1.,0.,0.));
#13199=DIRECTION('',(0.,0.,-1.));
#13200=DIRECTION('',(0.,1.,0.));
#13201=DIRECTION('',(1.,0.,0.));
#13202=DIRECTION('',(0.,0.,-1.));
#13203=DIRECTION('',(0.,1.,0.));
#13204=DIRECTION('',(-3.46944695195361E-15,0.,1.));
#13205=DIRECTION('',(1.,0.,3.46944695195361E-15));
#13206=DIRECTION('',(1.,0.,0.));
#13207=DIRECTION('',(0.,0.,-1.));
#13208=DIRECTION('',(0.,1.,0.));
#13209=DIRECTION('',(1.,0.,0.));
#13210=DIRECTION('',(0.,0.,-1.));
#13211=DIRECTION('',(0.,1.,0.));
#13212=DIRECTION('',(-3.46944695195361E-15,0.,1.));
#13213=DIRECTION('',(1.,0.,3.46944695195361E-15));
#13214=DIRECTION('',(1.,0.,0.));
#13215=DIRECTION('',(0.,0.,-1.));
#13216=DIRECTION('',(0.,1.,0.));
#13217=DIRECTION('',(1.,0.,0.));
#13218=DIRECTION('',(0.,0.,-1.));
#13219=DIRECTION('',(0.,1.,0.));
#13220=DIRECTION('',(-3.46944695195361E-15,0.,1.));
#13221=DIRECTION('',(1.,0.,3.46944695195361E-15));
#13222=DIRECTION('',(1.,0.,0.));
#13223=DIRECTION('',(0.,0.,-1.));
#13224=DIRECTION('',(0.,1.,0.));
#13225=DIRECTION('',(1.,0.,0.));
#13226=DIRECTION('',(0.,0.,-1.));
#13227=DIRECTION('',(0.,1.,0.));
#13228=DIRECTION('',(-3.46944695195361E-15,0.,1.));
#13229=DIRECTION('',(1.,0.,3.46944695195361E-15));
#13230=DIRECTION('',(1.,0.,0.));
#13231=DIRECTION('',(0.,0.,-1.));
#13232=DIRECTION('',(0.,1.,0.));
#13233=DIRECTION('',(1.,0.,0.));
#13234=DIRECTION('',(0.,0.,-1.));
#13235=DIRECTION('',(0.,1.,0.));
#13236=DIRECTION('',(-3.46944695195361E-15,0.,1.));
#13237=DIRECTION('',(1.,0.,3.46944695195361E-15));
#13238=DIRECTION('',(1.,0.,0.));
#13239=DIRECTION('',(0.,0.,-1.));
#13240=DIRECTION('',(0.,1.,0.));
#13241=DIRECTION('',(1.,0.,0.));
#13242=DIRECTION('',(0.,0.,-1.));
#13243=DIRECTION('',(0.,1.,0.));
#13244=DIRECTION('',(-3.46944695195361E-15,0.,1.));
#13245=DIRECTION('',(1.,0.,3.46944695195361E-15));
#13246=DIRECTION('',(0.,0.,1.));
#13247=DIRECTION('',(1.,0.,0.));
#13248=DIRECTION('',(0.,1.,0.));
#13249=DIRECTION('',(0.,1.,0.));
#13250=DIRECTION('',(1.,0.,0.));
#13251=DIRECTION('',(0.,0.,-1.));
#13252=DIRECTION('',(1.,0.,0.));
#13253=DIRECTION('',(0.,0.,-1.));
#13254=DIRECTION('',(0.,0.,1.));
#13255=DIRECTION('',(1.,0.,0.));
#13256=DIRECTION('',(0.,0.,1.));
#13257=DIRECTION('',(1.,0.,0.));
#13258=DIRECTION('',(0.,-1.,0.));
#13259=DIRECTION('',(1.,0.,0.));
#13260=DIRECTION('',(0.,-1.,0.));
#13261=DIRECTION('',(1.,0.,0.));
#13262=DIRECTION('',(0.,-1.,0.));
#13263=DIRECTION('',(0.,0.,-1.));
#13264=DIRECTION('',(1.,0.,0.));
#13265=DIRECTION('',(0.,0.,-1.));
#13266=DIRECTION('',(0.,0.,-1.));
#13267=DIRECTION('',(-1.,0.,0.));
#13268=DIRECTION('',(0.,-1.,0.));
#13269=DIRECTION('',(0.,0.,1.));
#13270=DIRECTION('',(0.,1.,0.));
#13271=DIRECTION('',(0.,0.,-1.));
#13272=DIRECTION('',(0.,1.,0.));
#13273=DIRECTION('',(0.,0.,-1.));
#13274=DIRECTION('',(0.,1.,0.));
#13275=DIRECTION('',(-1.,0.,0.));
#13276=DIRECTION('',(0.,-1.,0.));
#13277=DIRECTION('',(0.,1.,0.));
#13278=DIRECTION('',(0.,0.,1.));
#13279=DIRECTION('',(0.,1.,0.));
#13280=DIRECTION('',(0.,0.,-1.));
#13281=DIRECTION('',(0.,1.,0.));
#13282=DIRECTION('',(0.,0.,-1.));
#13283=DIRECTION('',(0.,1.,0.));
#13284=DIRECTION('',(0.,0.,1.));
#13285=DIRECTION('',(0.,0.,1.));
#13286=DIRECTION('',(-1.,0.,0.));
#13287=DIRECTION('',(1.,0.,0.));
#13288=DIRECTION('',(-1.,0.,0.));
#13289=DIRECTION('',(0.,0.,1.));
#13290=DIRECTION('',(0.,-1.,0.));
#13291=DIRECTION('',(0.,0.,-1.));
#13292=DIRECTION('',(1.,0.,0.));
#13293=DIRECTION('',(1.,0.,0.));
#13294=DIRECTION('',(0.,0.,-1.));
#13295=DIRECTION('',(-1.,0.,0.));
#13296=DIRECTION('',(0.,0.,-1.));
#13297=DIRECTION('',(-1.,0.,0.));
#13298=DIRECTION('',(1.,0.,0.));
#13299=DIRECTION('',(0.,-1.,0.));
#13300=DIRECTION('',(0.,-1.,0.));
#13301=DIRECTION('',(0.,-1.,0.));
#13302=DIRECTION('',(0.,0.,-1.));
#13303=DIRECTION('',(1.,0.,0.));
#13304=DIRECTION('',(0.,0.,-1.));
#13305=DIRECTION('',(-1.,0.,0.));
#13306=DIRECTION('',(-1.,0.,0.));
#13307=DIRECTION('',(0.,0.,1.));
#13308=DIRECTION('',(-1.,0.,0.));
#13309=DIRECTION('',(0.,0.,1.));
#13310=DIRECTION('',(0.,0.,1.));
#13311=DIRECTION('',(1.,0.,0.));
#13312=DIRECTION('',(0.,0.,1.));
#13313=DIRECTION('',(1.,0.,0.));
#13314=DIRECTION('',(0.,-1.,0.));
#13315=DIRECTION('',(1.,0.,0.));
#13316=DIRECTION('',(0.,-1.,0.));
#13317=DIRECTION('',(1.,0.,0.));
#13318=DIRECTION('',(0.,1.,0.));
#13319=DIRECTION('',(0.,0.,1.));
#13320=DIRECTION('',(1.,0.,0.));
#13321=DIRECTION('',(0.,0.,-1.));
#13322=DIRECTION('',(0.,0.,-1.));
#13323=DIRECTION('',(-1.,0.,0.));
#13324=DIRECTION('',(0.,-1.,0.));
#13325=DIRECTION('',(0.,0.,1.));
#13326=DIRECTION('',(0.,1.,0.));
#13327=DIRECTION('',(0.,0.,-1.));
#13328=DIRECTION('',(0.,1.,0.));
#13329=DIRECTION('',(0.,0.,-1.));
#13330=DIRECTION('',(0.,1.,0.));
#13331=DIRECTION('',(-1.,0.,0.));
#13332=DIRECTION('',(0.,-1.,0.));
#13333=DIRECTION('',(0.,1.,0.));
#13334=DIRECTION('',(0.,0.,1.));
#13335=DIRECTION('',(0.,1.,0.));
#13336=DIRECTION('',(0.,0.,-1.));
#13337=DIRECTION('',(0.,1.,0.));
#13338=DIRECTION('',(0.,0.,-1.));
#13339=DIRECTION('',(0.,1.,0.));
#13340=DIRECTION('',(0.,0.,1.));
#13341=DIRECTION('',(0.,0.,1.));
#13342=DIRECTION('',(-1.,0.,0.));
#13343=DIRECTION('',(1.,0.,0.));
#13344=DIRECTION('',(-1.,0.,0.));
#13345=DIRECTION('',(0.,0.,1.));
#13346=DIRECTION('',(0.,-1.,0.));
#13347=DIRECTION('',(0.,0.,-1.));
#13348=DIRECTION('',(1.,0.,0.));
#13349=DIRECTION('',(1.,0.,0.));
#13350=DIRECTION('',(0.,0.,-1.));
#13351=DIRECTION('',(-1.,0.,0.));
#13352=DIRECTION('',(0.,0.,-1.));
#13353=DIRECTION('',(-1.,0.,0.));
#13354=DIRECTION('',(1.,0.,0.));
#13355=DIRECTION('',(0.,-1.,0.));
#13356=DIRECTION('',(0.,-1.,0.));
#13357=DIRECTION('',(0.,-1.,0.));
#13358=DIRECTION('',(0.,0.,-1.));
#13359=DIRECTION('',(1.,0.,0.));
#13360=DIRECTION('',(0.,0.,-1.));
#13361=DIRECTION('',(-1.,0.,0.));
#13362=DIRECTION('',(-1.,0.,0.));
#13363=DIRECTION('',(0.,0.,1.));
#13364=DIRECTION('',(-1.,0.,0.));
#13365=DIRECTION('',(0.,0.,1.));
#13366=DIRECTION('',(0.,0.,1.));
#13367=DIRECTION('',(1.,0.,0.));
#13368=DIRECTION('',(0.,0.,1.));
#13369=DIRECTION('',(1.,0.,0.));
#13370=DIRECTION('',(0.,-1.,0.));
#13371=DIRECTION('',(1.,0.,0.));
#13372=DIRECTION('',(0.,-1.,0.));
#13373=DIRECTION('',(1.,0.,0.));
#13374=DIRECTION('',(0.,-1.,0.));
#13375=DIRECTION('',(0.,0.,-1.));
#13376=DIRECTION('',(1.,0.,0.));
#13377=DIRECTION('',(0.,0.,-1.));
#13378=DIRECTION('',(0.,0.,-1.));
#13379=DIRECTION('',(-1.,0.,0.));
#13380=DIRECTION('',(0.,-1.,0.));
#13381=DIRECTION('',(0.,0.,1.));
#13382=DIRECTION('',(0.,1.,0.));
#13383=DIRECTION('',(0.,0.,-1.));
#13384=DIRECTION('',(0.,1.,0.));
#13385=DIRECTION('',(0.,0.,-1.));
#13386=DIRECTION('',(0.,1.,0.));
#13387=DIRECTION('',(-1.,0.,0.));
#13388=DIRECTION('',(0.,-1.,0.));
#13389=DIRECTION('',(0.,1.,0.));
#13390=DIRECTION('',(0.,0.,1.));
#13391=DIRECTION('',(0.,1.,0.));
#13392=DIRECTION('',(0.,0.,-1.));
#13393=DIRECTION('',(0.,1.,0.));
#13394=DIRECTION('',(0.,0.,-1.));
#13395=DIRECTION('',(0.,1.,0.));
#13396=DIRECTION('',(0.,0.,1.));
#13397=DIRECTION('',(0.,0.,1.));
#13398=DIRECTION('',(-1.,0.,0.));
#13399=DIRECTION('',(1.,0.,0.));
#13400=DIRECTION('',(-1.,0.,0.));
#13401=DIRECTION('',(0.,0.,1.));
#13402=DIRECTION('',(0.,-1.,0.));
#13403=DIRECTION('',(0.,0.,-1.));
#13404=DIRECTION('',(1.,0.,0.));
#13405=DIRECTION('',(1.,0.,0.));
#13406=DIRECTION('',(0.,0.,-1.));
#13407=DIRECTION('',(-1.,0.,0.));
#13408=DIRECTION('',(0.,0.,-1.));
#13409=DIRECTION('',(-1.,0.,0.));
#13410=DIRECTION('',(1.,0.,0.));
#13411=DIRECTION('',(0.,-1.,0.));
#13412=DIRECTION('',(0.,-1.,0.));
#13413=DIRECTION('',(0.,-1.,0.));
#13414=DIRECTION('',(0.,0.,-1.));
#13415=DIRECTION('',(1.,0.,0.));
#13416=DIRECTION('',(0.,0.,-1.));
#13417=DIRECTION('',(-1.,0.,0.));
#13418=DIRECTION('',(-1.,0.,0.));
#13419=DIRECTION('',(0.,0.,1.));
#13420=DIRECTION('',(-1.,0.,0.));
#13421=DIRECTION('',(0.,0.,1.));
#13422=DIRECTION('',(0.,0.,1.));
#13423=DIRECTION('',(1.,0.,0.));
#13424=DIRECTION('',(0.,0.,1.));
#13425=DIRECTION('',(1.,0.,0.));
#13426=DIRECTION('',(0.,-1.,0.));
#13427=DIRECTION('',(1.,0.,0.));
#13428=DIRECTION('',(0.,-1.,0.));
#13429=DIRECTION('',(1.,0.,0.));
#13430=DIRECTION('',(0.,1.,0.));
#13431=DIRECTION('',(0.,0.,1.));
#13432=DIRECTION('',(1.,0.,0.));
#13433=DIRECTION('',(0.,0.,-1.));
#13434=DIRECTION('',(0.,0.,-1.));
#13435=DIRECTION('',(-1.,0.,0.));
#13436=DIRECTION('',(0.,-1.,0.));
#13437=DIRECTION('',(0.,0.,1.));
#13438=DIRECTION('',(0.,1.,0.));
#13439=DIRECTION('',(0.,0.,-1.));
#13440=DIRECTION('',(0.,1.,0.));
#13441=DIRECTION('',(0.,0.,-1.));
#13442=DIRECTION('',(0.,1.,0.));
#13443=DIRECTION('',(-1.,0.,0.));
#13444=DIRECTION('',(0.,-1.,0.));
#13445=DIRECTION('',(0.,1.,0.));
#13446=DIRECTION('',(0.,0.,1.));
#13447=DIRECTION('',(0.,1.,0.));
#13448=DIRECTION('',(0.,0.,-1.));
#13449=DIRECTION('',(0.,1.,0.));
#13450=DIRECTION('',(0.,0.,-1.));
#13451=DIRECTION('',(0.,1.,0.));
#13452=DIRECTION('',(0.,0.,1.));
#13453=DIRECTION('',(0.,0.,1.));
#13454=DIRECTION('',(-1.,0.,0.));
#13455=DIRECTION('',(1.,0.,0.));
#13456=DIRECTION('',(-1.,0.,0.));
#13457=DIRECTION('',(0.,0.,1.));
#13458=DIRECTION('',(0.,-1.,0.));
#13459=DIRECTION('',(0.,0.,-1.));
#13460=DIRECTION('',(1.,0.,0.));
#13461=DIRECTION('',(1.,0.,0.));
#13462=DIRECTION('',(0.,0.,-1.));
#13463=DIRECTION('',(-1.,0.,0.));
#13464=DIRECTION('',(0.,0.,-1.));
#13465=DIRECTION('',(-1.,0.,0.));
#13466=DIRECTION('',(1.,0.,0.));
#13467=DIRECTION('',(0.,-1.,0.));
#13468=DIRECTION('',(0.,-1.,0.));
#13469=DIRECTION('',(0.,-1.,0.));
#13470=DIRECTION('',(0.,0.,-1.));
#13471=DIRECTION('',(1.,0.,0.));
#13472=DIRECTION('',(0.,0.,-1.));
#13473=DIRECTION('',(-1.,0.,0.));
#13474=DIRECTION('',(-1.,0.,0.));
#13475=DIRECTION('',(0.,0.,1.));
#13476=DIRECTION('',(-1.,0.,0.));
#13477=DIRECTION('',(0.,0.,1.));
#13478=DIRECTION('',(0.,0.,1.));
#13479=DIRECTION('',(1.,0.,0.));
#13480=DIRECTION('',(0.,0.,1.));
#13481=DIRECTION('',(1.,0.,0.));
#13482=DIRECTION('',(0.,-1.,0.));
#13483=DIRECTION('',(1.,0.,0.));
#13484=DIRECTION('',(0.,-1.,0.));
#13485=DIRECTION('',(1.,0.,0.));
#13486=DIRECTION('',(0.,-1.,0.));
#13487=DIRECTION('',(0.,0.,-1.));
#13488=DIRECTION('',(1.,0.,0.));
#13489=DIRECTION('',(0.,0.,-1.));
#13490=DIRECTION('',(0.,0.,-1.));
#13491=DIRECTION('',(-1.,0.,0.));
#13492=DIRECTION('',(0.,-1.,0.));
#13493=DIRECTION('',(0.,0.,1.));
#13494=DIRECTION('',(0.,1.,0.));
#13495=DIRECTION('',(0.,0.,-1.));
#13496=DIRECTION('',(0.,1.,0.));
#13497=DIRECTION('',(0.,0.,-1.));
#13498=DIRECTION('',(0.,1.,0.));
#13499=DIRECTION('',(-1.,0.,0.));
#13500=DIRECTION('',(0.,-1.,0.));
#13501=DIRECTION('',(0.,1.,0.));
#13502=DIRECTION('',(0.,0.,1.));
#13503=DIRECTION('',(0.,1.,0.));
#13504=DIRECTION('',(0.,0.,-1.));
#13505=DIRECTION('',(0.,1.,0.));
#13506=DIRECTION('',(0.,0.,-1.));
#13507=DIRECTION('',(0.,1.,0.));
#13508=DIRECTION('',(0.,0.,1.));
#13509=DIRECTION('',(0.,0.,1.));
#13510=DIRECTION('',(-1.,0.,0.));
#13511=DIRECTION('',(1.,0.,0.));
#13512=DIRECTION('',(-1.,0.,0.));
#13513=DIRECTION('',(0.,0.,1.));
#13514=DIRECTION('',(0.,-1.,0.));
#13515=DIRECTION('',(0.,0.,-1.));
#13516=DIRECTION('',(1.,0.,0.));
#13517=DIRECTION('',(1.,0.,0.));
#13518=DIRECTION('',(0.,0.,-1.));
#13519=DIRECTION('',(-1.,0.,0.));
#13520=DIRECTION('',(0.,0.,-1.));
#13521=DIRECTION('',(-1.,0.,0.));
#13522=DIRECTION('',(1.,0.,0.));
#13523=DIRECTION('',(0.,-1.,0.));
#13524=DIRECTION('',(0.,-1.,0.));
#13525=DIRECTION('',(0.,-1.,0.));
#13526=DIRECTION('',(0.,0.,-1.));
#13527=DIRECTION('',(1.,0.,0.));
#13528=DIRECTION('',(0.,0.,-1.));
#13529=DIRECTION('',(-1.,0.,0.));
#13530=DIRECTION('',(-1.,0.,0.));
#13531=DIRECTION('',(0.,0.,1.));
#13532=DIRECTION('',(-1.,0.,0.));
#13533=DIRECTION('',(0.,0.,1.));
#13534=DIRECTION('',(0.,0.,1.));
#13535=DIRECTION('',(1.,0.,0.));
#13536=DIRECTION('',(0.,0.,1.));
#13537=DIRECTION('',(1.,0.,0.));
#13538=DIRECTION('',(0.,-1.,0.));
#13539=DIRECTION('',(1.,0.,0.));
#13540=DIRECTION('',(0.,-1.,0.));
#13541=DIRECTION('',(1.,0.,0.));
#13542=DIRECTION('',(0.,1.,0.));
#13543=DIRECTION('',(0.,0.,1.));
#13544=DIRECTION('',(1.,0.,0.));
#13545=DIRECTION('',(0.,0.,-1.));
#13546=DIRECTION('',(0.,0.,-1.));
#13547=DIRECTION('',(-1.,0.,0.));
#13548=DIRECTION('',(0.,-1.,0.));
#13549=DIRECTION('',(0.,0.,1.));
#13550=DIRECTION('',(0.,1.,0.));
#13551=DIRECTION('',(0.,0.,-1.));
#13552=DIRECTION('',(0.,1.,0.));
#13553=DIRECTION('',(0.,0.,-1.));
#13554=DIRECTION('',(0.,1.,0.));
#13555=DIRECTION('',(-1.,0.,0.));
#13556=DIRECTION('',(0.,-1.,0.));
#13557=DIRECTION('',(0.,1.,0.));
#13558=DIRECTION('',(0.,0.,1.));
#13559=DIRECTION('',(0.,1.,0.));
#13560=DIRECTION('',(0.,0.,-1.));
#13561=DIRECTION('',(0.,1.,0.));
#13562=DIRECTION('',(0.,0.,-1.));
#13563=DIRECTION('',(0.,1.,0.));
#13564=DIRECTION('',(0.,0.,1.));
#13565=DIRECTION('',(0.,0.,1.));
#13566=DIRECTION('',(-1.,0.,0.));
#13567=DIRECTION('',(1.,0.,0.));
#13568=DIRECTION('',(-1.,0.,0.));
#13569=DIRECTION('',(0.,0.,1.));
#13570=DIRECTION('',(0.,-1.,0.));
#13571=DIRECTION('',(0.,0.,-1.));
#13572=DIRECTION('',(1.,0.,0.));
#13573=DIRECTION('',(1.,0.,0.));
#13574=DIRECTION('',(0.,0.,-1.));
#13575=DIRECTION('',(-1.,0.,0.));
#13576=DIRECTION('',(0.,0.,-1.));
#13577=DIRECTION('',(-1.,0.,0.));
#13578=DIRECTION('',(1.,0.,0.));
#13579=DIRECTION('',(0.,-1.,0.));
#13580=DIRECTION('',(0.,-1.,0.));
#13581=DIRECTION('',(0.,-1.,0.));
#13582=DIRECTION('',(0.,0.,-1.));
#13583=DIRECTION('',(1.,0.,0.));
#13584=DIRECTION('',(0.,0.,-1.));
#13585=DIRECTION('',(-1.,0.,0.));
#13586=DIRECTION('',(-1.,0.,0.));
#13587=DIRECTION('',(0.,0.,1.));
#13588=DIRECTION('',(-1.,0.,0.));
#13589=DIRECTION('',(0.,0.,1.));
#13590=DIRECTION('',(0.,0.,1.));
#13591=DIRECTION('',(1.,0.,0.));
#13592=DIRECTION('',(0.,0.,1.));
#13593=DIRECTION('',(1.,0.,0.));
#13594=DIRECTION('',(0.,-1.,0.));
#13595=DIRECTION('',(1.,0.,0.));
#13596=DIRECTION('',(0.,-1.,0.));
#13597=DIRECTION('',(1.,0.,0.));
#13598=DIRECTION('',(0.,-1.,0.));
#13599=DIRECTION('',(0.,0.,-1.));
#13600=DIRECTION('',(1.,0.,0.));
#13601=DIRECTION('',(0.,0.,-1.));
#13602=DIRECTION('',(0.,0.,-1.));
#13603=DIRECTION('',(-1.,0.,0.));
#13604=DIRECTION('',(0.,-1.,0.));
#13605=DIRECTION('',(0.,0.,1.));
#13606=DIRECTION('',(0.,1.,0.));
#13607=DIRECTION('',(0.,0.,-1.));
#13608=DIRECTION('',(0.,1.,0.));
#13609=DIRECTION('',(0.,0.,-1.));
#13610=DIRECTION('',(0.,1.,0.));
#13611=DIRECTION('',(-1.,0.,0.));
#13612=DIRECTION('',(0.,-1.,0.));
#13613=DIRECTION('',(0.,1.,0.));
#13614=DIRECTION('',(0.,0.,1.));
#13615=DIRECTION('',(0.,1.,0.));
#13616=DIRECTION('',(0.,0.,-1.));
#13617=DIRECTION('',(0.,1.,0.));
#13618=DIRECTION('',(0.,0.,-1.));
#13619=DIRECTION('',(0.,1.,0.));
#13620=DIRECTION('',(0.,0.,1.));
#13621=DIRECTION('',(0.,0.,1.));
#13622=DIRECTION('',(-1.,0.,0.));
#13623=DIRECTION('',(1.,0.,0.));
#13624=DIRECTION('',(-1.,0.,0.));
#13625=DIRECTION('',(0.,0.,1.));
#13626=DIRECTION('',(0.,-1.,0.));
#13627=DIRECTION('',(0.,0.,-1.));
#13628=DIRECTION('',(1.,0.,0.));
#13629=DIRECTION('',(1.,0.,0.));
#13630=DIRECTION('',(0.,0.,-1.));
#13631=DIRECTION('',(-1.,0.,0.));
#13632=DIRECTION('',(0.,0.,-1.));
#13633=DIRECTION('',(-1.,0.,0.));
#13634=DIRECTION('',(1.,0.,0.));
#13635=DIRECTION('',(0.,-1.,0.));
#13636=DIRECTION('',(0.,-1.,0.));
#13637=DIRECTION('',(0.,-1.,0.));
#13638=DIRECTION('',(0.,0.,-1.));
#13639=DIRECTION('',(1.,0.,0.));
#13640=DIRECTION('',(0.,0.,-1.));
#13641=DIRECTION('',(-1.,0.,0.));
#13642=DIRECTION('',(-1.,0.,0.));
#13643=DIRECTION('',(0.,0.,1.));
#13644=DIRECTION('',(-1.,0.,0.));
#13645=DIRECTION('',(0.,0.,1.));
#13646=DIRECTION('',(0.,0.,1.));
#13647=DIRECTION('',(1.,0.,0.));
#13648=DIRECTION('',(0.,0.,1.));
#13649=DIRECTION('',(1.,0.,0.));
#13650=DIRECTION('',(0.,-1.,0.));
#13651=DIRECTION('',(1.,0.,0.));
#13652=DIRECTION('',(0.,-1.,0.));
#13653=DIRECTION('',(1.,0.,0.));
#13654=DIRECTION('',(0.,1.,0.));
#13655=DIRECTION('',(0.,0.,1.));
#13656=DIRECTION('',(1.,0.,0.));
#13657=DIRECTION('',(0.,0.,-1.));
#13658=DIRECTION('',(0.,0.,-1.));
#13659=DIRECTION('',(-1.,0.,0.));
#13660=DIRECTION('',(0.,-1.,0.));
#13661=DIRECTION('',(0.,0.,1.));
#13662=DIRECTION('',(0.,1.,0.));
#13663=DIRECTION('',(0.,0.,-1.));
#13664=DIRECTION('',(0.,1.,0.));
#13665=DIRECTION('',(0.,0.,-1.));
#13666=DIRECTION('',(0.,1.,0.));
#13667=DIRECTION('',(-1.,0.,0.));
#13668=DIRECTION('',(0.,-1.,0.));
#13669=DIRECTION('',(0.,1.,0.));
#13670=DIRECTION('',(0.,0.,1.));
#13671=DIRECTION('',(0.,1.,0.));
#13672=DIRECTION('',(0.,0.,-1.));
#13673=DIRECTION('',(0.,1.,0.));
#13674=DIRECTION('',(0.,0.,-1.));
#13675=DIRECTION('',(0.,1.,0.));
#13676=DIRECTION('',(0.,0.,1.));
#13677=DIRECTION('',(0.,0.,1.));
#13678=DIRECTION('',(-1.,0.,0.));
#13679=DIRECTION('',(1.,0.,0.));
#13680=DIRECTION('',(-1.,0.,0.));
#13681=DIRECTION('',(0.,0.,1.));
#13682=DIRECTION('',(0.,-1.,0.));
#13683=DIRECTION('',(0.,0.,-1.));
#13684=DIRECTION('',(1.,0.,0.));
#13685=DIRECTION('',(1.,0.,0.));
#13686=DIRECTION('',(0.,0.,-1.));
#13687=DIRECTION('',(-1.,0.,0.));
#13688=DIRECTION('',(0.,0.,-1.));
#13689=DIRECTION('',(-1.,0.,0.));
#13690=DIRECTION('',(1.,0.,0.));
#13691=DIRECTION('',(0.,-1.,0.));
#13692=DIRECTION('',(0.,-1.,0.));
#13693=DIRECTION('',(0.,-1.,0.));
#13694=DIRECTION('',(0.,0.,-1.));
#13695=DIRECTION('',(1.,0.,0.));
#13696=DIRECTION('',(0.,0.,-1.));
#13697=DIRECTION('',(-1.,0.,0.));
#13698=DIRECTION('',(-1.,0.,0.));
#13699=DIRECTION('',(0.,0.,1.));
#13700=DIRECTION('',(-1.,0.,0.));
#13701=DIRECTION('',(0.,0.,1.));
#13702=DIRECTION('',(0.,0.,1.));
#13703=DIRECTION('',(1.,0.,0.));
#13704=DIRECTION('',(0.,0.,1.));
#13705=DIRECTION('',(1.,0.,0.));
#13706=DIRECTION('',(0.,-1.,0.));
#13707=DIRECTION('',(1.,0.,0.));
#13708=DIRECTION('',(0.,-1.,0.));
#13709=DIRECTION('',(1.,0.,0.));
#13710=DIRECTION('',(0.,-1.,0.));
#13711=DIRECTION('',(0.,0.,-1.));
#13712=DIRECTION('',(1.,0.,0.));
#13713=DIRECTION('',(0.,0.,-1.));
#13714=DIRECTION('',(0.,0.,-1.));
#13715=DIRECTION('',(-1.,0.,0.));
#13716=DIRECTION('',(0.,-1.,0.));
#13717=DIRECTION('',(0.,0.,1.));
#13718=DIRECTION('',(0.,1.,0.));
#13719=DIRECTION('',(0.,0.,-1.));
#13720=DIRECTION('',(0.,1.,0.));
#13721=DIRECTION('',(0.,0.,-1.));
#13722=DIRECTION('',(0.,1.,0.));
#13723=DIRECTION('',(-1.,0.,0.));
#13724=DIRECTION('',(0.,-1.,0.));
#13725=DIRECTION('',(0.,1.,0.));
#13726=DIRECTION('',(0.,0.,1.));
#13727=DIRECTION('',(0.,1.,0.));
#13728=DIRECTION('',(0.,0.,-1.));
#13729=DIRECTION('',(0.,1.,0.));
#13730=DIRECTION('',(0.,0.,-1.));
#13731=DIRECTION('',(0.,1.,0.));
#13732=DIRECTION('',(0.,0.,1.));
#13733=DIRECTION('',(0.,0.,1.));
#13734=DIRECTION('',(-1.,0.,0.));
#13735=DIRECTION('',(1.,0.,0.));
#13736=DIRECTION('',(-1.,0.,0.));
#13737=DIRECTION('',(0.,0.,1.));
#13738=DIRECTION('',(0.,-1.,0.));
#13739=DIRECTION('',(0.,0.,-1.));
#13740=DIRECTION('',(1.,0.,0.));
#13741=DIRECTION('',(1.,0.,0.));
#13742=DIRECTION('',(0.,0.,-1.));
#13743=DIRECTION('',(-1.,0.,0.));
#13744=DIRECTION('',(0.,0.,-1.));
#13745=DIRECTION('',(-1.,0.,0.));
#13746=DIRECTION('',(1.,0.,0.));
#13747=DIRECTION('',(0.,-1.,0.));
#13748=DIRECTION('',(0.,-1.,0.));
#13749=DIRECTION('',(0.,-1.,0.));
#13750=DIRECTION('',(0.,0.,-1.));
#13751=DIRECTION('',(1.,0.,0.));
#13752=DIRECTION('',(0.,0.,-1.));
#13753=DIRECTION('',(-1.,0.,0.));
#13754=DIRECTION('',(-1.,0.,0.));
#13755=DIRECTION('',(0.,0.,1.));
#13756=DIRECTION('',(-1.,0.,0.));
#13757=DIRECTION('',(0.,0.,1.));
#13758=DIRECTION('',(0.,0.,1.));
#13759=DIRECTION('',(1.,0.,0.));
#13760=DIRECTION('',(0.,0.,1.));
#13761=DIRECTION('',(1.,0.,0.));
#13762=DIRECTION('',(0.,-1.,0.));
#13763=DIRECTION('',(1.,0.,0.));
#13764=DIRECTION('',(0.,-1.,0.));
#13765=DIRECTION('',(1.,0.,0.));
#13766=DIRECTION('',(0.,1.,0.));
#13767=DIRECTION('',(0.,0.,1.));
#13768=DIRECTION('',(1.,0.,0.));
#13769=DIRECTION('',(0.,0.,-1.));
#13770=DIRECTION('',(0.,0.,-1.));
#13771=DIRECTION('',(-1.,0.,0.));
#13772=DIRECTION('',(0.,-1.,0.));
#13773=DIRECTION('',(0.,0.,1.));
#13774=DIRECTION('',(0.,1.,0.));
#13775=DIRECTION('',(0.,0.,-1.));
#13776=DIRECTION('',(0.,1.,0.));
#13777=DIRECTION('',(0.,0.,-1.));
#13778=DIRECTION('',(0.,1.,0.));
#13779=DIRECTION('',(-1.,0.,0.));
#13780=DIRECTION('',(0.,-1.,0.));
#13781=DIRECTION('',(0.,1.,0.));
#13782=DIRECTION('',(0.,0.,1.));
#13783=DIRECTION('',(0.,1.,0.));
#13784=DIRECTION('',(0.,0.,-1.));
#13785=DIRECTION('',(0.,1.,0.));
#13786=DIRECTION('',(0.,0.,-1.));
#13787=DIRECTION('',(0.,1.,0.));
#13788=DIRECTION('',(0.,0.,1.));
#13789=DIRECTION('',(0.,0.,1.));
#13790=DIRECTION('',(-1.,0.,0.));
#13791=DIRECTION('',(1.,0.,0.));
#13792=DIRECTION('',(-1.,0.,0.));
#13793=DIRECTION('',(0.,0.,1.));
#13794=DIRECTION('',(0.,-1.,0.));
#13795=DIRECTION('',(0.,0.,-1.));
#13796=DIRECTION('',(1.,0.,0.));
#13797=DIRECTION('',(1.,0.,0.));
#13798=DIRECTION('',(0.,0.,-1.));
#13799=DIRECTION('',(-1.,0.,0.));
#13800=DIRECTION('',(0.,0.,-1.));
#13801=DIRECTION('',(-1.,0.,0.));
#13802=DIRECTION('',(1.,0.,0.));
#13803=DIRECTION('',(0.,-1.,0.));
#13804=DIRECTION('',(0.,-1.,0.));
#13805=DIRECTION('',(0.,-1.,0.));
#13806=DIRECTION('',(0.,0.,-1.));
#13807=DIRECTION('',(1.,0.,0.));
#13808=DIRECTION('',(0.,0.,-1.));
#13809=DIRECTION('',(-1.,0.,0.));
#13810=DIRECTION('',(-1.,0.,0.));
#13811=DIRECTION('',(0.,0.,1.));
#13812=DIRECTION('',(-1.,0.,0.));
#13813=DIRECTION('',(0.,0.,1.));
#13814=DIRECTION('',(0.,0.,1.));
#13815=DIRECTION('',(1.,0.,0.));
#13816=DIRECTION('',(0.,0.,1.));
#13817=DIRECTION('',(1.,0.,0.));
#13818=DIRECTION('',(0.,-1.,0.));
#13819=DIRECTION('',(1.,0.,0.));
#13820=DIRECTION('',(0.,-1.,0.));
#13821=DIRECTION('',(1.,0.,0.));
#13822=DIRECTION('',(0.,-1.,0.));
#13823=DIRECTION('',(0.,0.,-1.));
#13824=DIRECTION('',(1.,0.,0.));
#13825=DIRECTION('',(0.,0.,-1.));
#13826=DIRECTION('',(0.,0.,-1.));
#13827=DIRECTION('',(-1.,0.,0.));
#13828=DIRECTION('',(0.,-1.,0.));
#13829=DIRECTION('',(0.,0.,1.));
#13830=DIRECTION('',(0.,1.,0.));
#13831=DIRECTION('',(0.,0.,-1.));
#13832=DIRECTION('',(0.,1.,0.));
#13833=DIRECTION('',(0.,0.,-1.));
#13834=DIRECTION('',(0.,1.,0.));
#13835=DIRECTION('',(-1.,0.,0.));
#13836=DIRECTION('',(0.,-1.,0.));
#13837=DIRECTION('',(0.,1.,0.));
#13838=DIRECTION('',(0.,0.,1.));
#13839=DIRECTION('',(0.,1.,0.));
#13840=DIRECTION('',(0.,0.,-1.));
#13841=DIRECTION('',(0.,1.,0.));
#13842=DIRECTION('',(0.,0.,-1.));
#13843=DIRECTION('',(0.,1.,0.));
#13844=DIRECTION('',(0.,0.,1.));
#13845=DIRECTION('',(0.,0.,1.));
#13846=DIRECTION('',(-1.,0.,0.));
#13847=DIRECTION('',(1.,0.,0.));
#13848=DIRECTION('',(-1.,0.,0.));
#13849=DIRECTION('',(0.,0.,1.));
#13850=DIRECTION('',(0.,-1.,0.));
#13851=DIRECTION('',(0.,0.,-1.));
#13852=DIRECTION('',(1.,0.,0.));
#13853=DIRECTION('',(1.,0.,0.));
#13854=DIRECTION('',(0.,0.,-1.));
#13855=DIRECTION('',(-1.,0.,0.));
#13856=DIRECTION('',(0.,0.,-1.));
#13857=DIRECTION('',(-1.,0.,0.));
#13858=DIRECTION('',(1.,0.,0.));
#13859=DIRECTION('',(0.,-1.,0.));
#13860=DIRECTION('',(0.,-1.,0.));
#13861=DIRECTION('',(0.,-1.,0.));
#13862=DIRECTION('',(0.,0.,-1.));
#13863=DIRECTION('',(1.,0.,0.));
#13864=DIRECTION('',(0.,0.,-1.));
#13865=DIRECTION('',(-1.,0.,0.));
#13866=DIRECTION('',(-1.,0.,0.));
#13867=DIRECTION('',(0.,0.,1.));
#13868=DIRECTION('',(-1.,0.,0.));
#13869=DIRECTION('',(0.,0.,1.));
#13870=DIRECTION('',(0.,0.,1.));
#13871=DIRECTION('',(1.,0.,0.));
#13872=DIRECTION('',(0.,0.,1.));
#13873=DIRECTION('',(1.,0.,0.));
#13874=DIRECTION('',(0.,-1.,0.));
#13875=DIRECTION('',(1.,0.,0.));
#13876=DIRECTION('',(0.,-1.,0.));
#13877=DIRECTION('',(1.,0.,0.));
#13878=DIRECTION('',(0.,1.,0.));
#13879=DIRECTION('',(0.,0.,1.));
#13880=DIRECTION('',(1.,0.,0.));
#13881=DIRECTION('',(0.,0.,-1.));
#13882=DIRECTION('',(0.,0.,-1.));
#13883=DIRECTION('',(-1.,0.,0.));
#13884=DIRECTION('',(0.,-1.,0.));
#13885=DIRECTION('',(0.,0.,1.));
#13886=DIRECTION('',(0.,1.,0.));
#13887=DIRECTION('',(0.,0.,-1.));
#13888=DIRECTION('',(0.,1.,0.));
#13889=DIRECTION('',(0.,0.,-1.));
#13890=DIRECTION('',(0.,1.,0.));
#13891=DIRECTION('',(-1.,0.,0.));
#13892=DIRECTION('',(0.,-1.,0.));
#13893=DIRECTION('',(0.,1.,0.));
#13894=DIRECTION('',(0.,0.,1.));
#13895=DIRECTION('',(0.,1.,0.));
#13896=DIRECTION('',(0.,0.,-1.));
#13897=DIRECTION('',(0.,1.,0.));
#13898=DIRECTION('',(0.,0.,-1.));
#13899=DIRECTION('',(0.,1.,0.));
#13900=DIRECTION('',(0.,0.,1.));
#13901=DIRECTION('',(0.,0.,1.));
#13902=DIRECTION('',(-1.,0.,0.));
#13903=DIRECTION('',(1.,0.,0.));
#13904=DIRECTION('',(-1.,0.,0.));
#13905=DIRECTION('',(0.,0.,1.));
#13906=DIRECTION('',(0.,-1.,0.));
#13907=DIRECTION('',(0.,0.,-1.));
#13908=DIRECTION('',(1.,0.,0.));
#13909=DIRECTION('',(1.,0.,0.));
#13910=DIRECTION('',(0.,0.,-1.));
#13911=DIRECTION('',(-1.,0.,0.));
#13912=DIRECTION('',(0.,0.,-1.));
#13913=DIRECTION('',(-1.,0.,0.));
#13914=DIRECTION('',(1.,0.,0.));
#13915=DIRECTION('',(0.,-1.,0.));
#13916=DIRECTION('',(0.,-1.,0.));
#13917=DIRECTION('',(0.,-1.,0.));
#13918=DIRECTION('',(0.,0.,-1.));
#13919=DIRECTION('',(1.,0.,0.));
#13920=DIRECTION('',(0.,0.,-1.));
#13921=DIRECTION('',(-1.,0.,0.));
#13922=DIRECTION('',(-1.,0.,0.));
#13923=DIRECTION('',(0.,0.,1.));
#13924=DIRECTION('',(-1.,0.,0.));
#13925=DIRECTION('',(0.,0.,1.));
#13926=DIRECTION('',(0.,0.,1.));
#13927=DIRECTION('',(1.,0.,0.));
#13928=DIRECTION('',(0.,0.,1.));
#13929=DIRECTION('',(1.,0.,0.));
#13930=DIRECTION('',(0.,-1.,0.));
#13931=DIRECTION('',(1.,0.,0.));
#13932=DIRECTION('',(0.,-1.,0.));
#13933=DIRECTION('',(1.,0.,0.));
#13934=DIRECTION('',(0.,-1.,0.));
#13935=DIRECTION('',(0.,0.,-1.));
#13936=DIRECTION('',(1.,0.,0.));
#13937=DIRECTION('',(0.,0.,-1.));
#13938=DIRECTION('',(0.,0.,-1.));
#13939=DIRECTION('',(-1.,0.,0.));
#13940=DIRECTION('',(0.,-1.,0.));
#13941=DIRECTION('',(0.,0.,1.));
#13942=DIRECTION('',(0.,1.,0.));
#13943=DIRECTION('',(0.,0.,-1.));
#13944=DIRECTION('',(0.,1.,0.));
#13945=DIRECTION('',(0.,0.,-1.));
#13946=DIRECTION('',(0.,1.,0.));
#13947=DIRECTION('',(-1.,0.,0.));
#13948=DIRECTION('',(0.,-1.,0.));
#13949=DIRECTION('',(0.,1.,0.));
#13950=DIRECTION('',(0.,0.,1.));
#13951=DIRECTION('',(0.,1.,0.));
#13952=DIRECTION('',(0.,0.,-1.));
#13953=DIRECTION('',(0.,1.,0.));
#13954=DIRECTION('',(0.,0.,-1.));
#13955=DIRECTION('',(0.,1.,0.));
#13956=DIRECTION('',(0.,0.,1.));
#13957=DIRECTION('',(0.,0.,1.));
#13958=DIRECTION('',(-1.,0.,0.));
#13959=DIRECTION('',(1.,0.,0.));
#13960=DIRECTION('',(-1.,0.,0.));
#13961=DIRECTION('',(0.,0.,1.));
#13962=DIRECTION('',(0.,-1.,0.));
#13963=DIRECTION('',(0.,0.,-1.));
#13964=DIRECTION('',(1.,0.,0.));
#13965=DIRECTION('',(1.,0.,0.));
#13966=DIRECTION('',(0.,0.,-1.));
#13967=DIRECTION('',(-1.,0.,0.));
#13968=DIRECTION('',(0.,0.,-1.));
#13969=DIRECTION('',(-1.,0.,0.));
#13970=DIRECTION('',(1.,0.,0.));
#13971=DIRECTION('',(0.,-1.,0.));
#13972=DIRECTION('',(0.,-1.,0.));
#13973=DIRECTION('',(0.,-1.,0.));
#13974=DIRECTION('',(0.,0.,-1.));
#13975=DIRECTION('',(1.,0.,0.));
#13976=DIRECTION('',(0.,0.,-1.));
#13977=DIRECTION('',(-1.,0.,0.));
#13978=DIRECTION('',(-1.,0.,0.));
#13979=DIRECTION('',(0.,0.,1.));
#13980=DIRECTION('',(-1.,0.,0.));
#13981=DIRECTION('',(0.,0.,1.));
#13982=DIRECTION('',(0.,0.,1.));
#13983=DIRECTION('',(1.,0.,0.));
#13984=DIRECTION('',(0.,0.,1.));
#13985=DIRECTION('',(1.,0.,0.));
#13986=DIRECTION('',(0.,-1.,0.));
#13987=DIRECTION('',(1.,0.,0.));
#13988=DIRECTION('',(0.,-1.,0.));
#13989=DIRECTION('',(1.,0.,0.));
#13990=DIRECTION('',(0.,1.,0.));
#13991=DIRECTION('',(0.,0.,1.));
#13992=DIRECTION('',(1.,0.,0.));
#13993=DIRECTION('',(0.,0.,-1.));
#13994=DIRECTION('',(0.,0.,-1.));
#13995=DIRECTION('',(-1.,0.,0.));
#13996=DIRECTION('',(0.,-1.,0.));
#13997=DIRECTION('',(0.,0.,1.));
#13998=DIRECTION('',(0.,1.,0.));
#13999=DIRECTION('',(0.,0.,-1.));
#14000=DIRECTION('',(0.,1.,0.));
#14001=DIRECTION('',(0.,0.,-1.));
#14002=DIRECTION('',(0.,1.,0.));
#14003=DIRECTION('',(-1.,0.,0.));
#14004=DIRECTION('',(0.,-1.,0.));
#14005=DIRECTION('',(0.,1.,0.));
#14006=DIRECTION('',(0.,0.,1.));
#14007=DIRECTION('',(0.,1.,0.));
#14008=DIRECTION('',(0.,0.,-1.));
#14009=DIRECTION('',(0.,1.,0.));
#14010=DIRECTION('',(0.,0.,-1.));
#14011=DIRECTION('',(0.,1.,0.));
#14012=DIRECTION('',(0.,0.,1.));
#14013=DIRECTION('',(0.,0.,1.));
#14014=DIRECTION('',(-1.,0.,0.));
#14015=DIRECTION('',(1.,0.,0.));
#14016=DIRECTION('',(-1.,0.,0.));
#14017=DIRECTION('',(0.,0.,1.));
#14018=DIRECTION('',(0.,-1.,0.));
#14019=DIRECTION('',(0.,0.,-1.));
#14020=DIRECTION('',(1.,0.,0.));
#14021=DIRECTION('',(1.,0.,0.));
#14022=DIRECTION('',(0.,0.,-1.));
#14023=DIRECTION('',(-1.,0.,0.));
#14024=DIRECTION('',(0.,0.,-1.));
#14025=DIRECTION('',(-1.,0.,0.));
#14026=DIRECTION('',(1.,0.,0.));
#14027=DIRECTION('',(0.,-1.,0.));
#14028=DIRECTION('',(0.,-1.,0.));
#14029=DIRECTION('',(0.,-1.,0.));
#14030=DIRECTION('',(0.,0.,-1.));
#14031=DIRECTION('',(1.,0.,0.));
#14032=DIRECTION('',(0.,0.,-1.));
#14033=DIRECTION('',(-1.,0.,0.));
#14034=DIRECTION('',(-1.,0.,0.));
#14035=DIRECTION('',(0.,0.,1.));
#14036=DIRECTION('',(-1.,0.,0.));
#14037=DIRECTION('',(0.,0.,1.));
#14038=DIRECTION('',(0.,0.,1.));
#14039=DIRECTION('',(1.,0.,0.));
#14040=DIRECTION('',(0.,0.,1.));
#14041=DIRECTION('',(1.,0.,0.));
#14042=DIRECTION('',(0.,-1.,0.));
#14043=DIRECTION('',(1.,0.,0.));
#14044=DIRECTION('',(0.,-1.,0.));
#14045=DIRECTION('',(1.,0.,0.));
#14046=DIRECTION('',(0.,-1.,0.));
#14047=DIRECTION('',(0.,0.,-1.));
#14048=DIRECTION('',(1.,0.,0.));
#14049=DIRECTION('',(0.,0.,-1.));
#14050=DIRECTION('',(0.,0.,-1.));
#14051=DIRECTION('',(-1.,0.,0.));
#14052=DIRECTION('',(0.,-1.,0.));
#14053=DIRECTION('',(0.,0.,1.));
#14054=DIRECTION('',(0.,1.,0.));
#14055=DIRECTION('',(0.,0.,-1.));
#14056=DIRECTION('',(0.,1.,0.));
#14057=DIRECTION('',(0.,0.,-1.));
#14058=DIRECTION('',(0.,1.,0.));
#14059=DIRECTION('',(-1.,0.,0.));
#14060=DIRECTION('',(0.,-1.,0.));
#14061=DIRECTION('',(0.,1.,0.));
#14062=DIRECTION('',(0.,0.,1.));
#14063=DIRECTION('',(0.,1.,0.));
#14064=DIRECTION('',(0.,0.,-1.));
#14065=DIRECTION('',(0.,1.,0.));
#14066=DIRECTION('',(0.,0.,-1.));
#14067=DIRECTION('',(0.,1.,0.));
#14068=DIRECTION('',(0.,0.,1.));
#14069=DIRECTION('',(0.,0.,1.));
#14070=DIRECTION('',(-1.,0.,0.));
#14071=DIRECTION('',(1.,0.,0.));
#14072=DIRECTION('',(-1.,0.,0.));
#14073=DIRECTION('',(0.,0.,1.));
#14074=DIRECTION('',(0.,-1.,0.));
#14075=DIRECTION('',(0.,0.,-1.));
#14076=DIRECTION('',(1.,0.,0.));
#14077=DIRECTION('',(1.,0.,0.));
#14078=DIRECTION('',(0.,0.,-1.));
#14079=DIRECTION('',(-1.,0.,0.));
#14080=DIRECTION('',(0.,0.,-1.));
#14081=DIRECTION('',(-1.,0.,0.));
#14082=DIRECTION('',(1.,0.,0.));
#14083=DIRECTION('',(0.,-1.,0.));
#14084=DIRECTION('',(0.,-1.,0.));
#14085=DIRECTION('',(0.,-1.,0.));
#14086=DIRECTION('',(0.,0.,-1.));
#14087=DIRECTION('',(1.,0.,0.));
#14088=DIRECTION('',(0.,0.,-1.));
#14089=DIRECTION('',(-1.,0.,0.));
#14090=DIRECTION('',(-1.,0.,0.));
#14091=DIRECTION('',(0.,0.,1.));
#14092=DIRECTION('',(-1.,0.,0.));
#14093=DIRECTION('',(0.,0.,1.));
#14094=DIRECTION('',(0.,0.,1.));
#14095=DIRECTION('',(1.,0.,0.));
#14096=DIRECTION('',(0.,0.,1.));
#14097=DIRECTION('',(1.,0.,0.));
#14098=DIRECTION('',(0.,-1.,0.));
#14099=DIRECTION('',(1.,0.,0.));
#14100=DIRECTION('',(0.,-1.,0.));
#14101=DIRECTION('',(1.,0.,0.));
#14102=DIRECTION('',(0.,1.,0.));
#14103=DIRECTION('',(0.,0.,1.));
#14104=DIRECTION('',(1.,0.,0.));
#14105=DIRECTION('',(0.,0.,-1.));
#14106=DIRECTION('',(0.,0.,-1.));
#14107=DIRECTION('',(-1.,0.,0.));
#14108=DIRECTION('',(0.,-1.,0.));
#14109=DIRECTION('',(0.,0.,1.));
#14110=DIRECTION('',(0.,1.,0.));
#14111=DIRECTION('',(0.,0.,-1.));
#14112=DIRECTION('',(0.,1.,0.));
#14113=DIRECTION('',(0.,0.,-1.));
#14114=DIRECTION('',(0.,1.,0.));
#14115=DIRECTION('',(-1.,0.,0.));
#14116=DIRECTION('',(0.,-1.,0.));
#14117=DIRECTION('',(0.,1.,0.));
#14118=DIRECTION('',(0.,0.,1.));
#14119=DIRECTION('',(0.,1.,0.));
#14120=DIRECTION('',(0.,0.,-1.));
#14121=DIRECTION('',(0.,1.,0.));
#14122=DIRECTION('',(0.,0.,-1.));
#14123=DIRECTION('',(0.,1.,0.));
#14124=DIRECTION('',(0.,0.,1.));
#14125=DIRECTION('',(0.,0.,1.));
#14126=DIRECTION('',(-1.,0.,0.));
#14127=DIRECTION('',(1.,0.,0.));
#14128=DIRECTION('',(-1.,0.,0.));
#14129=DIRECTION('',(0.,0.,1.));
#14130=DIRECTION('',(0.,-1.,0.));
#14131=DIRECTION('',(0.,0.,-1.));
#14132=DIRECTION('',(1.,0.,0.));
#14133=DIRECTION('',(1.,0.,0.));
#14134=DIRECTION('',(0.,0.,-1.));
#14135=DIRECTION('',(-1.,0.,0.));
#14136=DIRECTION('',(0.,0.,-1.));
#14137=DIRECTION('',(-1.,0.,0.));
#14138=DIRECTION('',(1.,0.,0.));
#14139=DIRECTION('',(0.,-1.,0.));
#14140=DIRECTION('',(0.,-1.,0.));
#14141=DIRECTION('',(0.,-1.,0.));
#14142=DIRECTION('',(0.,0.,-1.));
#14143=DIRECTION('',(1.,0.,0.));
#14144=DIRECTION('',(0.,0.,-1.));
#14145=DIRECTION('',(-1.,0.,0.));
#14146=DIRECTION('',(-1.,0.,0.));
#14147=DIRECTION('',(0.,0.,1.));
#14148=DIRECTION('',(-1.,0.,0.));
#14149=DIRECTION('',(0.,0.,1.));
#14150=DIRECTION('',(0.,0.,1.));
#14151=DIRECTION('',(1.,0.,0.));
#14152=DIRECTION('',(0.,0.,1.));
#14153=DIRECTION('',(1.,0.,0.));
#14154=DIRECTION('',(0.,-1.,0.));
#14155=DIRECTION('',(1.,0.,0.));
#14156=DIRECTION('',(0.,-1.,0.));
#14157=DIRECTION('',(1.,0.,0.));
#14158=DIRECTION('',(0.,-1.,0.));
#14159=DIRECTION('',(0.,0.,-1.));
#14160=DIRECTION('',(1.,0.,0.));
#14161=DIRECTION('',(0.,0.,-1.));
#14162=DIRECTION('',(0.,0.,-1.));
#14163=DIRECTION('',(-1.,0.,0.));
#14164=DIRECTION('',(0.,-1.,0.));
#14165=DIRECTION('',(0.,0.,1.));
#14166=DIRECTION('',(0.,1.,0.));
#14167=DIRECTION('',(0.,0.,-1.));
#14168=DIRECTION('',(0.,1.,0.));
#14169=DIRECTION('',(0.,0.,-1.));
#14170=DIRECTION('',(0.,1.,0.));
#14171=DIRECTION('',(-1.,0.,0.));
#14172=DIRECTION('',(0.,-1.,0.));
#14173=DIRECTION('',(0.,1.,0.));
#14174=DIRECTION('',(0.,0.,1.));
#14175=DIRECTION('',(0.,1.,0.));
#14176=DIRECTION('',(0.,0.,-1.));
#14177=DIRECTION('',(0.,1.,0.));
#14178=DIRECTION('',(0.,0.,-1.));
#14179=DIRECTION('',(0.,1.,0.));
#14180=DIRECTION('',(0.,0.,1.));
#14181=DIRECTION('',(0.,0.,1.));
#14182=DIRECTION('',(-1.,0.,0.));
#14183=DIRECTION('',(1.,0.,0.));
#14184=DIRECTION('',(-1.,0.,0.));
#14185=DIRECTION('',(0.,0.,1.));
#14186=DIRECTION('',(0.,-1.,0.));
#14187=DIRECTION('',(0.,0.,-1.));
#14188=DIRECTION('',(1.,0.,0.));
#14189=DIRECTION('',(1.,0.,0.));
#14190=DIRECTION('',(0.,0.,-1.));
#14191=DIRECTION('',(-1.,0.,0.));
#14192=DIRECTION('',(0.,0.,-1.));
#14193=DIRECTION('',(-1.,0.,0.));
#14194=DIRECTION('',(1.,0.,0.));
#14195=DIRECTION('',(0.,-1.,0.));
#14196=DIRECTION('',(0.,-1.,0.));
#14197=DIRECTION('',(0.,-1.,0.));
#14198=DIRECTION('',(0.,0.,-1.));
#14199=DIRECTION('',(1.,0.,0.));
#14200=DIRECTION('',(0.,0.,-1.));
#14201=DIRECTION('',(-1.,0.,0.));
#14202=DIRECTION('',(-1.,0.,0.));
#14203=DIRECTION('',(0.,0.,1.));
#14204=DIRECTION('',(-1.,0.,0.));
#14205=DIRECTION('',(0.,0.,1.));
#14206=DIRECTION('',(0.,0.,1.));
#14207=DIRECTION('',(1.,0.,0.));
#14208=DIRECTION('',(0.,0.,1.));
#14209=DIRECTION('',(1.,0.,0.));
#14210=DIRECTION('',(0.,-1.,0.));
#14211=DIRECTION('',(1.,0.,0.));
#14212=DIRECTION('',(0.,-1.,0.));
#14213=DIRECTION('',(1.,0.,0.));
#14214=DIRECTION('',(0.,1.,0.));
#14215=DIRECTION('',(0.,0.,1.));
#14216=DIRECTION('',(1.,0.,0.));
#14217=DIRECTION('',(0.,0.,-1.));
#14218=DIRECTION('',(0.,0.,-1.));
#14219=DIRECTION('',(-1.,0.,0.));
#14220=DIRECTION('',(0.,-1.,0.));
#14221=DIRECTION('',(0.,0.,1.));
#14222=DIRECTION('',(0.,1.,0.));
#14223=DIRECTION('',(0.,0.,-1.));
#14224=DIRECTION('',(0.,1.,0.));
#14225=DIRECTION('',(0.,0.,-1.));
#14226=DIRECTION('',(0.,1.,0.));
#14227=DIRECTION('',(-1.,0.,0.));
#14228=DIRECTION('',(0.,-1.,0.));
#14229=DIRECTION('',(0.,1.,0.));
#14230=DIRECTION('',(0.,0.,1.));
#14231=DIRECTION('',(0.,1.,0.));
#14232=DIRECTION('',(0.,0.,-1.));
#14233=DIRECTION('',(0.,1.,0.));
#14234=DIRECTION('',(0.,0.,-1.));
#14235=DIRECTION('',(0.,1.,0.));
#14236=DIRECTION('',(0.,0.,1.));
#14237=DIRECTION('',(0.,0.,1.));
#14238=DIRECTION('',(-1.,0.,0.));
#14239=DIRECTION('',(1.,0.,0.));
#14240=DIRECTION('',(-1.,0.,0.));
#14241=DIRECTION('',(0.,0.,1.));
#14242=DIRECTION('',(0.,-1.,0.));
#14243=DIRECTION('',(0.,0.,-1.));
#14244=DIRECTION('',(1.,0.,0.));
#14245=DIRECTION('',(1.,0.,0.));
#14246=DIRECTION('',(0.,0.,-1.));
#14247=DIRECTION('',(-1.,0.,0.));
#14248=DIRECTION('',(0.,0.,-1.));
#14249=DIRECTION('',(-1.,0.,0.));
#14250=DIRECTION('',(1.,0.,0.));
#14251=DIRECTION('',(0.,-1.,0.));
#14252=DIRECTION('',(0.,-1.,0.));
#14253=DIRECTION('',(0.,-1.,0.));
#14254=DIRECTION('',(0.,0.,-1.));
#14255=DIRECTION('',(1.,0.,0.));
#14256=DIRECTION('',(0.,0.,-1.));
#14257=DIRECTION('',(-1.,0.,0.));
#14258=DIRECTION('',(-1.,0.,0.));
#14259=DIRECTION('',(0.,0.,1.));
#14260=DIRECTION('',(-1.,0.,0.));
#14261=DIRECTION('',(0.,0.,1.));
#14262=DIRECTION('',(0.,0.,1.));
#14263=DIRECTION('',(1.,0.,0.));
#14264=DIRECTION('',(0.,0.,1.));
#14265=DIRECTION('',(1.,0.,0.));
#14266=DIRECTION('',(0.,-1.,0.));
#14267=DIRECTION('',(1.,0.,0.));
#14268=DIRECTION('',(0.,-1.,0.));
#14269=DIRECTION('',(1.,0.,0.));
#14270=DIRECTION('',(0.,-1.,0.));
#14271=DIRECTION('',(0.,0.,-1.));
#14272=DIRECTION('',(1.,0.,0.));
#14273=DIRECTION('',(0.,0.,-1.));
#14274=DIRECTION('',(0.,0.,-1.));
#14275=DIRECTION('',(-1.,0.,0.));
#14276=DIRECTION('',(0.,-1.,0.));
#14277=DIRECTION('',(0.,0.,1.));
#14278=DIRECTION('',(0.,1.,0.));
#14279=DIRECTION('',(0.,0.,-1.));
#14280=DIRECTION('',(0.,1.,0.));
#14281=DIRECTION('',(0.,0.,-1.));
#14282=DIRECTION('',(0.,1.,0.));
#14283=DIRECTION('',(-1.,0.,0.));
#14284=DIRECTION('',(0.,-1.,0.));
#14285=DIRECTION('',(0.,1.,0.));
#14286=DIRECTION('',(0.,0.,1.));
#14287=DIRECTION('',(0.,1.,0.));
#14288=DIRECTION('',(0.,0.,-1.));
#14289=DIRECTION('',(0.,1.,0.));
#14290=DIRECTION('',(0.,0.,-1.));
#14291=DIRECTION('',(0.,1.,0.));
#14292=DIRECTION('',(0.,0.,1.));
#14293=DIRECTION('',(0.,0.,1.));
#14294=DIRECTION('',(-1.,0.,0.));
#14295=DIRECTION('',(1.,0.,0.));
#14296=DIRECTION('',(-1.,0.,0.));
#14297=DIRECTION('',(0.,0.,1.));
#14298=DIRECTION('',(0.,-1.,0.));
#14299=DIRECTION('',(0.,0.,-1.));
#14300=DIRECTION('',(1.,0.,0.));
#14301=DIRECTION('',(1.,0.,0.));
#14302=DIRECTION('',(0.,0.,-1.));
#14303=DIRECTION('',(-1.,0.,0.));
#14304=DIRECTION('',(0.,0.,-1.));
#14305=DIRECTION('',(-1.,0.,0.));
#14306=DIRECTION('',(1.,0.,0.));
#14307=DIRECTION('',(0.,-1.,0.));
#14308=DIRECTION('',(0.,-1.,0.));
#14309=DIRECTION('',(0.,-1.,0.));
#14310=DIRECTION('',(0.,0.,-1.));
#14311=DIRECTION('',(1.,0.,0.));
#14312=DIRECTION('',(0.,0.,-1.));
#14313=DIRECTION('',(-1.,0.,0.));
#14314=DIRECTION('',(-1.,0.,0.));
#14315=DIRECTION('',(0.,0.,1.));
#14316=DIRECTION('',(-1.,0.,0.));
#14317=DIRECTION('',(0.,0.,1.));
#14318=DIRECTION('',(0.,0.,1.));
#14319=DIRECTION('',(1.,0.,0.));
#14320=DIRECTION('',(0.,0.,1.));
#14321=DIRECTION('',(1.,0.,0.));
#14322=DIRECTION('',(0.,-1.,0.));
#14323=DIRECTION('',(1.,0.,0.));
#14324=DIRECTION('',(0.,-1.,0.));
#14325=DIRECTION('',(1.,0.,0.));
#14326=DIRECTION('',(0.,1.,0.));
#14327=DIRECTION('',(0.,0.,1.));
#14328=DIRECTION('',(1.,0.,0.));
#14329=DIRECTION('',(0.,0.,-1.));
#14330=DIRECTION('',(0.,0.,-1.));
#14331=DIRECTION('',(-1.,0.,0.));
#14332=DIRECTION('',(0.,-1.,0.));
#14333=DIRECTION('',(0.,0.,1.));
#14334=DIRECTION('',(0.,1.,0.));
#14335=DIRECTION('',(0.,0.,-1.));
#14336=DIRECTION('',(0.,1.,0.));
#14337=DIRECTION('',(0.,0.,-1.));
#14338=DIRECTION('',(0.,1.,0.));
#14339=DIRECTION('',(-1.,0.,0.));
#14340=DIRECTION('',(0.,-1.,0.));
#14341=DIRECTION('',(0.,1.,0.));
#14342=DIRECTION('',(0.,0.,1.));
#14343=DIRECTION('',(0.,1.,0.));
#14344=DIRECTION('',(0.,0.,-1.));
#14345=DIRECTION('',(0.,1.,0.));
#14346=DIRECTION('',(0.,0.,-1.));
#14347=DIRECTION('',(0.,1.,0.));
#14348=DIRECTION('',(0.,0.,1.));
#14349=DIRECTION('',(0.,0.,1.));
#14350=DIRECTION('',(-1.,0.,0.));
#14351=DIRECTION('',(1.,0.,0.));
#14352=DIRECTION('',(-1.,0.,0.));
#14353=DIRECTION('',(0.,0.,1.));
#14354=DIRECTION('',(0.,-1.,0.));
#14355=DIRECTION('',(0.,0.,-1.));
#14356=DIRECTION('',(1.,0.,0.));
#14357=DIRECTION('',(1.,0.,0.));
#14358=DIRECTION('',(0.,0.,-1.));
#14359=DIRECTION('',(-1.,0.,0.));
#14360=DIRECTION('',(0.,0.,-1.));
#14361=DIRECTION('',(-1.,0.,0.));
#14362=DIRECTION('',(1.,0.,0.));
#14363=DIRECTION('',(0.,-1.,0.));
#14364=DIRECTION('',(0.,-1.,0.));
#14365=DIRECTION('',(0.,-1.,0.));
#14366=DIRECTION('',(0.,0.,-1.));
#14367=DIRECTION('',(1.,0.,0.));
#14368=DIRECTION('',(0.,0.,-1.));
#14369=DIRECTION('',(-1.,0.,0.));
#14370=DIRECTION('',(-1.,0.,0.));
#14371=DIRECTION('',(0.,0.,1.));
#14372=DIRECTION('',(-1.,0.,0.));
#14373=DIRECTION('',(0.,0.,1.));
#14374=DIRECTION('',(0.,0.,1.));
#14375=DIRECTION('',(1.,0.,0.));
#14376=DIRECTION('',(0.,0.,1.));
#14377=DIRECTION('',(1.,0.,0.));
#14378=DIRECTION('',(0.,-1.,0.));
#14379=DIRECTION('',(1.,0.,0.));
#14380=DIRECTION('',(0.,-1.,0.));
#14381=DIRECTION('',(1.,0.,0.));
#14382=DIRECTION('',(0.,-1.,0.));
#14383=DIRECTION('',(0.,0.,-1.));
#14384=DIRECTION('',(1.,0.,0.));
#14385=DIRECTION('',(0.,0.,-1.));
#14386=DIRECTION('',(0.,0.,-1.));
#14387=DIRECTION('',(-1.,0.,0.));
#14388=DIRECTION('',(0.,-1.,0.));
#14389=DIRECTION('',(0.,0.,1.));
#14390=DIRECTION('',(0.,1.,0.));
#14391=DIRECTION('',(0.,0.,-1.));
#14392=DIRECTION('',(0.,1.,0.));
#14393=DIRECTION('',(0.,0.,-1.));
#14394=DIRECTION('',(0.,1.,0.));
#14395=DIRECTION('',(-1.,0.,0.));
#14396=DIRECTION('',(0.,-1.,0.));
#14397=DIRECTION('',(0.,1.,0.));
#14398=DIRECTION('',(0.,0.,1.));
#14399=DIRECTION('',(0.,1.,0.));
#14400=DIRECTION('',(0.,0.,-1.));
#14401=DIRECTION('',(0.,1.,0.));
#14402=DIRECTION('',(0.,0.,-1.));
#14403=DIRECTION('',(0.,1.,0.));
#14404=DIRECTION('',(0.,0.,1.));
#14405=DIRECTION('',(0.,0.,1.));
#14406=DIRECTION('',(-1.,0.,0.));
#14407=DIRECTION('',(1.,0.,0.));
#14408=DIRECTION('',(-1.,0.,0.));
#14409=DIRECTION('',(0.,0.,1.));
#14410=DIRECTION('',(0.,-1.,0.));
#14411=DIRECTION('',(0.,0.,-1.));
#14412=DIRECTION('',(1.,0.,0.));
#14413=DIRECTION('',(1.,0.,0.));
#14414=DIRECTION('',(0.,0.,-1.));
#14415=DIRECTION('',(-1.,0.,0.));
#14416=DIRECTION('',(0.,0.,-1.));
#14417=DIRECTION('',(-1.,0.,0.));
#14418=DIRECTION('',(1.,0.,0.));
#14419=DIRECTION('',(0.,-1.,0.));
#14420=DIRECTION('',(0.,-1.,0.));
#14421=DIRECTION('',(0.,-1.,0.));
#14422=DIRECTION('',(0.,0.,-1.));
#14423=DIRECTION('',(1.,0.,0.));
#14424=DIRECTION('',(0.,0.,-1.));
#14425=DIRECTION('',(-1.,0.,0.));
#14426=DIRECTION('',(-1.,0.,0.));
#14427=DIRECTION('',(0.,0.,1.));
#14428=DIRECTION('',(-1.,0.,0.));
#14429=DIRECTION('',(0.,0.,1.));
#14430=DIRECTION('',(0.,0.,1.));
#14431=DIRECTION('',(1.,0.,0.));
#14432=DIRECTION('',(0.,0.,1.));
#14433=DIRECTION('',(1.,0.,0.));
#14434=DIRECTION('',(0.,-1.,0.));
#14435=DIRECTION('',(1.,0.,0.));
#14436=DIRECTION('',(0.,-1.,0.));
#14437=DIRECTION('',(1.,0.,0.));
#14438=DIRECTION('',(0.,1.,0.));
#14439=DIRECTION('',(0.,0.,1.));
#14440=DIRECTION('',(1.,0.,0.));
#14441=DIRECTION('',(0.,0.,-1.));
#14442=DIRECTION('',(0.,0.,-1.));
#14443=DIRECTION('',(-1.,0.,0.));
#14444=DIRECTION('',(0.,-1.,0.));
#14445=DIRECTION('',(0.,0.,1.));
#14446=DIRECTION('',(0.,1.,0.));
#14447=DIRECTION('',(0.,0.,-1.));
#14448=DIRECTION('',(0.,1.,0.));
#14449=DIRECTION('',(0.,0.,-1.));
#14450=DIRECTION('',(0.,1.,0.));
#14451=DIRECTION('',(-1.,0.,0.));
#14452=DIRECTION('',(0.,-1.,0.));
#14453=DIRECTION('',(0.,1.,0.));
#14454=DIRECTION('',(0.,0.,1.));
#14455=DIRECTION('',(0.,1.,0.));
#14456=DIRECTION('',(0.,0.,-1.));
#14457=DIRECTION('',(0.,1.,0.));
#14458=DIRECTION('',(0.,0.,-1.));
#14459=DIRECTION('',(0.,1.,0.));
#14460=DIRECTION('',(0.,0.,1.));
#14461=DIRECTION('',(0.,0.,1.));
#14462=DIRECTION('',(-1.,0.,0.));
#14463=DIRECTION('',(1.,0.,0.));
#14464=DIRECTION('',(-1.,0.,0.));
#14465=DIRECTION('',(0.,0.,1.));
#14466=DIRECTION('',(0.,-1.,0.));
#14467=DIRECTION('',(0.,0.,-1.));
#14468=DIRECTION('',(1.,0.,0.));
#14469=DIRECTION('',(1.,0.,0.));
#14470=DIRECTION('',(0.,0.,-1.));
#14471=DIRECTION('',(-1.,0.,0.));
#14472=DIRECTION('',(0.,0.,-1.));
#14473=DIRECTION('',(-1.,0.,0.));
#14474=DIRECTION('',(1.,0.,0.));
#14475=DIRECTION('',(0.,-1.,0.));
#14476=DIRECTION('',(0.,-1.,0.));
#14477=DIRECTION('',(0.,-1.,0.));
#14478=DIRECTION('',(0.,0.,-1.));
#14479=DIRECTION('',(1.,0.,0.));
#14480=DIRECTION('',(0.,0.,-1.));
#14481=DIRECTION('',(-1.,0.,0.));
#14482=DIRECTION('',(-1.,0.,0.));
#14483=DIRECTION('',(0.,0.,1.));
#14484=DIRECTION('',(-1.,0.,0.));
#14485=DIRECTION('',(0.,0.,1.));
#14486=DIRECTION('',(0.,0.,1.));
#14487=DIRECTION('',(1.,0.,0.));
#14488=DIRECTION('',(0.,0.,1.));
#14489=DIRECTION('',(1.,0.,0.));
#14490=DIRECTION('',(0.,-1.,0.));
#14491=DIRECTION('',(1.,0.,0.));
#14492=DIRECTION('',(0.,-1.,0.));
#14493=DIRECTION('',(1.,0.,0.));
#14494=DIRECTION('',(0.,-1.,0.));
#14495=DIRECTION('',(0.,0.,-1.));
#14496=DIRECTION('',(1.,0.,0.));
#14497=DIRECTION('',(0.,0.,-1.));
#14498=DIRECTION('',(0.,0.,-1.));
#14499=DIRECTION('',(-1.,0.,0.));
#14500=DIRECTION('',(0.,-1.,0.));
#14501=DIRECTION('',(0.,0.,1.));
#14502=DIRECTION('',(0.,1.,0.));
#14503=DIRECTION('',(0.,0.,-1.));
#14504=DIRECTION('',(0.,1.,0.));
#14505=DIRECTION('',(0.,0.,-1.));
#14506=DIRECTION('',(0.,1.,0.));
#14507=DIRECTION('',(-1.,0.,0.));
#14508=DIRECTION('',(0.,-1.,0.));
#14509=DIRECTION('',(0.,1.,0.));
#14510=DIRECTION('',(0.,0.,1.));
#14511=DIRECTION('',(0.,1.,0.));
#14512=DIRECTION('',(0.,0.,-1.));
#14513=DIRECTION('',(0.,1.,0.));
#14514=DIRECTION('',(0.,0.,-1.));
#14515=DIRECTION('',(0.,1.,0.));
#14516=DIRECTION('',(0.,0.,1.));
#14517=DIRECTION('',(0.,0.,1.));
#14518=DIRECTION('',(-1.,0.,0.));
#14519=DIRECTION('',(1.,0.,0.));
#14520=DIRECTION('',(-1.,0.,0.));
#14521=DIRECTION('',(0.,0.,1.));
#14522=DIRECTION('',(0.,-1.,0.));
#14523=DIRECTION('',(0.,0.,-1.));
#14524=DIRECTION('',(1.,0.,0.));
#14525=DIRECTION('',(1.,0.,0.));
#14526=DIRECTION('',(0.,0.,-1.));
#14527=DIRECTION('',(-1.,0.,0.));
#14528=DIRECTION('',(0.,0.,-1.));
#14529=DIRECTION('',(-1.,0.,0.));
#14530=DIRECTION('',(1.,0.,0.));
#14531=DIRECTION('',(0.,-1.,0.));
#14532=DIRECTION('',(0.,-1.,0.));
#14533=DIRECTION('',(0.,-1.,0.));
#14534=DIRECTION('',(0.,0.,-1.));
#14535=DIRECTION('',(1.,0.,0.));
#14536=DIRECTION('',(0.,0.,-1.));
#14537=DIRECTION('',(-1.,0.,0.));
#14538=DIRECTION('',(-1.,0.,0.));
#14539=DIRECTION('',(0.,0.,1.));
#14540=DIRECTION('',(-1.,0.,0.));
#14541=DIRECTION('',(0.,0.,1.));
#14542=DIRECTION('',(0.,0.,1.));
#14543=DIRECTION('',(1.,0.,0.));
#14544=DIRECTION('',(0.,0.,1.));
#14545=DIRECTION('',(1.,0.,0.));
#14546=DIRECTION('',(0.,-1.,0.));
#14547=DIRECTION('',(1.,0.,0.));
#14548=DIRECTION('',(0.,-1.,0.));
#14549=DIRECTION('',(1.,0.,0.));
#14550=DIRECTION('',(0.,1.,0.));
#14551=DIRECTION('',(0.,0.,1.));
#14552=DIRECTION('',(1.,0.,0.));
#14553=DIRECTION('',(0.,0.,-1.));
#14554=DIRECTION('',(0.,0.,-1.));
#14555=DIRECTION('',(-1.,0.,0.));
#14556=DIRECTION('',(0.,-1.,0.));
#14557=DIRECTION('',(0.,0.,1.));
#14558=DIRECTION('',(0.,1.,0.));
#14559=DIRECTION('',(0.,0.,-1.));
#14560=DIRECTION('',(0.,1.,0.));
#14561=DIRECTION('',(0.,0.,-1.));
#14562=DIRECTION('',(0.,1.,0.));
#14563=DIRECTION('',(-1.,0.,0.));
#14564=DIRECTION('',(0.,-1.,0.));
#14565=DIRECTION('',(0.,1.,0.));
#14566=DIRECTION('',(0.,0.,1.));
#14567=DIRECTION('',(0.,1.,0.));
#14568=DIRECTION('',(0.,0.,-1.));
#14569=DIRECTION('',(0.,1.,0.));
#14570=DIRECTION('',(0.,0.,-1.));
#14571=DIRECTION('',(0.,1.,0.));
#14572=DIRECTION('',(0.,0.,1.));
#14573=DIRECTION('',(0.,0.,1.));
#14574=DIRECTION('',(-1.,0.,0.));
#14575=DIRECTION('',(1.,0.,0.));
#14576=DIRECTION('',(-1.,0.,0.));
#14577=DIRECTION('',(0.,0.,1.));
#14578=DIRECTION('',(0.,-1.,0.));
#14579=DIRECTION('',(0.,0.,-1.));
#14580=DIRECTION('',(1.,0.,0.));
#14581=DIRECTION('',(1.,0.,0.));
#14582=DIRECTION('',(0.,0.,-1.));
#14583=DIRECTION('',(-1.,0.,0.));
#14584=DIRECTION('',(0.,0.,-1.));
#14585=DIRECTION('',(-1.,0.,0.));
#14586=DIRECTION('',(1.,0.,0.));
#14587=DIRECTION('',(0.,-1.,0.));
#14588=DIRECTION('',(0.,-1.,0.));
#14589=DIRECTION('',(0.,-1.,0.));
#14590=DIRECTION('',(0.,0.,-1.));
#14591=DIRECTION('',(1.,0.,0.));
#14592=DIRECTION('',(0.,0.,-1.));
#14593=DIRECTION('',(-1.,0.,0.));
#14594=DIRECTION('',(-1.,0.,0.));
#14595=DIRECTION('',(0.,0.,1.));
#14596=DIRECTION('',(-1.,0.,0.));
#14597=DIRECTION('',(0.,0.,1.));
#14598=DIRECTION('',(0.,0.,1.));
#14599=DIRECTION('',(1.,0.,0.));
#14600=DIRECTION('',(0.,0.,1.));
#14601=DIRECTION('',(1.,0.,0.));
#14602=DIRECTION('',(0.,-1.,0.));
#14603=DIRECTION('',(1.,0.,0.));
#14604=DIRECTION('',(0.,-1.,0.));
#14605=DIRECTION('',(1.,0.,0.));
#14606=DIRECTION('',(0.,1.,0.));
#14607=DIRECTION('',(0.,0.,1.));
#14608=DIRECTION('',(1.,0.,0.));
#14609=DIRECTION('',(0.,0.,-1.));
#14610=DIRECTION('',(0.,0.,-1.));
#14611=DIRECTION('',(-1.,0.,0.));
#14612=DIRECTION('',(0.,-1.,0.));
#14613=DIRECTION('',(0.,0.,1.));
#14614=DIRECTION('',(0.,1.,0.));
#14615=DIRECTION('',(0.,0.,-1.));
#14616=DIRECTION('',(0.,1.,0.));
#14617=DIRECTION('',(0.,0.,-1.));
#14618=DIRECTION('',(0.,1.,0.));
#14619=DIRECTION('',(-1.,0.,0.));
#14620=DIRECTION('',(0.,-1.,0.));
#14621=DIRECTION('',(0.,1.,0.));
#14622=DIRECTION('',(0.,0.,1.));
#14623=DIRECTION('',(0.,1.,0.));
#14624=DIRECTION('',(0.,0.,-1.));
#14625=DIRECTION('',(0.,1.,0.));
#14626=DIRECTION('',(0.,0.,-1.));
#14627=DIRECTION('',(0.,1.,0.));
#14628=DIRECTION('',(0.,0.,1.));
#14629=DIRECTION('',(0.,0.,1.));
#14630=DIRECTION('',(-1.,0.,0.));
#14631=DIRECTION('',(1.,0.,0.));
#14632=DIRECTION('',(-1.,0.,0.));
#14633=DIRECTION('',(0.,0.,1.));
#14634=DIRECTION('',(0.,-1.,0.));
#14635=DIRECTION('',(0.,0.,-1.));
#14636=DIRECTION('',(1.,0.,0.));
#14637=DIRECTION('',(1.,0.,0.));
#14638=DIRECTION('',(0.,0.,-1.));
#14639=DIRECTION('',(-1.,0.,0.));
#14640=DIRECTION('',(0.,0.,-1.));
#14641=DIRECTION('',(-1.,0.,0.));
#14642=DIRECTION('',(1.,0.,0.));
#14643=DIRECTION('',(0.,-1.,0.));
#14644=DIRECTION('',(0.,-1.,0.));
#14645=DIRECTION('',(0.,-1.,0.));
#14646=DIRECTION('',(0.,0.,-1.));
#14647=DIRECTION('',(1.,0.,0.));
#14648=DIRECTION('',(0.,0.,-1.));
#14649=DIRECTION('',(-1.,0.,0.));
#14650=DIRECTION('',(-1.,0.,0.));
#14651=DIRECTION('',(0.,0.,1.));
#14652=DIRECTION('',(-1.,0.,0.));
#14653=DIRECTION('',(0.,0.,1.));
#14654=DIRECTION('',(0.,0.,1.));
#14655=DIRECTION('',(1.,0.,0.));
#14656=DIRECTION('',(0.,0.,1.));
#14657=DIRECTION('',(1.,0.,0.));
#14658=DIRECTION('',(0.,-1.,0.));
#14659=DIRECTION('',(1.,0.,0.));
#14660=DIRECTION('',(0.,-1.,0.));
#14661=DIRECTION('',(1.,0.,0.));
#14662=DIRECTION('',(0.,-1.,0.));
#14663=DIRECTION('',(0.,0.,-1.));
#14664=DIRECTION('',(1.,0.,0.));
#14665=DIRECTION('',(0.,0.,-1.));
#14666=DIRECTION('',(0.,0.,-1.));
#14667=DIRECTION('',(-1.,0.,0.));
#14668=DIRECTION('',(0.,-1.,0.));
#14669=DIRECTION('',(0.,0.,1.));
#14670=DIRECTION('',(0.,1.,0.));
#14671=DIRECTION('',(0.,0.,-1.));
#14672=DIRECTION('',(0.,1.,0.));
#14673=DIRECTION('',(0.,0.,-1.));
#14674=DIRECTION('',(0.,1.,0.));
#14675=DIRECTION('',(-1.,0.,0.));
#14676=DIRECTION('',(0.,-1.,0.));
#14677=DIRECTION('',(0.,1.,0.));
#14678=DIRECTION('',(0.,0.,1.));
#14679=DIRECTION('',(0.,1.,0.));
#14680=DIRECTION('',(0.,0.,-1.));
#14681=DIRECTION('',(0.,1.,0.));
#14682=DIRECTION('',(0.,0.,-1.));
#14683=DIRECTION('',(0.,1.,0.));
#14684=DIRECTION('',(0.,0.,1.));
#14685=DIRECTION('',(0.,0.,1.));
#14686=DIRECTION('',(-1.,0.,0.));
#14687=DIRECTION('',(1.,0.,0.));
#14688=DIRECTION('',(-1.,0.,0.));
#14689=DIRECTION('',(0.,0.,1.));
#14690=DIRECTION('',(0.,-1.,0.));
#14691=DIRECTION('',(0.,0.,-1.));
#14692=DIRECTION('',(1.,0.,0.));
#14693=DIRECTION('',(1.,0.,0.));
#14694=DIRECTION('',(0.,0.,-1.));
#14695=DIRECTION('',(-1.,0.,0.));
#14696=DIRECTION('',(0.,0.,-1.));
#14697=DIRECTION('',(-1.,0.,0.));
#14698=DIRECTION('',(1.,0.,0.));
#14699=DIRECTION('',(0.,-1.,0.));
#14700=DIRECTION('',(0.,-1.,0.));
#14701=DIRECTION('',(0.,-1.,0.));
#14702=DIRECTION('',(0.,0.,-1.));
#14703=DIRECTION('',(1.,0.,0.));
#14704=DIRECTION('',(0.,0.,-1.));
#14705=DIRECTION('',(-1.,0.,0.));
#14706=DIRECTION('',(-1.,0.,0.));
#14707=DIRECTION('',(0.,0.,1.));
#14708=DIRECTION('',(-1.,0.,0.));
#14709=DIRECTION('',(0.,0.,1.));
#14710=DIRECTION('',(0.,0.,1.));
#14711=DIRECTION('',(1.,0.,0.));
#14712=DIRECTION('',(0.,0.,1.));
#14713=DIRECTION('',(1.,0.,0.));
#14714=DIRECTION('',(0.,-1.,0.));
#14715=DIRECTION('',(1.,0.,0.));
#14716=DIRECTION('',(0.,-1.,0.));
#14717=DIRECTION('',(1.,0.,0.));
#14718=DIRECTION('',(0.,1.,0.));
#14719=DIRECTION('',(0.,0.,1.));
#14720=DIRECTION('',(1.,0.,0.));
#14721=DIRECTION('',(0.,0.,-1.));
#14722=DIRECTION('',(0.,0.,-1.));
#14723=DIRECTION('',(-1.,0.,0.));
#14724=DIRECTION('',(0.,-1.,0.));
#14725=DIRECTION('',(0.,0.,1.));
#14726=DIRECTION('',(0.,1.,0.));
#14727=DIRECTION('',(0.,0.,-1.));
#14728=DIRECTION('',(0.,1.,0.));
#14729=DIRECTION('',(0.,0.,-1.));
#14730=DIRECTION('',(0.,1.,0.));
#14731=DIRECTION('',(-1.,0.,0.));
#14732=DIRECTION('',(0.,-1.,0.));
#14733=DIRECTION('',(0.,1.,0.));
#14734=DIRECTION('',(0.,0.,1.));
#14735=DIRECTION('',(0.,1.,0.));
#14736=DIRECTION('',(0.,0.,-1.));
#14737=DIRECTION('',(0.,1.,0.));
#14738=DIRECTION('',(0.,0.,-1.));
#14739=DIRECTION('',(0.,1.,0.));
#14740=DIRECTION('',(0.,0.,1.));
#14741=DIRECTION('',(0.,0.,1.));
#14742=DIRECTION('',(-1.,0.,0.));
#14743=DIRECTION('',(1.,0.,0.));
#14744=DIRECTION('',(-1.,0.,0.));
#14745=DIRECTION('',(0.,0.,1.));
#14746=DIRECTION('',(0.,-1.,0.));
#14747=DIRECTION('',(0.,0.,-1.));
#14748=DIRECTION('',(1.,0.,0.));
#14749=DIRECTION('',(1.,0.,0.));
#14750=DIRECTION('',(0.,0.,-1.));
#14751=DIRECTION('',(-1.,0.,0.));
#14752=DIRECTION('',(0.,0.,-1.));
#14753=DIRECTION('',(-1.,0.,0.));
#14754=DIRECTION('',(1.,0.,0.));
#14755=DIRECTION('',(0.,-1.,0.));
#14756=DIRECTION('',(0.,-1.,0.));
#14757=DIRECTION('',(0.,-1.,0.));
#14758=DIRECTION('',(0.,0.,-1.));
#14759=DIRECTION('',(1.,0.,0.));
#14760=DIRECTION('',(0.,0.,-1.));
#14761=DIRECTION('',(-1.,0.,0.));
#14762=DIRECTION('',(-1.,0.,0.));
#14763=DIRECTION('',(0.,0.,1.));
#14764=DIRECTION('',(-1.,0.,0.));
#14765=DIRECTION('',(0.,0.,1.));
#14766=DIRECTION('',(0.,0.,1.));
#14767=DIRECTION('',(1.,0.,0.));
#14768=DIRECTION('',(0.,0.,1.));
#14769=DIRECTION('',(1.,0.,0.));
#14770=DIRECTION('',(0.,-1.,0.));
#14771=DIRECTION('',(1.,0.,0.));
#14772=DIRECTION('',(0.,-1.,0.));
#14773=DIRECTION('',(1.,0.,0.));
#14774=DIRECTION('',(0.,-1.,0.));
#14775=DIRECTION('',(0.,0.,-1.));
#14776=DIRECTION('',(1.,0.,0.));
#14777=DIRECTION('',(0.,0.,-1.));
#14778=DIRECTION('',(0.,0.,-1.));
#14779=DIRECTION('',(-1.,0.,0.));
#14780=DIRECTION('',(0.,-1.,0.));
#14781=DIRECTION('',(0.,0.,1.));
#14782=DIRECTION('',(0.,1.,0.));
#14783=DIRECTION('',(0.,0.,-1.));
#14784=DIRECTION('',(0.,1.,0.));
#14785=DIRECTION('',(0.,0.,-1.));
#14786=DIRECTION('',(0.,1.,0.));
#14787=DIRECTION('',(-1.,0.,0.));
#14788=DIRECTION('',(0.,-1.,0.));
#14789=DIRECTION('',(0.,1.,0.));
#14790=DIRECTION('',(0.,0.,1.));
#14791=DIRECTION('',(0.,1.,0.));
#14792=DIRECTION('',(0.,0.,-1.));
#14793=DIRECTION('',(0.,1.,0.));
#14794=DIRECTION('',(0.,0.,-1.));
#14795=DIRECTION('',(0.,1.,0.));
#14796=DIRECTION('',(0.,0.,1.));
#14797=DIRECTION('',(0.,0.,1.));
#14798=DIRECTION('',(-1.,0.,0.));
#14799=DIRECTION('',(1.,0.,0.));
#14800=DIRECTION('',(-1.,0.,0.));
#14801=DIRECTION('',(0.,0.,1.));
#14802=DIRECTION('',(0.,-1.,0.));
#14803=DIRECTION('',(0.,0.,-1.));
#14804=DIRECTION('',(1.,0.,0.));
#14805=DIRECTION('',(1.,0.,0.));
#14806=DIRECTION('',(0.,0.,-1.));
#14807=DIRECTION('',(-1.,0.,0.));
#14808=DIRECTION('',(0.,0.,-1.));
#14809=DIRECTION('',(-1.,0.,0.));
#14810=DIRECTION('',(1.,0.,0.));
#14811=DIRECTION('',(0.,-1.,0.));
#14812=DIRECTION('',(0.,-1.,0.));
#14813=DIRECTION('',(0.,-1.,0.));
#14814=DIRECTION('',(0.,0.,-1.));
#14815=DIRECTION('',(1.,0.,0.));
#14816=DIRECTION('',(0.,0.,-1.));
#14817=DIRECTION('',(-1.,0.,0.));
#14818=DIRECTION('',(-1.,0.,0.));
#14819=DIRECTION('',(0.,0.,1.));
#14820=DIRECTION('',(-1.,0.,0.));
#14821=DIRECTION('',(0.,0.,1.));
#14822=DIRECTION('',(0.,0.,1.));
#14823=DIRECTION('',(1.,0.,0.));
#14824=DIRECTION('',(0.,0.,1.));
#14825=DIRECTION('',(1.,0.,0.));
#14826=DIRECTION('',(0.,-1.,0.));
#14827=DIRECTION('',(1.,0.,0.));
#14828=DIRECTION('',(0.,-1.,0.));
#14829=DIRECTION('',(1.,0.,0.));
#14830=DIRECTION('',(0.,1.,0.));
#14831=DIRECTION('',(0.,0.,1.));
#14832=DIRECTION('',(1.,0.,0.));
#14833=DIRECTION('',(0.,0.,-1.));
#14834=DIRECTION('',(0.,0.,-1.));
#14835=DIRECTION('',(-1.,0.,0.));
#14836=DIRECTION('',(0.,-1.,0.));
#14837=DIRECTION('',(0.,0.,1.));
#14838=DIRECTION('',(0.,1.,0.));
#14839=DIRECTION('',(0.,0.,-1.));
#14840=DIRECTION('',(0.,1.,0.));
#14841=DIRECTION('',(0.,0.,-1.));
#14842=DIRECTION('',(0.,1.,0.));
#14843=DIRECTION('',(-1.,0.,0.));
#14844=DIRECTION('',(0.,-1.,0.));
#14845=DIRECTION('',(0.,1.,0.));
#14846=DIRECTION('',(0.,0.,1.));
#14847=DIRECTION('',(0.,1.,0.));
#14848=DIRECTION('',(0.,0.,-1.));
#14849=DIRECTION('',(0.,1.,0.));
#14850=DIRECTION('',(0.,0.,-1.));
#14851=DIRECTION('',(0.,1.,0.));
#14852=DIRECTION('',(0.,0.,1.));
#14853=DIRECTION('',(0.,0.,1.));
#14854=DIRECTION('',(-1.,0.,0.));
#14855=DIRECTION('',(1.,0.,0.));
#14856=DIRECTION('',(-1.,0.,0.));
#14857=DIRECTION('',(0.,0.,1.));
#14858=DIRECTION('',(0.,-1.,0.));
#14859=DIRECTION('',(0.,0.,-1.));
#14860=DIRECTION('',(1.,0.,0.));
#14861=DIRECTION('',(1.,0.,0.));
#14862=DIRECTION('',(0.,0.,-1.));
#14863=DIRECTION('',(-1.,0.,0.));
#14864=DIRECTION('',(0.,0.,-1.));
#14865=DIRECTION('',(-1.,0.,0.));
#14866=DIRECTION('',(1.,0.,0.));
#14867=DIRECTION('',(0.,-1.,0.));
#14868=DIRECTION('',(0.,-1.,0.));
#14869=DIRECTION('',(0.,-1.,0.));
#14870=DIRECTION('',(0.,0.,-1.));
#14871=DIRECTION('',(1.,0.,0.));
#14872=DIRECTION('',(0.,0.,-1.));
#14873=DIRECTION('',(-1.,0.,0.));
#14874=DIRECTION('',(-1.,0.,0.));
#14875=DIRECTION('',(0.,0.,1.));
#14876=DIRECTION('',(-1.,0.,0.));
#14877=DIRECTION('',(0.,0.,1.));
#14878=DIRECTION('',(0.,0.,1.));
#14879=DIRECTION('',(1.,0.,0.));
#14880=DIRECTION('',(0.,0.,1.));
#14881=DIRECTION('',(1.,0.,0.));
#14882=DIRECTION('',(0.,-1.,0.));
#14883=DIRECTION('',(1.,0.,0.));
#14884=DIRECTION('',(0.,-1.,0.));
#14885=DIRECTION('',(1.,0.,0.));
#14886=DIRECTION('',(0.,-1.,0.));
#14887=DIRECTION('',(0.,0.,-1.));
#14888=DIRECTION('',(1.,0.,0.));
#14889=DIRECTION('',(0.,0.,-1.));
#14890=DIRECTION('',(0.,0.,-1.));
#14891=DIRECTION('',(-1.,0.,0.));
#14892=DIRECTION('',(0.,-1.,0.));
#14893=DIRECTION('',(0.,0.,1.));
#14894=DIRECTION('',(0.,1.,0.));
#14895=DIRECTION('',(0.,0.,-1.));
#14896=DIRECTION('',(0.,1.,0.));
#14897=DIRECTION('',(0.,0.,-1.));
#14898=DIRECTION('',(0.,1.,0.));
#14899=DIRECTION('',(-1.,0.,0.));
#14900=DIRECTION('',(0.,-1.,0.));
#14901=DIRECTION('',(0.,1.,0.));
#14902=DIRECTION('',(0.,0.,1.));
#14903=DIRECTION('',(0.,1.,0.));
#14904=DIRECTION('',(0.,0.,-1.));
#14905=DIRECTION('',(0.,1.,0.));
#14906=DIRECTION('',(0.,0.,-1.));
#14907=DIRECTION('',(0.,1.,0.));
#14908=DIRECTION('',(0.,0.,1.));
#14909=DIRECTION('',(0.,0.,1.));
#14910=DIRECTION('',(-1.,0.,0.));
#14911=DIRECTION('',(1.,0.,0.));
#14912=DIRECTION('',(-1.,0.,0.));
#14913=DIRECTION('',(0.,0.,1.));
#14914=DIRECTION('',(0.,-1.,0.));
#14915=DIRECTION('',(0.,0.,-1.));
#14916=DIRECTION('',(1.,0.,0.));
#14917=DIRECTION('',(1.,0.,0.));
#14918=DIRECTION('',(0.,0.,-1.));
#14919=DIRECTION('',(-1.,0.,0.));
#14920=DIRECTION('',(0.,0.,-1.));
#14921=DIRECTION('',(-1.,0.,0.));
#14922=DIRECTION('',(1.,0.,0.));
#14923=DIRECTION('',(0.,-1.,0.));
#14924=DIRECTION('',(0.,-1.,0.));
#14925=DIRECTION('',(0.,-1.,0.));
#14926=DIRECTION('',(0.,0.,-1.));
#14927=DIRECTION('',(1.,0.,0.));
#14928=DIRECTION('',(0.,0.,-1.));
#14929=DIRECTION('',(-1.,0.,0.));
#14930=DIRECTION('',(-1.,0.,0.));
#14931=DIRECTION('',(0.,0.,1.));
#14932=DIRECTION('',(-1.,0.,0.));
#14933=DIRECTION('',(0.,0.,1.));
#14934=DIRECTION('',(0.,0.,1.));
#14935=DIRECTION('',(1.,0.,0.));
#14936=DIRECTION('',(0.,0.,1.));
#14937=DIRECTION('',(1.,0.,0.));
#14938=DIRECTION('',(0.,-1.,0.));
#14939=DIRECTION('',(1.,0.,0.));
#14940=DIRECTION('',(0.,-1.,0.));
#14941=DIRECTION('',(1.,0.,0.));
#14942=DIRECTION('',(0.,1.,0.));
#14943=DIRECTION('',(0.,0.,1.));
#14944=DIRECTION('',(1.,0.,0.));
#14945=DIRECTION('',(0.,0.,-1.));
#14946=DIRECTION('',(0.,0.,-1.));
#14947=DIRECTION('',(-1.,0.,0.));
#14948=DIRECTION('',(0.,-1.,0.));
#14949=DIRECTION('',(0.,0.,1.));
#14950=DIRECTION('',(0.,1.,0.));
#14951=DIRECTION('',(0.,0.,-1.));
#14952=DIRECTION('',(0.,1.,0.));
#14953=DIRECTION('',(0.,0.,-1.));
#14954=DIRECTION('',(0.,1.,0.));
#14955=DIRECTION('',(-1.,0.,0.));
#14956=DIRECTION('',(0.,-1.,0.));
#14957=DIRECTION('',(0.,1.,0.));
#14958=DIRECTION('',(0.,0.,1.));
#14959=DIRECTION('',(0.,1.,0.));
#14960=DIRECTION('',(0.,0.,-1.));
#14961=DIRECTION('',(0.,1.,0.));
#14962=DIRECTION('',(0.,0.,-1.));
#14963=DIRECTION('',(0.,1.,0.));
#14964=DIRECTION('',(0.,0.,1.));
#14965=DIRECTION('',(0.,0.,1.));
#14966=DIRECTION('',(-1.,0.,0.));
#14967=DIRECTION('',(1.,0.,0.));
#14968=DIRECTION('',(-1.,0.,0.));
#14969=DIRECTION('',(0.,0.,1.));
#14970=DIRECTION('',(0.,-1.,0.));
#14971=DIRECTION('',(0.,0.,-1.));
#14972=DIRECTION('',(1.,0.,0.));
#14973=DIRECTION('',(1.,0.,0.));
#14974=DIRECTION('',(0.,0.,-1.));
#14975=DIRECTION('',(-1.,0.,0.));
#14976=DIRECTION('',(0.,0.,-1.));
#14977=DIRECTION('',(-1.,0.,0.));
#14978=DIRECTION('',(1.,0.,0.));
#14979=DIRECTION('',(0.,-1.,0.));
#14980=DIRECTION('',(0.,-1.,0.));
#14981=DIRECTION('',(0.,-1.,0.));
#14982=DIRECTION('',(0.,0.,-1.));
#14983=DIRECTION('',(1.,0.,0.));
#14984=DIRECTION('',(0.,0.,-1.));
#14985=DIRECTION('',(-1.,0.,0.));
#14986=DIRECTION('',(-1.,0.,0.));
#14987=DIRECTION('',(0.,0.,1.));
#14988=DIRECTION('',(-1.,0.,0.));
#14989=DIRECTION('',(0.,0.,1.));
#14990=CARTESIAN_POINT('',(0.,0.,0.));
#14991=CARTESIAN_POINT('',(0.016,0.00075,0.));
#14992=CARTESIAN_POINT('',(0.01625,0.0255,0.));
#14993=CARTESIAN_POINT('',(0.01625,0.001,0.));
#14994=CARTESIAN_POINT('',(0.01625,0.0005,0.));
#14995=CARTESIAN_POINT('',(0.016,0.001,0.));
#14996=CARTESIAN_POINT('',(0.01675,0.001,0.));
#14997=CARTESIAN_POINT('',(0.01675,0.0255,0.));
#14998=CARTESIAN_POINT('',(0.01675,0.0005,0.));
#14999=CARTESIAN_POINT('',(0.016,0.0005,0.));
#15000=CARTESIAN_POINT('',(0.016,0.0005,0.0015));
#15001=CARTESIAN_POINT('',(0.016,0.0005,0.002));
#15002=CARTESIAN_POINT('',(0.01625,0.0005,0.002));
#15003=CARTESIAN_POINT('',(0.01675,0.0005,0.002));
#15004=CARTESIAN_POINT('',(0.01625,0.0005,0.001));
#15005=CARTESIAN_POINT('',(0.01675,0.0005,0.001));
#15006=CARTESIAN_POINT('',(0.016,0.002,0.004));
#15007=CARTESIAN_POINT('',(0.016,0.001,0.00225));
#15008=CARTESIAN_POINT('',(0.016,0.001,0.002));
#15009=CARTESIAN_POINT('',(0.016,0.001,0.0025));
#15010=CARTESIAN_POINT('',(0.016,0.00025,0.002));
#15011=CARTESIAN_POINT('',(0.016,0.,0.002));
#15012=CARTESIAN_POINT('',(0.016,0.,0.0045));
#15013=CARTESIAN_POINT('',(0.016,0.,0.008));
#15014=CARTESIAN_POINT('',(0.016,-2.00000000000027E-6,0.008));
#15015=CARTESIAN_POINT('',(0.016,0.0005,0.008));
#15016=CARTESIAN_POINT('',(0.016,0.0005,0.00525));
#15017=CARTESIAN_POINT('',(0.016,0.0005,0.0025));
#15018=CARTESIAN_POINT('',(0.016,0.00075,0.0025));
#15019=CARTESIAN_POINT('',(0.017,0.002,0.004));
#15020=CARTESIAN_POINT('',(0.017,0.00025,0.002));
#15021=CARTESIAN_POINT('',(0.017,0.,0.002));
#15022=CARTESIAN_POINT('',(0.017,0.001,0.002));
#15023=CARTESIAN_POINT('',(0.017,0.001,0.00225));
#15024=CARTESIAN_POINT('',(0.017,0.001,0.0025));
#15025=CARTESIAN_POINT('',(0.017,0.00075,0.0025));
#15026=CARTESIAN_POINT('',(0.017,0.0005,0.0025));
#15027=CARTESIAN_POINT('',(0.017,0.0005,0.00525));
#15028=CARTESIAN_POINT('',(0.017,0.0005,0.008));
#15029=CARTESIAN_POINT('',(0.017,-2.00000000000027E-6,0.008));
#15030=CARTESIAN_POINT('',(0.017,0.,0.008));
#15031=CARTESIAN_POINT('',(0.017,0.,0.0045));
#15032=CARTESIAN_POINT('',(0.016,0.001,0.00225));
#15033=CARTESIAN_POINT('',(0.01625,0.001,0.00225));
#15034=CARTESIAN_POINT('',(0.01625,0.001,0.002));
#15035=CARTESIAN_POINT('',(0.016,0.001,0.002));
#15036=CARTESIAN_POINT('',(0.016,0.001,0.0025));
#15037=CARTESIAN_POINT('',(0.016,0.001,0.002));
#15038=CARTESIAN_POINT('',(0.01675,0.001,0.002));
#15039=CARTESIAN_POINT('',(0.01675,0.001,0.00225));
#15040=CARTESIAN_POINT('',(0.016,0.0005,0.00525));
#15041=CARTESIAN_POINT('',(0.016,0.0005,0.0025));
#15042=CARTESIAN_POINT('',(0.016,0.0005,0.008));
#15043=CARTESIAN_POINT('',(0.016,0.00075,0.0025));
#15044=CARTESIAN_POINT('',(0.016,0.00025,0.002));
#15045=CARTESIAN_POINT('',(0.016,0.,0.002));
#15046=CARTESIAN_POINT('',(0.01625,0.0255,0.002));
#15047=CARTESIAN_POINT('',(0.01675,0.0255,0.002));
#15048=CARTESIAN_POINT('',(0.016,0.,0.0045));
#15049=CARTESIAN_POINT('',(0.016,0.,0.008));
#15050=CARTESIAN_POINT('',(0.016,-2.00000000000027E-6,0.008));
#15051=CARTESIAN_POINT('',(0.01675,0.0255,0.001));
#15052=CARTESIAN_POINT('',(0.01625,0.0255,0.001));
#15053=CARTESIAN_POINT('',(0.,0.,0.));
#15054=CARTESIAN_POINT('',(0.02725,0.004,0.008));
#15055=CARTESIAN_POINT('',(0.02725,0.,0.008));
#15056=CARTESIAN_POINT('',(0.0265,0.,0.008));
#15057=CARTESIAN_POINT('',(0.0275,0.,0.008));
#15058=CARTESIAN_POINT('',(0.0265,-2.00000000000027E-6,0.008));
#15059=CARTESIAN_POINT('',(0.0265,0.004,0.008));
#15060=CARTESIAN_POINT('',(0.02725,0.004,0.008));
#15061=CARTESIAN_POINT('',(0.0275,0.004,0.008));
#15062=CARTESIAN_POINT('',(0.0275,0.004,0.008));
#15063=CARTESIAN_POINT('',(0.02725,0.004,0.008));
#15064=CARTESIAN_POINT('',(0.026,-2.00000000000027E-6,0.008));
#15065=CARTESIAN_POINT('',(0.026,0.,0.008));
#15066=CARTESIAN_POINT('',(0.026,0.004,0.008));
#15067=CARTESIAN_POINT('',(0.02725,0.,0.008));
#15068=CARTESIAN_POINT('',(0.025,0.,0.008));
#15069=CARTESIAN_POINT('',(0.025,-2.00000000000027E-6,0.008));
#15070=CARTESIAN_POINT('',(0.025,0.004,0.008));
#15071=CARTESIAN_POINT('',(0.02725,0.004,0.008));
#15072=CARTESIAN_POINT('',(0.02725,0.004,0.008));
#15073=CARTESIAN_POINT('',(0.0245,-2.00000000000027E-6,0.008));
#15074=CARTESIAN_POINT('',(0.0245,0.,0.008));
#15075=CARTESIAN_POINT('',(0.0245,0.004,0.008));
#15076=CARTESIAN_POINT('',(0.02725,0.,0.008));
#15077=CARTESIAN_POINT('',(0.0235,0.,0.008));
#15078=CARTESIAN_POINT('',(0.0235,-2.00000000000027E-6,0.008));
#15079=CARTESIAN_POINT('',(0.0235,0.004,0.008));
#15080=CARTESIAN_POINT('',(0.02725,0.004,0.008));
#15081=CARTESIAN_POINT('',(0.02725,0.004,0.008));
#15082=CARTESIAN_POINT('',(0.023,-2.00000000000027E-6,0.008));
#15083=CARTESIAN_POINT('',(0.023,0.,0.008));
#15084=CARTESIAN_POINT('',(0.023,0.004,0.008));
#15085=CARTESIAN_POINT('',(0.02725,0.,0.008));
#15086=CARTESIAN_POINT('',(0.022,0.,0.008));
#15087=CARTESIAN_POINT('',(0.022,-2.00000000000027E-6,0.008));
#15088=CARTESIAN_POINT('',(0.022,0.004,0.008));
#15089=CARTESIAN_POINT('',(0.02725,0.004,0.008));
#15090=CARTESIAN_POINT('',(0.02725,0.004,0.008));
#15091=CARTESIAN_POINT('',(0.0215,-2.00000000000027E-6,0.008));
#15092=CARTESIAN_POINT('',(0.0215,0.,0.008));
#15093=CARTESIAN_POINT('',(0.0215,0.004,0.008));
#15094=CARTESIAN_POINT('',(0.02725,0.,0.008));
#15095=CARTESIAN_POINT('',(0.0205,0.,0.008));
#15096=CARTESIAN_POINT('',(0.0205,-2.00000000000027E-6,0.008));
#15097=CARTESIAN_POINT('',(0.0205,0.004,0.008));
#15098=CARTESIAN_POINT('',(0.02725,0.004,0.008));
#15099=CARTESIAN_POINT('',(0.02725,0.004,0.008));
#15100=CARTESIAN_POINT('',(0.02,-2.00000000000027E-6,0.008));
#15101=CARTESIAN_POINT('',(0.02,0.,0.008));
#15102=CARTESIAN_POINT('',(0.02,0.004,0.008));
#15103=CARTESIAN_POINT('',(0.02725,0.,0.008));
#15104=CARTESIAN_POINT('',(0.019,0.,0.008));
#15105=CARTESIAN_POINT('',(0.019,-2.00000000000027E-6,0.008));
#15106=CARTESIAN_POINT('',(0.019,0.004,0.008));
#15107=CARTESIAN_POINT('',(0.02725,0.004,0.008));
#15108=CARTESIAN_POINT('',(0.02725,0.004,0.008));
#15109=CARTESIAN_POINT('',(0.0185,-2.00000000000027E-6,0.008));
#15110=CARTESIAN_POINT('',(0.0185,0.,0.008));
#15111=CARTESIAN_POINT('',(0.0185,0.004,0.008));
#15112=CARTESIAN_POINT('',(0.02725,0.,0.008));
#15113=CARTESIAN_POINT('',(0.0175,0.,0.008));
#15114=CARTESIAN_POINT('',(0.0175,-2.00000000000027E-6,0.008));
#15115=CARTESIAN_POINT('',(0.0175,0.004,0.008));
#15116=CARTESIAN_POINT('',(0.02725,0.004,0.008));
#15117=CARTESIAN_POINT('',(0.02725,0.004,0.008));
#15118=CARTESIAN_POINT('',(0.017,-2.00000000000027E-6,0.008));
#15119=CARTESIAN_POINT('',(0.017,0.,0.008));
#15120=CARTESIAN_POINT('',(0.017,0.004,0.008));
#15121=CARTESIAN_POINT('',(0.02725,0.,0.008));
#15122=CARTESIAN_POINT('',(0.016,0.,0.008));
#15123=CARTESIAN_POINT('',(0.016,-2.00000000000027E-6,0.008));
#15124=CARTESIAN_POINT('',(0.016,0.004,0.008));
#15125=CARTESIAN_POINT('',(0.02725,0.004,0.008));
#15126=CARTESIAN_POINT('',(0.02725,0.004,0.008));
#15127=CARTESIAN_POINT('',(0.0155,-2.00000000000027E-6,0.008));
#15128=CARTESIAN_POINT('',(0.0155,0.,0.008));
#15129=CARTESIAN_POINT('',(0.0155,0.004,0.008));
#15130=CARTESIAN_POINT('',(0.02725,0.,0.008));
#15131=CARTESIAN_POINT('',(0.0145,0.,0.008));
#15132=CARTESIAN_POINT('',(0.0145,-2.00000000000027E-6,0.008));
#15133=CARTESIAN_POINT('',(0.0145,0.004,0.008));
#15134=CARTESIAN_POINT('',(0.02725,0.004,0.008));
#15135=CARTESIAN_POINT('',(0.02725,0.004,0.008));
#15136=CARTESIAN_POINT('',(0.014,-2.00000000000027E-6,0.008));
#15137=CARTESIAN_POINT('',(0.014,0.,0.008));
#15138=CARTESIAN_POINT('',(0.014,0.004,0.008));
#15139=CARTESIAN_POINT('',(0.02725,0.,0.008));
#15140=CARTESIAN_POINT('',(0.013,0.,0.008));
#15141=CARTESIAN_POINT('',(0.013,-2.00000000000027E-6,0.008));
#15142=CARTESIAN_POINT('',(0.013,0.004,0.008));
#15143=CARTESIAN_POINT('',(0.02725,0.004,0.008));
#15144=CARTESIAN_POINT('',(0.02725,0.004,0.008));
#15145=CARTESIAN_POINT('',(0.0125,-2.00000000000027E-6,0.008));
#15146=CARTESIAN_POINT('',(0.0125,0.,0.008));
#15147=CARTESIAN_POINT('',(0.0125,0.004,0.008));
#15148=CARTESIAN_POINT('',(0.02725,0.,0.008));
#15149=CARTESIAN_POINT('',(0.0115,0.,0.008));
#15150=CARTESIAN_POINT('',(0.0115,-2.00000000000027E-6,0.008));
#15151=CARTESIAN_POINT('',(0.0115,0.004,0.008));
#15152=CARTESIAN_POINT('',(0.02725,0.004,0.008));
#15153=CARTESIAN_POINT('',(0.02725,0.004,0.008));
#15154=CARTESIAN_POINT('',(0.011,-2.00000000000027E-6,0.008));
#15155=CARTESIAN_POINT('',(0.011,0.,0.008));
#15156=CARTESIAN_POINT('',(0.011,0.004,0.008));
#15157=CARTESIAN_POINT('',(0.02725,0.,0.008));
#15158=CARTESIAN_POINT('',(0.01,0.,0.008));
#15159=CARTESIAN_POINT('',(0.01,-2.00000000000027E-6,0.008));
#15160=CARTESIAN_POINT('',(0.01,0.004,0.008));
#15161=CARTESIAN_POINT('',(0.02725,0.004,0.008));
#15162=CARTESIAN_POINT('',(0.02725,0.004,0.008));
#15163=CARTESIAN_POINT('',(0.0095,-2.00000000000027E-6,0.008));
#15164=CARTESIAN_POINT('',(0.0095,0.,0.008));
#15165=CARTESIAN_POINT('',(0.0095,0.004,0.008));
#15166=CARTESIAN_POINT('',(0.02725,0.,0.008));
#15167=CARTESIAN_POINT('',(0.0085,0.,0.008));
#15168=CARTESIAN_POINT('',(0.0085,-2.00000000000027E-6,0.008));
#15169=CARTESIAN_POINT('',(0.0085,0.004,0.008));
#15170=CARTESIAN_POINT('',(0.02725,0.004,0.008));
#15171=CARTESIAN_POINT('',(0.02725,0.004,0.008));
#15172=CARTESIAN_POINT('',(0.008,-2.00000000000027E-6,0.008));
#15173=CARTESIAN_POINT('',(0.008,0.,0.008));
#15174=CARTESIAN_POINT('',(0.008,0.004,0.008));
#15175=CARTESIAN_POINT('',(0.02725,0.,0.008));
#15176=CARTESIAN_POINT('',(0.007,0.,0.008));
#15177=CARTESIAN_POINT('',(0.007,-2.00000000000027E-6,0.008));
#15178=CARTESIAN_POINT('',(0.007,0.004,0.008));
#15179=CARTESIAN_POINT('',(0.02725,0.004,0.008));
#15180=CARTESIAN_POINT('',(0.02725,0.004,0.008));
#15181=CARTESIAN_POINT('',(0.0065,-2.00000000000027E-6,0.008));
#15182=CARTESIAN_POINT('',(0.0065,0.,0.008));
#15183=CARTESIAN_POINT('',(0.0065,0.004,0.008));
#15184=CARTESIAN_POINT('',(0.02725,0.,0.008));
#15185=CARTESIAN_POINT('',(0.0055,0.,0.008));
#15186=CARTESIAN_POINT('',(0.0055,-2.00000000000027E-6,0.008));
#15187=CARTESIAN_POINT('',(0.0055,0.004,0.008));
#15188=CARTESIAN_POINT('',(0.02725,0.004,0.008));
#15189=CARTESIAN_POINT('',(0.02725,0.004,0.008));
#15190=CARTESIAN_POINT('',(0.005,-2.00000000000027E-6,0.008));
#15191=CARTESIAN_POINT('',(0.005,0.,0.008));
#15192=CARTESIAN_POINT('',(0.005,0.004,0.008));
#15193=CARTESIAN_POINT('',(0.02725,0.,0.008));
#15194=CARTESIAN_POINT('',(0.004,0.,0.008));
#15195=CARTESIAN_POINT('',(0.004,-2.00000000000027E-6,0.008));
#15196=CARTESIAN_POINT('',(0.004,0.004,0.008));
#15197=CARTESIAN_POINT('',(0.02725,0.004,0.008));
#15198=CARTESIAN_POINT('',(0.02725,0.004,0.008));
#15199=CARTESIAN_POINT('',(0.0035,-2.00000000000027E-6,0.008));
#15200=CARTESIAN_POINT('',(0.0035,0.,0.008));
#15201=CARTESIAN_POINT('',(0.0035,0.004,0.008));
#15202=CARTESIAN_POINT('',(0.02725,0.,0.008));
#15203=CARTESIAN_POINT('',(0.0025,0.,0.008));
#15204=CARTESIAN_POINT('',(0.0025,-2.00000000000027E-6,0.008));
#15205=CARTESIAN_POINT('',(0.0025,0.004,0.008));
#15206=CARTESIAN_POINT('',(0.02725,0.004,0.008));
#15207=CARTESIAN_POINT('',(0.02725,0.004,0.008));
#15208=CARTESIAN_POINT('',(0.00200000000000003,-2.00000000000027E-6,0.008));
#15209=CARTESIAN_POINT('',(0.00200000000000003,0.,0.008));
#15210=CARTESIAN_POINT('',(0.00200000000000003,0.004,0.008));
#15211=CARTESIAN_POINT('',(0.02725,0.,0.008));
#15212=CARTESIAN_POINT('',(0.00100000000000002,0.,0.008));
#15213=CARTESIAN_POINT('',(0.00100000000000002,-2.00000000000027E-6,0.008));
#15214=CARTESIAN_POINT('',(0.00100000000000002,0.004,0.008));
#15215=CARTESIAN_POINT('',(0.02725,0.004,0.008));
#15216=CARTESIAN_POINT('',(0.02725,0.004,0.008));
#15217=CARTESIAN_POINT('',(0.000500000000000021,-2.00000000000027E-6,0.008));
#15218=CARTESIAN_POINT('',(0.000500000000000021,0.,0.008));
#15219=CARTESIAN_POINT('',(0.000500000000000021,0.004,0.008));
#15220=CARTESIAN_POINT('',(0.02725,0.,0.008));
#15221=CARTESIAN_POINT('',(-0.00049999999999998,0.,0.008));
#15222=CARTESIAN_POINT('',(-0.00049999999999998,-2.00000000000027E-6,0.008));
#15223=CARTESIAN_POINT('',(-0.00049999999999998,0.004,0.008));
#15224=CARTESIAN_POINT('',(0.02725,0.004,0.008));
#15225=CARTESIAN_POINT('',(0.02725,0.004,0.008));
#15226=CARTESIAN_POINT('',(-0.00099999999999998,-2.00000000000027E-6,0.008));
#15227=CARTESIAN_POINT('',(-0.00099999999999998,0.,0.008));
#15228=CARTESIAN_POINT('',(-0.00099999999999998,0.004,0.008));
#15229=CARTESIAN_POINT('',(0.02725,0.,0.008));
#15230=CARTESIAN_POINT('',(-0.002,0.,0.008));
#15231=CARTESIAN_POINT('',(-0.002,-2.00000000000027E-6,0.008));
#15232=CARTESIAN_POINT('',(-0.002,0.004,0.008));
#15233=CARTESIAN_POINT('',(0.02725,0.004,0.008));
#15234=CARTESIAN_POINT('',(0.02725,0.004,0.008));
#15235=CARTESIAN_POINT('',(-0.0025,-2.00000000000027E-6,0.008));
#15236=CARTESIAN_POINT('',(-0.0025,0.,0.008));
#15237=CARTESIAN_POINT('',(-0.0025,0.004,0.008));
#15238=CARTESIAN_POINT('',(0.02725,0.,0.008));
#15239=CARTESIAN_POINT('',(-0.0035,0.,0.008));
#15240=CARTESIAN_POINT('',(-0.0035,-2.00000000000027E-6,0.008));
#15241=CARTESIAN_POINT('',(-0.0035,0.004,0.008));
#15242=CARTESIAN_POINT('',(0.02725,0.004,0.008));
#15243=CARTESIAN_POINT('',(0.02725,0.004,0.008));
#15244=CARTESIAN_POINT('',(-0.004,-2.00000000000027E-6,0.008));
#15245=CARTESIAN_POINT('',(-0.004,0.,0.008));
#15246=CARTESIAN_POINT('',(-0.004,0.004,0.008));
#15247=CARTESIAN_POINT('',(0.02725,0.,0.008));
#15248=CARTESIAN_POINT('',(-0.005,0.,0.008));
#15249=CARTESIAN_POINT('',(-0.005,-2.00000000000027E-6,0.008));
#15250=CARTESIAN_POINT('',(-0.005,0.004,0.008));
#15251=CARTESIAN_POINT('',(0.02725,0.004,0.008));
#15252=CARTESIAN_POINT('',(0.02725,0.004,0.008));
#15253=CARTESIAN_POINT('',(-0.0055,-2.00000000000027E-6,0.008));
#15254=CARTESIAN_POINT('',(-0.0055,0.,0.008));
#15255=CARTESIAN_POINT('',(-0.0055,0.004,0.008));
#15256=CARTESIAN_POINT('',(0.02725,0.,0.008));
#15257=CARTESIAN_POINT('',(-0.0065,0.,0.008));
#15258=CARTESIAN_POINT('',(-0.0065,-2.00000000000027E-6,0.008));
#15259=CARTESIAN_POINT('',(-0.0065,0.004,0.008));
#15260=CARTESIAN_POINT('',(0.02725,0.004,0.008));
#15261=CARTESIAN_POINT('',(0.02725,0.004,0.008));
#15262=CARTESIAN_POINT('',(-0.007,-2.00000000000027E-6,0.008));
#15263=CARTESIAN_POINT('',(-0.007,0.,0.008));
#15264=CARTESIAN_POINT('',(-0.007,0.004,0.008));
#15265=CARTESIAN_POINT('',(0.02725,0.,0.008));
#15266=CARTESIAN_POINT('',(-0.008,0.,0.008));
#15267=CARTESIAN_POINT('',(-0.008,-2.00000000000027E-6,0.008));
#15268=CARTESIAN_POINT('',(-0.008,0.004,0.008));
#15269=CARTESIAN_POINT('',(0.02725,0.004,0.008));
#15270=CARTESIAN_POINT('',(0.02725,0.004,0.008));
#15271=CARTESIAN_POINT('',(-0.0085,-2.00000000000027E-6,0.008));
#15272=CARTESIAN_POINT('',(-0.0085,0.,0.008));
#15273=CARTESIAN_POINT('',(-0.0085,0.004,0.008));
#15274=CARTESIAN_POINT('',(0.02725,0.,0.008));
#15275=CARTESIAN_POINT('',(-0.0095,0.,0.008));
#15276=CARTESIAN_POINT('',(-0.0095,-2.00000000000027E-6,0.008));
#15277=CARTESIAN_POINT('',(-0.0095,0.004,0.008));
#15278=CARTESIAN_POINT('',(0.02725,0.004,0.008));
#15279=CARTESIAN_POINT('',(0.02725,0.004,0.008));
#15280=CARTESIAN_POINT('',(-0.01,-2.00000000000027E-6,0.008));
#15281=CARTESIAN_POINT('',(-0.01,0.,0.008));
#15282=CARTESIAN_POINT('',(-0.01,0.004,0.008));
#15283=CARTESIAN_POINT('',(0.02725,0.,0.008));
#15284=CARTESIAN_POINT('',(-0.011,0.,0.008));
#15285=CARTESIAN_POINT('',(-0.011,-2.00000000000027E-6,0.008));
#15286=CARTESIAN_POINT('',(-0.011,0.004,0.008));
#15287=CARTESIAN_POINT('',(0.02725,0.004,0.008));
#15288=CARTESIAN_POINT('',(0.02725,0.004,0.008));
#15289=CARTESIAN_POINT('',(-0.0115,-2.00000000000027E-6,0.008));
#15290=CARTESIAN_POINT('',(-0.0115,0.,0.008));
#15291=CARTESIAN_POINT('',(-0.0115,0.004,0.008));
#15292=CARTESIAN_POINT('',(0.02725,0.,0.008));
#15293=CARTESIAN_POINT('',(-0.0125,0.,0.008));
#15294=CARTESIAN_POINT('',(-0.0125,-2.00000000000027E-6,0.008));
#15295=CARTESIAN_POINT('',(-0.0125,0.004,0.008));
#15296=CARTESIAN_POINT('',(0.02725,0.004,0.008));
#15297=CARTESIAN_POINT('',(0.02725,0.004,0.008));
#15298=CARTESIAN_POINT('',(-0.013,-2.00000000000027E-6,0.008));
#15299=CARTESIAN_POINT('',(-0.013,0.,0.008));
#15300=CARTESIAN_POINT('',(-0.013,0.004,0.008));
#15301=CARTESIAN_POINT('',(0.02725,0.,0.008));
#15302=CARTESIAN_POINT('',(-0.014,0.,0.008));
#15303=CARTESIAN_POINT('',(-0.014,-2.00000000000027E-6,0.008));
#15304=CARTESIAN_POINT('',(-0.014,0.004,0.008));
#15305=CARTESIAN_POINT('',(0.02725,0.004,0.008));
#15306=CARTESIAN_POINT('',(0.02725,0.004,0.008));
#15307=CARTESIAN_POINT('',(-0.0145,-2.00000000000027E-6,0.008));
#15308=CARTESIAN_POINT('',(-0.0145,0.,0.008));
#15309=CARTESIAN_POINT('',(-0.0145,0.004,0.008));
#15310=CARTESIAN_POINT('',(0.02725,0.,0.008));
#15311=CARTESIAN_POINT('',(-0.0155,0.,0.008));
#15312=CARTESIAN_POINT('',(-0.0155,-2.00000000000027E-6,0.008));
#15313=CARTESIAN_POINT('',(-0.0155,0.004,0.008));
#15314=CARTESIAN_POINT('',(0.02725,0.004,0.008));
#15315=CARTESIAN_POINT('',(0.02725,0.004,0.008));
#15316=CARTESIAN_POINT('',(-0.016,-2.00000000000027E-6,0.008));
#15317=CARTESIAN_POINT('',(-0.016,0.,0.008));
#15318=CARTESIAN_POINT('',(-0.016,0.004,0.008));
#15319=CARTESIAN_POINT('',(0.02725,0.,0.008));
#15320=CARTESIAN_POINT('',(-0.017,0.,0.008));
#15321=CARTESIAN_POINT('',(-0.017,-2.00000000000027E-6,0.008));
#15322=CARTESIAN_POINT('',(-0.017,0.004,0.008));
#15323=CARTESIAN_POINT('',(0.02725,0.004,0.008));
#15324=CARTESIAN_POINT('',(0.02725,0.004,0.008));
#15325=CARTESIAN_POINT('',(-0.0175,-2.00000000000027E-6,0.008));
#15326=CARTESIAN_POINT('',(-0.0175,0.,0.008));
#15327=CARTESIAN_POINT('',(-0.0175,0.004,0.008));
#15328=CARTESIAN_POINT('',(0.02725,0.,0.008));
#15329=CARTESIAN_POINT('',(-0.0185,0.,0.008));
#15330=CARTESIAN_POINT('',(-0.0185,-2.00000000000027E-6,0.008));
#15331=CARTESIAN_POINT('',(-0.0185,0.004,0.008));
#15332=CARTESIAN_POINT('',(0.02725,0.004,0.008));
#15333=CARTESIAN_POINT('',(0.,0.004,0.0050000125));
#15334=CARTESIAN_POINT('',(0.025,0.004,0.0045));
#15335=CARTESIAN_POINT('',(0.025,0.004,0.00100000000000016));
#15336=CARTESIAN_POINT('',(0.02475,0.004,0.00100000000000015));
#15337=CARTESIAN_POINT('',(0.0245,0.004,0.00100000000000015));
#15338=CARTESIAN_POINT('',(0.0245,0.004,0.0045));
#15339=CARTESIAN_POINT('',(0.0235,0.004,0.0045));
#15340=CARTESIAN_POINT('',(0.0235,0.004,0.00100000000000015));
#15341=CARTESIAN_POINT('',(0.02325,0.004,0.00100000000000015));
#15342=CARTESIAN_POINT('',(0.023,0.004,0.00100000000000015));
#15343=CARTESIAN_POINT('',(0.023,0.004,0.0045));
#15344=CARTESIAN_POINT('',(0.022,0.004,0.0045));
#15345=CARTESIAN_POINT('',(0.022,0.004,0.00100000000000015));
#15346=CARTESIAN_POINT('',(0.02175,0.004,0.00100000000000014));
#15347=CARTESIAN_POINT('',(0.0215,0.004,0.00100000000000014));
#15348=CARTESIAN_POINT('',(0.0215,0.004,0.0045));
#15349=CARTESIAN_POINT('',(0.0205,0.004,0.0045));
#15350=CARTESIAN_POINT('',(0.0205,0.004,0.00100000000000014));
#15351=CARTESIAN_POINT('',(0.02025,0.004,0.00100000000000014));
#15352=CARTESIAN_POINT('',(0.02,0.004,0.00100000000000014));
#15353=CARTESIAN_POINT('',(0.02,0.004,0.0045));
#15354=CARTESIAN_POINT('',(0.019,0.004,0.0045));
#15355=CARTESIAN_POINT('',(0.019,0.004,0.00100000000000013));
#15356=CARTESIAN_POINT('',(0.01875,0.004,0.00100000000000013));
#15357=CARTESIAN_POINT('',(0.0185,0.004,0.00100000000000013));
#15358=CARTESIAN_POINT('',(0.0185,0.004,0.0045));
#15359=CARTESIAN_POINT('',(0.0175,0.004,0.0045));
#15360=CARTESIAN_POINT('',(0.0175,0.004,0.00100000000000013));
#15361=CARTESIAN_POINT('',(0.01725,0.004,0.00100000000000013));
#15362=CARTESIAN_POINT('',(0.017,0.004,0.00100000000000013));
#15363=CARTESIAN_POINT('',(0.017,0.004,0.0045));
#15364=CARTESIAN_POINT('',(0.016,0.004,0.0045));
#15365=CARTESIAN_POINT('',(0.016,0.004,0.00100000000000012));
#15366=CARTESIAN_POINT('',(0.01575,0.004,0.00100000000000012));
#15367=CARTESIAN_POINT('',(0.0155,0.004,0.00100000000000012));
#15368=CARTESIAN_POINT('',(0.0155,0.004,0.0045));
#15369=CARTESIAN_POINT('',(0.0145,0.004,0.0045));
#15370=CARTESIAN_POINT('',(0.0145,0.004,0.00100000000000012));
#15371=CARTESIAN_POINT('',(0.01425,0.004,0.00100000000000012));
#15372=CARTESIAN_POINT('',(0.014,0.004,0.00100000000000012));
#15373=CARTESIAN_POINT('',(0.014,0.004,0.0045));
#15374=CARTESIAN_POINT('',(0.013,0.004,0.0045));
#15375=CARTESIAN_POINT('',(0.013,0.004,0.00100000000000011));
#15376=CARTESIAN_POINT('',(0.01275,0.004,0.00100000000000011));
#15377=CARTESIAN_POINT('',(0.0125,0.004,0.00100000000000011));
#15378=CARTESIAN_POINT('',(0.0125,0.004,0.0045));
#15379=CARTESIAN_POINT('',(0.0115,0.004,0.0045));
#15380=CARTESIAN_POINT('',(0.0115,0.004,0.00100000000000011));
#15381=CARTESIAN_POINT('',(0.01125,0.004,0.00100000000000011));
#15382=CARTESIAN_POINT('',(0.011,0.004,0.00100000000000011));
#15383=CARTESIAN_POINT('',(0.011,0.004,0.0045));
#15384=CARTESIAN_POINT('',(0.01,0.004,0.0045));
#15385=CARTESIAN_POINT('',(0.01,0.004,0.0010000000000001));
#15386=CARTESIAN_POINT('',(0.00975,0.004,0.0010000000000001));
#15387=CARTESIAN_POINT('',(0.0095,0.004,0.0010000000000001));
#15388=CARTESIAN_POINT('',(0.0095,0.004,0.0045));
#15389=CARTESIAN_POINT('',(0.0085,0.004,0.0045));
#15390=CARTESIAN_POINT('',(0.0085,0.004,0.0010000000000001));
#15391=CARTESIAN_POINT('',(0.00825,0.004,0.0010000000000001));
#15392=CARTESIAN_POINT('',(0.008,0.004,0.0010000000000001));
#15393=CARTESIAN_POINT('',(0.008,0.004,0.0045));
#15394=CARTESIAN_POINT('',(0.007,0.004,0.0045));
#15395=CARTESIAN_POINT('',(0.007,0.004,0.00100000000000009));
#15396=CARTESIAN_POINT('',(0.00675,0.004,0.00100000000000009));
#15397=CARTESIAN_POINT('',(0.0065,0.004,0.00100000000000009));
#15398=CARTESIAN_POINT('',(0.0065,0.004,0.0045));
#15399=CARTESIAN_POINT('',(0.0055,0.004,0.0045));
#15400=CARTESIAN_POINT('',(0.0055,0.004,0.00100000000000009));
#15401=CARTESIAN_POINT('',(0.00525,0.004,0.00100000000000009));
#15402=CARTESIAN_POINT('',(0.005,0.004,0.00100000000000009));
#15403=CARTESIAN_POINT('',(0.005,0.004,0.0045));
#15404=CARTESIAN_POINT('',(0.004,0.004,0.0045));
#15405=CARTESIAN_POINT('',(0.004,0.004,0.00100000000000008));
#15406=CARTESIAN_POINT('',(0.00375,0.004,0.00100000000000008));
#15407=CARTESIAN_POINT('',(0.0035,0.004,0.00100000000000008));
#15408=CARTESIAN_POINT('',(0.0035,0.004,0.0045));
#15409=CARTESIAN_POINT('',(0.0025,0.004,0.0045));
#15410=CARTESIAN_POINT('',(0.0025,0.004,0.00100000000000008));
#15411=CARTESIAN_POINT('',(0.00225000000000002,0.004,0.00100000000000008));
#15412=CARTESIAN_POINT('',(0.00200000000000003,0.004,0.00100000000000008));
#15413=CARTESIAN_POINT('',(0.00200000000000003,0.004,0.0045));
#15414=CARTESIAN_POINT('',(0.00100000000000002,0.004,0.0045));
#15415=CARTESIAN_POINT('',(0.00100000000000002,0.004,0.00100000000000007));
#15416=CARTESIAN_POINT('',(0.000750000000000022,0.004,0.00100000000000007));
#15417=CARTESIAN_POINT('',(0.000500000000000021,0.004,0.00100000000000007));
#15418=CARTESIAN_POINT('',(0.000500000000000021,0.004,0.0045));
#15419=CARTESIAN_POINT('',(-0.00049999999999998,0.004,0.0045));
#15420=CARTESIAN_POINT('',(-0.00049999999999998,0.004,0.00100000000000007));
#15421=CARTESIAN_POINT('',(-0.00074999999999998,0.004,0.00100000000000007));
#15422=CARTESIAN_POINT('',(-0.00099999999999998,0.004,0.00100000000000006));
#15423=CARTESIAN_POINT('',(-0.00099999999999998,0.004,0.0045));
#15424=CARTESIAN_POINT('',(-0.002,0.004,0.0045));
#15425=CARTESIAN_POINT('',(-0.002,0.004,0.00100000000000006));
#15426=CARTESIAN_POINT('',(-0.00225,0.004,0.00100000000000006));
#15427=CARTESIAN_POINT('',(-0.0025,0.004,0.00100000000000006));
#15428=CARTESIAN_POINT('',(-0.0025,0.004,0.0045));
#15429=CARTESIAN_POINT('',(-0.0035,0.004,0.0045));
#15430=CARTESIAN_POINT('',(-0.0035,0.004,0.00100000000000006));
#15431=CARTESIAN_POINT('',(-0.00375,0.004,0.00100000000000006));
#15432=CARTESIAN_POINT('',(-0.004,0.004,0.00100000000000005));
#15433=CARTESIAN_POINT('',(-0.004,0.004,0.0045));
#15434=CARTESIAN_POINT('',(-0.005,0.004,0.0045));
#15435=CARTESIAN_POINT('',(-0.005,0.004,0.00100000000000005));
#15436=CARTESIAN_POINT('',(-0.00525,0.004,0.00100000000000005));
#15437=CARTESIAN_POINT('',(-0.0055,0.004,0.00100000000000005));
#15438=CARTESIAN_POINT('',(-0.0055,0.004,0.0045));
#15439=CARTESIAN_POINT('',(-0.0065,0.004,0.0045));
#15440=CARTESIAN_POINT('',(-0.0065,0.004,0.00100000000000005));
#15441=CARTESIAN_POINT('',(-0.00675,0.004,0.00100000000000004));
#15442=CARTESIAN_POINT('',(-0.007,0.004,0.00100000000000004));
#15443=CARTESIAN_POINT('',(-0.007,0.004,0.0045));
#15444=CARTESIAN_POINT('',(-0.008,0.004,0.0045));
#15445=CARTESIAN_POINT('',(-0.008,0.004,0.00100000000000004));
#15446=CARTESIAN_POINT('',(-0.00825,0.004,0.00100000000000004));
#15447=CARTESIAN_POINT('',(-0.0085,0.004,0.00100000000000004));
#15448=CARTESIAN_POINT('',(-0.0085,0.004,0.0045));
#15449=CARTESIAN_POINT('',(-0.0095,0.004,0.0045));
#15450=CARTESIAN_POINT('',(-0.0095,0.004,0.00100000000000004));
#15451=CARTESIAN_POINT('',(-0.00975,0.004,0.00100000000000003));
#15452=CARTESIAN_POINT('',(-0.01,0.004,0.00100000000000003));
#15453=CARTESIAN_POINT('',(-0.01,0.004,0.0045));
#15454=CARTESIAN_POINT('',(-0.011,0.004,0.0045));
#15455=CARTESIAN_POINT('',(-0.011,0.004,0.00100000000000003));
#15456=CARTESIAN_POINT('',(-0.01125,0.004,0.00100000000000003));
#15457=CARTESIAN_POINT('',(-0.0115,0.004,0.00100000000000003));
#15458=CARTESIAN_POINT('',(-0.0115,0.004,0.0045));
#15459=CARTESIAN_POINT('',(-0.0125,0.004,0.0045));
#15460=CARTESIAN_POINT('',(-0.0125,0.004,0.00100000000000002));
#15461=CARTESIAN_POINT('',(-0.01275,0.004,0.00100000000000002));
#15462=CARTESIAN_POINT('',(-0.013,0.004,0.00100000000000002));
#15463=CARTESIAN_POINT('',(-0.013,0.004,0.0045));
#15464=CARTESIAN_POINT('',(-0.014,0.004,0.0045));
#15465=CARTESIAN_POINT('',(-0.014,0.004,0.00100000000000002));
#15466=CARTESIAN_POINT('',(-0.01425,0.004,0.00100000000000002));
#15467=CARTESIAN_POINT('',(-0.0145,0.004,0.00100000000000002));
#15468=CARTESIAN_POINT('',(-0.0145,0.004,0.0045));
#15469=CARTESIAN_POINT('',(-0.0155,0.004,0.0045));
#15470=CARTESIAN_POINT('',(-0.0155,0.004,0.00100000000000001));
#15471=CARTESIAN_POINT('',(-0.01575,0.004,0.00100000000000001));
#15472=CARTESIAN_POINT('',(-0.016,0.004,0.00100000000000001));
#15473=CARTESIAN_POINT('',(-0.016,0.004,0.0045));
#15474=CARTESIAN_POINT('',(-0.017,0.004,0.0045));
#15475=CARTESIAN_POINT('',(-0.017,0.004,0.001));
#15476=CARTESIAN_POINT('',(-0.01725,0.004,0.001));
#15477=CARTESIAN_POINT('',(-0.0175,0.004,0.001));
#15478=CARTESIAN_POINT('',(-0.0175,0.004,0.0045));
#15479=CARTESIAN_POINT('',(-0.0185,0.004,0.0045));
#15480=CARTESIAN_POINT('',(-0.0185,0.004,0.001));
#15481=CARTESIAN_POINT('',(-0.01875,0.004,0.001));
#15482=CARTESIAN_POINT('',(-0.019,0.004,0.001));
#15483=CARTESIAN_POINT('',(-0.019,0.004,0.0045));
#15484=CARTESIAN_POINT('',(-0.019,0.004,0.008));
#15485=CARTESIAN_POINT('',(0.02725,0.004,0.008));
#15486=CARTESIAN_POINT('',(-0.02,0.004,0.008));
#15487=CARTESIAN_POINT('',(-0.02,0.004,0.0045));
#15488=CARTESIAN_POINT('',(-0.02,0.004,0.001));
#15489=CARTESIAN_POINT('',(-0.024,0.004,0.000999999999999986));
#15490=CARTESIAN_POINT('',(-0.028,0.004,0.000999999999999972));
#15491=CARTESIAN_POINT('',(-0.028,0.004,0.000500000000000009));
#15492=CARTESIAN_POINT('',(-0.028,0.004,0.));
#15493=CARTESIAN_POINT('',(0.0295,0.004,0.));
#15494=CARTESIAN_POINT('',(0.028,0.004,0.));
#15495=CARTESIAN_POINT('',(0.028,0.004,0.001));
#15496=CARTESIAN_POINT('',(0.028,0.004,0.002));
#15497=CARTESIAN_POINT('',(0.02775,0.004,0.002));
#15498=CARTESIAN_POINT('',(0.0275,0.004,0.002));
#15499=CARTESIAN_POINT('',(0.0275,0.004,0.005));
#15500=CARTESIAN_POINT('',(0.0265,0.004,0.00450000000000008));
#15501=CARTESIAN_POINT('',(0.0265,0.004,0.00100000000000016));
#15502=CARTESIAN_POINT('',(0.02625,0.004,0.00100000000000016));
#15503=CARTESIAN_POINT('',(0.026,0.004,0.00100000000000016));
#15504=CARTESIAN_POINT('',(0.026,0.004,0.0045));
#15505=CARTESIAN_POINT('',(0.029,0.004,0.00933995729557709));
#15506=CARTESIAN_POINT('',(0.029,0.01125,0.00967991068591967));
#15507=CARTESIAN_POINT('',(0.029,0.005,0.00967991068591967));
#15508=CARTESIAN_POINT('',(0.029,0.0175,0.00967991068591967));
#15509=CARTESIAN_POINT('',(0.029,0.015,0.00983995534295983));
#15510=CARTESIAN_POINT('',(0.029,0.0124999999999996,0.01));
#15511=CARTESIAN_POINT('',(0.029,0.004,0.01));
#15512=CARTESIAN_POINT('',(0.029,0.,0.01));
#15513=CARTESIAN_POINT('',(0.029,0.,0.00933995729557709));
#15514=CARTESIAN_POINT('',(0.0290000000001368,0.,0.00867991068591967));
#15515=CARTESIAN_POINT('',(0.0290000000001368,0.004,0.00867991068591967));
#15516=CARTESIAN_POINT('',(0.029,0.004,0.00867991068591967));
#15517=CARTESIAN_POINT('',(0.029,0.004,0.00933995729557709));
#15518=CARTESIAN_POINT('',(0.029,0.004,0.00699490727856755));
#15519=CARTESIAN_POINT('',(0.029,0.004,0.00699490727856755));
#15520=CARTESIAN_POINT('',(0.029,0.,0.00699490727856755));
#15521=CARTESIAN_POINT('',(0.029,0.,0.00449745363928378));
#15522=CARTESIAN_POINT('',(0.029,0.,0.002));
#15523=CARTESIAN_POINT('',(0.029,0.004,0.002));
#15524=CARTESIAN_POINT('',(0.029,0.01,0.002));
#15525=CARTESIAN_POINT('',(0.029,0.01,0.00933995729557709));
#15526=CARTESIAN_POINT('',(0.029,0.01,0.));
#15527=CARTESIAN_POINT('',(0.029,0.02,0.));
#15528=CARTESIAN_POINT('',(0.029,0.01625,0.));
#15529=CARTESIAN_POINT('',(0.029,0.01625,0.00933995729557709));
#15530=CARTESIAN_POINT('',(0.029,0.01625,0.003));
#15531=CARTESIAN_POINT('',(0.029,0.01625,0.003));
#15532=CARTESIAN_POINT('',(0.029,0.02,0.003));
#15533=CARTESIAN_POINT('',(0.029,0.02,0.00933995729557709));
#15534=CARTESIAN_POINT('',(0.029,0.02,0.0045));
#15535=CARTESIAN_POINT('',(0.029,0.0075,0.0045));
#15536=CARTESIAN_POINT('',(0.029,0.0075,0.0045));
#15537=CARTESIAN_POINT('',(0.029,0.0075,0.00933995729557709));
#15538=CARTESIAN_POINT('',(0.029,0.0075,0.006));
#15539=CARTESIAN_POINT('',(0.029,0.0075,0.006));
#15540=CARTESIAN_POINT('',(0.029,0.0175,0.006));
#15541=CARTESIAN_POINT('',(0.029,0.0175,0.00933995729557709));
#15542=CARTESIAN_POINT('',(0.029,0.0175,0.00867991068591967));
#15543=CARTESIAN_POINT('',(0.029,0.01091554953019,0.00867991068591967));
#15544=CARTESIAN_POINT('',(0.029,0.00433109906037993,0.00867991068591967));
#15545=CARTESIAN_POINT('',(0.029,0.00433109906037993,0.00884546021610964));
#15546=CARTESIAN_POINT('',(0.029,0.00433109906037993,0.0090110097462996));
#15547=CARTESIAN_POINT('',(0.029,0.00466554953018997,0.00934546021610964));
#15548=CARTESIAN_POINT('',(0.0145,0.004,0.01));
#15549=CARTESIAN_POINT('',(-0.021,0.0124999999999996,0.01));
#15550=CARTESIAN_POINT('',(-0.0199949815495573,0.0124999999999996,0.01));
#15551=CARTESIAN_POINT('',(-0.0199949815495573,0.025,0.01));
#15552=CARTESIAN_POINT('',(-0.0199949815495573,0.,0.01));
#15553=CARTESIAN_POINT('',(0.0145,0.,0.01));
#15554=CARTESIAN_POINT('',(-0.0202500508803709,0.025,0.00975));
#15555=CARTESIAN_POINT('',(-0.0208067745265471,0.0249287051210285,0.00920434086058067));
#15556=CARTESIAN_POINT('',(-0.0203215614181296,0.0175,0.00967991068591966));
#15557=CARTESIAN_POINT('',(-0.00337069162287984,0.0175,0.0262938933834646));
#15558=CARTESIAN_POINT('',(-0.0205051202111846,0.0175,0.0095));
#15559=CARTESIAN_POINT('',(-0.0205051202111846,0.025,0.0095));
#15560=CARTESIAN_POINT('',(-0.0205051202111846,0.,0.0095));
#15561=CARTESIAN_POINT('',(-0.0202500508803709,0.,0.00975));
#15562=CARTESIAN_POINT('',(-0.003,0.0175,0.005));
#15563=CARTESIAN_POINT('',(-0.021,0.0175,0.00967991068591967));
#15564=CARTESIAN_POINT('',(0.03,0.0175,0.00967991068591967));
#15565=CARTESIAN_POINT('',(0.03,0.0175,0.00967991068591967));
#15566=CARTESIAN_POINT('',(0.03,0.0175,0.00933995729557709));
#15567=CARTESIAN_POINT('',(0.03,0.0175,0.00867991068591967));
#15568=CARTESIAN_POINT('',(0.03,0.0175,0.00867991068591967));
#15569=CARTESIAN_POINT('',(0.0035,0.0175,0.006));
#15570=CARTESIAN_POINT('',(-0.022,0.0175,0.006));
#15571=CARTESIAN_POINT('',(-0.022,0.0175,0.008));
#15572=CARTESIAN_POINT('',(-0.022,0.0175,0.0095));
#15573=CARTESIAN_POINT('',(0.0175,0.0175,0.0095));
#15574=CARTESIAN_POINT('',(-0.0247525601055923,0.025,0.0095));
#15575=CARTESIAN_POINT('',(-0.022,0.0075,0.0095));
#15576=CARTESIAN_POINT('',(-0.022,0.0075,0.0095));
#15577=CARTESIAN_POINT('',(0.0175,0.0075,0.0095));
#15578=CARTESIAN_POINT('',(-0.025,0.0075,0.0095));
#15579=CARTESIAN_POINT('',(-0.025,0.0075,0.0095));
#15580=CARTESIAN_POINT('',(-0.025,0.02,0.0095));
#15581=CARTESIAN_POINT('',(0.0175,0.02,0.0095));
#15582=CARTESIAN_POINT('',(-0.027,0.02,0.0095));
#15583=CARTESIAN_POINT('',(-0.027,0.0075,0.0095));
#15584=CARTESIAN_POINT('',(-0.027,0.0075,0.0095));
#15585=CARTESIAN_POINT('',(0.0175,0.0075,0.0095));
#15586=CARTESIAN_POINT('',(-0.029,0.0075,0.0095));
#15587=CARTESIAN_POINT('',(-0.029,0.025,0.0095));
#15588=CARTESIAN_POINT('',(-0.029,0.,0.0095));
#15589=CARTESIAN_POINT('',(-0.0247525601055923,0.,0.0095));
#15590=CARTESIAN_POINT('',(-0.029,0.004,0.00933995729557711));
#15591=CARTESIAN_POINT('',(-0.029,0.014,0.00933995729557711));
#15592=CARTESIAN_POINT('',(-0.029,0.014,0.002));
#15593=CARTESIAN_POINT('',(-0.029,0.014,0.0045));
#15594=CARTESIAN_POINT('',(-0.029,0.014,0.002));
#15595=CARTESIAN_POINT('',(-0.029,0.02,0.002));
#15596=CARTESIAN_POINT('',(-0.029,0.02,0.00933995729557711));
#15597=CARTESIAN_POINT('',(-0.029,0.02,1.94939550612894E-17));
#15598=CARTESIAN_POINT('',(-0.029,0.02,1.94939550612894E-17));
#15599=CARTESIAN_POINT('',(-0.029,0.01,1.94939550612894E-17));
#15600=CARTESIAN_POINT('',(-0.029,0.01,0.00933995729557711));
#15601=CARTESIAN_POINT('',(-0.029,0.01,0.002));
#15602=CARTESIAN_POINT('',(-0.029,0.004,0.002));
#15603=CARTESIAN_POINT('',(-0.029,0.,0.002));
#15604=CARTESIAN_POINT('',(-0.029,0.,0.0044974536392838));
#15605=CARTESIAN_POINT('',(-0.029,0.,0.00699490727856757));
#15606=CARTESIAN_POINT('',(-0.029,0.004,0.00699490727856757));
#15607=CARTESIAN_POINT('',(-0.029,0.004,0.00699490727856757));
#15608=CARTESIAN_POINT('',(-0.029,0.004,0.00933995729557711));
#15609=CARTESIAN_POINT('',(-0.0290000000001368,0.004,0.00867991263856374));
#15610=CARTESIAN_POINT('',(-0.0290000000001368,0.004,0.00867991068591969));
#15611=CARTESIAN_POINT('',(-0.0290000000001368,0.,0.00867991263856374));
#15612=CARTESIAN_POINT('',(-0.029,0.,0.00933995729557711));
#15613=CARTESIAN_POINT('',(-0.029,0.0075,0.00933995729557711));
#15614=CARTESIAN_POINT('',(-0.029,0.0075,0.006));
#15615=CARTESIAN_POINT('',(-0.029,0.0075,0.006));
#15616=CARTESIAN_POINT('',(-0.029,0.02,0.006));
#15617=CARTESIAN_POINT('',(-0.029,0.02,0.00933995729557711));
#15618=CARTESIAN_POINT('',(-0.029,0.02,0.0045));
#15619=CARTESIAN_POINT('',(-0.029,0.014,0.0045));
#15620=CARTESIAN_POINT('',(0.0175,0.02,0.005));
#15621=CARTESIAN_POINT('',(-0.0285,0.02,0.002));
#15622=CARTESIAN_POINT('',(-0.028,0.02,0.002));
#15623=CARTESIAN_POINT('',(-0.028,0.02,0.00325));
#15624=CARTESIAN_POINT('',(-0.028,0.02,0.0045));
#15625=CARTESIAN_POINT('',(-0.0285,0.02,0.0045));
#15626=CARTESIAN_POINT('',(-0.028,0.02,0.006));
#15627=CARTESIAN_POINT('',(-0.027,0.02,0.006));
#15628=CARTESIAN_POINT('',(-0.027,0.02,0.0085));
#15629=CARTESIAN_POINT('',(-0.025,0.02,0.0085));
#15630=CARTESIAN_POINT('',(-0.025,0.02,0.007));
#15631=CARTESIAN_POINT('',(-0.0255,0.02,0.007));
#15632=CARTESIAN_POINT('',(-0.026,0.02,0.007));
#15633=CARTESIAN_POINT('',(-0.026,0.02,0.00525));
#15634=CARTESIAN_POINT('',(-0.026,0.02,0.0045));
#15635=CARTESIAN_POINT('',(0.00575,0.02,0.0045));
#15636=CARTESIAN_POINT('',(0.00575,0.02,0.003));
#15637=CARTESIAN_POINT('',(-0.0175,0.02,0.003));
#15638=CARTESIAN_POINT('',(-0.0175,0.02,0.0015));
#15639=CARTESIAN_POINT('',(-0.0175,0.02,0.));
#15640=CARTESIAN_POINT('',(0.0295,0.02,0.));
#15641=CARTESIAN_POINT('',(0.0295,0.004,0.));
#15642=CARTESIAN_POINT('',(-0.0175,0.01625,0.));
#15643=CARTESIAN_POINT('',(-0.0175,0.01625,0.));
#15644=CARTESIAN_POINT('',(0.0295,0.01625,0.));
#15645=CARTESIAN_POINT('',(0.0295,0.01,0.));
#15646=CARTESIAN_POINT('',(0.035,0.01,0.));
#15647=CARTESIAN_POINT('',(0.035,0.01,0.));
#15648=CARTESIAN_POINT('',(0.035,0.006,0.));
#15649=CARTESIAN_POINT('',(0.0295,0.006,0.));
#15650=CARTESIAN_POINT('',(0.03,0.006,0.));
#15651=CARTESIAN_POINT('',(0.03,0.004,0.));
#15652=CARTESIAN_POINT('',(0.03,0.,0.));
#15653=CARTESIAN_POINT('',(0.0295,0.,0.));
#15654=CARTESIAN_POINT('',(0.028,0.,0.));
#15655=CARTESIAN_POINT('',(0.028,0.004,0.));
#15656=CARTESIAN_POINT('',(-0.028,0.004,0.));
#15657=CARTESIAN_POINT('',(-0.028,0.,0.));
#15658=CARTESIAN_POINT('',(0.0295,0.,0.));
#15659=CARTESIAN_POINT('',(-0.03,0.,2.01661604082304E-17));
#15660=CARTESIAN_POINT('',(-0.03,0.004,2.01661604082304E-17));
#15661=CARTESIAN_POINT('',(-0.03,0.006,2.01661604082304E-17));
#15662=CARTESIAN_POINT('',(-0.0295,0.006,1.98300577347599E-17));
#15663=CARTESIAN_POINT('',(-0.035,0.006,2.35271871429354E-17));
#15664=CARTESIAN_POINT('',(-0.035,0.01,2.35271871429354E-17));
#15665=CARTESIAN_POINT('',(-0.035,0.01,2.35271871429354E-17));
#15666=CARTESIAN_POINT('',(-0.0295,0.01,1.98300577347599E-17));
#15667=CARTESIAN_POINT('',(0.00299887083533683,0.,0.005));
#15668=CARTESIAN_POINT('',(-0.0275,0.,0.00675));
#15669=CARTESIAN_POINT('',(-0.0275,0.,0.008));
#15670=CARTESIAN_POINT('',(-0.0275,0.,0.0055));
#15671=CARTESIAN_POINT('',(-0.026375,0.,0.008));
#15672=CARTESIAN_POINT('',(-0.02525,0.,0.008));
#15673=CARTESIAN_POINT('',(-0.02525,0.,0.00675));
#15674=CARTESIAN_POINT('',(-0.02525,0.,0.0055));
#15675=CARTESIAN_POINT('',(-0.026375,0.,0.0055));
#15676=CARTESIAN_POINT('',(-0.02375,0.,0.00675));
#15677=CARTESIAN_POINT('',(-0.02375,0.,0.008));
#15678=CARTESIAN_POINT('',(-0.02375,0.,0.0055));
#15679=CARTESIAN_POINT('',(-0.022625,0.,0.008));
#15680=CARTESIAN_POINT('',(-0.0215,0.,0.008));
#15681=CARTESIAN_POINT('',(-0.0215,0.,0.00675));
#15682=CARTESIAN_POINT('',(-0.0215,0.,0.0055));
#15683=CARTESIAN_POINT('',(-0.022625,0.,0.0055));
#15684=CARTESIAN_POINT('',(-0.02375,0.,0.00325));
#15685=CARTESIAN_POINT('',(-0.02375,0.,0.004));
#15686=CARTESIAN_POINT('',(-0.02375,0.,0.0025));
#15687=CARTESIAN_POINT('',(-0.022625,0.,0.004));
#15688=CARTESIAN_POINT('',(-0.0215,0.,0.004));
#15689=CARTESIAN_POINT('',(-0.0215,0.,0.00325));
#15690=CARTESIAN_POINT('',(-0.0215,0.,0.0025));
#15691=CARTESIAN_POINT('',(-0.022625,0.,0.0025));
#15692=CARTESIAN_POINT('',(-0.0275,0.,0.00325));
#15693=CARTESIAN_POINT('',(-0.0275,0.,0.004));
#15694=CARTESIAN_POINT('',(-0.0275,0.,0.0025));
#15695=CARTESIAN_POINT('',(-0.026375,0.,0.004));
#15696=CARTESIAN_POINT('',(-0.02525,0.,0.004));
#15697=CARTESIAN_POINT('',(-0.02525,0.,0.00325));
#15698=CARTESIAN_POINT('',(-0.02525,0.,0.0025));
#15699=CARTESIAN_POINT('',(-0.026375,0.,0.0025));
#15700=CARTESIAN_POINT('',(0.02775,0.,0.002));
#15701=CARTESIAN_POINT('',(0.0275,0.,0.002));
#15702=CARTESIAN_POINT('',(0.028,0.,0.002));
#15703=CARTESIAN_POINT('',(0.028,0.,0.001));
#15704=CARTESIAN_POINT('',(0.03,0.,0.001));
#15705=CARTESIAN_POINT('',(0.03,0.,0.002));
#15706=CARTESIAN_POINT('',(0.0295,0.,0.002));
#15707=CARTESIAN_POINT('',(0.029,0.,0.00699490727856755));
#15708=CARTESIAN_POINT('',(0.0291878772483434,0.,0.00739223625750033));
#15709=CARTESIAN_POINT('',(0.0296314487883022,0.,0.00833031592712228));
#15710=CARTESIAN_POINT('',(0.0334361710540151,0.,0.00837533481396752));
#15711=CARTESIAN_POINT('',(0.0337792905401712,0.,0.0032785042978725));
#15712=CARTESIAN_POINT('',(0.034,0.,-2.72990321837294E-19));
#15713=CARTESIAN_POINT('',(0.034,0.,0.));
#15714=CARTESIAN_POINT('',(0.0344988708353368,0.,0.));
#15715=CARTESIAN_POINT('',(0.0349977416706736,0.,0.));
#15716=CARTESIAN_POINT('',(0.0349977416706736,0.,3.35840684006433E-5));
#15717=CARTESIAN_POINT('',(0.0349977416706736,0.,6.71681368012865E-5));
#15718=CARTESIAN_POINT('',(0.0290000000002735,0.,0.00867991459120776));
#15719=CARTESIAN_POINT('',(0.0290455035583996,0.,0.00871540006049111));
#15720=CARTESIAN_POINT('',(0.0291927891619478,0.,0.00882182894893656));
#15721=CARTESIAN_POINT('',(0.0294719620921022,0.,0.00897669625514975));
#15722=CARTESIAN_POINT('',(0.0298279685709071,0.,0.00910855622062937));
#15723=CARTESIAN_POINT('',(0.0302008331670937,0.,0.00919529697570708));
#15724=CARTESIAN_POINT('',(0.0307185514375606,0.,0.00925236181936862));
#15725=CARTESIAN_POINT('',(0.0312632687181445,0.,0.0092200135002816));
#15726=CARTESIAN_POINT('',(0.0318179150469967,0.,0.00908011354415939));
#15727=CARTESIAN_POINT('',(0.0322315998124397,0.,0.0089140849789727));
#15728=CARTESIAN_POINT('',(0.0326319900102784,0.,0.00868193953523444));
#15729=CARTESIAN_POINT('',(0.033009339866068,0.,0.008373437550206));
#15730=CARTESIAN_POINT('',(0.0333281647031257,0.,0.0080145842454178));
#15731=CARTESIAN_POINT('',(0.0336843881223993,0.,0.00749051607453491));
#15732=CARTESIAN_POINT('',(0.034024335701794,0.,0.00676542221021886));
#15733=CARTESIAN_POINT('',(0.0343208662769493,0.,0.00580359358788466));
#15734=CARTESIAN_POINT('',(0.0345390876002117,0.,0.00475880051104393));
#15735=CARTESIAN_POINT('',(0.0347005230045332,0.,0.00364439808013927));
#15736=CARTESIAN_POINT('',(0.0348618601259242,0.,0.00208830352793982));
#15737=CARTESIAN_POINT('',(0.0349436087879211,0.,0.000871279065703592));
#15738=CARTESIAN_POINT('',(0.0349977416706736,0.,6.71681368012865E-5));
#15739=CARTESIAN_POINT('',(-0.0290000000002735,0.,0.00867991459120778));
#15740=CARTESIAN_POINT('',(-0.0290455035583996,0.,0.00871540006049113));
#15741=CARTESIAN_POINT('',(-0.0291927891619478,0.,0.00882182894893658));
#15742=CARTESIAN_POINT('',(-0.0294719620921022,0.,0.00897669625514977));
#15743=CARTESIAN_POINT('',(-0.0298279685709071,0.,0.00910855622062939));
#15744=CARTESIAN_POINT('',(-0.0302008331670937,0.,0.0091952969757071));
#15745=CARTESIAN_POINT('',(-0.0307185514375606,0.,0.00925236181936864));
#15746=CARTESIAN_POINT('',(-0.0312632687181445,0.,0.00922001350028162));
#15747=CARTESIAN_POINT('',(-0.0318179150469967,0.,0.00908011354415941));
#15748=CARTESIAN_POINT('',(-0.0322315998124397,0.,0.00891408497897272));
#15749=CARTESIAN_POINT('',(-0.0326319900102784,0.,0.00868193953523446));
#15750=CARTESIAN_POINT('',(-0.033009339866068,0.,0.00837343755020602));
#15751=CARTESIAN_POINT('',(-0.0333281647031257,0.,0.00801458424541782));
#15752=CARTESIAN_POINT('',(-0.0336843881223993,0.,0.00749051607453493));
#15753=CARTESIAN_POINT('',(-0.034024335701794,0.,0.00676542221021888));
#15754=CARTESIAN_POINT('',(-0.0343208662769493,0.,0.00580359358788469));
#15755=CARTESIAN_POINT('',(-0.0345390876002117,0.,0.00475880051104395));
#15756=CARTESIAN_POINT('',(-0.0347005230045332,0.,0.00364439808013929));
#15757=CARTESIAN_POINT('',(-0.0348618601259242,0.,0.00208830352793984));
#15758=CARTESIAN_POINT('',(-0.0349436087879211,0.,0.000871279065703616));
#15759=CARTESIAN_POINT('',(-0.0349977416706736,0.,6.716813680131E-5));
#15760=CARTESIAN_POINT('',(-0.0349977416706736,0.,6.716813680131E-5));
#15761=CARTESIAN_POINT('',(-0.0349977416706736,0.,3.35840684006668E-5));
#15762=CARTESIAN_POINT('',(-0.0349977416706736,0.,2.35256690818871E-17));
#15763=CARTESIAN_POINT('',(-0.0344988708353368,0.,2.31903254389408E-17));
#15764=CARTESIAN_POINT('',(-0.034,0.,2.28549817959944E-17));
#15765=CARTESIAN_POINT('',(-0.029,0.,0.00699490727856757));
#15766=CARTESIAN_POINT('',(-0.0291878772483434,0.,0.00739223625750035));
#15767=CARTESIAN_POINT('',(-0.0296314487883022,0.,0.0083303159271223));
#15768=CARTESIAN_POINT('',(-0.0334361710540151,0.,0.00837533481396754));
#15769=CARTESIAN_POINT('',(-0.0337792905401712,0.,0.00327850429787252));
#15770=CARTESIAN_POINT('',(-0.034,0.,2.25819914741571E-17));
#15771=CARTESIAN_POINT('',(-0.0295,0.,0.002));
#15772=CARTESIAN_POINT('',(-0.03,0.,0.002));
#15773=CARTESIAN_POINT('',(-0.03,0.,0.00100000000000002));
#15774=CARTESIAN_POINT('',(-0.028,0.,0.000500000000000009));
#15775=CARTESIAN_POINT('',(-0.028,0.,0.000999999999999972));
#15776=CARTESIAN_POINT('',(-0.024,0.,0.000999999999999986));
#15777=CARTESIAN_POINT('',(-0.02,0.,0.001));
#15778=CARTESIAN_POINT('',(-0.02,0.,0.0045));
#15779=CARTESIAN_POINT('',(-0.02,0.,0.008));
#15780=CARTESIAN_POINT('',(0.02725,0.,0.008));
#15781=CARTESIAN_POINT('',(-0.019,0.,0.008));
#15782=CARTESIAN_POINT('',(-0.019,0.,0.0045));
#15783=CARTESIAN_POINT('',(-0.019,0.,0.001));
#15784=CARTESIAN_POINT('',(-0.01875,0.,0.001));
#15785=CARTESIAN_POINT('',(-0.0185,0.,0.001));
#15786=CARTESIAN_POINT('',(-0.0185,0.,0.0045));
#15787=CARTESIAN_POINT('',(-0.0175,0.,0.0045));
#15788=CARTESIAN_POINT('',(-0.0175,0.,0.001));
#15789=CARTESIAN_POINT('',(-0.01725,0.,0.001));
#15790=CARTESIAN_POINT('',(-0.017,0.,0.001));
#15791=CARTESIAN_POINT('',(-0.017,0.,0.0045));
#15792=CARTESIAN_POINT('',(-0.016,0.,0.0045));
#15793=CARTESIAN_POINT('',(-0.016,0.,0.001));
#15794=CARTESIAN_POINT('',(-0.01575,0.,0.00100000000000001));
#15795=CARTESIAN_POINT('',(-0.0155,0.,0.00100000000000001));
#15796=CARTESIAN_POINT('',(-0.0155,0.,0.0045));
#15797=CARTESIAN_POINT('',(-0.0145,0.,0.0045));
#15798=CARTESIAN_POINT('',(-0.0145,0.,0.001));
#15799=CARTESIAN_POINT('',(-0.01425,0.,0.00100000000000002));
#15800=CARTESIAN_POINT('',(-0.014,0.,0.00100000000000002));
#15801=CARTESIAN_POINT('',(-0.014,0.,0.0045));
#15802=CARTESIAN_POINT('',(-0.013,0.,0.0045));
#15803=CARTESIAN_POINT('',(-0.013,0.,0.001));
#15804=CARTESIAN_POINT('',(-0.01275,0.,0.00100000000000002));
#15805=CARTESIAN_POINT('',(-0.0125,0.,0.00100000000000002));
#15806=CARTESIAN_POINT('',(-0.0125,0.,0.0045));
#15807=CARTESIAN_POINT('',(-0.0115,0.,0.0045));
#15808=CARTESIAN_POINT('',(-0.0115,0.,0.001));
#15809=CARTESIAN_POINT('',(-0.01125,0.,0.00100000000000003));
#15810=CARTESIAN_POINT('',(-0.011,0.,0.00100000000000003));
#15811=CARTESIAN_POINT('',(-0.011,0.,0.0045));
#15812=CARTESIAN_POINT('',(-0.01,0.,0.0045));
#15813=CARTESIAN_POINT('',(-0.01,0.,0.001));
#15814=CARTESIAN_POINT('',(-0.00975,0.,0.00100000000000003));
#15815=CARTESIAN_POINT('',(-0.0095,0.,0.00100000000000004));
#15816=CARTESIAN_POINT('',(-0.0095,0.,0.0045));
#15817=CARTESIAN_POINT('',(-0.0085,0.,0.0045));
#15818=CARTESIAN_POINT('',(-0.0085,0.,0.001));
#15819=CARTESIAN_POINT('',(-0.00825,0.,0.00100000000000004));
#15820=CARTESIAN_POINT('',(-0.008,0.,0.00100000000000004));
#15821=CARTESIAN_POINT('',(-0.008,0.,0.0045));
#15822=CARTESIAN_POINT('',(-0.007,0.,0.0045));
#15823=CARTESIAN_POINT('',(-0.007,0.,0.001));
#15824=CARTESIAN_POINT('',(-0.00675,0.,0.00100000000000004));
#15825=CARTESIAN_POINT('',(-0.0065,0.,0.00100000000000005));
#15826=CARTESIAN_POINT('',(-0.0065,0.,0.0045));
#15827=CARTESIAN_POINT('',(-0.0055,0.,0.0045));
#15828=CARTESIAN_POINT('',(-0.0055,0.,0.001));
#15829=CARTESIAN_POINT('',(-0.00525,0.,0.00100000000000005));
#15830=CARTESIAN_POINT('',(-0.005,0.,0.00100000000000005));
#15831=CARTESIAN_POINT('',(-0.005,0.,0.0045));
#15832=CARTESIAN_POINT('',(-0.004,0.,0.0045));
#15833=CARTESIAN_POINT('',(-0.004,0.,0.001));
#15834=CARTESIAN_POINT('',(-0.00375,0.,0.00100000000000006));
#15835=CARTESIAN_POINT('',(-0.0035,0.,0.00100000000000006));
#15836=CARTESIAN_POINT('',(-0.0035,0.,0.0045));
#15837=CARTESIAN_POINT('',(-0.0025,0.,0.0045));
#15838=CARTESIAN_POINT('',(-0.0025,0.,0.001));
#15839=CARTESIAN_POINT('',(-0.00225,0.,0.00100000000000006));
#15840=CARTESIAN_POINT('',(-0.002,0.,0.00100000000000006));
#15841=CARTESIAN_POINT('',(-0.002,0.,0.0045));
#15842=CARTESIAN_POINT('',(-0.00099999999999998,0.,0.0045));
#15843=CARTESIAN_POINT('',(-0.00099999999999998,0.,0.001));
#15844=CARTESIAN_POINT('',(-0.00074999999999998,0.,0.00100000000000007));
#15845=CARTESIAN_POINT('',(-0.00049999999999998,0.,0.00100000000000007));
#15846=CARTESIAN_POINT('',(-0.00049999999999998,0.,0.0045));
#15847=CARTESIAN_POINT('',(0.000500000000000021,0.,0.0045));
#15848=CARTESIAN_POINT('',(0.000500000000000021,0.,0.001));
#15849=CARTESIAN_POINT('',(0.000750000000000022,0.,0.00100000000000007));
#15850=CARTESIAN_POINT('',(0.00100000000000002,0.,0.00100000000000007));
#15851=CARTESIAN_POINT('',(0.00100000000000002,0.,0.0045));
#15852=CARTESIAN_POINT('',(0.00200000000000003,0.,0.0045));
#15853=CARTESIAN_POINT('',(0.00200000000000003,0.,0.001));
#15854=CARTESIAN_POINT('',(0.00225000000000002,0.,0.00100000000000008));
#15855=CARTESIAN_POINT('',(0.0025,0.,0.00100000000000008));
#15856=CARTESIAN_POINT('',(0.0025,0.,0.0045));
#15857=CARTESIAN_POINT('',(0.0035,0.,0.0045));
#15858=CARTESIAN_POINT('',(0.0035,0.,0.001));
#15859=CARTESIAN_POINT('',(0.00375,0.,0.00100000000000008));
#15860=CARTESIAN_POINT('',(0.004,0.,0.00100000000000008));
#15861=CARTESIAN_POINT('',(0.004,0.,0.0045));
#15862=CARTESIAN_POINT('',(0.005,0.,0.0045));
#15863=CARTESIAN_POINT('',(0.005,0.,0.001));
#15864=CARTESIAN_POINT('',(0.00525,0.,0.00100000000000009));
#15865=CARTESIAN_POINT('',(0.0055,0.,0.00100000000000009));
#15866=CARTESIAN_POINT('',(0.0055,0.,0.0045));
#15867=CARTESIAN_POINT('',(0.0065,0.,0.0045));
#15868=CARTESIAN_POINT('',(0.0065,0.,0.001));
#15869=CARTESIAN_POINT('',(0.00675,0.,0.00100000000000009));
#15870=CARTESIAN_POINT('',(0.007,0.,0.00100000000000009));
#15871=CARTESIAN_POINT('',(0.007,0.,0.0045));
#15872=CARTESIAN_POINT('',(0.008,0.,0.0045));
#15873=CARTESIAN_POINT('',(0.008,0.,0.001));
#15874=CARTESIAN_POINT('',(0.00825,0.,0.0010000000000001));
#15875=CARTESIAN_POINT('',(0.0085,0.,0.0010000000000001));
#15876=CARTESIAN_POINT('',(0.0085,0.,0.0045));
#15877=CARTESIAN_POINT('',(0.0095,0.,0.0045));
#15878=CARTESIAN_POINT('',(0.0095,0.,0.001));
#15879=CARTESIAN_POINT('',(0.00975,0.,0.0010000000000001));
#15880=CARTESIAN_POINT('',(0.01,0.,0.0010000000000001));
#15881=CARTESIAN_POINT('',(0.01,0.,0.0045));
#15882=CARTESIAN_POINT('',(0.011,0.,0.0045));
#15883=CARTESIAN_POINT('',(0.011,0.,0.001));
#15884=CARTESIAN_POINT('',(0.01125,0.,0.00100000000000011));
#15885=CARTESIAN_POINT('',(0.0115,0.,0.00100000000000011));
#15886=CARTESIAN_POINT('',(0.0115,0.,0.0045));
#15887=CARTESIAN_POINT('',(0.0125,0.,0.0045));
#15888=CARTESIAN_POINT('',(0.0125,0.,0.001));
#15889=CARTESIAN_POINT('',(0.01275,0.,0.00100000000000011));
#15890=CARTESIAN_POINT('',(0.013,0.,0.00100000000000011));
#15891=CARTESIAN_POINT('',(0.013,0.,0.0045));
#15892=CARTESIAN_POINT('',(0.014,0.,0.0045));
#15893=CARTESIAN_POINT('',(0.014,0.,0.001));
#15894=CARTESIAN_POINT('',(0.01425,0.,0.00100000000000012));
#15895=CARTESIAN_POINT('',(0.0145,0.,0.00100000000000012));
#15896=CARTESIAN_POINT('',(0.0145,0.,0.0045));
#15897=CARTESIAN_POINT('',(0.0155,0.,0.0045));
#15898=CARTESIAN_POINT('',(0.0155,0.,0.001));
#15899=CARTESIAN_POINT('',(0.01575,0.,0.00100000000000012));
#15900=CARTESIAN_POINT('',(0.016,0.,0.00100000000000012));
#15901=CARTESIAN_POINT('',(0.016,0.,0.0045));
#15902=CARTESIAN_POINT('',(0.017,0.,0.0045));
#15903=CARTESIAN_POINT('',(0.017,0.,0.001));
#15904=CARTESIAN_POINT('',(0.01725,0.,0.00100000000000013));
#15905=CARTESIAN_POINT('',(0.0175,0.,0.00100000000000013));
#15906=CARTESIAN_POINT('',(0.0175,0.,0.0045));
#15907=CARTESIAN_POINT('',(0.0185,0.,0.0045));
#15908=CARTESIAN_POINT('',(0.0185,0.,0.001));
#15909=CARTESIAN_POINT('',(0.01875,0.,0.00100000000000013));
#15910=CARTESIAN_POINT('',(0.019,0.,0.00100000000000013));
#15911=CARTESIAN_POINT('',(0.019,0.,0.0045));
#15912=CARTESIAN_POINT('',(0.02,0.,0.0045));
#15913=CARTESIAN_POINT('',(0.02,0.,0.001));
#15914=CARTESIAN_POINT('',(0.02025,0.,0.00100000000000014));
#15915=CARTESIAN_POINT('',(0.0205,0.,0.00100000000000014));
#15916=CARTESIAN_POINT('',(0.0205,0.,0.0045));
#15917=CARTESIAN_POINT('',(0.0215,0.,0.0045));
#15918=CARTESIAN_POINT('',(0.0215,0.,0.001));
#15919=CARTESIAN_POINT('',(0.02175,0.,0.00100000000000014));
#15920=CARTESIAN_POINT('',(0.022,0.,0.00100000000000015));
#15921=CARTESIAN_POINT('',(0.022,0.,0.0045));
#15922=CARTESIAN_POINT('',(0.023,0.,0.0045));
#15923=CARTESIAN_POINT('',(0.023,0.,0.001));
#15924=CARTESIAN_POINT('',(0.02325,0.,0.00100000000000015));
#15925=CARTESIAN_POINT('',(0.0235,0.,0.00100000000000015));
#15926=CARTESIAN_POINT('',(0.0235,0.,0.0045));
#15927=CARTESIAN_POINT('',(0.0245,0.,0.0045));
#15928=CARTESIAN_POINT('',(0.0245,0.,0.001));
#15929=CARTESIAN_POINT('',(0.02475,0.,0.00100000000000015));
#15930=CARTESIAN_POINT('',(0.025,0.,0.00100000000000016));
#15931=CARTESIAN_POINT('',(0.025,0.,0.0045));
#15932=CARTESIAN_POINT('',(0.026,0.,0.0045));
#15933=CARTESIAN_POINT('',(0.026,0.,0.001));
#15934=CARTESIAN_POINT('',(0.02625,0.,0.00100000000000016));
#15935=CARTESIAN_POINT('',(0.0265,0.,0.00100000000000016));
#15936=CARTESIAN_POINT('',(0.0265,0.,0.00450000000000008));
#15937=CARTESIAN_POINT('',(0.0275,0.,0.005));
#15938=CARTESIAN_POINT('',(0.0175,0.01,0.005));
#15939=CARTESIAN_POINT('',(0.0295,0.01,0.002));
#15940=CARTESIAN_POINT('',(0.035,0.01,0.002));
#15941=CARTESIAN_POINT('',(0.035,0.01,0.001));
#15942=CARTESIAN_POINT('',(0.0295,0.004,0.002));
#15943=CARTESIAN_POINT('',(0.03,0.004,0.002));
#15944=CARTESIAN_POINT('',(0.03,0.006,0.002));
#15945=CARTESIAN_POINT('',(0.0295,0.006,0.002));
#15946=CARTESIAN_POINT('',(0.035,0.006,0.002));
#15947=CARTESIAN_POINT('',(0.035,0.01,0.002));
#15948=CARTESIAN_POINT('',(0.029,0.004,0.00699490727856755));
#15949=CARTESIAN_POINT('',(0.029,0.,0.00699490727856755));
#15950=CARTESIAN_POINT('',(0.0291878772483434,0.004,0.00739223625750033));
#15951=CARTESIAN_POINT('',(0.0291878772483434,0.,0.00739223625750033));
#15952=CARTESIAN_POINT('',(0.0296314487883022,0.004,0.00833031592712228));
#15953=CARTESIAN_POINT('',(0.0296314487883022,0.,0.00833031592712228));
#15954=CARTESIAN_POINT('',(0.0334361710540151,0.004,0.00837533481396752));
#15955=CARTESIAN_POINT('',(0.0334361710540151,0.,0.00837533481396752));
#15956=CARTESIAN_POINT('',(0.0337792905401712,0.004,0.0032785042978725));
#15957=CARTESIAN_POINT('',(0.0337792905401712,0.,0.0032785042978725));
#15958=CARTESIAN_POINT('',(0.034,0.004,-2.72990321837294E-19));
#15959=CARTESIAN_POINT('',(0.034,0.,-2.72990321837294E-19));
#15960=CARTESIAN_POINT('',(0.029,0.004,0.00699490727856755));
#15961=CARTESIAN_POINT('',(0.0291878772483434,0.004,0.00739223625750033));
#15962=CARTESIAN_POINT('',(0.0296314487883022,0.004,0.00833031592712228));
#15963=CARTESIAN_POINT('',(0.0334361710540151,0.004,0.00837533481396752));
#15964=CARTESIAN_POINT('',(0.0337792905401712,0.004,0.0032785042978725));
#15965=CARTESIAN_POINT('',(0.034,0.004,-2.72990321837294E-19));
#15966=CARTESIAN_POINT('',(0.034,0.004,0.));
#15967=CARTESIAN_POINT('',(0.034,0.004,0.));
#15968=CARTESIAN_POINT('',(0.0344988708353368,0.004,0.));
#15969=CARTESIAN_POINT('',(0.0344988708353368,0.004,0.));
#15970=CARTESIAN_POINT('',(0.0349977416706736,0.004,0.));
#15971=CARTESIAN_POINT('',(0.0349977416706736,0.004,0.));
#15972=CARTESIAN_POINT('',(0.0349977416706736,0.004,3.35840684006433E-5));
#15973=CARTESIAN_POINT('',(0.0349977416706736,0.004,3.35840684006433E-5));
#15974=CARTESIAN_POINT('',(0.0349977416706736,0.004,6.71681368012865E-5));
#15975=CARTESIAN_POINT('',(0.0349977416706736,0.004,6.71681368012865E-5));
#15976=CARTESIAN_POINT('',(0.0290000000002735,0.004,0.00867991459120776));
#15977=CARTESIAN_POINT('',(0.0290000000002735,0.,0.00867991459120776));
#15978=CARTESIAN_POINT('',(0.0293161729991508,0.004,0.00892647876556953));
#15979=CARTESIAN_POINT('',(0.0293161729991508,0.,0.00892647876556953));
#15980=CARTESIAN_POINT('',(0.0301188917352953,0.004,0.00925993654767346));
#15981=CARTESIAN_POINT('',(0.0301188917352953,0.,0.00925993654767346));
#15982=CARTESIAN_POINT('',(0.0312285855726291,0.004,0.00925987453063104));
#15983=CARTESIAN_POINT('',(0.0312285855726291,0.,0.00925987453063104));
#15984=CARTESIAN_POINT('',(0.0321502878653647,0.004,0.00897338754212759));
#15985=CARTESIAN_POINT('',(0.0321502878653647,8.67361737988404E-19,0.00897338754212759));
#15986=CARTESIAN_POINT('',(0.0328201406908572,0.004,0.00857034624575536));
#15987=CARTESIAN_POINT('',(0.0328201406908572,0.,0.00857034624575536));
#15988=CARTESIAN_POINT('',(0.0333759573857938,0.004,0.00798243449073708));
#15989=CARTESIAN_POINT('',(0.0333759573857938,0.,0.00798243449073708));
#15990=CARTESIAN_POINT('',(0.0339144594313345,0.004,0.00708654919513871));
#15991=CARTESIAN_POINT('',(0.0339144594313345,0.,0.00708654919513871));
#15992=CARTESIAN_POINT('',(0.0343515858102925,0.004,0.00579110330097378));
#15993=CARTESIAN_POINT('',(0.0343515858102925,-8.67361737988404E-19,0.00579110330097378));
#15994=CARTESIAN_POINT('',(0.0347739122285937,0.004,0.00342078780038773));
#15995=CARTESIAN_POINT('',(0.0347739122285937,0.,0.00342078780038773));
#15996=CARTESIAN_POINT('',(0.0349081642403496,0.004,0.0013977861834297));
#15997=CARTESIAN_POINT('',(0.0349081642403496,0.,0.0013977861834297));
#15998=CARTESIAN_POINT('',(0.0349977416706736,0.004,6.71681368012865E-5));
#15999=CARTESIAN_POINT('',(0.0349977416706736,0.,6.71681368012865E-5));
#16000=CARTESIAN_POINT('',(0.0290000000002735,0.004,0.00867991459120776));
#16001=CARTESIAN_POINT('',(0.0290455035583996,0.004,0.00871540006049111));
#16002=CARTESIAN_POINT('',(0.0291927891619478,0.004,0.00882182894893656));
#16003=CARTESIAN_POINT('',(0.0294719620921022,0.004,0.00897669625514975));
#16004=CARTESIAN_POINT('',(0.0298279685709071,0.004,0.00910855622062937));
#16005=CARTESIAN_POINT('',(0.0302008331670937,0.004,0.00919529697570708));
#16006=CARTESIAN_POINT('',(0.0307185514375606,0.004,0.00925236181936862));
#16007=CARTESIAN_POINT('',(0.0312632687181445,0.004,0.0092200135002816));
#16008=CARTESIAN_POINT('',(0.0318179150469967,0.004,0.00908011354415939));
#16009=CARTESIAN_POINT('',(0.0322315998124397,0.004,0.0089140849789727));
#16010=CARTESIAN_POINT('',(0.0326319900102784,0.004,0.00868193953523444));
#16011=CARTESIAN_POINT('',(0.033009339866068,0.004,0.008373437550206));
#16012=CARTESIAN_POINT('',(0.0333281647031257,0.004,0.0080145842454178));
#16013=CARTESIAN_POINT('',(0.0336843881223993,0.004,0.00749051607453491));
#16014=CARTESIAN_POINT('',(0.034024335701794,0.004,0.00676542221021886));
#16015=CARTESIAN_POINT('',(0.0343208662769493,0.004,0.00580359358788466));
#16016=CARTESIAN_POINT('',(0.0345390876002117,0.004,0.00475880051104393));
#16017=CARTESIAN_POINT('',(0.0347005230045332,0.004,0.00364439808013927));
#16018=CARTESIAN_POINT('',(0.0348618601259242,0.004,0.00208830352793982));
#16019=CARTESIAN_POINT('',(0.0349436087879211,0.004,0.000871279065703592));
#16020=CARTESIAN_POINT('',(0.0349977416706736,0.004,6.71681368012865E-5));
#16021=CARTESIAN_POINT('',(0.03,0.004,0.001));
#16022=CARTESIAN_POINT('',(0.03,0.006,0.001));
#16023=CARTESIAN_POINT('',(0.00299887083533683,0.004,0.005));
#16024=CARTESIAN_POINT('',(0.035,0.01,0.001));
#16025=CARTESIAN_POINT('',(0.035,0.006,0.001));
#16026=CARTESIAN_POINT('',(0.0175,0.006,0.005));
#16027=CARTESIAN_POINT('',(-0.0175,0.01,0.005));
#16028=CARTESIAN_POINT('',(-0.035,0.01,0.00100000000000002));
#16029=CARTESIAN_POINT('',(-0.035,0.01,0.00200000000000003));
#16030=CARTESIAN_POINT('',(-0.0295,0.01,0.002));
#16031=CARTESIAN_POINT('',(-0.0295,0.004,0.002));
#16032=CARTESIAN_POINT('',(-0.035,0.01,0.00200000000000003));
#16033=CARTESIAN_POINT('',(-0.035,0.006,0.00200000000000003));
#16034=CARTESIAN_POINT('',(-0.0295,0.006,0.002));
#16035=CARTESIAN_POINT('',(-0.03,0.006,0.002));
#16036=CARTESIAN_POINT('',(-0.03,0.004,0.002));
#16037=CARTESIAN_POINT('',(-0.029,0.004,0.00699490727856757));
#16038=CARTESIAN_POINT('',(-0.029,0.,0.00699490727856757));
#16039=CARTESIAN_POINT('',(-0.0291878772483434,0.004,0.00739223625750035));
#16040=CARTESIAN_POINT('',(-0.0291878772483434,0.,0.00739223625750035));
#16041=CARTESIAN_POINT('',(-0.0296314487883022,0.004,0.0083303159271223));
#16042=CARTESIAN_POINT('',(-0.0296314487883022,0.,0.0083303159271223));
#16043=CARTESIAN_POINT('',(-0.0334361710540151,0.004,0.00837533481396754));
#16044=CARTESIAN_POINT('',(-0.0334361710540151,0.,0.00837533481396754));
#16045=CARTESIAN_POINT('',(-0.0337792905401712,0.004,0.00327850429787252));
#16046=CARTESIAN_POINT('',(-0.0337792905401712,0.,0.00327850429787252));
#16047=CARTESIAN_POINT('',(-0.034,0.004,2.25819914741571E-17));
#16048=CARTESIAN_POINT('',(-0.034,0.,2.25819914741571E-17));
#16049=CARTESIAN_POINT('',(-0.034,0.004,2.28549817959944E-17));
#16050=CARTESIAN_POINT('',(-0.034,0.004,2.28549817959944E-17));
#16051=CARTESIAN_POINT('',(-0.029,0.004,0.00699490727856757));
#16052=CARTESIAN_POINT('',(-0.0291878772483434,0.004,0.00739223625750035));
#16053=CARTESIAN_POINT('',(-0.0296314487883022,0.004,0.0083303159271223));
#16054=CARTESIAN_POINT('',(-0.0334361710540151,0.004,0.00837533481396754));
#16055=CARTESIAN_POINT('',(-0.0337792905401712,0.004,0.00327850429787252));
#16056=CARTESIAN_POINT('',(-0.034,0.004,2.25819914741571E-17));
#16057=CARTESIAN_POINT('',(-0.0344988708353368,0.004,2.31903254389408E-17));
#16058=CARTESIAN_POINT('',(-0.0349977416706736,0.004,2.35256690818871E-17));
#16059=CARTESIAN_POINT('',(-0.0349977416706736,0.004,2.35256690818871E-17));
#16060=CARTESIAN_POINT('',(-0.0344988708353368,0.004,2.31903254389408E-17));
#16061=CARTESIAN_POINT('',(-0.0349977416706736,0.004,3.35840684006668E-5));
#16062=CARTESIAN_POINT('',(-0.0349977416706736,0.004,6.716813680131E-5));
#16063=CARTESIAN_POINT('',(-0.0349977416706736,0.004,6.716813680131E-5));
#16064=CARTESIAN_POINT('',(-0.0349977416706736,0.004,3.35840684006668E-5));
#16065=CARTESIAN_POINT('',(-0.0290000000002735,0.004,0.00867991459120778));
#16066=CARTESIAN_POINT('',(-0.0290000000002735,0.,0.00867991459120778));
#16067=CARTESIAN_POINT('',(-0.0293161729991511,0.004,0.00892647876556954));
#16068=CARTESIAN_POINT('',(-0.0293161729991511,0.,0.00892647876556954));
#16069=CARTESIAN_POINT('',(-0.0301188917352952,0.004,0.00925993654767349));
#16070=CARTESIAN_POINT('',(-0.0301188917352952,0.,0.00925993654767349));
#16071=CARTESIAN_POINT('',(-0.0312285855726291,0.004,0.00925987453063107));
#16072=CARTESIAN_POINT('',(-0.0312285855726291,0.,0.00925987453063107));
#16073=CARTESIAN_POINT('',(-0.0321502878653647,0.004,0.0089733875421276));
#16074=CARTESIAN_POINT('',(-0.0321502878653647,8.67361737988404E-19,0.0089733875421276));
#16075=CARTESIAN_POINT('',(-0.0328201406908572,0.004,0.00857034624575538));
#16076=CARTESIAN_POINT('',(-0.0328201406908572,0.,0.00857034624575538));
#16077=CARTESIAN_POINT('',(-0.0333759573857938,0.004,0.00798243449073711));
#16078=CARTESIAN_POINT('',(-0.0333759573857938,0.,0.00798243449073711));
#16079=CARTESIAN_POINT('',(-0.0339144594313345,0.004,0.00708654919513872));
#16080=CARTESIAN_POINT('',(-0.0339144594313345,0.,0.00708654919513872));
#16081=CARTESIAN_POINT('',(-0.0343515858102925,0.004,0.00579110330097381));
#16082=CARTESIAN_POINT('',(-0.0343515858102925,-8.67361737988404E-19,0.00579110330097381));
#16083=CARTESIAN_POINT('',(-0.0347739122285937,0.004,0.00342078780038775));
#16084=CARTESIAN_POINT('',(-0.0347739122285937,0.,0.00342078780038775));
#16085=CARTESIAN_POINT('',(-0.0349081642403496,0.004,0.00139778618342973));
#16086=CARTESIAN_POINT('',(-0.0349081642403496,0.,0.00139778618342973));
#16087=CARTESIAN_POINT('',(-0.0349977416706736,0.004,6.716813680131E-5));
#16088=CARTESIAN_POINT('',(-0.0349977416706736,0.,6.716813680131E-5));
#16089=CARTESIAN_POINT('',(-0.0290000000002735,0.004,0.00867991459120778));
#16090=CARTESIAN_POINT('',(-0.0290455035583996,0.004,0.00871540006049113));
#16091=CARTESIAN_POINT('',(-0.0291927891619478,0.004,0.00882182894893658));
#16092=CARTESIAN_POINT('',(-0.0294719620921022,0.004,0.00897669625514977));
#16093=CARTESIAN_POINT('',(-0.0298279685709071,0.004,0.00910855622062939));
#16094=CARTESIAN_POINT('',(-0.0302008331670937,0.004,0.0091952969757071));
#16095=CARTESIAN_POINT('',(-0.0307185514375606,0.004,0.00925236181936864));
#16096=CARTESIAN_POINT('',(-0.0312632687181445,0.004,0.00922001350028162));
#16097=CARTESIAN_POINT('',(-0.0318179150469967,0.004,0.00908011354415941));
#16098=CARTESIAN_POINT('',(-0.0322315998124397,0.004,0.00891408497897272));
#16099=CARTESIAN_POINT('',(-0.0326319900102784,0.004,0.00868193953523446));
#16100=CARTESIAN_POINT('',(-0.033009339866068,0.004,0.00837343755020602));
#16101=CARTESIAN_POINT('',(-0.0333281647031257,0.004,0.00801458424541782));
#16102=CARTESIAN_POINT('',(-0.0336843881223993,0.004,0.00749051607453493));
#16103=CARTESIAN_POINT('',(-0.034024335701794,0.004,0.00676542221021888));
#16104=CARTESIAN_POINT('',(-0.0343208662769493,0.004,0.00580359358788469));
#16105=CARTESIAN_POINT('',(-0.0345390876002117,0.004,0.00475880051104395));
#16106=CARTESIAN_POINT('',(-0.0347005230045332,0.004,0.00364439808013929));
#16107=CARTESIAN_POINT('',(-0.0348618601259242,0.004,0.00208830352793984));
#16108=CARTESIAN_POINT('',(-0.0349436087879211,0.004,0.000871279065703616));
#16109=CARTESIAN_POINT('',(-0.0349977416706736,0.004,6.716813680131E-5));
#16110=CARTESIAN_POINT('',(-0.03,0.004,0.00100000000000002));
#16111=CARTESIAN_POINT('',(-0.03,0.006,0.00100000000000002));
#16112=CARTESIAN_POINT('',(-0.00299887083533683,0.004,0.005));
#16113=CARTESIAN_POINT('',(-0.035,0.01,0.00100000000000002));
#16114=CARTESIAN_POINT('',(-0.035,0.006,0.00100000000000002));
#16115=CARTESIAN_POINT('',(-0.0175,0.006,0.005));
#16116=CARTESIAN_POINT('',(-0.026375,0.005,0.008));
#16117=CARTESIAN_POINT('',(-0.0275,0.005,0.008));
#16118=CARTESIAN_POINT('',(-0.0275,0.005,0.008));
#16119=CARTESIAN_POINT('',(-0.026375,0.005,0.008));
#16120=CARTESIAN_POINT('',(-0.02525,0.005,0.008));
#16121=CARTESIAN_POINT('',(-0.02525,0.005,0.008));
#16122=CARTESIAN_POINT('',(-0.0275,0.005,0.00675));
#16123=CARTESIAN_POINT('',(-0.0275,0.005,0.0055));
#16124=CARTESIAN_POINT('',(-0.0275,0.005,0.0055));
#16125=CARTESIAN_POINT('',(-0.0275,0.005,0.00675));
#16126=CARTESIAN_POINT('',(-0.026375,0.005,0.0055));
#16127=CARTESIAN_POINT('',(-0.02525,0.005,0.0055));
#16128=CARTESIAN_POINT('',(-0.02525,0.005,0.0055));
#16129=CARTESIAN_POINT('',(-0.026375,0.005,0.0055));
#16130=CARTESIAN_POINT('',(-0.02525,0.005,0.00675));
#16131=CARTESIAN_POINT('',(-0.02525,0.005,0.00675));
#16132=CARTESIAN_POINT('',(0.,0.005,0.00500001250000001));
#16133=CARTESIAN_POINT('',(-0.022625,0.005,0.008));
#16134=CARTESIAN_POINT('',(-0.02375,0.005,0.008));
#16135=CARTESIAN_POINT('',(-0.02375,0.005,0.008));
#16136=CARTESIAN_POINT('',(-0.022625,0.005,0.008));
#16137=CARTESIAN_POINT('',(-0.0215,0.005,0.008));
#16138=CARTESIAN_POINT('',(-0.0215,0.005,0.008));
#16139=CARTESIAN_POINT('',(-0.02375,0.005,0.00675));
#16140=CARTESIAN_POINT('',(-0.02375,0.005,0.0055));
#16141=CARTESIAN_POINT('',(-0.02375,0.005,0.0055));
#16142=CARTESIAN_POINT('',(-0.02375,0.005,0.00675));
#16143=CARTESIAN_POINT('',(-0.022625,0.005,0.0055));
#16144=CARTESIAN_POINT('',(-0.0215,0.005,0.0055));
#16145=CARTESIAN_POINT('',(-0.0215,0.005,0.0055));
#16146=CARTESIAN_POINT('',(-0.022625,0.005,0.0055));
#16147=CARTESIAN_POINT('',(-0.0215,0.005,0.00675));
#16148=CARTESIAN_POINT('',(-0.0215,0.005,0.00675));
#16149=CARTESIAN_POINT('',(0.,0.005,0.00500001250000001));
#16150=CARTESIAN_POINT('',(-0.022625,0.005,0.004));
#16151=CARTESIAN_POINT('',(-0.02375,0.005,0.004));
#16152=CARTESIAN_POINT('',(-0.02375,0.005,0.004));
#16153=CARTESIAN_POINT('',(-0.022625,0.005,0.004));
#16154=CARTESIAN_POINT('',(-0.0215,0.005,0.004));
#16155=CARTESIAN_POINT('',(-0.0215,0.005,0.004));
#16156=CARTESIAN_POINT('',(-0.02375,0.005,0.00325));
#16157=CARTESIAN_POINT('',(-0.02375,0.005,0.0025));
#16158=CARTESIAN_POINT('',(-0.02375,0.005,0.0025));
#16159=CARTESIAN_POINT('',(-0.02375,0.005,0.00325));
#16160=CARTESIAN_POINT('',(-0.022625,0.005,0.0025));
#16161=CARTESIAN_POINT('',(-0.0215,0.005,0.0025));
#16162=CARTESIAN_POINT('',(-0.0215,0.005,0.0025));
#16163=CARTESIAN_POINT('',(-0.022625,0.005,0.0025));
#16164=CARTESIAN_POINT('',(-0.0215,0.005,0.00325));
#16165=CARTESIAN_POINT('',(-0.0215,0.005,0.00325));
#16166=CARTESIAN_POINT('',(0.,0.005,0.00500001250000001));
#16167=CARTESIAN_POINT('',(-0.026375,0.005,0.004));
#16168=CARTESIAN_POINT('',(-0.0275,0.005,0.004));
#16169=CARTESIAN_POINT('',(-0.0275,0.005,0.004));
#16170=CARTESIAN_POINT('',(-0.026375,0.005,0.004));
#16171=CARTESIAN_POINT('',(-0.02525,0.005,0.004));
#16172=CARTESIAN_POINT('',(-0.02525,0.005,0.004));
#16173=CARTESIAN_POINT('',(-0.0275,0.005,0.00325));
#16174=CARTESIAN_POINT('',(-0.0275,0.005,0.0025));
#16175=CARTESIAN_POINT('',(-0.0275,0.005,0.0025));
#16176=CARTESIAN_POINT('',(-0.0275,0.005,0.00325));
#16177=CARTESIAN_POINT('',(-0.026375,0.005,0.0025));
#16178=CARTESIAN_POINT('',(-0.02525,0.005,0.0025));
#16179=CARTESIAN_POINT('',(-0.02525,0.005,0.0025));
#16180=CARTESIAN_POINT('',(-0.026375,0.005,0.0025));
#16181=CARTESIAN_POINT('',(-0.02525,0.005,0.00325));
#16182=CARTESIAN_POINT('',(-0.02525,0.005,0.00325));
#16183=CARTESIAN_POINT('',(0.,0.005,0.00500001250000001));
#16184=CARTESIAN_POINT('',(0.02725,0.004,0.008));
#16185=CARTESIAN_POINT('',(-0.019,-2.00000000000027E-6,0.008));
#16186=CARTESIAN_POINT('',(-0.02,0.004,0.008));
#16187=CARTESIAN_POINT('',(-0.02,0.004,0.0045));
#16188=CARTESIAN_POINT('',(-0.02,0.004,0.001));
#16189=CARTESIAN_POINT('',(-0.024,0.004,0.000999999999999986));
#16190=CARTESIAN_POINT('',(-0.028,0.004,0.000999999999999972));
#16191=CARTESIAN_POINT('',(-0.028,0.004,0.000500000000000009));
#16192=CARTESIAN_POINT('',(0.028,0.004,0.001));
#16193=CARTESIAN_POINT('',(0.028,0.004,0.002));
#16194=CARTESIAN_POINT('',(0.02775,0.004,0.002));
#16195=CARTESIAN_POINT('',(0.0275,0.004,0.002));
#16196=CARTESIAN_POINT('',(0.0275,0.004,0.005));
#16197=CARTESIAN_POINT('',(-0.0175,0.01625,0.0015));
#16198=CARTESIAN_POINT('',(-0.0175,0.01625,0.003));
#16199=CARTESIAN_POINT('',(-0.0175,0.01625,0.003));
#16200=CARTESIAN_POINT('',(-0.0175,0.01625,0.0015));
#16201=CARTESIAN_POINT('',(0.00575,0.01625,0.003));
#16202=CARTESIAN_POINT('',(0.00575,0.01625,0.003));
#16203=CARTESIAN_POINT('',(-0.003,0.01625,0.005));
#16204=CARTESIAN_POINT('',(-0.022,0.0075,0.008));
#16205=CARTESIAN_POINT('',(-0.022,0.0075,0.006));
#16206=CARTESIAN_POINT('',(-0.022,0.0075,0.006));
#16207=CARTESIAN_POINT('',(-0.022,0.0075,0.008));
#16208=CARTESIAN_POINT('',(0.0035,0.0075,0.006));
#16209=CARTESIAN_POINT('',(0.0035,0.0075,0.006));
#16210=CARTESIAN_POINT('',(0.00575,0.0075,0.0045));
#16211=CARTESIAN_POINT('',(-0.026,0.0075,0.0045));
#16212=CARTESIAN_POINT('',(-0.026,0.0075,0.0045));
#16213=CARTESIAN_POINT('',(0.00575,0.0075,0.0045));
#16214=CARTESIAN_POINT('',(-0.026,0.0075,0.00525));
#16215=CARTESIAN_POINT('',(-0.026,0.0075,0.007));
#16216=CARTESIAN_POINT('',(-0.026,0.0075,0.007));
#16217=CARTESIAN_POINT('',(-0.026,0.0075,0.00525));
#16218=CARTESIAN_POINT('',(-0.0255,0.0075,0.007));
#16219=CARTESIAN_POINT('',(-0.025,0.0075,0.007));
#16220=CARTESIAN_POINT('',(-0.025,0.0075,0.007));
#16221=CARTESIAN_POINT('',(-0.0255,0.0075,0.007));
#16222=CARTESIAN_POINT('',(-0.025,0.0075,0.0085));
#16223=CARTESIAN_POINT('',(-0.025,0.0075,0.0085));
#16224=CARTESIAN_POINT('',(-0.003,0.0075,0.005));
#16225=CARTESIAN_POINT('',(-0.028,0.0075,0.006));
#16226=CARTESIAN_POINT('',(-0.028,0.0075,0.006));
#16227=CARTESIAN_POINT('',(-0.027,0.0075,0.006));
#16228=CARTESIAN_POINT('',(-0.027,0.0075,0.006));
#16229=CARTESIAN_POINT('',(-0.027,0.0075,0.0085));
#16230=CARTESIAN_POINT('',(-0.027,0.0075,0.0085));
#16231=CARTESIAN_POINT('',(-0.003,0.0075,0.005));
#16232=CARTESIAN_POINT('',(-0.0285,0.014,0.002));
#16233=CARTESIAN_POINT('',(-0.0285,0.014,0.002));
#16234=CARTESIAN_POINT('',(-0.028,0.014,0.002));
#16235=CARTESIAN_POINT('',(-0.028,0.014,0.002));
#16236=CARTESIAN_POINT('',(-0.0285,0.014,0.0045));
#16237=CARTESIAN_POINT('',(-0.028,0.014,0.0045));
#16238=CARTESIAN_POINT('',(-0.028,0.014,0.0045));
#16239=CARTESIAN_POINT('',(-0.0285,0.014,0.0045));
#16240=CARTESIAN_POINT('',(-0.028,0.014,0.00325));
#16241=CARTESIAN_POINT('',(-0.028,0.014,0.00325));
#16242=CARTESIAN_POINT('',(-0.003,0.014,0.005));
#16243=CARTESIAN_POINT('',(0.03,0.00433109906037993,0.00884546021610964));
#16244=CARTESIAN_POINT('',(0.03,0.00433109906037993,0.00867991068591967));
#16245=CARTESIAN_POINT('',(0.03,0.00433109906037993,0.00867991068591967));
#16246=CARTESIAN_POINT('',(0.03,0.00433109906037993,0.00884546021610964));
#16247=CARTESIAN_POINT('',(0.03,0.00433109906037993,0.0090110097462996));
#16248=CARTESIAN_POINT('',(0.03,0.00433109906037993,0.0090110097462996));
#16249=CARTESIAN_POINT('',(0.03,0.01091554953019,0.00867991068591967));
#16250=CARTESIAN_POINT('',(0.03,0.01091554953019,0.00867991068591967));
#16251=CARTESIAN_POINT('',(0.03,0.01125,0.00967991068591967));
#16252=CARTESIAN_POINT('',(0.03,0.005,0.00967991068591967));
#16253=CARTESIAN_POINT('',(0.03,0.005,0.00967991068591967));
#16254=CARTESIAN_POINT('',(0.03,0.01125,0.00967991068591967));
#16255=CARTESIAN_POINT('',(0.03,0.00466554953018997,0.00934546021610964));
#16256=CARTESIAN_POINT('',(0.03,0.00466554953018997,0.00934546021610964));
#16257=CARTESIAN_POINT('',(0.03,0.009999725,0.0050000125));
#16258=CARTESIAN_POINT('',(-0.021,0.015,0.00983995534295983));
#16259=CARTESIAN_POINT('',(-0.0185,-2.00000000000027E-6,0.0045));
#16260=CARTESIAN_POINT('',(-0.0185,-2.00000000000027E-6,0.001));
#16261=CARTESIAN_POINT('',(-0.019,-2.00000000000027E-6,0.0045));
#16262=CARTESIAN_POINT('',(-0.019,-2.00000000000027E-6,0.001));
#16263=CARTESIAN_POINT('',(-0.01875,-2.00000000000027E-6,0.001));
#16264=CARTESIAN_POINT('',(-0.017,-2.00000000000027E-6,0.0045));
#16265=CARTESIAN_POINT('',(-0.017,-2.00000000000027E-6,0.001));
#16266=CARTESIAN_POINT('',(-0.0175,-2.00000000000027E-6,0.0045));
#16267=CARTESIAN_POINT('',(-0.0175,-2.00000000000027E-6,0.001));
#16268=CARTESIAN_POINT('',(-0.01725,-2.00000000000027E-6,0.001));
#16269=CARTESIAN_POINT('',(-0.0155,-2.00000000000027E-6,0.0045));
#16270=CARTESIAN_POINT('',(-0.0155,-2.00000000000027E-6,0.00100000000000001));
#16271=CARTESIAN_POINT('',(-0.016,-2.00000000000027E-6,0.0045));
#16272=CARTESIAN_POINT('',(-0.016,-2.00000000000027E-6,0.001));
#16273=CARTESIAN_POINT('',(-0.01575,-2.00000000000027E-6,0.00100000000000001));
#16274=CARTESIAN_POINT('',(-0.014,-2.00000000000027E-6,0.0045));
#16275=CARTESIAN_POINT('',(-0.014,-2.00000000000027E-6,0.00100000000000002));
#16276=CARTESIAN_POINT('',(-0.0145,-2.00000000000027E-6,0.0045));
#16277=CARTESIAN_POINT('',(-0.0145,-2.00000000000027E-6,0.001));
#16278=CARTESIAN_POINT('',(-0.01425,-2.00000000000027E-6,0.00100000000000002));
#16279=CARTESIAN_POINT('',(-0.0125,-2.00000000000027E-6,0.0045));
#16280=CARTESIAN_POINT('',(-0.0125,-2.00000000000027E-6,0.00100000000000002));
#16281=CARTESIAN_POINT('',(-0.013,-2.00000000000027E-6,0.0045));
#16282=CARTESIAN_POINT('',(-0.013,-2.00000000000027E-6,0.001));
#16283=CARTESIAN_POINT('',(-0.01275,-2.00000000000027E-6,0.00100000000000002));
#16284=CARTESIAN_POINT('',(-0.011,-2.00000000000027E-6,0.0045));
#16285=CARTESIAN_POINT('',(-0.011,-2.00000000000027E-6,0.00100000000000003));
#16286=CARTESIAN_POINT('',(-0.0115,-2.00000000000027E-6,0.0045));
#16287=CARTESIAN_POINT('',(-0.0115,-2.00000000000027E-6,0.001));
#16288=CARTESIAN_POINT('',(-0.01125,-2.00000000000027E-6,0.00100000000000003));
#16289=CARTESIAN_POINT('',(-0.0095,-2.00000000000027E-6,0.0045));
#16290=CARTESIAN_POINT('',(-0.0095,-2.00000000000027E-6,0.00100000000000004));
#16291=CARTESIAN_POINT('',(-0.01,-2.00000000000027E-6,0.0045));
#16292=CARTESIAN_POINT('',(-0.01,-2.00000000000027E-6,0.001));
#16293=CARTESIAN_POINT('',(-0.00975,-2.00000000000027E-6,0.00100000000000003));
#16294=CARTESIAN_POINT('',(-0.008,-2.00000000000027E-6,0.0045));
#16295=CARTESIAN_POINT('',(-0.008,-2.00000000000027E-6,0.00100000000000004));
#16296=CARTESIAN_POINT('',(-0.0085,-2.00000000000027E-6,0.0045));
#16297=CARTESIAN_POINT('',(-0.0085,-2.00000000000027E-6,0.001));
#16298=CARTESIAN_POINT('',(-0.00825,-2.00000000000027E-6,0.00100000000000004));
#16299=CARTESIAN_POINT('',(-0.0065,-2.00000000000027E-6,0.0045));
#16300=CARTESIAN_POINT('',(-0.0065,-2.00000000000027E-6,0.00100000000000005));
#16301=CARTESIAN_POINT('',(-0.007,-2.00000000000027E-6,0.0045));
#16302=CARTESIAN_POINT('',(-0.007,-2.00000000000027E-6,0.001));
#16303=CARTESIAN_POINT('',(-0.00675,-2.00000000000027E-6,0.00100000000000004));
#16304=CARTESIAN_POINT('',(-0.005,-2.00000000000027E-6,0.0045));
#16305=CARTESIAN_POINT('',(-0.005,-2.00000000000027E-6,0.00100000000000005));
#16306=CARTESIAN_POINT('',(-0.0055,-2.00000000000027E-6,0.0045));
#16307=CARTESIAN_POINT('',(-0.0055,-2.00000000000027E-6,0.001));
#16308=CARTESIAN_POINT('',(-0.00525,-2.00000000000027E-6,0.00100000000000005));
#16309=CARTESIAN_POINT('',(-0.0035,-2.00000000000027E-6,0.0045));
#16310=CARTESIAN_POINT('',(-0.0035,-2.00000000000027E-6,0.00100000000000006));
#16311=CARTESIAN_POINT('',(-0.004,-2.00000000000027E-6,0.0045));
#16312=CARTESIAN_POINT('',(-0.004,-2.00000000000027E-6,0.001));
#16313=CARTESIAN_POINT('',(-0.00375,-2.00000000000027E-6,0.00100000000000006));
#16314=CARTESIAN_POINT('',(-0.002,-2.00000000000027E-6,0.0045));
#16315=CARTESIAN_POINT('',(-0.002,-2.00000000000027E-6,0.00100000000000006));
#16316=CARTESIAN_POINT('',(-0.0025,-2.00000000000027E-6,0.0045));
#16317=CARTESIAN_POINT('',(-0.0025,-2.00000000000027E-6,0.001));
#16318=CARTESIAN_POINT('',(-0.00225,-2.00000000000027E-6,0.00100000000000006));
#16319=CARTESIAN_POINT('',(-0.00049999999999998,-2.00000000000027E-6,0.0045));
#16320=CARTESIAN_POINT('',(-0.00049999999999998,-2.00000000000027E-6,0.00100000000000007));
#16321=CARTESIAN_POINT('',(-0.00099999999999998,-2.00000000000027E-6,0.0045));
#16322=CARTESIAN_POINT('',(-0.00099999999999998,-2.00000000000027E-6,0.001));
#16323=CARTESIAN_POINT('',(-0.00074999999999998,-2.00000000000027E-6,0.00100000000000007));
#16324=CARTESIAN_POINT('',(0.00100000000000002,-2.00000000000027E-6,0.0045));
#16325=CARTESIAN_POINT('',(0.00100000000000002,-2.00000000000027E-6,0.00100000000000007));
#16326=CARTESIAN_POINT('',(0.000500000000000021,-2.00000000000027E-6,0.0045));
#16327=CARTESIAN_POINT('',(0.000500000000000021,-2.00000000000027E-6,0.001));
#16328=CARTESIAN_POINT('',(0.000750000000000022,-2.00000000000027E-6,0.00100000000000007));
#16329=CARTESIAN_POINT('',(0.0025,-2.00000000000027E-6,0.0045));
#16330=CARTESIAN_POINT('',(0.0025,-2.00000000000027E-6,0.00100000000000008));
#16331=CARTESIAN_POINT('',(0.00200000000000003,-2.00000000000027E-6,0.0045));
#16332=CARTESIAN_POINT('',(0.00200000000000003,-2.00000000000027E-6,0.001));
#16333=CARTESIAN_POINT('',(0.00225000000000002,-2.00000000000027E-6,0.00100000000000008));
#16334=CARTESIAN_POINT('',(0.004,-2.00000000000027E-6,0.0045));
#16335=CARTESIAN_POINT('',(0.004,-2.00000000000027E-6,0.00100000000000008));
#16336=CARTESIAN_POINT('',(0.0035,-2.00000000000027E-6,0.0045));
#16337=CARTESIAN_POINT('',(0.0035,-2.00000000000027E-6,0.001));
#16338=CARTESIAN_POINT('',(0.00375,-2.00000000000027E-6,0.00100000000000008));
#16339=CARTESIAN_POINT('',(0.0055,-2.00000000000027E-6,0.0045));
#16340=CARTESIAN_POINT('',(0.0055,-2.00000000000027E-6,0.00100000000000009));
#16341=CARTESIAN_POINT('',(0.005,-2.00000000000027E-6,0.0045));
#16342=CARTESIAN_POINT('',(0.005,-2.00000000000027E-6,0.001));
#16343=CARTESIAN_POINT('',(0.00525,-2.00000000000027E-6,0.00100000000000009));
#16344=CARTESIAN_POINT('',(0.007,-2.00000000000027E-6,0.0045));
#16345=CARTESIAN_POINT('',(0.007,-2.00000000000027E-6,0.00100000000000009));
#16346=CARTESIAN_POINT('',(0.0065,-2.00000000000027E-6,0.0045));
#16347=CARTESIAN_POINT('',(0.0065,-2.00000000000027E-6,0.001));
#16348=CARTESIAN_POINT('',(0.00675,-2.00000000000027E-6,0.00100000000000009));
#16349=CARTESIAN_POINT('',(0.0085,-2.00000000000027E-6,0.0045));
#16350=CARTESIAN_POINT('',(0.0085,-2.00000000000027E-6,0.0010000000000001));
#16351=CARTESIAN_POINT('',(0.008,-2.00000000000027E-6,0.0045));
#16352=CARTESIAN_POINT('',(0.008,-2.00000000000027E-6,0.001));
#16353=CARTESIAN_POINT('',(0.00825,-2.00000000000027E-6,0.0010000000000001));
#16354=CARTESIAN_POINT('',(0.01,-2.00000000000027E-6,0.0045));
#16355=CARTESIAN_POINT('',(0.01,-2.00000000000027E-6,0.0010000000000001));
#16356=CARTESIAN_POINT('',(0.0095,-2.00000000000027E-6,0.0045));
#16357=CARTESIAN_POINT('',(0.0095,-2.00000000000027E-6,0.001));
#16358=CARTESIAN_POINT('',(0.00975,-2.00000000000027E-6,0.0010000000000001));
#16359=CARTESIAN_POINT('',(0.0115,-2.00000000000027E-6,0.0045));
#16360=CARTESIAN_POINT('',(0.0115,-2.00000000000027E-6,0.00100000000000011));
#16361=CARTESIAN_POINT('',(0.011,-2.00000000000027E-6,0.0045));
#16362=CARTESIAN_POINT('',(0.011,-2.00000000000027E-6,0.001));
#16363=CARTESIAN_POINT('',(0.01125,-2.00000000000027E-6,0.00100000000000011));
#16364=CARTESIAN_POINT('',(0.013,-2.00000000000027E-6,0.0045));
#16365=CARTESIAN_POINT('',(0.013,-2.00000000000027E-6,0.00100000000000011));
#16366=CARTESIAN_POINT('',(0.0125,-2.00000000000027E-6,0.0045));
#16367=CARTESIAN_POINT('',(0.0125,-2.00000000000027E-6,0.001));
#16368=CARTESIAN_POINT('',(0.01275,-2.00000000000027E-6,0.00100000000000011));
#16369=CARTESIAN_POINT('',(0.0145,-2.00000000000027E-6,0.0045));
#16370=CARTESIAN_POINT('',(0.0145,-2.00000000000027E-6,0.00100000000000012));
#16371=CARTESIAN_POINT('',(0.014,-2.00000000000027E-6,0.0045));
#16372=CARTESIAN_POINT('',(0.014,-2.00000000000027E-6,0.001));
#16373=CARTESIAN_POINT('',(0.01425,-2.00000000000027E-6,0.00100000000000012));
#16374=CARTESIAN_POINT('',(0.016,-2.00000000000027E-6,0.0045));
#16375=CARTESIAN_POINT('',(0.016,-2.00000000000027E-6,0.00100000000000012));
#16376=CARTESIAN_POINT('',(0.0155,-2.00000000000027E-6,0.0045));
#16377=CARTESIAN_POINT('',(0.0155,-2.00000000000027E-6,0.001));
#16378=CARTESIAN_POINT('',(0.01575,-2.00000000000027E-6,0.00100000000000012));
#16379=CARTESIAN_POINT('',(0.0175,-2.00000000000027E-6,0.0045));
#16380=CARTESIAN_POINT('',(0.0175,-2.00000000000027E-6,0.00100000000000013));
#16381=CARTESIAN_POINT('',(0.017,-2.00000000000027E-6,0.0045));
#16382=CARTESIAN_POINT('',(0.017,-2.00000000000027E-6,0.001));
#16383=CARTESIAN_POINT('',(0.01725,-2.00000000000027E-6,0.00100000000000013));
#16384=CARTESIAN_POINT('',(0.019,-2.00000000000027E-6,0.0045));
#16385=CARTESIAN_POINT('',(0.019,-2.00000000000027E-6,0.00100000000000013));
#16386=CARTESIAN_POINT('',(0.0185,-2.00000000000027E-6,0.0045));
#16387=CARTESIAN_POINT('',(0.0185,-2.00000000000027E-6,0.001));
#16388=CARTESIAN_POINT('',(0.01875,-2.00000000000027E-6,0.00100000000000013));
#16389=CARTESIAN_POINT('',(0.0205,-2.00000000000027E-6,0.0045));
#16390=CARTESIAN_POINT('',(0.0205,-2.00000000000027E-6,0.00100000000000014));
#16391=CARTESIAN_POINT('',(0.02,-2.00000000000027E-6,0.0045));
#16392=CARTESIAN_POINT('',(0.02,-2.00000000000027E-6,0.001));
#16393=CARTESIAN_POINT('',(0.02025,-2.00000000000027E-6,0.00100000000000014));
#16394=CARTESIAN_POINT('',(0.022,-2.00000000000027E-6,0.0045));
#16395=CARTESIAN_POINT('',(0.022,-2.00000000000027E-6,0.00100000000000015));
#16396=CARTESIAN_POINT('',(0.0215,-2.00000000000027E-6,0.0045));
#16397=CARTESIAN_POINT('',(0.0215,-2.00000000000027E-6,0.001));
#16398=CARTESIAN_POINT('',(0.02175,-2.00000000000027E-6,0.00100000000000014));
#16399=CARTESIAN_POINT('',(0.0235,-2.00000000000027E-6,0.0045));
#16400=CARTESIAN_POINT('',(0.0235,-2.00000000000027E-6,0.00100000000000015));
#16401=CARTESIAN_POINT('',(0.023,-2.00000000000027E-6,0.0045));
#16402=CARTESIAN_POINT('',(0.023,-2.00000000000027E-6,0.001));
#16403=CARTESIAN_POINT('',(0.02325,-2.00000000000027E-6,0.00100000000000015));
#16404=CARTESIAN_POINT('',(0.025,-2.00000000000027E-6,0.0045));
#16405=CARTESIAN_POINT('',(0.025,-2.00000000000027E-6,0.00100000000000016));
#16406=CARTESIAN_POINT('',(0.0245,-2.00000000000027E-6,0.0045));
#16407=CARTESIAN_POINT('',(0.0245,-2.00000000000027E-6,0.001));
#16408=CARTESIAN_POINT('',(0.02475,-2.00000000000027E-6,0.00100000000000015));
#16409=CARTESIAN_POINT('',(0.02625,-2.00000000000027E-6,0.00100000000000016));
#16410=CARTESIAN_POINT('',(0.026,-2.00000000000027E-6,0.001));
#16411=CARTESIAN_POINT('',(0.0265,-2.00000000000027E-6,0.00100000000000016));
#16412=CARTESIAN_POINT('',(0.0265,-2.00000000000027E-6,0.00450000000000008));
#16413=CARTESIAN_POINT('',(0.026,-2.00000000000027E-6,0.0045));
#16414=CARTESIAN_POINT('',(0.,0.,0.));
#16415=CARTESIAN_POINT('',(-0.02,0.00075,0.));
#16416=CARTESIAN_POINT('',(-0.01975,0.0255,0.));
#16417=CARTESIAN_POINT('',(-0.01975,0.001,0.));
#16418=CARTESIAN_POINT('',(-0.01975,0.0005,0.));
#16419=CARTESIAN_POINT('',(-0.02,0.001,0.));
#16420=CARTESIAN_POINT('',(-0.01925,0.001,0.));
#16421=CARTESIAN_POINT('',(-0.01925,0.0255,0.));
#16422=CARTESIAN_POINT('',(-0.01925,0.0005,0.));
#16423=CARTESIAN_POINT('',(-0.02,0.0005,0.));
#16424=CARTESIAN_POINT('',(-0.02,0.0005,0.0015));
#16425=CARTESIAN_POINT('',(-0.02,0.0005,0.002));
#16426=CARTESIAN_POINT('',(-0.01975,0.0005,0.002));
#16427=CARTESIAN_POINT('',(-0.01925,0.0005,0.002));
#16428=CARTESIAN_POINT('',(-0.01975,0.0005,0.001));
#16429=CARTESIAN_POINT('',(-0.01925,0.0005,0.001));
#16430=CARTESIAN_POINT('',(-0.02,0.002,0.004));
#16431=CARTESIAN_POINT('',(-0.02,0.001,0.00225));
#16432=CARTESIAN_POINT('',(-0.02,0.001,0.002));
#16433=CARTESIAN_POINT('',(-0.02,0.001,0.0025));
#16434=CARTESIAN_POINT('',(-0.02,0.00025,0.002));
#16435=CARTESIAN_POINT('',(-0.02,0.,0.002));
#16436=CARTESIAN_POINT('',(-0.02,0.,0.0045));
#16437=CARTESIAN_POINT('',(-0.02,0.,0.008));
#16438=CARTESIAN_POINT('',(-0.02,-2.00000000000027E-6,0.008));
#16439=CARTESIAN_POINT('',(-0.02,0.0005,0.008));
#16440=CARTESIAN_POINT('',(-0.02,0.0005,0.00525));
#16441=CARTESIAN_POINT('',(-0.02,0.0005,0.0025));
#16442=CARTESIAN_POINT('',(-0.02,0.00075,0.0025));
#16443=CARTESIAN_POINT('',(-0.019,0.002,0.004));
#16444=CARTESIAN_POINT('',(-0.019,0.00025,0.002));
#16445=CARTESIAN_POINT('',(-0.019,0.,0.002));
#16446=CARTESIAN_POINT('',(-0.019,0.001,0.002));
#16447=CARTESIAN_POINT('',(-0.019,0.001,0.00225));
#16448=CARTESIAN_POINT('',(-0.019,0.001,0.0025));
#16449=CARTESIAN_POINT('',(-0.019,0.00075,0.0025));
#16450=CARTESIAN_POINT('',(-0.019,0.0005,0.0025));
#16451=CARTESIAN_POINT('',(-0.019,0.0005,0.00525));
#16452=CARTESIAN_POINT('',(-0.019,0.0005,0.008));
#16453=CARTESIAN_POINT('',(-0.019,-2.00000000000027E-6,0.008));
#16454=CARTESIAN_POINT('',(-0.019,0.,0.008));
#16455=CARTESIAN_POINT('',(-0.019,0.,0.0045));
#16456=CARTESIAN_POINT('',(-0.02,0.001,0.00225));
#16457=CARTESIAN_POINT('',(-0.01975,0.001,0.00225));
#16458=CARTESIAN_POINT('',(-0.01975,0.001,0.002));
#16459=CARTESIAN_POINT('',(-0.02,0.001,0.002));
#16460=CARTESIAN_POINT('',(-0.02,0.001,0.0025));
#16461=CARTESIAN_POINT('',(-0.02,0.001,0.002));
#16462=CARTESIAN_POINT('',(-0.01925,0.001,0.002));
#16463=CARTESIAN_POINT('',(-0.01925,0.001,0.00225));
#16464=CARTESIAN_POINT('',(-0.02,0.0005,0.00525));
#16465=CARTESIAN_POINT('',(-0.02,0.0005,0.0025));
#16466=CARTESIAN_POINT('',(-0.02,0.0005,0.008));
#16467=CARTESIAN_POINT('',(-0.02,0.00075,0.0025));
#16468=CARTESIAN_POINT('',(-0.02,0.00025,0.002));
#16469=CARTESIAN_POINT('',(-0.02,0.,0.002));
#16470=CARTESIAN_POINT('',(-0.01975,0.0255,0.002));
#16471=CARTESIAN_POINT('',(-0.01925,0.0255,0.002));
#16472=CARTESIAN_POINT('',(-0.02,0.,0.0045));
#16473=CARTESIAN_POINT('',(-0.02,0.,0.008));
#16474=CARTESIAN_POINT('',(-0.02,-2.00000000000027E-6,0.008));
#16475=CARTESIAN_POINT('',(-0.01925,0.0255,0.001));
#16476=CARTESIAN_POINT('',(-0.01975,0.0255,0.001));
#16477=CARTESIAN_POINT('',(0.,0.,0.));
#16478=CARTESIAN_POINT('',(-0.0185,0.00225,0.));
#16479=CARTESIAN_POINT('',(-0.01825,0.003,0.));
#16480=CARTESIAN_POINT('',(-0.01825,0.0025,0.));
#16481=CARTESIAN_POINT('',(-0.01825,0.002,0.));
#16482=CARTESIAN_POINT('',(-0.0185,0.0025,0.));
#16483=CARTESIAN_POINT('',(-0.01775,0.0025,0.));
#16484=CARTESIAN_POINT('',(-0.01775,0.003,0.));
#16485=CARTESIAN_POINT('',(-0.01775,0.002,0.));
#16486=CARTESIAN_POINT('',(-0.0185,0.002,0.));
#16487=CARTESIAN_POINT('',(-0.0185,0.002,0.001));
#16488=CARTESIAN_POINT('',(-0.0185,0.002,0.002));
#16489=CARTESIAN_POINT('',(-0.01825,0.002,0.002));
#16490=CARTESIAN_POINT('',(-0.01775,0.002,0.002));
#16491=CARTESIAN_POINT('',(-0.01825,0.002,0.001));
#16492=CARTESIAN_POINT('',(-0.01775,0.002,0.001));
#16493=CARTESIAN_POINT('',(-0.0185,0.002,0.004));
#16494=CARTESIAN_POINT('',(-0.0185,0.0025,0.00225));
#16495=CARTESIAN_POINT('',(-0.0185,0.0025,0.002));
#16496=CARTESIAN_POINT('',(-0.0185,0.0025,0.0025));
#16497=CARTESIAN_POINT('',(-0.0185,0.0005,0.002));
#16498=CARTESIAN_POINT('',(-0.0185,0.,0.002));
#16499=CARTESIAN_POINT('',(-0.0185,0.,0.0045));
#16500=CARTESIAN_POINT('',(-0.0185,0.,0.008));
#16501=CARTESIAN_POINT('',(-0.0185,-2.00000000000027E-6,0.008));
#16502=CARTESIAN_POINT('',(-0.0185,0.001,0.008));
#16503=CARTESIAN_POINT('',(-0.0185,0.001,0.00525));
#16504=CARTESIAN_POINT('',(-0.0185,0.001,0.0025));
#16505=CARTESIAN_POINT('',(-0.0185,0.00175,0.0025));
#16506=CARTESIAN_POINT('',(-0.0175,0.002,0.004));
#16507=CARTESIAN_POINT('',(-0.0175,0.0005,0.002));
#16508=CARTESIAN_POINT('',(-0.0175,0.,0.002));
#16509=CARTESIAN_POINT('',(-0.0175,0.0025,0.002));
#16510=CARTESIAN_POINT('',(-0.0175,0.0025,0.00225));
#16511=CARTESIAN_POINT('',(-0.0175,0.0025,0.0025));
#16512=CARTESIAN_POINT('',(-0.0175,0.00175,0.0025));
#16513=CARTESIAN_POINT('',(-0.0175,0.001,0.0025));
#16514=CARTESIAN_POINT('',(-0.0175,0.001,0.00525));
#16515=CARTESIAN_POINT('',(-0.0175,0.001,0.008));
#16516=CARTESIAN_POINT('',(-0.0175,-2.00000000000027E-6,0.008));
#16517=CARTESIAN_POINT('',(-0.0175,0.,0.008));
#16518=CARTESIAN_POINT('',(-0.0175,0.,0.0045));
#16519=CARTESIAN_POINT('',(-0.0185,0.0025,0.00225));
#16520=CARTESIAN_POINT('',(-0.01825,0.0025,0.00225));
#16521=CARTESIAN_POINT('',(-0.01825,0.0025,0.002));
#16522=CARTESIAN_POINT('',(-0.0185,0.0025,0.002));
#16523=CARTESIAN_POINT('',(-0.0185,0.0025,0.0025));
#16524=CARTESIAN_POINT('',(-0.0185,0.0025,0.002));
#16525=CARTESIAN_POINT('',(-0.01775,0.0025,0.002));
#16526=CARTESIAN_POINT('',(-0.01775,0.0025,0.00225));
#16527=CARTESIAN_POINT('',(-0.0185,0.001,0.00525));
#16528=CARTESIAN_POINT('',(-0.0185,0.001,0.0025));
#16529=CARTESIAN_POINT('',(-0.0185,0.001,0.008));
#16530=CARTESIAN_POINT('',(-0.0185,0.00175,0.0025));
#16531=CARTESIAN_POINT('',(-0.0185,0.0005,0.002));
#16532=CARTESIAN_POINT('',(-0.0185,0.,0.002));
#16533=CARTESIAN_POINT('',(-0.01825,0.003,0.002));
#16534=CARTESIAN_POINT('',(-0.01775,0.003,0.002));
#16535=CARTESIAN_POINT('',(-0.0185,0.,0.0045));
#16536=CARTESIAN_POINT('',(-0.0185,0.,0.008));
#16537=CARTESIAN_POINT('',(-0.0185,-2.00000000000027E-6,0.008));
#16538=CARTESIAN_POINT('',(-0.01775,0.003,0.001));
#16539=CARTESIAN_POINT('',(-0.01825,0.003,0.001));
#16540=CARTESIAN_POINT('',(0.,0.,0.));
#16541=CARTESIAN_POINT('',(-0.017,0.00075,0.));
#16542=CARTESIAN_POINT('',(-0.01675,0.0255,0.));
#16543=CARTESIAN_POINT('',(-0.01675,0.001,0.));
#16544=CARTESIAN_POINT('',(-0.01675,0.0005,0.));
#16545=CARTESIAN_POINT('',(-0.017,0.001,0.));
#16546=CARTESIAN_POINT('',(-0.01625,0.001,0.));
#16547=CARTESIAN_POINT('',(-0.01625,0.0255,0.));
#16548=CARTESIAN_POINT('',(-0.01625,0.0005,0.));
#16549=CARTESIAN_POINT('',(-0.017,0.0005,0.));
#16550=CARTESIAN_POINT('',(-0.017,0.0005,0.0015));
#16551=CARTESIAN_POINT('',(-0.017,0.0005,0.002));
#16552=CARTESIAN_POINT('',(-0.01675,0.0005,0.002));
#16553=CARTESIAN_POINT('',(-0.01625,0.0005,0.002));
#16554=CARTESIAN_POINT('',(-0.01675,0.0005,0.001));
#16555=CARTESIAN_POINT('',(-0.01625,0.0005,0.001));
#16556=CARTESIAN_POINT('',(-0.017,0.002,0.004));
#16557=CARTESIAN_POINT('',(-0.017,0.001,0.00225));
#16558=CARTESIAN_POINT('',(-0.017,0.001,0.002));
#16559=CARTESIAN_POINT('',(-0.017,0.001,0.0025));
#16560=CARTESIAN_POINT('',(-0.017,0.00025,0.002));
#16561=CARTESIAN_POINT('',(-0.017,0.,0.002));
#16562=CARTESIAN_POINT('',(-0.017,0.,0.0045));
#16563=CARTESIAN_POINT('',(-0.017,0.,0.008));
#16564=CARTESIAN_POINT('',(-0.017,-2.00000000000027E-6,0.008));
#16565=CARTESIAN_POINT('',(-0.017,0.0005,0.008));
#16566=CARTESIAN_POINT('',(-0.017,0.0005,0.00525));
#16567=CARTESIAN_POINT('',(-0.017,0.0005,0.0025));
#16568=CARTESIAN_POINT('',(-0.017,0.00075,0.0025));
#16569=CARTESIAN_POINT('',(-0.016,0.002,0.004));
#16570=CARTESIAN_POINT('',(-0.016,0.00025,0.002));
#16571=CARTESIAN_POINT('',(-0.016,0.,0.002));
#16572=CARTESIAN_POINT('',(-0.016,0.001,0.002));
#16573=CARTESIAN_POINT('',(-0.016,0.001,0.00225));
#16574=CARTESIAN_POINT('',(-0.016,0.001,0.0025));
#16575=CARTESIAN_POINT('',(-0.016,0.00075,0.0025));
#16576=CARTESIAN_POINT('',(-0.016,0.0005,0.0025));
#16577=CARTESIAN_POINT('',(-0.016,0.0005,0.00525));
#16578=CARTESIAN_POINT('',(-0.016,0.0005,0.008));
#16579=CARTESIAN_POINT('',(-0.016,-2.00000000000027E-6,0.008));
#16580=CARTESIAN_POINT('',(-0.016,0.,0.008));
#16581=CARTESIAN_POINT('',(-0.016,0.,0.0045));
#16582=CARTESIAN_POINT('',(-0.017,0.001,0.00225));
#16583=CARTESIAN_POINT('',(-0.01675,0.001,0.00225));
#16584=CARTESIAN_POINT('',(-0.01675,0.001,0.002));
#16585=CARTESIAN_POINT('',(-0.017,0.001,0.002));
#16586=CARTESIAN_POINT('',(-0.017,0.001,0.0025));
#16587=CARTESIAN_POINT('',(-0.017,0.001,0.002));
#16588=CARTESIAN_POINT('',(-0.01625,0.001,0.002));
#16589=CARTESIAN_POINT('',(-0.01625,0.001,0.00225));
#16590=CARTESIAN_POINT('',(-0.017,0.0005,0.00525));
#16591=CARTESIAN_POINT('',(-0.017,0.0005,0.0025));
#16592=CARTESIAN_POINT('',(-0.017,0.0005,0.008));
#16593=CARTESIAN_POINT('',(-0.017,0.00075,0.0025));
#16594=CARTESIAN_POINT('',(-0.017,0.00025,0.002));
#16595=CARTESIAN_POINT('',(-0.017,0.,0.002));
#16596=CARTESIAN_POINT('',(-0.01675,0.0255,0.002));
#16597=CARTESIAN_POINT('',(-0.01625,0.0255,0.002));
#16598=CARTESIAN_POINT('',(-0.017,0.,0.0045));
#16599=CARTESIAN_POINT('',(-0.017,0.,0.008));
#16600=CARTESIAN_POINT('',(-0.017,-2.00000000000027E-6,0.008));
#16601=CARTESIAN_POINT('',(-0.01625,0.0255,0.001));
#16602=CARTESIAN_POINT('',(-0.01675,0.0255,0.001));
#16603=CARTESIAN_POINT('',(0.,0.,0.));
#16604=CARTESIAN_POINT('',(-0.0155,0.00225,0.));
#16605=CARTESIAN_POINT('',(-0.01525,0.003,0.));
#16606=CARTESIAN_POINT('',(-0.01525,0.0025,0.));
#16607=CARTESIAN_POINT('',(-0.01525,0.002,0.));
#16608=CARTESIAN_POINT('',(-0.0155,0.0025,0.));
#16609=CARTESIAN_POINT('',(-0.01475,0.0025,0.));
#16610=CARTESIAN_POINT('',(-0.01475,0.003,0.));
#16611=CARTESIAN_POINT('',(-0.01475,0.002,0.));
#16612=CARTESIAN_POINT('',(-0.0155,0.002,0.));
#16613=CARTESIAN_POINT('',(-0.0155,0.002,0.001));
#16614=CARTESIAN_POINT('',(-0.0155,0.002,0.002));
#16615=CARTESIAN_POINT('',(-0.01525,0.002,0.002));
#16616=CARTESIAN_POINT('',(-0.01475,0.002,0.002));
#16617=CARTESIAN_POINT('',(-0.01525,0.002,0.001));
#16618=CARTESIAN_POINT('',(-0.01475,0.002,0.001));
#16619=CARTESIAN_POINT('',(-0.0155,0.002,0.004));
#16620=CARTESIAN_POINT('',(-0.0155,0.0025,0.00225));
#16621=CARTESIAN_POINT('',(-0.0155,0.0025,0.002));
#16622=CARTESIAN_POINT('',(-0.0155,0.0025,0.0025));
#16623=CARTESIAN_POINT('',(-0.0155,0.0005,0.002));
#16624=CARTESIAN_POINT('',(-0.0155,0.,0.002));
#16625=CARTESIAN_POINT('',(-0.0155,0.,0.0045));
#16626=CARTESIAN_POINT('',(-0.0155,0.,0.008));
#16627=CARTESIAN_POINT('',(-0.0155,-2.00000000000027E-6,0.008));
#16628=CARTESIAN_POINT('',(-0.0155,0.001,0.008));
#16629=CARTESIAN_POINT('',(-0.0155,0.001,0.00525));
#16630=CARTESIAN_POINT('',(-0.0155,0.001,0.0025));
#16631=CARTESIAN_POINT('',(-0.0155,0.00175,0.0025));
#16632=CARTESIAN_POINT('',(-0.0145,0.002,0.004));
#16633=CARTESIAN_POINT('',(-0.0145,0.0005,0.002));
#16634=CARTESIAN_POINT('',(-0.0145,0.,0.002));
#16635=CARTESIAN_POINT('',(-0.0145,0.0025,0.002));
#16636=CARTESIAN_POINT('',(-0.0145,0.0025,0.00225));
#16637=CARTESIAN_POINT('',(-0.0145,0.0025,0.0025));
#16638=CARTESIAN_POINT('',(-0.0145,0.00175,0.0025));
#16639=CARTESIAN_POINT('',(-0.0145,0.001,0.0025));
#16640=CARTESIAN_POINT('',(-0.0145,0.001,0.00525));
#16641=CARTESIAN_POINT('',(-0.0145,0.001,0.008));
#16642=CARTESIAN_POINT('',(-0.0145,-2.00000000000027E-6,0.008));
#16643=CARTESIAN_POINT('',(-0.0145,0.,0.008));
#16644=CARTESIAN_POINT('',(-0.0145,0.,0.0045));
#16645=CARTESIAN_POINT('',(-0.0155,0.0025,0.00225));
#16646=CARTESIAN_POINT('',(-0.01525,0.0025,0.00225));
#16647=CARTESIAN_POINT('',(-0.01525,0.0025,0.002));
#16648=CARTESIAN_POINT('',(-0.0155,0.0025,0.002));
#16649=CARTESIAN_POINT('',(-0.0155,0.0025,0.0025));
#16650=CARTESIAN_POINT('',(-0.0155,0.0025,0.002));
#16651=CARTESIAN_POINT('',(-0.01475,0.0025,0.002));
#16652=CARTESIAN_POINT('',(-0.01475,0.0025,0.00225));
#16653=CARTESIAN_POINT('',(-0.0155,0.001,0.00525));
#16654=CARTESIAN_POINT('',(-0.0155,0.001,0.0025));
#16655=CARTESIAN_POINT('',(-0.0155,0.001,0.008));
#16656=CARTESIAN_POINT('',(-0.0155,0.00175,0.0025));
#16657=CARTESIAN_POINT('',(-0.0155,0.0005,0.002));
#16658=CARTESIAN_POINT('',(-0.0155,0.,0.002));
#16659=CARTESIAN_POINT('',(-0.01525,0.003,0.002));
#16660=CARTESIAN_POINT('',(-0.01475,0.003,0.002));
#16661=CARTESIAN_POINT('',(-0.0155,0.,0.0045));
#16662=CARTESIAN_POINT('',(-0.0155,0.,0.008));
#16663=CARTESIAN_POINT('',(-0.0155,-2.00000000000027E-6,0.008));
#16664=CARTESIAN_POINT('',(-0.01475,0.003,0.001));
#16665=CARTESIAN_POINT('',(-0.01525,0.003,0.001));
#16666=CARTESIAN_POINT('',(0.,0.,0.));
#16667=CARTESIAN_POINT('',(-0.014,0.00075,0.));
#16668=CARTESIAN_POINT('',(-0.01375,0.0255,0.));
#16669=CARTESIAN_POINT('',(-0.01375,0.001,0.));
#16670=CARTESIAN_POINT('',(-0.01375,0.0005,0.));
#16671=CARTESIAN_POINT('',(-0.014,0.001,0.));
#16672=CARTESIAN_POINT('',(-0.01325,0.001,0.));
#16673=CARTESIAN_POINT('',(-0.01325,0.0255,0.));
#16674=CARTESIAN_POINT('',(-0.01325,0.0005,0.));
#16675=CARTESIAN_POINT('',(-0.014,0.0005,0.));
#16676=CARTESIAN_POINT('',(-0.014,0.0005,0.0015));
#16677=CARTESIAN_POINT('',(-0.014,0.0005,0.002));
#16678=CARTESIAN_POINT('',(-0.01375,0.0005,0.002));
#16679=CARTESIAN_POINT('',(-0.01325,0.0005,0.002));
#16680=CARTESIAN_POINT('',(-0.01375,0.0005,0.001));
#16681=CARTESIAN_POINT('',(-0.01325,0.0005,0.001));
#16682=CARTESIAN_POINT('',(-0.014,0.002,0.004));
#16683=CARTESIAN_POINT('',(-0.014,0.001,0.00225));
#16684=CARTESIAN_POINT('',(-0.014,0.001,0.002));
#16685=CARTESIAN_POINT('',(-0.014,0.001,0.0025));
#16686=CARTESIAN_POINT('',(-0.014,0.00025,0.002));
#16687=CARTESIAN_POINT('',(-0.014,0.,0.002));
#16688=CARTESIAN_POINT('',(-0.014,0.,0.0045));
#16689=CARTESIAN_POINT('',(-0.014,0.,0.008));
#16690=CARTESIAN_POINT('',(-0.014,-2.00000000000027E-6,0.008));
#16691=CARTESIAN_POINT('',(-0.014,0.0005,0.008));
#16692=CARTESIAN_POINT('',(-0.014,0.0005,0.00525));
#16693=CARTESIAN_POINT('',(-0.014,0.0005,0.0025));
#16694=CARTESIAN_POINT('',(-0.014,0.00075,0.0025));
#16695=CARTESIAN_POINT('',(-0.013,0.002,0.004));
#16696=CARTESIAN_POINT('',(-0.013,0.00025,0.002));
#16697=CARTESIAN_POINT('',(-0.013,0.,0.002));
#16698=CARTESIAN_POINT('',(-0.013,0.001,0.002));
#16699=CARTESIAN_POINT('',(-0.013,0.001,0.00225));
#16700=CARTESIAN_POINT('',(-0.013,0.001,0.0025));
#16701=CARTESIAN_POINT('',(-0.013,0.00075,0.0025));
#16702=CARTESIAN_POINT('',(-0.013,0.0005,0.0025));
#16703=CARTESIAN_POINT('',(-0.013,0.0005,0.00525));
#16704=CARTESIAN_POINT('',(-0.013,0.0005,0.008));
#16705=CARTESIAN_POINT('',(-0.013,-2.00000000000027E-6,0.008));
#16706=CARTESIAN_POINT('',(-0.013,0.,0.008));
#16707=CARTESIAN_POINT('',(-0.013,0.,0.0045));
#16708=CARTESIAN_POINT('',(-0.014,0.001,0.00225));
#16709=CARTESIAN_POINT('',(-0.01375,0.001,0.00225));
#16710=CARTESIAN_POINT('',(-0.01375,0.001,0.002));
#16711=CARTESIAN_POINT('',(-0.014,0.001,0.002));
#16712=CARTESIAN_POINT('',(-0.014,0.001,0.0025));
#16713=CARTESIAN_POINT('',(-0.014,0.001,0.002));
#16714=CARTESIAN_POINT('',(-0.01325,0.001,0.002));
#16715=CARTESIAN_POINT('',(-0.01325,0.001,0.00225));
#16716=CARTESIAN_POINT('',(-0.014,0.0005,0.00525));
#16717=CARTESIAN_POINT('',(-0.014,0.0005,0.0025));
#16718=CARTESIAN_POINT('',(-0.014,0.0005,0.008));
#16719=CARTESIAN_POINT('',(-0.014,0.00075,0.0025));
#16720=CARTESIAN_POINT('',(-0.014,0.00025,0.002));
#16721=CARTESIAN_POINT('',(-0.014,0.,0.002));
#16722=CARTESIAN_POINT('',(-0.01375,0.0255,0.002));
#16723=CARTESIAN_POINT('',(-0.01325,0.0255,0.002));
#16724=CARTESIAN_POINT('',(-0.014,0.,0.0045));
#16725=CARTESIAN_POINT('',(-0.014,0.,0.008));
#16726=CARTESIAN_POINT('',(-0.014,-2.00000000000027E-6,0.008));
#16727=CARTESIAN_POINT('',(-0.01325,0.0255,0.001));
#16728=CARTESIAN_POINT('',(-0.01375,0.0255,0.001));
#16729=CARTESIAN_POINT('',(0.,0.,0.));
#16730=CARTESIAN_POINT('',(-0.0125,0.00225,0.));
#16731=CARTESIAN_POINT('',(-0.01225,0.003,0.));
#16732=CARTESIAN_POINT('',(-0.01225,0.0025,0.));
#16733=CARTESIAN_POINT('',(-0.01225,0.002,0.));
#16734=CARTESIAN_POINT('',(-0.0125,0.0025,0.));
#16735=CARTESIAN_POINT('',(-0.01175,0.0025,0.));
#16736=CARTESIAN_POINT('',(-0.01175,0.003,0.));
#16737=CARTESIAN_POINT('',(-0.01175,0.002,0.));
#16738=CARTESIAN_POINT('',(-0.0125,0.002,0.));
#16739=CARTESIAN_POINT('',(-0.0125,0.002,0.001));
#16740=CARTESIAN_POINT('',(-0.0125,0.002,0.002));
#16741=CARTESIAN_POINT('',(-0.01225,0.002,0.002));
#16742=CARTESIAN_POINT('',(-0.01175,0.002,0.002));
#16743=CARTESIAN_POINT('',(-0.01225,0.002,0.001));
#16744=CARTESIAN_POINT('',(-0.01175,0.002,0.001));
#16745=CARTESIAN_POINT('',(-0.0125,0.002,0.004));
#16746=CARTESIAN_POINT('',(-0.0125,0.0025,0.00225));
#16747=CARTESIAN_POINT('',(-0.0125,0.0025,0.002));
#16748=CARTESIAN_POINT('',(-0.0125,0.0025,0.0025));
#16749=CARTESIAN_POINT('',(-0.0125,0.0005,0.002));
#16750=CARTESIAN_POINT('',(-0.0125,0.,0.002));
#16751=CARTESIAN_POINT('',(-0.0125,0.,0.0045));
#16752=CARTESIAN_POINT('',(-0.0125,0.,0.008));
#16753=CARTESIAN_POINT('',(-0.0125,-2.00000000000027E-6,0.008));
#16754=CARTESIAN_POINT('',(-0.0125,0.001,0.008));
#16755=CARTESIAN_POINT('',(-0.0125,0.001,0.00525));
#16756=CARTESIAN_POINT('',(-0.0125,0.001,0.0025));
#16757=CARTESIAN_POINT('',(-0.0125,0.00175,0.0025));
#16758=CARTESIAN_POINT('',(-0.0115,0.002,0.004));
#16759=CARTESIAN_POINT('',(-0.0115,0.0005,0.002));
#16760=CARTESIAN_POINT('',(-0.0115,0.,0.002));
#16761=CARTESIAN_POINT('',(-0.0115,0.0025,0.002));
#16762=CARTESIAN_POINT('',(-0.0115,0.0025,0.00225));
#16763=CARTESIAN_POINT('',(-0.0115,0.0025,0.0025));
#16764=CARTESIAN_POINT('',(-0.0115,0.00175,0.0025));
#16765=CARTESIAN_POINT('',(-0.0115,0.001,0.0025));
#16766=CARTESIAN_POINT('',(-0.0115,0.001,0.00525));
#16767=CARTESIAN_POINT('',(-0.0115,0.001,0.008));
#16768=CARTESIAN_POINT('',(-0.0115,-2.00000000000027E-6,0.008));
#16769=CARTESIAN_POINT('',(-0.0115,0.,0.008));
#16770=CARTESIAN_POINT('',(-0.0115,0.,0.0045));
#16771=CARTESIAN_POINT('',(-0.0125,0.0025,0.00225));
#16772=CARTESIAN_POINT('',(-0.01225,0.0025,0.00225));
#16773=CARTESIAN_POINT('',(-0.01225,0.0025,0.002));
#16774=CARTESIAN_POINT('',(-0.0125,0.0025,0.002));
#16775=CARTESIAN_POINT('',(-0.0125,0.0025,0.0025));
#16776=CARTESIAN_POINT('',(-0.0125,0.0025,0.002));
#16777=CARTESIAN_POINT('',(-0.01175,0.0025,0.002));
#16778=CARTESIAN_POINT('',(-0.01175,0.0025,0.00225));
#16779=CARTESIAN_POINT('',(-0.0125,0.001,0.00525));
#16780=CARTESIAN_POINT('',(-0.0125,0.001,0.0025));
#16781=CARTESIAN_POINT('',(-0.0125,0.001,0.008));
#16782=CARTESIAN_POINT('',(-0.0125,0.00175,0.0025));
#16783=CARTESIAN_POINT('',(-0.0125,0.0005,0.002));
#16784=CARTESIAN_POINT('',(-0.0125,0.,0.002));
#16785=CARTESIAN_POINT('',(-0.01225,0.003,0.002));
#16786=CARTESIAN_POINT('',(-0.01175,0.003,0.002));
#16787=CARTESIAN_POINT('',(-0.0125,0.,0.0045));
#16788=CARTESIAN_POINT('',(-0.0125,0.,0.008));
#16789=CARTESIAN_POINT('',(-0.0125,-2.00000000000027E-6,0.008));
#16790=CARTESIAN_POINT('',(-0.01175,0.003,0.001));
#16791=CARTESIAN_POINT('',(-0.01225,0.003,0.001));
#16792=CARTESIAN_POINT('',(0.,0.,0.));
#16793=CARTESIAN_POINT('',(-0.011,0.00075,0.));
#16794=CARTESIAN_POINT('',(-0.01075,0.0255,0.));
#16795=CARTESIAN_POINT('',(-0.01075,0.001,0.));
#16796=CARTESIAN_POINT('',(-0.01075,0.0005,0.));
#16797=CARTESIAN_POINT('',(-0.011,0.001,0.));
#16798=CARTESIAN_POINT('',(-0.01025,0.001,0.));
#16799=CARTESIAN_POINT('',(-0.01025,0.0255,0.));
#16800=CARTESIAN_POINT('',(-0.01025,0.0005,0.));
#16801=CARTESIAN_POINT('',(-0.011,0.0005,0.));
#16802=CARTESIAN_POINT('',(-0.011,0.0005,0.0015));
#16803=CARTESIAN_POINT('',(-0.011,0.0005,0.002));
#16804=CARTESIAN_POINT('',(-0.01075,0.0005,0.002));
#16805=CARTESIAN_POINT('',(-0.01025,0.0005,0.002));
#16806=CARTESIAN_POINT('',(-0.01075,0.0005,0.001));
#16807=CARTESIAN_POINT('',(-0.01025,0.0005,0.001));
#16808=CARTESIAN_POINT('',(-0.011,0.002,0.004));
#16809=CARTESIAN_POINT('',(-0.011,0.001,0.00225));
#16810=CARTESIAN_POINT('',(-0.011,0.001,0.002));
#16811=CARTESIAN_POINT('',(-0.011,0.001,0.0025));
#16812=CARTESIAN_POINT('',(-0.011,0.00025,0.002));
#16813=CARTESIAN_POINT('',(-0.011,0.,0.002));
#16814=CARTESIAN_POINT('',(-0.011,0.,0.0045));
#16815=CARTESIAN_POINT('',(-0.011,0.,0.008));
#16816=CARTESIAN_POINT('',(-0.011,-2.00000000000027E-6,0.008));
#16817=CARTESIAN_POINT('',(-0.011,0.0005,0.008));
#16818=CARTESIAN_POINT('',(-0.011,0.0005,0.00525));
#16819=CARTESIAN_POINT('',(-0.011,0.0005,0.0025));
#16820=CARTESIAN_POINT('',(-0.011,0.00075,0.0025));
#16821=CARTESIAN_POINT('',(-0.01,0.002,0.004));
#16822=CARTESIAN_POINT('',(-0.01,0.00025,0.002));
#16823=CARTESIAN_POINT('',(-0.01,0.,0.002));
#16824=CARTESIAN_POINT('',(-0.01,0.001,0.002));
#16825=CARTESIAN_POINT('',(-0.01,0.001,0.00225));
#16826=CARTESIAN_POINT('',(-0.01,0.001,0.0025));
#16827=CARTESIAN_POINT('',(-0.01,0.00075,0.0025));
#16828=CARTESIAN_POINT('',(-0.01,0.0005,0.0025));
#16829=CARTESIAN_POINT('',(-0.01,0.0005,0.00525));
#16830=CARTESIAN_POINT('',(-0.01,0.0005,0.008));
#16831=CARTESIAN_POINT('',(-0.01,-2.00000000000027E-6,0.008));
#16832=CARTESIAN_POINT('',(-0.01,0.,0.008));
#16833=CARTESIAN_POINT('',(-0.01,0.,0.0045));
#16834=CARTESIAN_POINT('',(-0.011,0.001,0.00225));
#16835=CARTESIAN_POINT('',(-0.01075,0.001,0.00225));
#16836=CARTESIAN_POINT('',(-0.01075,0.001,0.002));
#16837=CARTESIAN_POINT('',(-0.011,0.001,0.002));
#16838=CARTESIAN_POINT('',(-0.011,0.001,0.0025));
#16839=CARTESIAN_POINT('',(-0.011,0.001,0.002));
#16840=CARTESIAN_POINT('',(-0.01025,0.001,0.002));
#16841=CARTESIAN_POINT('',(-0.01025,0.001,0.00225));
#16842=CARTESIAN_POINT('',(-0.011,0.0005,0.00525));
#16843=CARTESIAN_POINT('',(-0.011,0.0005,0.0025));
#16844=CARTESIAN_POINT('',(-0.011,0.0005,0.008));
#16845=CARTESIAN_POINT('',(-0.011,0.00075,0.0025));
#16846=CARTESIAN_POINT('',(-0.011,0.00025,0.002));
#16847=CARTESIAN_POINT('',(-0.011,0.,0.002));
#16848=CARTESIAN_POINT('',(-0.01075,0.0255,0.002));
#16849=CARTESIAN_POINT('',(-0.01025,0.0255,0.002));
#16850=CARTESIAN_POINT('',(-0.011,0.,0.0045));
#16851=CARTESIAN_POINT('',(-0.011,0.,0.008));
#16852=CARTESIAN_POINT('',(-0.011,-2.00000000000027E-6,0.008));
#16853=CARTESIAN_POINT('',(-0.01025,0.0255,0.001));
#16854=CARTESIAN_POINT('',(-0.01075,0.0255,0.001));
#16855=CARTESIAN_POINT('',(0.,0.,0.));
#16856=CARTESIAN_POINT('',(-0.0095,0.00225,0.));
#16857=CARTESIAN_POINT('',(-0.00925,0.003,0.));
#16858=CARTESIAN_POINT('',(-0.00925,0.0025,0.));
#16859=CARTESIAN_POINT('',(-0.00925,0.002,0.));
#16860=CARTESIAN_POINT('',(-0.0095,0.0025,0.));
#16861=CARTESIAN_POINT('',(-0.00875,0.0025,0.));
#16862=CARTESIAN_POINT('',(-0.00875,0.003,0.));
#16863=CARTESIAN_POINT('',(-0.00875,0.002,0.));
#16864=CARTESIAN_POINT('',(-0.0095,0.002,0.));
#16865=CARTESIAN_POINT('',(-0.0095,0.002,0.001));
#16866=CARTESIAN_POINT('',(-0.0095,0.002,0.002));
#16867=CARTESIAN_POINT('',(-0.00925,0.002,0.002));
#16868=CARTESIAN_POINT('',(-0.00875,0.002,0.002));
#16869=CARTESIAN_POINT('',(-0.00925,0.002,0.001));
#16870=CARTESIAN_POINT('',(-0.00875,0.002,0.001));
#16871=CARTESIAN_POINT('',(-0.0095,0.002,0.004));
#16872=CARTESIAN_POINT('',(-0.0095,0.0025,0.00225));
#16873=CARTESIAN_POINT('',(-0.0095,0.0025,0.002));
#16874=CARTESIAN_POINT('',(-0.0095,0.0025,0.0025));
#16875=CARTESIAN_POINT('',(-0.0095,0.0005,0.002));
#16876=CARTESIAN_POINT('',(-0.0095,0.,0.002));
#16877=CARTESIAN_POINT('',(-0.0095,0.,0.0045));
#16878=CARTESIAN_POINT('',(-0.0095,0.,0.008));
#16879=CARTESIAN_POINT('',(-0.0095,-2.00000000000027E-6,0.008));
#16880=CARTESIAN_POINT('',(-0.0095,0.001,0.008));
#16881=CARTESIAN_POINT('',(-0.0095,0.001,0.00525));
#16882=CARTESIAN_POINT('',(-0.0095,0.001,0.0025));
#16883=CARTESIAN_POINT('',(-0.0095,0.00175,0.0025));
#16884=CARTESIAN_POINT('',(-0.0085,0.002,0.004));
#16885=CARTESIAN_POINT('',(-0.0085,0.0005,0.002));
#16886=CARTESIAN_POINT('',(-0.0085,0.,0.002));
#16887=CARTESIAN_POINT('',(-0.0085,0.0025,0.002));
#16888=CARTESIAN_POINT('',(-0.0085,0.0025,0.00225));
#16889=CARTESIAN_POINT('',(-0.0085,0.0025,0.0025));
#16890=CARTESIAN_POINT('',(-0.0085,0.00175,0.0025));
#16891=CARTESIAN_POINT('',(-0.0085,0.001,0.0025));
#16892=CARTESIAN_POINT('',(-0.0085,0.001,0.00525));
#16893=CARTESIAN_POINT('',(-0.0085,0.001,0.008));
#16894=CARTESIAN_POINT('',(-0.0085,-2.00000000000027E-6,0.008));
#16895=CARTESIAN_POINT('',(-0.0085,0.,0.008));
#16896=CARTESIAN_POINT('',(-0.0085,0.,0.0045));
#16897=CARTESIAN_POINT('',(-0.0095,0.0025,0.00225));
#16898=CARTESIAN_POINT('',(-0.00925,0.0025,0.00225));
#16899=CARTESIAN_POINT('',(-0.00925,0.0025,0.002));
#16900=CARTESIAN_POINT('',(-0.0095,0.0025,0.002));
#16901=CARTESIAN_POINT('',(-0.0095,0.0025,0.0025));
#16902=CARTESIAN_POINT('',(-0.0095,0.0025,0.002));
#16903=CARTESIAN_POINT('',(-0.00875,0.0025,0.002));
#16904=CARTESIAN_POINT('',(-0.00875,0.0025,0.00225));
#16905=CARTESIAN_POINT('',(-0.0095,0.001,0.00525));
#16906=CARTESIAN_POINT('',(-0.0095,0.001,0.0025));
#16907=CARTESIAN_POINT('',(-0.0095,0.001,0.008));
#16908=CARTESIAN_POINT('',(-0.0095,0.00175,0.0025));
#16909=CARTESIAN_POINT('',(-0.0095,0.0005,0.002));
#16910=CARTESIAN_POINT('',(-0.0095,0.,0.002));
#16911=CARTESIAN_POINT('',(-0.00925,0.003,0.002));
#16912=CARTESIAN_POINT('',(-0.00875,0.003,0.002));
#16913=CARTESIAN_POINT('',(-0.0095,0.,0.0045));
#16914=CARTESIAN_POINT('',(-0.0095,0.,0.008));
#16915=CARTESIAN_POINT('',(-0.0095,-2.00000000000027E-6,0.008));
#16916=CARTESIAN_POINT('',(-0.00875,0.003,0.001));
#16917=CARTESIAN_POINT('',(-0.00925,0.003,0.001));
#16918=CARTESIAN_POINT('',(0.,0.,0.));
#16919=CARTESIAN_POINT('',(-0.008,0.00075,0.));
#16920=CARTESIAN_POINT('',(-0.00775,0.0255,0.));
#16921=CARTESIAN_POINT('',(-0.00775,0.001,0.));
#16922=CARTESIAN_POINT('',(-0.00775,0.0005,0.));
#16923=CARTESIAN_POINT('',(-0.008,0.001,0.));
#16924=CARTESIAN_POINT('',(-0.00725,0.001,0.));
#16925=CARTESIAN_POINT('',(-0.00725,0.0255,0.));
#16926=CARTESIAN_POINT('',(-0.00725,0.0005,0.));
#16927=CARTESIAN_POINT('',(-0.008,0.0005,0.));
#16928=CARTESIAN_POINT('',(-0.008,0.0005,0.0015));
#16929=CARTESIAN_POINT('',(-0.008,0.0005,0.002));
#16930=CARTESIAN_POINT('',(-0.00775,0.0005,0.002));
#16931=CARTESIAN_POINT('',(-0.00725,0.0005,0.002));
#16932=CARTESIAN_POINT('',(-0.00775,0.0005,0.001));
#16933=CARTESIAN_POINT('',(-0.00725,0.0005,0.001));
#16934=CARTESIAN_POINT('',(-0.008,0.002,0.004));
#16935=CARTESIAN_POINT('',(-0.008,0.001,0.00225));
#16936=CARTESIAN_POINT('',(-0.008,0.001,0.002));
#16937=CARTESIAN_POINT('',(-0.008,0.001,0.0025));
#16938=CARTESIAN_POINT('',(-0.008,0.00025,0.002));
#16939=CARTESIAN_POINT('',(-0.008,0.,0.002));
#16940=CARTESIAN_POINT('',(-0.008,0.,0.0045));
#16941=CARTESIAN_POINT('',(-0.008,0.,0.008));
#16942=CARTESIAN_POINT('',(-0.008,-2.00000000000027E-6,0.008));
#16943=CARTESIAN_POINT('',(-0.008,0.0005,0.008));
#16944=CARTESIAN_POINT('',(-0.008,0.0005,0.00525));
#16945=CARTESIAN_POINT('',(-0.008,0.0005,0.0025));
#16946=CARTESIAN_POINT('',(-0.008,0.00075,0.0025));
#16947=CARTESIAN_POINT('',(-0.007,0.002,0.004));
#16948=CARTESIAN_POINT('',(-0.007,0.00025,0.002));
#16949=CARTESIAN_POINT('',(-0.007,0.,0.002));
#16950=CARTESIAN_POINT('',(-0.007,0.001,0.002));
#16951=CARTESIAN_POINT('',(-0.007,0.001,0.00225));
#16952=CARTESIAN_POINT('',(-0.007,0.001,0.0025));
#16953=CARTESIAN_POINT('',(-0.007,0.00075,0.0025));
#16954=CARTESIAN_POINT('',(-0.007,0.0005,0.0025));
#16955=CARTESIAN_POINT('',(-0.007,0.0005,0.00525));
#16956=CARTESIAN_POINT('',(-0.007,0.0005,0.008));
#16957=CARTESIAN_POINT('',(-0.007,-2.00000000000027E-6,0.008));
#16958=CARTESIAN_POINT('',(-0.007,0.,0.008));
#16959=CARTESIAN_POINT('',(-0.007,0.,0.0045));
#16960=CARTESIAN_POINT('',(-0.008,0.001,0.00225));
#16961=CARTESIAN_POINT('',(-0.00775,0.001,0.00225));
#16962=CARTESIAN_POINT('',(-0.00775,0.001,0.002));
#16963=CARTESIAN_POINT('',(-0.008,0.001,0.002));
#16964=CARTESIAN_POINT('',(-0.008,0.001,0.0025));
#16965=CARTESIAN_POINT('',(-0.008,0.001,0.002));
#16966=CARTESIAN_POINT('',(-0.00725,0.001,0.002));
#16967=CARTESIAN_POINT('',(-0.00725,0.001,0.00225));
#16968=CARTESIAN_POINT('',(-0.008,0.0005,0.00525));
#16969=CARTESIAN_POINT('',(-0.008,0.0005,0.0025));
#16970=CARTESIAN_POINT('',(-0.008,0.0005,0.008));
#16971=CARTESIAN_POINT('',(-0.008,0.00075,0.0025));
#16972=CARTESIAN_POINT('',(-0.008,0.00025,0.002));
#16973=CARTESIAN_POINT('',(-0.008,0.,0.002));
#16974=CARTESIAN_POINT('',(-0.00775,0.0255,0.002));
#16975=CARTESIAN_POINT('',(-0.00725,0.0255,0.002));
#16976=CARTESIAN_POINT('',(-0.008,0.,0.0045));
#16977=CARTESIAN_POINT('',(-0.008,0.,0.008));
#16978=CARTESIAN_POINT('',(-0.008,-2.00000000000027E-6,0.008));
#16979=CARTESIAN_POINT('',(-0.00725,0.0255,0.001));
#16980=CARTESIAN_POINT('',(-0.00775,0.0255,0.001));
#16981=CARTESIAN_POINT('',(0.,0.,0.));
#16982=CARTESIAN_POINT('',(-0.0065,0.00225,0.));
#16983=CARTESIAN_POINT('',(-0.00625,0.003,0.));
#16984=CARTESIAN_POINT('',(-0.00625,0.0025,0.));
#16985=CARTESIAN_POINT('',(-0.00625,0.002,0.));
#16986=CARTESIAN_POINT('',(-0.0065,0.0025,0.));
#16987=CARTESIAN_POINT('',(-0.00575,0.0025,0.));
#16988=CARTESIAN_POINT('',(-0.00575,0.003,0.));
#16989=CARTESIAN_POINT('',(-0.00575,0.002,0.));
#16990=CARTESIAN_POINT('',(-0.0065,0.002,0.));
#16991=CARTESIAN_POINT('',(-0.0065,0.002,0.001));
#16992=CARTESIAN_POINT('',(-0.0065,0.002,0.002));
#16993=CARTESIAN_POINT('',(-0.00625,0.002,0.002));
#16994=CARTESIAN_POINT('',(-0.00575,0.002,0.002));
#16995=CARTESIAN_POINT('',(-0.00625,0.002,0.001));
#16996=CARTESIAN_POINT('',(-0.00575,0.002,0.001));
#16997=CARTESIAN_POINT('',(-0.0065,0.002,0.004));
#16998=CARTESIAN_POINT('',(-0.0065,0.0025,0.00225));
#16999=CARTESIAN_POINT('',(-0.0065,0.0025,0.002));
#17000=CARTESIAN_POINT('',(-0.0065,0.0025,0.0025));
#17001=CARTESIAN_POINT('',(-0.0065,0.0005,0.002));
#17002=CARTESIAN_POINT('',(-0.0065,0.,0.002));
#17003=CARTESIAN_POINT('',(-0.0065,0.,0.0045));
#17004=CARTESIAN_POINT('',(-0.0065,0.,0.008));
#17005=CARTESIAN_POINT('',(-0.0065,-2.00000000000027E-6,0.008));
#17006=CARTESIAN_POINT('',(-0.0065,0.001,0.008));
#17007=CARTESIAN_POINT('',(-0.0065,0.001,0.00525));
#17008=CARTESIAN_POINT('',(-0.0065,0.001,0.0025));
#17009=CARTESIAN_POINT('',(-0.0065,0.00175,0.0025));
#17010=CARTESIAN_POINT('',(-0.0055,0.002,0.004));
#17011=CARTESIAN_POINT('',(-0.0055,0.0005,0.002));
#17012=CARTESIAN_POINT('',(-0.0055,0.,0.002));
#17013=CARTESIAN_POINT('',(-0.0055,0.0025,0.002));
#17014=CARTESIAN_POINT('',(-0.0055,0.0025,0.00225));
#17015=CARTESIAN_POINT('',(-0.0055,0.0025,0.0025));
#17016=CARTESIAN_POINT('',(-0.0055,0.00175,0.0025));
#17017=CARTESIAN_POINT('',(-0.0055,0.001,0.0025));
#17018=CARTESIAN_POINT('',(-0.0055,0.001,0.00525));
#17019=CARTESIAN_POINT('',(-0.0055,0.001,0.008));
#17020=CARTESIAN_POINT('',(-0.0055,-2.00000000000027E-6,0.008));
#17021=CARTESIAN_POINT('',(-0.0055,0.,0.008));
#17022=CARTESIAN_POINT('',(-0.0055,0.,0.0045));
#17023=CARTESIAN_POINT('',(-0.0065,0.0025,0.00225));
#17024=CARTESIAN_POINT('',(-0.00625,0.0025,0.00225));
#17025=CARTESIAN_POINT('',(-0.00625,0.0025,0.002));
#17026=CARTESIAN_POINT('',(-0.0065,0.0025,0.002));
#17027=CARTESIAN_POINT('',(-0.0065,0.0025,0.0025));
#17028=CARTESIAN_POINT('',(-0.0065,0.0025,0.002));
#17029=CARTESIAN_POINT('',(-0.00575,0.0025,0.002));
#17030=CARTESIAN_POINT('',(-0.00575,0.0025,0.00225));
#17031=CARTESIAN_POINT('',(-0.0065,0.001,0.00525));
#17032=CARTESIAN_POINT('',(-0.0065,0.001,0.0025));
#17033=CARTESIAN_POINT('',(-0.0065,0.001,0.008));
#17034=CARTESIAN_POINT('',(-0.0065,0.00175,0.0025));
#17035=CARTESIAN_POINT('',(-0.0065,0.0005,0.002));
#17036=CARTESIAN_POINT('',(-0.0065,0.,0.002));
#17037=CARTESIAN_POINT('',(-0.00625,0.003,0.002));
#17038=CARTESIAN_POINT('',(-0.00575,0.003,0.002));
#17039=CARTESIAN_POINT('',(-0.0065,0.,0.0045));
#17040=CARTESIAN_POINT('',(-0.0065,0.,0.008));
#17041=CARTESIAN_POINT('',(-0.0065,-2.00000000000027E-6,0.008));
#17042=CARTESIAN_POINT('',(-0.00575,0.003,0.001));
#17043=CARTESIAN_POINT('',(-0.00625,0.003,0.001));
#17044=CARTESIAN_POINT('',(0.,0.,0.));
#17045=CARTESIAN_POINT('',(-0.005,0.00075,0.));
#17046=CARTESIAN_POINT('',(-0.00475,0.0255,0.));
#17047=CARTESIAN_POINT('',(-0.00475,0.001,0.));
#17048=CARTESIAN_POINT('',(-0.00475,0.0005,0.));
#17049=CARTESIAN_POINT('',(-0.005,0.001,0.));
#17050=CARTESIAN_POINT('',(-0.00425,0.001,0.));
#17051=CARTESIAN_POINT('',(-0.00425,0.0255,0.));
#17052=CARTESIAN_POINT('',(-0.00425,0.0005,0.));
#17053=CARTESIAN_POINT('',(-0.005,0.0005,0.));
#17054=CARTESIAN_POINT('',(-0.005,0.0005,0.0015));
#17055=CARTESIAN_POINT('',(-0.005,0.0005,0.002));
#17056=CARTESIAN_POINT('',(-0.00475,0.0005,0.002));
#17057=CARTESIAN_POINT('',(-0.00425,0.0005,0.002));
#17058=CARTESIAN_POINT('',(-0.00475,0.0005,0.001));
#17059=CARTESIAN_POINT('',(-0.00425,0.0005,0.001));
#17060=CARTESIAN_POINT('',(-0.005,0.002,0.004));
#17061=CARTESIAN_POINT('',(-0.005,0.001,0.00225));
#17062=CARTESIAN_POINT('',(-0.005,0.001,0.002));
#17063=CARTESIAN_POINT('',(-0.005,0.001,0.0025));
#17064=CARTESIAN_POINT('',(-0.005,0.00025,0.002));
#17065=CARTESIAN_POINT('',(-0.005,0.,0.002));
#17066=CARTESIAN_POINT('',(-0.005,0.,0.0045));
#17067=CARTESIAN_POINT('',(-0.005,0.,0.008));
#17068=CARTESIAN_POINT('',(-0.005,-2.00000000000027E-6,0.008));
#17069=CARTESIAN_POINT('',(-0.005,0.0005,0.008));
#17070=CARTESIAN_POINT('',(-0.005,0.0005,0.00525));
#17071=CARTESIAN_POINT('',(-0.005,0.0005,0.0025));
#17072=CARTESIAN_POINT('',(-0.005,0.00075,0.0025));
#17073=CARTESIAN_POINT('',(-0.004,0.002,0.004));
#17074=CARTESIAN_POINT('',(-0.004,0.00025,0.002));
#17075=CARTESIAN_POINT('',(-0.004,0.,0.002));
#17076=CARTESIAN_POINT('',(-0.004,0.001,0.002));
#17077=CARTESIAN_POINT('',(-0.004,0.001,0.00225));
#17078=CARTESIAN_POINT('',(-0.004,0.001,0.0025));
#17079=CARTESIAN_POINT('',(-0.004,0.00075,0.0025));
#17080=CARTESIAN_POINT('',(-0.004,0.0005,0.0025));
#17081=CARTESIAN_POINT('',(-0.004,0.0005,0.00525));
#17082=CARTESIAN_POINT('',(-0.004,0.0005,0.008));
#17083=CARTESIAN_POINT('',(-0.004,-2.00000000000027E-6,0.008));
#17084=CARTESIAN_POINT('',(-0.004,0.,0.008));
#17085=CARTESIAN_POINT('',(-0.004,0.,0.0045));
#17086=CARTESIAN_POINT('',(-0.005,0.001,0.00225));
#17087=CARTESIAN_POINT('',(-0.00475,0.001,0.00225));
#17088=CARTESIAN_POINT('',(-0.00475,0.001,0.002));
#17089=CARTESIAN_POINT('',(-0.005,0.001,0.002));
#17090=CARTESIAN_POINT('',(-0.005,0.001,0.0025));
#17091=CARTESIAN_POINT('',(-0.005,0.001,0.002));
#17092=CARTESIAN_POINT('',(-0.00425,0.001,0.002));
#17093=CARTESIAN_POINT('',(-0.00425,0.001,0.00225));
#17094=CARTESIAN_POINT('',(-0.005,0.0005,0.00525));
#17095=CARTESIAN_POINT('',(-0.005,0.0005,0.0025));
#17096=CARTESIAN_POINT('',(-0.005,0.0005,0.008));
#17097=CARTESIAN_POINT('',(-0.005,0.00075,0.0025));
#17098=CARTESIAN_POINT('',(-0.005,0.00025,0.002));
#17099=CARTESIAN_POINT('',(-0.005,0.,0.002));
#17100=CARTESIAN_POINT('',(-0.00475,0.0255,0.002));
#17101=CARTESIAN_POINT('',(-0.00425,0.0255,0.002));
#17102=CARTESIAN_POINT('',(-0.005,0.,0.0045));
#17103=CARTESIAN_POINT('',(-0.005,0.,0.008));
#17104=CARTESIAN_POINT('',(-0.005,-2.00000000000027E-6,0.008));
#17105=CARTESIAN_POINT('',(-0.00425,0.0255,0.001));
#17106=CARTESIAN_POINT('',(-0.00475,0.0255,0.001));
#17107=CARTESIAN_POINT('',(0.,0.,0.));
#17108=CARTESIAN_POINT('',(-0.0035,0.00225,0.));
#17109=CARTESIAN_POINT('',(-0.00325,0.003,0.));
#17110=CARTESIAN_POINT('',(-0.00325,0.0025,0.));
#17111=CARTESIAN_POINT('',(-0.00325,0.002,0.));
#17112=CARTESIAN_POINT('',(-0.0035,0.0025,0.));
#17113=CARTESIAN_POINT('',(-0.00275,0.0025,0.));
#17114=CARTESIAN_POINT('',(-0.00275,0.003,0.));
#17115=CARTESIAN_POINT('',(-0.00275,0.002,0.));
#17116=CARTESIAN_POINT('',(-0.0035,0.002,0.));
#17117=CARTESIAN_POINT('',(-0.0035,0.002,0.001));
#17118=CARTESIAN_POINT('',(-0.0035,0.002,0.002));
#17119=CARTESIAN_POINT('',(-0.00325,0.002,0.002));
#17120=CARTESIAN_POINT('',(-0.00275,0.002,0.002));
#17121=CARTESIAN_POINT('',(-0.00325,0.002,0.001));
#17122=CARTESIAN_POINT('',(-0.00275,0.002,0.001));
#17123=CARTESIAN_POINT('',(-0.0035,0.002,0.004));
#17124=CARTESIAN_POINT('',(-0.0035,0.0025,0.00225));
#17125=CARTESIAN_POINT('',(-0.0035,0.0025,0.002));
#17126=CARTESIAN_POINT('',(-0.0035,0.0025,0.0025));
#17127=CARTESIAN_POINT('',(-0.0035,0.0005,0.002));
#17128=CARTESIAN_POINT('',(-0.0035,0.,0.002));
#17129=CARTESIAN_POINT('',(-0.0035,0.,0.0045));
#17130=CARTESIAN_POINT('',(-0.0035,0.,0.008));
#17131=CARTESIAN_POINT('',(-0.0035,-2.00000000000027E-6,0.008));
#17132=CARTESIAN_POINT('',(-0.0035,0.001,0.008));
#17133=CARTESIAN_POINT('',(-0.0035,0.001,0.00525));
#17134=CARTESIAN_POINT('',(-0.0035,0.001,0.0025));
#17135=CARTESIAN_POINT('',(-0.0035,0.00175,0.0025));
#17136=CARTESIAN_POINT('',(-0.0025,0.002,0.004));
#17137=CARTESIAN_POINT('',(-0.0025,0.0005,0.002));
#17138=CARTESIAN_POINT('',(-0.0025,0.,0.002));
#17139=CARTESIAN_POINT('',(-0.0025,0.0025,0.002));
#17140=CARTESIAN_POINT('',(-0.0025,0.0025,0.00225));
#17141=CARTESIAN_POINT('',(-0.0025,0.0025,0.0025));
#17142=CARTESIAN_POINT('',(-0.0025,0.00175,0.0025));
#17143=CARTESIAN_POINT('',(-0.0025,0.001,0.0025));
#17144=CARTESIAN_POINT('',(-0.0025,0.001,0.00525));
#17145=CARTESIAN_POINT('',(-0.0025,0.001,0.008));
#17146=CARTESIAN_POINT('',(-0.0025,-2.00000000000027E-6,0.008));
#17147=CARTESIAN_POINT('',(-0.0025,0.,0.008));
#17148=CARTESIAN_POINT('',(-0.0025,0.,0.0045));
#17149=CARTESIAN_POINT('',(-0.0035,0.0025,0.00225));
#17150=CARTESIAN_POINT('',(-0.00325,0.0025,0.00225));
#17151=CARTESIAN_POINT('',(-0.00325,0.0025,0.002));
#17152=CARTESIAN_POINT('',(-0.0035,0.0025,0.002));
#17153=CARTESIAN_POINT('',(-0.0035,0.0025,0.0025));
#17154=CARTESIAN_POINT('',(-0.0035,0.0025,0.002));
#17155=CARTESIAN_POINT('',(-0.00275,0.0025,0.002));
#17156=CARTESIAN_POINT('',(-0.00275,0.0025,0.00225));
#17157=CARTESIAN_POINT('',(-0.0035,0.001,0.00525));
#17158=CARTESIAN_POINT('',(-0.0035,0.001,0.0025));
#17159=CARTESIAN_POINT('',(-0.0035,0.001,0.008));
#17160=CARTESIAN_POINT('',(-0.0035,0.00175,0.0025));
#17161=CARTESIAN_POINT('',(-0.0035,0.0005,0.002));
#17162=CARTESIAN_POINT('',(-0.0035,0.,0.002));
#17163=CARTESIAN_POINT('',(-0.00325,0.003,0.002));
#17164=CARTESIAN_POINT('',(-0.00275,0.003,0.002));
#17165=CARTESIAN_POINT('',(-0.0035,0.,0.0045));
#17166=CARTESIAN_POINT('',(-0.0035,0.,0.008));
#17167=CARTESIAN_POINT('',(-0.0035,-2.00000000000027E-6,0.008));
#17168=CARTESIAN_POINT('',(-0.00275,0.003,0.001));
#17169=CARTESIAN_POINT('',(-0.00325,0.003,0.001));
#17170=CARTESIAN_POINT('',(0.,0.,0.));
#17171=CARTESIAN_POINT('',(-0.002,0.00075,0.));
#17172=CARTESIAN_POINT('',(-0.00175,0.0255,0.));
#17173=CARTESIAN_POINT('',(-0.00175,0.001,0.));
#17174=CARTESIAN_POINT('',(-0.00175,0.0005,0.));
#17175=CARTESIAN_POINT('',(-0.002,0.001,0.));
#17176=CARTESIAN_POINT('',(-0.00125,0.001,0.));
#17177=CARTESIAN_POINT('',(-0.00125,0.0255,0.));
#17178=CARTESIAN_POINT('',(-0.00125,0.0005,0.));
#17179=CARTESIAN_POINT('',(-0.002,0.0005,0.));
#17180=CARTESIAN_POINT('',(-0.002,0.0005,0.0015));
#17181=CARTESIAN_POINT('',(-0.002,0.0005,0.002));
#17182=CARTESIAN_POINT('',(-0.00175,0.0005,0.002));
#17183=CARTESIAN_POINT('',(-0.00125,0.0005,0.002));
#17184=CARTESIAN_POINT('',(-0.00175,0.0005,0.001));
#17185=CARTESIAN_POINT('',(-0.00125,0.0005,0.001));
#17186=CARTESIAN_POINT('',(-0.002,0.002,0.004));
#17187=CARTESIAN_POINT('',(-0.002,0.001,0.00225));
#17188=CARTESIAN_POINT('',(-0.002,0.001,0.002));
#17189=CARTESIAN_POINT('',(-0.002,0.001,0.0025));
#17190=CARTESIAN_POINT('',(-0.002,0.00025,0.002));
#17191=CARTESIAN_POINT('',(-0.002,0.,0.002));
#17192=CARTESIAN_POINT('',(-0.002,0.,0.0045));
#17193=CARTESIAN_POINT('',(-0.002,0.,0.008));
#17194=CARTESIAN_POINT('',(-0.002,-2.00000000000027E-6,0.008));
#17195=CARTESIAN_POINT('',(-0.002,0.0005,0.008));
#17196=CARTESIAN_POINT('',(-0.002,0.0005,0.00525));
#17197=CARTESIAN_POINT('',(-0.002,0.0005,0.0025));
#17198=CARTESIAN_POINT('',(-0.002,0.00075,0.0025));
#17199=CARTESIAN_POINT('',(-0.001,0.002,0.004));
#17200=CARTESIAN_POINT('',(-0.001,0.00025,0.002));
#17201=CARTESIAN_POINT('',(-0.001,0.,0.002));
#17202=CARTESIAN_POINT('',(-0.001,0.001,0.002));
#17203=CARTESIAN_POINT('',(-0.001,0.001,0.00225));
#17204=CARTESIAN_POINT('',(-0.001,0.001,0.0025));
#17205=CARTESIAN_POINT('',(-0.001,0.00075,0.0025));
#17206=CARTESIAN_POINT('',(-0.001,0.0005,0.0025));
#17207=CARTESIAN_POINT('',(-0.001,0.0005,0.00525));
#17208=CARTESIAN_POINT('',(-0.001,0.0005,0.008));
#17209=CARTESIAN_POINT('',(-0.001,-2.00000000000027E-6,0.008));
#17210=CARTESIAN_POINT('',(-0.001,0.,0.008));
#17211=CARTESIAN_POINT('',(-0.001,0.,0.0045));
#17212=CARTESIAN_POINT('',(-0.002,0.001,0.00225));
#17213=CARTESIAN_POINT('',(-0.00175,0.001,0.00225));
#17214=CARTESIAN_POINT('',(-0.00175,0.001,0.002));
#17215=CARTESIAN_POINT('',(-0.002,0.001,0.002));
#17216=CARTESIAN_POINT('',(-0.002,0.001,0.0025));
#17217=CARTESIAN_POINT('',(-0.002,0.001,0.002));
#17218=CARTESIAN_POINT('',(-0.00125,0.001,0.002));
#17219=CARTESIAN_POINT('',(-0.00125,0.001,0.00225));
#17220=CARTESIAN_POINT('',(-0.002,0.0005,0.00525));
#17221=CARTESIAN_POINT('',(-0.002,0.0005,0.0025));
#17222=CARTESIAN_POINT('',(-0.002,0.0005,0.008));
#17223=CARTESIAN_POINT('',(-0.002,0.00075,0.0025));
#17224=CARTESIAN_POINT('',(-0.002,0.00025,0.002));
#17225=CARTESIAN_POINT('',(-0.002,0.,0.002));
#17226=CARTESIAN_POINT('',(-0.00175,0.0255,0.002));
#17227=CARTESIAN_POINT('',(-0.00125,0.0255,0.002));
#17228=CARTESIAN_POINT('',(-0.002,0.,0.0045));
#17229=CARTESIAN_POINT('',(-0.002,0.,0.008));
#17230=CARTESIAN_POINT('',(-0.002,-2.00000000000027E-6,0.008));
#17231=CARTESIAN_POINT('',(-0.00125,0.0255,0.001));
#17232=CARTESIAN_POINT('',(-0.00175,0.0255,0.001));
#17233=CARTESIAN_POINT('',(0.,0.,0.));
#17234=CARTESIAN_POINT('',(-0.000499999999999994,0.00225,0.));
#17235=CARTESIAN_POINT('',(-0.000249999999999993,0.003,0.));
#17236=CARTESIAN_POINT('',(-0.000249999999999993,0.0025,0.));
#17237=CARTESIAN_POINT('',(-0.000249999999999993,0.002,0.));
#17238=CARTESIAN_POINT('',(-0.000499999999999994,0.0025,0.));
#17239=CARTESIAN_POINT('',(0.000250000000000007,0.0025,0.));
#17240=CARTESIAN_POINT('',(0.000250000000000007,0.003,0.));
#17241=CARTESIAN_POINT('',(0.000250000000000007,0.002,0.));
#17242=CARTESIAN_POINT('',(-0.000499999999999994,0.002,0.));
#17243=CARTESIAN_POINT('',(-0.000499999999999994,0.002,0.001));
#17244=CARTESIAN_POINT('',(-0.000499999999999994,0.002,0.002));
#17245=CARTESIAN_POINT('',(-0.000249999999999993,0.002,0.002));
#17246=CARTESIAN_POINT('',(0.000250000000000007,0.002,0.002));
#17247=CARTESIAN_POINT('',(-0.000249999999999993,0.002,0.001));
#17248=CARTESIAN_POINT('',(0.000250000000000007,0.002,0.001));
#17249=CARTESIAN_POINT('',(-0.000499999999999994,0.002,0.004));
#17250=CARTESIAN_POINT('',(-0.000499999999999994,0.0025,0.00225));
#17251=CARTESIAN_POINT('',(-0.000499999999999994,0.0025,0.002));
#17252=CARTESIAN_POINT('',(-0.000499999999999994,0.0025,0.0025));
#17253=CARTESIAN_POINT('',(-0.000499999999999994,0.0005,0.002));
#17254=CARTESIAN_POINT('',(-0.000499999999999994,0.,0.002));
#17255=CARTESIAN_POINT('',(-0.000499999999999994,0.,0.0045));
#17256=CARTESIAN_POINT('',(-0.000499999999999994,0.,0.008));
#17257=CARTESIAN_POINT('',(-0.000499999999999994,-2.00000000000027E-6,0.008));
#17258=CARTESIAN_POINT('',(-0.000499999999999994,0.001,0.008));
#17259=CARTESIAN_POINT('',(-0.000499999999999994,0.001,0.00525));
#17260=CARTESIAN_POINT('',(-0.000499999999999994,0.001,0.0025));
#17261=CARTESIAN_POINT('',(-0.000499999999999994,0.00175,0.0025));
#17262=CARTESIAN_POINT('',(0.000500000000000007,0.002,0.004));
#17263=CARTESIAN_POINT('',(0.000500000000000007,0.0005,0.002));
#17264=CARTESIAN_POINT('',(0.000500000000000007,0.,0.002));
#17265=CARTESIAN_POINT('',(0.000500000000000007,0.0025,0.002));
#17266=CARTESIAN_POINT('',(0.000500000000000007,0.0025,0.00225));
#17267=CARTESIAN_POINT('',(0.000500000000000007,0.0025,0.0025));
#17268=CARTESIAN_POINT('',(0.000500000000000007,0.00175,0.0025));
#17269=CARTESIAN_POINT('',(0.000500000000000007,0.001,0.0025));
#17270=CARTESIAN_POINT('',(0.000500000000000007,0.001,0.00525));
#17271=CARTESIAN_POINT('',(0.000500000000000007,0.001,0.008));
#17272=CARTESIAN_POINT('',(0.000500000000000007,-2.00000000000027E-6,0.008));
#17273=CARTESIAN_POINT('',(0.000500000000000007,0.,0.008));
#17274=CARTESIAN_POINT('',(0.000500000000000007,0.,0.0045));
#17275=CARTESIAN_POINT('',(-0.000499999999999994,0.0025,0.00225));
#17276=CARTESIAN_POINT('',(-0.000249999999999993,0.0025,0.00225));
#17277=CARTESIAN_POINT('',(-0.000249999999999993,0.0025,0.002));
#17278=CARTESIAN_POINT('',(-0.000499999999999994,0.0025,0.002));
#17279=CARTESIAN_POINT('',(-0.000499999999999994,0.0025,0.0025));
#17280=CARTESIAN_POINT('',(-0.000499999999999994,0.0025,0.002));
#17281=CARTESIAN_POINT('',(0.000250000000000007,0.0025,0.002));
#17282=CARTESIAN_POINT('',(0.000250000000000007,0.0025,0.00225));
#17283=CARTESIAN_POINT('',(-0.000499999999999994,0.001,0.00525));
#17284=CARTESIAN_POINT('',(-0.000499999999999994,0.001,0.0025));
#17285=CARTESIAN_POINT('',(-0.000499999999999994,0.001,0.008));
#17286=CARTESIAN_POINT('',(-0.000499999999999994,0.00175,0.0025));
#17287=CARTESIAN_POINT('',(-0.000499999999999994,0.0005,0.002));
#17288=CARTESIAN_POINT('',(-0.000499999999999994,0.,0.002));
#17289=CARTESIAN_POINT('',(-0.000249999999999993,0.003,0.002));
#17290=CARTESIAN_POINT('',(0.000250000000000007,0.003,0.002));
#17291=CARTESIAN_POINT('',(-0.000499999999999994,0.,0.0045));
#17292=CARTESIAN_POINT('',(-0.000499999999999994,0.,0.008));
#17293=CARTESIAN_POINT('',(-0.000499999999999994,-2.00000000000027E-6,0.008));
#17294=CARTESIAN_POINT('',(0.000250000000000007,0.003,0.001));
#17295=CARTESIAN_POINT('',(-0.000249999999999993,0.003,0.001));
#17296=CARTESIAN_POINT('',(0.,0.,0.));
#17297=CARTESIAN_POINT('',(0.001,0.00075,0.));
#17298=CARTESIAN_POINT('',(0.00125,0.0255,0.));
#17299=CARTESIAN_POINT('',(0.00125,0.001,0.));
#17300=CARTESIAN_POINT('',(0.00125,0.0005,0.));
#17301=CARTESIAN_POINT('',(0.001,0.001,0.));
#17302=CARTESIAN_POINT('',(0.00175,0.001,0.));
#17303=CARTESIAN_POINT('',(0.00175,0.0255,0.));
#17304=CARTESIAN_POINT('',(0.00175,0.0005,0.));
#17305=CARTESIAN_POINT('',(0.001,0.0005,0.));
#17306=CARTESIAN_POINT('',(0.001,0.0005,0.0015));
#17307=CARTESIAN_POINT('',(0.001,0.0005,0.002));
#17308=CARTESIAN_POINT('',(0.00125,0.0005,0.002));
#17309=CARTESIAN_POINT('',(0.00175,0.0005,0.002));
#17310=CARTESIAN_POINT('',(0.00125,0.0005,0.001));
#17311=CARTESIAN_POINT('',(0.00175,0.0005,0.001));
#17312=CARTESIAN_POINT('',(0.001,0.002,0.004));
#17313=CARTESIAN_POINT('',(0.001,0.001,0.00225));
#17314=CARTESIAN_POINT('',(0.001,0.001,0.002));
#17315=CARTESIAN_POINT('',(0.001,0.001,0.0025));
#17316=CARTESIAN_POINT('',(0.001,0.00025,0.002));
#17317=CARTESIAN_POINT('',(0.001,0.,0.002));
#17318=CARTESIAN_POINT('',(0.001,0.,0.0045));
#17319=CARTESIAN_POINT('',(0.001,0.,0.008));
#17320=CARTESIAN_POINT('',(0.001,-2.00000000000027E-6,0.008));
#17321=CARTESIAN_POINT('',(0.001,0.0005,0.008));
#17322=CARTESIAN_POINT('',(0.001,0.0005,0.00525));
#17323=CARTESIAN_POINT('',(0.001,0.0005,0.0025));
#17324=CARTESIAN_POINT('',(0.001,0.00075,0.0025));
#17325=CARTESIAN_POINT('',(0.002,0.002,0.004));
#17326=CARTESIAN_POINT('',(0.002,0.00025,0.002));
#17327=CARTESIAN_POINT('',(0.002,0.,0.002));
#17328=CARTESIAN_POINT('',(0.002,0.001,0.002));
#17329=CARTESIAN_POINT('',(0.002,0.001,0.00225));
#17330=CARTESIAN_POINT('',(0.002,0.001,0.0025));
#17331=CARTESIAN_POINT('',(0.002,0.00075,0.0025));
#17332=CARTESIAN_POINT('',(0.002,0.0005,0.0025));
#17333=CARTESIAN_POINT('',(0.002,0.0005,0.00525));
#17334=CARTESIAN_POINT('',(0.002,0.0005,0.008));
#17335=CARTESIAN_POINT('',(0.002,-2.00000000000027E-6,0.008));
#17336=CARTESIAN_POINT('',(0.002,0.,0.008));
#17337=CARTESIAN_POINT('',(0.002,0.,0.0045));
#17338=CARTESIAN_POINT('',(0.001,0.001,0.00225));
#17339=CARTESIAN_POINT('',(0.00125,0.001,0.00225));
#17340=CARTESIAN_POINT('',(0.00125,0.001,0.002));
#17341=CARTESIAN_POINT('',(0.001,0.001,0.002));
#17342=CARTESIAN_POINT('',(0.001,0.001,0.0025));
#17343=CARTESIAN_POINT('',(0.001,0.001,0.002));
#17344=CARTESIAN_POINT('',(0.00175,0.001,0.002));
#17345=CARTESIAN_POINT('',(0.00175,0.001,0.00225));
#17346=CARTESIAN_POINT('',(0.001,0.0005,0.00525));
#17347=CARTESIAN_POINT('',(0.001,0.0005,0.0025));
#17348=CARTESIAN_POINT('',(0.001,0.0005,0.008));
#17349=CARTESIAN_POINT('',(0.001,0.00075,0.0025));
#17350=CARTESIAN_POINT('',(0.001,0.00025,0.002));
#17351=CARTESIAN_POINT('',(0.001,0.,0.002));
#17352=CARTESIAN_POINT('',(0.00125,0.0255,0.002));
#17353=CARTESIAN_POINT('',(0.00175,0.0255,0.002));
#17354=CARTESIAN_POINT('',(0.001,0.,0.0045));
#17355=CARTESIAN_POINT('',(0.001,0.,0.008));
#17356=CARTESIAN_POINT('',(0.001,-2.00000000000027E-6,0.008));
#17357=CARTESIAN_POINT('',(0.00175,0.0255,0.001));
#17358=CARTESIAN_POINT('',(0.00125,0.0255,0.001));
#17359=CARTESIAN_POINT('',(0.,0.,0.));
#17360=CARTESIAN_POINT('',(0.0025,0.00225,0.));
#17361=CARTESIAN_POINT('',(0.00275,0.003,0.));
#17362=CARTESIAN_POINT('',(0.00275,0.0025,0.));
#17363=CARTESIAN_POINT('',(0.00275,0.002,0.));
#17364=CARTESIAN_POINT('',(0.0025,0.0025,0.));
#17365=CARTESIAN_POINT('',(0.00325,0.0025,0.));
#17366=CARTESIAN_POINT('',(0.00325,0.003,0.));
#17367=CARTESIAN_POINT('',(0.00325,0.002,0.));
#17368=CARTESIAN_POINT('',(0.0025,0.002,0.));
#17369=CARTESIAN_POINT('',(0.0025,0.002,0.001));
#17370=CARTESIAN_POINT('',(0.0025,0.002,0.002));
#17371=CARTESIAN_POINT('',(0.00275,0.002,0.002));
#17372=CARTESIAN_POINT('',(0.00325,0.002,0.002));
#17373=CARTESIAN_POINT('',(0.00275,0.002,0.001));
#17374=CARTESIAN_POINT('',(0.00325,0.002,0.001));
#17375=CARTESIAN_POINT('',(0.0025,0.002,0.004));
#17376=CARTESIAN_POINT('',(0.0025,0.0025,0.00225));
#17377=CARTESIAN_POINT('',(0.0025,0.0025,0.002));
#17378=CARTESIAN_POINT('',(0.0025,0.0025,0.0025));
#17379=CARTESIAN_POINT('',(0.0025,0.0005,0.002));
#17380=CARTESIAN_POINT('',(0.0025,0.,0.002));
#17381=CARTESIAN_POINT('',(0.0025,0.,0.0045));
#17382=CARTESIAN_POINT('',(0.0025,0.,0.008));
#17383=CARTESIAN_POINT('',(0.0025,-2.00000000000027E-6,0.008));
#17384=CARTESIAN_POINT('',(0.0025,0.001,0.008));
#17385=CARTESIAN_POINT('',(0.0025,0.001,0.00525));
#17386=CARTESIAN_POINT('',(0.0025,0.001,0.0025));
#17387=CARTESIAN_POINT('',(0.0025,0.00175,0.0025));
#17388=CARTESIAN_POINT('',(0.0035,0.002,0.004));
#17389=CARTESIAN_POINT('',(0.0035,0.0005,0.002));
#17390=CARTESIAN_POINT('',(0.0035,0.,0.002));
#17391=CARTESIAN_POINT('',(0.0035,0.0025,0.002));
#17392=CARTESIAN_POINT('',(0.0035,0.0025,0.00225));
#17393=CARTESIAN_POINT('',(0.0035,0.0025,0.0025));
#17394=CARTESIAN_POINT('',(0.0035,0.00175,0.0025));
#17395=CARTESIAN_POINT('',(0.0035,0.001,0.0025));
#17396=CARTESIAN_POINT('',(0.0035,0.001,0.00525));
#17397=CARTESIAN_POINT('',(0.0035,0.001,0.008));
#17398=CARTESIAN_POINT('',(0.0035,-2.00000000000027E-6,0.008));
#17399=CARTESIAN_POINT('',(0.0035,0.,0.008));
#17400=CARTESIAN_POINT('',(0.0035,0.,0.0045));
#17401=CARTESIAN_POINT('',(0.0025,0.0025,0.00225));
#17402=CARTESIAN_POINT('',(0.00275,0.0025,0.00225));
#17403=CARTESIAN_POINT('',(0.00275,0.0025,0.002));
#17404=CARTESIAN_POINT('',(0.0025,0.0025,0.002));
#17405=CARTESIAN_POINT('',(0.0025,0.0025,0.0025));
#17406=CARTESIAN_POINT('',(0.0025,0.0025,0.002));
#17407=CARTESIAN_POINT('',(0.00325,0.0025,0.002));
#17408=CARTESIAN_POINT('',(0.00325,0.0025,0.00225));
#17409=CARTESIAN_POINT('',(0.0025,0.001,0.00525));
#17410=CARTESIAN_POINT('',(0.0025,0.001,0.0025));
#17411=CARTESIAN_POINT('',(0.0025,0.001,0.008));
#17412=CARTESIAN_POINT('',(0.0025,0.00175,0.0025));
#17413=CARTESIAN_POINT('',(0.0025,0.0005,0.002));
#17414=CARTESIAN_POINT('',(0.0025,0.,0.002));
#17415=CARTESIAN_POINT('',(0.00275,0.003,0.002));
#17416=CARTESIAN_POINT('',(0.00325,0.003,0.002));
#17417=CARTESIAN_POINT('',(0.0025,0.,0.0045));
#17418=CARTESIAN_POINT('',(0.0025,0.,0.008));
#17419=CARTESIAN_POINT('',(0.0025,-2.00000000000027E-6,0.008));
#17420=CARTESIAN_POINT('',(0.00325,0.003,0.001));
#17421=CARTESIAN_POINT('',(0.00275,0.003,0.001));
#17422=CARTESIAN_POINT('',(0.,0.,0.));
#17423=CARTESIAN_POINT('',(0.004,0.00075,0.));
#17424=CARTESIAN_POINT('',(0.00425,0.0255,0.));
#17425=CARTESIAN_POINT('',(0.00425,0.001,0.));
#17426=CARTESIAN_POINT('',(0.00425,0.0005,0.));
#17427=CARTESIAN_POINT('',(0.004,0.001,0.));
#17428=CARTESIAN_POINT('',(0.00475,0.001,0.));
#17429=CARTESIAN_POINT('',(0.00475,0.0255,0.));
#17430=CARTESIAN_POINT('',(0.00475,0.0005,0.));
#17431=CARTESIAN_POINT('',(0.004,0.0005,0.));
#17432=CARTESIAN_POINT('',(0.004,0.0005,0.0015));
#17433=CARTESIAN_POINT('',(0.004,0.0005,0.002));
#17434=CARTESIAN_POINT('',(0.00425,0.0005,0.002));
#17435=CARTESIAN_POINT('',(0.00475,0.0005,0.002));
#17436=CARTESIAN_POINT('',(0.00425,0.0005,0.001));
#17437=CARTESIAN_POINT('',(0.00475,0.0005,0.001));
#17438=CARTESIAN_POINT('',(0.004,0.002,0.004));
#17439=CARTESIAN_POINT('',(0.004,0.001,0.00225));
#17440=CARTESIAN_POINT('',(0.004,0.001,0.002));
#17441=CARTESIAN_POINT('',(0.004,0.001,0.0025));
#17442=CARTESIAN_POINT('',(0.004,0.00025,0.002));
#17443=CARTESIAN_POINT('',(0.004,0.,0.002));
#17444=CARTESIAN_POINT('',(0.004,0.,0.0045));
#17445=CARTESIAN_POINT('',(0.004,0.,0.008));
#17446=CARTESIAN_POINT('',(0.004,-2.00000000000027E-6,0.008));
#17447=CARTESIAN_POINT('',(0.004,0.0005,0.008));
#17448=CARTESIAN_POINT('',(0.004,0.0005,0.00525));
#17449=CARTESIAN_POINT('',(0.004,0.0005,0.0025));
#17450=CARTESIAN_POINT('',(0.004,0.00075,0.0025));
#17451=CARTESIAN_POINT('',(0.005,0.002,0.004));
#17452=CARTESIAN_POINT('',(0.005,0.00025,0.002));
#17453=CARTESIAN_POINT('',(0.005,0.,0.002));
#17454=CARTESIAN_POINT('',(0.005,0.001,0.002));
#17455=CARTESIAN_POINT('',(0.005,0.001,0.00225));
#17456=CARTESIAN_POINT('',(0.005,0.001,0.0025));
#17457=CARTESIAN_POINT('',(0.005,0.00075,0.0025));
#17458=CARTESIAN_POINT('',(0.005,0.0005,0.0025));
#17459=CARTESIAN_POINT('',(0.005,0.0005,0.00525));
#17460=CARTESIAN_POINT('',(0.005,0.0005,0.008));
#17461=CARTESIAN_POINT('',(0.005,-2.00000000000027E-6,0.008));
#17462=CARTESIAN_POINT('',(0.005,0.,0.008));
#17463=CARTESIAN_POINT('',(0.005,0.,0.0045));
#17464=CARTESIAN_POINT('',(0.004,0.001,0.00225));
#17465=CARTESIAN_POINT('',(0.00425,0.001,0.00225));
#17466=CARTESIAN_POINT('',(0.00425,0.001,0.002));
#17467=CARTESIAN_POINT('',(0.004,0.001,0.002));
#17468=CARTESIAN_POINT('',(0.004,0.001,0.0025));
#17469=CARTESIAN_POINT('',(0.004,0.001,0.002));
#17470=CARTESIAN_POINT('',(0.00475,0.001,0.002));
#17471=CARTESIAN_POINT('',(0.00475,0.001,0.00225));
#17472=CARTESIAN_POINT('',(0.004,0.0005,0.00525));
#17473=CARTESIAN_POINT('',(0.004,0.0005,0.0025));
#17474=CARTESIAN_POINT('',(0.004,0.0005,0.008));
#17475=CARTESIAN_POINT('',(0.004,0.00075,0.0025));
#17476=CARTESIAN_POINT('',(0.004,0.00025,0.002));
#17477=CARTESIAN_POINT('',(0.004,0.,0.002));
#17478=CARTESIAN_POINT('',(0.00425,0.0255,0.002));
#17479=CARTESIAN_POINT('',(0.00475,0.0255,0.002));
#17480=CARTESIAN_POINT('',(0.004,0.,0.0045));
#17481=CARTESIAN_POINT('',(0.004,0.,0.008));
#17482=CARTESIAN_POINT('',(0.004,-2.00000000000027E-6,0.008));
#17483=CARTESIAN_POINT('',(0.00475,0.0255,0.001));
#17484=CARTESIAN_POINT('',(0.00425,0.0255,0.001));
#17485=CARTESIAN_POINT('',(0.,0.,0.));
#17486=CARTESIAN_POINT('',(0.0055,0.00225,0.));
#17487=CARTESIAN_POINT('',(0.00575,0.003,0.));
#17488=CARTESIAN_POINT('',(0.00575,0.0025,0.));
#17489=CARTESIAN_POINT('',(0.00575,0.002,0.));
#17490=CARTESIAN_POINT('',(0.0055,0.0025,0.));
#17491=CARTESIAN_POINT('',(0.00625,0.0025,0.));
#17492=CARTESIAN_POINT('',(0.00625,0.003,0.));
#17493=CARTESIAN_POINT('',(0.00625,0.002,0.));
#17494=CARTESIAN_POINT('',(0.0055,0.002,0.));
#17495=CARTESIAN_POINT('',(0.0055,0.002,0.001));
#17496=CARTESIAN_POINT('',(0.0055,0.002,0.002));
#17497=CARTESIAN_POINT('',(0.00575,0.002,0.002));
#17498=CARTESIAN_POINT('',(0.00625,0.002,0.002));
#17499=CARTESIAN_POINT('',(0.00575,0.002,0.001));
#17500=CARTESIAN_POINT('',(0.00625,0.002,0.001));
#17501=CARTESIAN_POINT('',(0.0055,0.002,0.004));
#17502=CARTESIAN_POINT('',(0.0055,0.0025,0.00225));
#17503=CARTESIAN_POINT('',(0.0055,0.0025,0.002));
#17504=CARTESIAN_POINT('',(0.0055,0.0025,0.0025));
#17505=CARTESIAN_POINT('',(0.0055,0.0005,0.002));
#17506=CARTESIAN_POINT('',(0.0055,0.,0.002));
#17507=CARTESIAN_POINT('',(0.0055,0.,0.0045));
#17508=CARTESIAN_POINT('',(0.0055,0.,0.008));
#17509=CARTESIAN_POINT('',(0.0055,-2.00000000000027E-6,0.008));
#17510=CARTESIAN_POINT('',(0.0055,0.001,0.008));
#17511=CARTESIAN_POINT('',(0.0055,0.001,0.00525));
#17512=CARTESIAN_POINT('',(0.0055,0.001,0.0025));
#17513=CARTESIAN_POINT('',(0.0055,0.00175,0.0025));
#17514=CARTESIAN_POINT('',(0.0065,0.002,0.004));
#17515=CARTESIAN_POINT('',(0.0065,0.0005,0.002));
#17516=CARTESIAN_POINT('',(0.0065,0.,0.002));
#17517=CARTESIAN_POINT('',(0.0065,0.0025,0.002));
#17518=CARTESIAN_POINT('',(0.0065,0.0025,0.00225));
#17519=CARTESIAN_POINT('',(0.0065,0.0025,0.0025));
#17520=CARTESIAN_POINT('',(0.0065,0.00175,0.0025));
#17521=CARTESIAN_POINT('',(0.0065,0.001,0.0025));
#17522=CARTESIAN_POINT('',(0.0065,0.001,0.00525));
#17523=CARTESIAN_POINT('',(0.0065,0.001,0.008));
#17524=CARTESIAN_POINT('',(0.0065,-2.00000000000027E-6,0.008));
#17525=CARTESIAN_POINT('',(0.0065,0.,0.008));
#17526=CARTESIAN_POINT('',(0.0065,0.,0.0045));
#17527=CARTESIAN_POINT('',(0.0055,0.0025,0.00225));
#17528=CARTESIAN_POINT('',(0.00575,0.0025,0.00225));
#17529=CARTESIAN_POINT('',(0.00575,0.0025,0.002));
#17530=CARTESIAN_POINT('',(0.0055,0.0025,0.002));
#17531=CARTESIAN_POINT('',(0.0055,0.0025,0.0025));
#17532=CARTESIAN_POINT('',(0.0055,0.0025,0.002));
#17533=CARTESIAN_POINT('',(0.00625,0.0025,0.002));
#17534=CARTESIAN_POINT('',(0.00625,0.0025,0.00225));
#17535=CARTESIAN_POINT('',(0.0055,0.001,0.00525));
#17536=CARTESIAN_POINT('',(0.0055,0.001,0.0025));
#17537=CARTESIAN_POINT('',(0.0055,0.001,0.008));
#17538=CARTESIAN_POINT('',(0.0055,0.00175,0.0025));
#17539=CARTESIAN_POINT('',(0.0055,0.0005,0.002));
#17540=CARTESIAN_POINT('',(0.0055,0.,0.002));
#17541=CARTESIAN_POINT('',(0.00575,0.003,0.002));
#17542=CARTESIAN_POINT('',(0.00625,0.003,0.002));
#17543=CARTESIAN_POINT('',(0.0055,0.,0.0045));
#17544=CARTESIAN_POINT('',(0.0055,0.,0.008));
#17545=CARTESIAN_POINT('',(0.0055,-2.00000000000027E-6,0.008));
#17546=CARTESIAN_POINT('',(0.00625,0.003,0.001));
#17547=CARTESIAN_POINT('',(0.00575,0.003,0.001));
#17548=CARTESIAN_POINT('',(0.,0.,0.));
#17549=CARTESIAN_POINT('',(0.007,0.00075,0.));
#17550=CARTESIAN_POINT('',(0.00725,0.0255,0.));
#17551=CARTESIAN_POINT('',(0.00725,0.001,0.));
#17552=CARTESIAN_POINT('',(0.00725,0.0005,0.));
#17553=CARTESIAN_POINT('',(0.007,0.001,0.));
#17554=CARTESIAN_POINT('',(0.00775,0.001,0.));
#17555=CARTESIAN_POINT('',(0.00775,0.0255,0.));
#17556=CARTESIAN_POINT('',(0.00775,0.0005,0.));
#17557=CARTESIAN_POINT('',(0.007,0.0005,0.));
#17558=CARTESIAN_POINT('',(0.007,0.0005,0.0015));
#17559=CARTESIAN_POINT('',(0.007,0.0005,0.002));
#17560=CARTESIAN_POINT('',(0.00725,0.0005,0.002));
#17561=CARTESIAN_POINT('',(0.00775,0.0005,0.002));
#17562=CARTESIAN_POINT('',(0.00725,0.0005,0.001));
#17563=CARTESIAN_POINT('',(0.00775,0.0005,0.001));
#17564=CARTESIAN_POINT('',(0.007,0.002,0.004));
#17565=CARTESIAN_POINT('',(0.007,0.001,0.00225));
#17566=CARTESIAN_POINT('',(0.007,0.001,0.002));
#17567=CARTESIAN_POINT('',(0.007,0.001,0.0025));
#17568=CARTESIAN_POINT('',(0.007,0.00025,0.002));
#17569=CARTESIAN_POINT('',(0.007,0.,0.002));
#17570=CARTESIAN_POINT('',(0.007,0.,0.0045));
#17571=CARTESIAN_POINT('',(0.007,0.,0.008));
#17572=CARTESIAN_POINT('',(0.007,-2.00000000000027E-6,0.008));
#17573=CARTESIAN_POINT('',(0.007,0.0005,0.008));
#17574=CARTESIAN_POINT('',(0.007,0.0005,0.00525));
#17575=CARTESIAN_POINT('',(0.007,0.0005,0.0025));
#17576=CARTESIAN_POINT('',(0.007,0.00075,0.0025));
#17577=CARTESIAN_POINT('',(0.008,0.002,0.004));
#17578=CARTESIAN_POINT('',(0.008,0.00025,0.002));
#17579=CARTESIAN_POINT('',(0.008,0.,0.002));
#17580=CARTESIAN_POINT('',(0.008,0.001,0.002));
#17581=CARTESIAN_POINT('',(0.008,0.001,0.00225));
#17582=CARTESIAN_POINT('',(0.008,0.001,0.0025));
#17583=CARTESIAN_POINT('',(0.008,0.00075,0.0025));
#17584=CARTESIAN_POINT('',(0.008,0.0005,0.0025));
#17585=CARTESIAN_POINT('',(0.008,0.0005,0.00525));
#17586=CARTESIAN_POINT('',(0.008,0.0005,0.008));
#17587=CARTESIAN_POINT('',(0.008,-2.00000000000027E-6,0.008));
#17588=CARTESIAN_POINT('',(0.008,0.,0.008));
#17589=CARTESIAN_POINT('',(0.008,0.,0.0045));
#17590=CARTESIAN_POINT('',(0.007,0.001,0.00225));
#17591=CARTESIAN_POINT('',(0.00725,0.001,0.00225));
#17592=CARTESIAN_POINT('',(0.00725,0.001,0.002));
#17593=CARTESIAN_POINT('',(0.007,0.001,0.002));
#17594=CARTESIAN_POINT('',(0.007,0.001,0.0025));
#17595=CARTESIAN_POINT('',(0.007,0.001,0.002));
#17596=CARTESIAN_POINT('',(0.00775,0.001,0.002));
#17597=CARTESIAN_POINT('',(0.00775,0.001,0.00225));
#17598=CARTESIAN_POINT('',(0.007,0.0005,0.00525));
#17599=CARTESIAN_POINT('',(0.007,0.0005,0.0025));
#17600=CARTESIAN_POINT('',(0.007,0.0005,0.008));
#17601=CARTESIAN_POINT('',(0.007,0.00075,0.0025));
#17602=CARTESIAN_POINT('',(0.007,0.00025,0.002));
#17603=CARTESIAN_POINT('',(0.007,0.,0.002));
#17604=CARTESIAN_POINT('',(0.00725,0.0255,0.002));
#17605=CARTESIAN_POINT('',(0.00775,0.0255,0.002));
#17606=CARTESIAN_POINT('',(0.007,0.,0.0045));
#17607=CARTESIAN_POINT('',(0.007,0.,0.008));
#17608=CARTESIAN_POINT('',(0.007,-2.00000000000027E-6,0.008));
#17609=CARTESIAN_POINT('',(0.00775,0.0255,0.001));
#17610=CARTESIAN_POINT('',(0.00725,0.0255,0.001));
#17611=CARTESIAN_POINT('',(0.,0.,0.));
#17612=CARTESIAN_POINT('',(0.0085,0.00225,0.));
#17613=CARTESIAN_POINT('',(0.00875,0.003,0.));
#17614=CARTESIAN_POINT('',(0.00875,0.0025,0.));
#17615=CARTESIAN_POINT('',(0.00875,0.002,0.));
#17616=CARTESIAN_POINT('',(0.0085,0.0025,0.));
#17617=CARTESIAN_POINT('',(0.00925,0.0025,0.));
#17618=CARTESIAN_POINT('',(0.00925,0.003,0.));
#17619=CARTESIAN_POINT('',(0.00925,0.002,0.));
#17620=CARTESIAN_POINT('',(0.0085,0.002,0.));
#17621=CARTESIAN_POINT('',(0.0085,0.002,0.001));
#17622=CARTESIAN_POINT('',(0.0085,0.002,0.002));
#17623=CARTESIAN_POINT('',(0.00875,0.002,0.002));
#17624=CARTESIAN_POINT('',(0.00925,0.002,0.002));
#17625=CARTESIAN_POINT('',(0.00875,0.002,0.001));
#17626=CARTESIAN_POINT('',(0.00925,0.002,0.001));
#17627=CARTESIAN_POINT('',(0.0085,0.002,0.004));
#17628=CARTESIAN_POINT('',(0.0085,0.0025,0.00225));
#17629=CARTESIAN_POINT('',(0.0085,0.0025,0.002));
#17630=CARTESIAN_POINT('',(0.0085,0.0025,0.0025));
#17631=CARTESIAN_POINT('',(0.0085,0.0005,0.002));
#17632=CARTESIAN_POINT('',(0.0085,0.,0.002));
#17633=CARTESIAN_POINT('',(0.0085,0.,0.0045));
#17634=CARTESIAN_POINT('',(0.0085,0.,0.008));
#17635=CARTESIAN_POINT('',(0.0085,-2.00000000000027E-6,0.008));
#17636=CARTESIAN_POINT('',(0.0085,0.001,0.008));
#17637=CARTESIAN_POINT('',(0.0085,0.001,0.00525));
#17638=CARTESIAN_POINT('',(0.0085,0.001,0.0025));
#17639=CARTESIAN_POINT('',(0.0085,0.00175,0.0025));
#17640=CARTESIAN_POINT('',(0.0095,0.002,0.004));
#17641=CARTESIAN_POINT('',(0.0095,0.0005,0.002));
#17642=CARTESIAN_POINT('',(0.0095,0.,0.002));
#17643=CARTESIAN_POINT('',(0.0095,0.0025,0.002));
#17644=CARTESIAN_POINT('',(0.0095,0.0025,0.00225));
#17645=CARTESIAN_POINT('',(0.0095,0.0025,0.0025));
#17646=CARTESIAN_POINT('',(0.0095,0.00175,0.0025));
#17647=CARTESIAN_POINT('',(0.0095,0.001,0.0025));
#17648=CARTESIAN_POINT('',(0.0095,0.001,0.00525));
#17649=CARTESIAN_POINT('',(0.0095,0.001,0.008));
#17650=CARTESIAN_POINT('',(0.0095,-2.00000000000027E-6,0.008));
#17651=CARTESIAN_POINT('',(0.0095,0.,0.008));
#17652=CARTESIAN_POINT('',(0.0095,0.,0.0045));
#17653=CARTESIAN_POINT('',(0.0085,0.0025,0.00225));
#17654=CARTESIAN_POINT('',(0.00875,0.0025,0.00225));
#17655=CARTESIAN_POINT('',(0.00875,0.0025,0.002));
#17656=CARTESIAN_POINT('',(0.0085,0.0025,0.002));
#17657=CARTESIAN_POINT('',(0.0085,0.0025,0.0025));
#17658=CARTESIAN_POINT('',(0.0085,0.0025,0.002));
#17659=CARTESIAN_POINT('',(0.00925,0.0025,0.002));
#17660=CARTESIAN_POINT('',(0.00925,0.0025,0.00225));
#17661=CARTESIAN_POINT('',(0.0085,0.001,0.00525));
#17662=CARTESIAN_POINT('',(0.0085,0.001,0.0025));
#17663=CARTESIAN_POINT('',(0.0085,0.001,0.008));
#17664=CARTESIAN_POINT('',(0.0085,0.00175,0.0025));
#17665=CARTESIAN_POINT('',(0.0085,0.0005,0.002));
#17666=CARTESIAN_POINT('',(0.0085,0.,0.002));
#17667=CARTESIAN_POINT('',(0.00875,0.003,0.002));
#17668=CARTESIAN_POINT('',(0.00925,0.003,0.002));
#17669=CARTESIAN_POINT('',(0.0085,0.,0.0045));
#17670=CARTESIAN_POINT('',(0.0085,0.,0.008));
#17671=CARTESIAN_POINT('',(0.0085,-2.00000000000027E-6,0.008));
#17672=CARTESIAN_POINT('',(0.00925,0.003,0.001));
#17673=CARTESIAN_POINT('',(0.00875,0.003,0.001));
#17674=CARTESIAN_POINT('',(0.,0.,0.));
#17675=CARTESIAN_POINT('',(0.01,0.00075,0.));
#17676=CARTESIAN_POINT('',(0.01025,0.0255,0.));
#17677=CARTESIAN_POINT('',(0.01025,0.001,0.));
#17678=CARTESIAN_POINT('',(0.01025,0.0005,0.));
#17679=CARTESIAN_POINT('',(0.01,0.001,0.));
#17680=CARTESIAN_POINT('',(0.01075,0.001,0.));
#17681=CARTESIAN_POINT('',(0.01075,0.0255,0.));
#17682=CARTESIAN_POINT('',(0.01075,0.0005,0.));
#17683=CARTESIAN_POINT('',(0.01,0.0005,0.));
#17684=CARTESIAN_POINT('',(0.01,0.0005,0.0015));
#17685=CARTESIAN_POINT('',(0.01,0.0005,0.002));
#17686=CARTESIAN_POINT('',(0.01025,0.0005,0.002));
#17687=CARTESIAN_POINT('',(0.01075,0.0005,0.002));
#17688=CARTESIAN_POINT('',(0.01025,0.0005,0.001));
#17689=CARTESIAN_POINT('',(0.01075,0.0005,0.001));
#17690=CARTESIAN_POINT('',(0.01,0.002,0.004));
#17691=CARTESIAN_POINT('',(0.01,0.001,0.00225));
#17692=CARTESIAN_POINT('',(0.01,0.001,0.002));
#17693=CARTESIAN_POINT('',(0.01,0.001,0.0025));
#17694=CARTESIAN_POINT('',(0.01,0.00025,0.002));
#17695=CARTESIAN_POINT('',(0.01,0.,0.002));
#17696=CARTESIAN_POINT('',(0.01,0.,0.0045));
#17697=CARTESIAN_POINT('',(0.01,0.,0.008));
#17698=CARTESIAN_POINT('',(0.01,-2.00000000000027E-6,0.008));
#17699=CARTESIAN_POINT('',(0.01,0.0005,0.008));
#17700=CARTESIAN_POINT('',(0.01,0.0005,0.00525));
#17701=CARTESIAN_POINT('',(0.01,0.0005,0.0025));
#17702=CARTESIAN_POINT('',(0.01,0.00075,0.0025));
#17703=CARTESIAN_POINT('',(0.011,0.002,0.004));
#17704=CARTESIAN_POINT('',(0.011,0.00025,0.002));
#17705=CARTESIAN_POINT('',(0.011,0.,0.002));
#17706=CARTESIAN_POINT('',(0.011,0.001,0.002));
#17707=CARTESIAN_POINT('',(0.011,0.001,0.00225));
#17708=CARTESIAN_POINT('',(0.011,0.001,0.0025));
#17709=CARTESIAN_POINT('',(0.011,0.00075,0.0025));
#17710=CARTESIAN_POINT('',(0.011,0.0005,0.0025));
#17711=CARTESIAN_POINT('',(0.011,0.0005,0.00525));
#17712=CARTESIAN_POINT('',(0.011,0.0005,0.008));
#17713=CARTESIAN_POINT('',(0.011,-2.00000000000027E-6,0.008));
#17714=CARTESIAN_POINT('',(0.011,0.,0.008));
#17715=CARTESIAN_POINT('',(0.011,0.,0.0045));
#17716=CARTESIAN_POINT('',(0.01,0.001,0.00225));
#17717=CARTESIAN_POINT('',(0.01025,0.001,0.00225));
#17718=CARTESIAN_POINT('',(0.01025,0.001,0.002));
#17719=CARTESIAN_POINT('',(0.01,0.001,0.002));
#17720=CARTESIAN_POINT('',(0.01,0.001,0.0025));
#17721=CARTESIAN_POINT('',(0.01,0.001,0.002));
#17722=CARTESIAN_POINT('',(0.01075,0.001,0.002));
#17723=CARTESIAN_POINT('',(0.01075,0.001,0.00225));
#17724=CARTESIAN_POINT('',(0.01,0.0005,0.00525));
#17725=CARTESIAN_POINT('',(0.01,0.0005,0.0025));
#17726=CARTESIAN_POINT('',(0.01,0.0005,0.008));
#17727=CARTESIAN_POINT('',(0.01,0.00075,0.0025));
#17728=CARTESIAN_POINT('',(0.01,0.00025,0.002));
#17729=CARTESIAN_POINT('',(0.01,0.,0.002));
#17730=CARTESIAN_POINT('',(0.01025,0.0255,0.002));
#17731=CARTESIAN_POINT('',(0.01075,0.0255,0.002));
#17732=CARTESIAN_POINT('',(0.01,0.,0.0045));
#17733=CARTESIAN_POINT('',(0.01,0.,0.008));
#17734=CARTESIAN_POINT('',(0.01,-2.00000000000027E-6,0.008));
#17735=CARTESIAN_POINT('',(0.01075,0.0255,0.001));
#17736=CARTESIAN_POINT('',(0.01025,0.0255,0.001));
#17737=CARTESIAN_POINT('',(0.,0.,0.));
#17738=CARTESIAN_POINT('',(0.0115,0.00225,0.));
#17739=CARTESIAN_POINT('',(0.01175,0.003,0.));
#17740=CARTESIAN_POINT('',(0.01175,0.0025,0.));
#17741=CARTESIAN_POINT('',(0.01175,0.002,0.));
#17742=CARTESIAN_POINT('',(0.0115,0.0025,0.));
#17743=CARTESIAN_POINT('',(0.01225,0.0025,0.));
#17744=CARTESIAN_POINT('',(0.01225,0.003,0.));
#17745=CARTESIAN_POINT('',(0.01225,0.002,0.));
#17746=CARTESIAN_POINT('',(0.0115,0.002,0.));
#17747=CARTESIAN_POINT('',(0.0115,0.002,0.001));
#17748=CARTESIAN_POINT('',(0.0115,0.002,0.002));
#17749=CARTESIAN_POINT('',(0.01175,0.002,0.002));
#17750=CARTESIAN_POINT('',(0.01225,0.002,0.002));
#17751=CARTESIAN_POINT('',(0.01175,0.002,0.001));
#17752=CARTESIAN_POINT('',(0.01225,0.002,0.001));
#17753=CARTESIAN_POINT('',(0.0115,0.002,0.004));
#17754=CARTESIAN_POINT('',(0.0115,0.0025,0.00225));
#17755=CARTESIAN_POINT('',(0.0115,0.0025,0.002));
#17756=CARTESIAN_POINT('',(0.0115,0.0025,0.0025));
#17757=CARTESIAN_POINT('',(0.0115,0.0005,0.002));
#17758=CARTESIAN_POINT('',(0.0115,0.,0.002));
#17759=CARTESIAN_POINT('',(0.0115,0.,0.0045));
#17760=CARTESIAN_POINT('',(0.0115,0.,0.008));
#17761=CARTESIAN_POINT('',(0.0115,-2.00000000000027E-6,0.008));
#17762=CARTESIAN_POINT('',(0.0115,0.001,0.008));
#17763=CARTESIAN_POINT('',(0.0115,0.001,0.00525));
#17764=CARTESIAN_POINT('',(0.0115,0.001,0.0025));
#17765=CARTESIAN_POINT('',(0.0115,0.00175,0.0025));
#17766=CARTESIAN_POINT('',(0.0125,0.002,0.004));
#17767=CARTESIAN_POINT('',(0.0125,0.0005,0.002));
#17768=CARTESIAN_POINT('',(0.0125,0.,0.002));
#17769=CARTESIAN_POINT('',(0.0125,0.0025,0.002));
#17770=CARTESIAN_POINT('',(0.0125,0.0025,0.00225));
#17771=CARTESIAN_POINT('',(0.0125,0.0025,0.0025));
#17772=CARTESIAN_POINT('',(0.0125,0.00175,0.0025));
#17773=CARTESIAN_POINT('',(0.0125,0.001,0.0025));
#17774=CARTESIAN_POINT('',(0.0125,0.001,0.00525));
#17775=CARTESIAN_POINT('',(0.0125,0.001,0.008));
#17776=CARTESIAN_POINT('',(0.0125,-2.00000000000027E-6,0.008));
#17777=CARTESIAN_POINT('',(0.0125,0.,0.008));
#17778=CARTESIAN_POINT('',(0.0125,0.,0.0045));
#17779=CARTESIAN_POINT('',(0.0115,0.0025,0.00225));
#17780=CARTESIAN_POINT('',(0.01175,0.0025,0.00225));
#17781=CARTESIAN_POINT('',(0.01175,0.0025,0.002));
#17782=CARTESIAN_POINT('',(0.0115,0.0025,0.002));
#17783=CARTESIAN_POINT('',(0.0115,0.0025,0.0025));
#17784=CARTESIAN_POINT('',(0.0115,0.0025,0.002));
#17785=CARTESIAN_POINT('',(0.01225,0.0025,0.002));
#17786=CARTESIAN_POINT('',(0.01225,0.0025,0.00225));
#17787=CARTESIAN_POINT('',(0.0115,0.001,0.00525));
#17788=CARTESIAN_POINT('',(0.0115,0.001,0.0025));
#17789=CARTESIAN_POINT('',(0.0115,0.001,0.008));
#17790=CARTESIAN_POINT('',(0.0115,0.00175,0.0025));
#17791=CARTESIAN_POINT('',(0.0115,0.0005,0.002));
#17792=CARTESIAN_POINT('',(0.0115,0.,0.002));
#17793=CARTESIAN_POINT('',(0.01175,0.003,0.002));
#17794=CARTESIAN_POINT('',(0.01225,0.003,0.002));
#17795=CARTESIAN_POINT('',(0.0115,0.,0.0045));
#17796=CARTESIAN_POINT('',(0.0115,0.,0.008));
#17797=CARTESIAN_POINT('',(0.0115,-2.00000000000027E-6,0.008));
#17798=CARTESIAN_POINT('',(0.01225,0.003,0.001));
#17799=CARTESIAN_POINT('',(0.01175,0.003,0.001));
#17800=CARTESIAN_POINT('',(0.,0.,0.));
#17801=CARTESIAN_POINT('',(0.013,0.00075,0.));
#17802=CARTESIAN_POINT('',(0.01325,0.0255,0.));
#17803=CARTESIAN_POINT('',(0.01325,0.001,0.));
#17804=CARTESIAN_POINT('',(0.01325,0.0005,0.));
#17805=CARTESIAN_POINT('',(0.013,0.001,0.));
#17806=CARTESIAN_POINT('',(0.01375,0.001,0.));
#17807=CARTESIAN_POINT('',(0.01375,0.0255,0.));
#17808=CARTESIAN_POINT('',(0.01375,0.0005,0.));
#17809=CARTESIAN_POINT('',(0.013,0.0005,0.));
#17810=CARTESIAN_POINT('',(0.013,0.0005,0.0015));
#17811=CARTESIAN_POINT('',(0.013,0.0005,0.002));
#17812=CARTESIAN_POINT('',(0.01325,0.0005,0.002));
#17813=CARTESIAN_POINT('',(0.01375,0.0005,0.002));
#17814=CARTESIAN_POINT('',(0.01325,0.0005,0.001));
#17815=CARTESIAN_POINT('',(0.01375,0.0005,0.001));
#17816=CARTESIAN_POINT('',(0.013,0.002,0.004));
#17817=CARTESIAN_POINT('',(0.013,0.001,0.00225));
#17818=CARTESIAN_POINT('',(0.013,0.001,0.002));
#17819=CARTESIAN_POINT('',(0.013,0.001,0.0025));
#17820=CARTESIAN_POINT('',(0.013,0.00025,0.002));
#17821=CARTESIAN_POINT('',(0.013,0.,0.002));
#17822=CARTESIAN_POINT('',(0.013,0.,0.0045));
#17823=CARTESIAN_POINT('',(0.013,0.,0.008));
#17824=CARTESIAN_POINT('',(0.013,-2.00000000000027E-6,0.008));
#17825=CARTESIAN_POINT('',(0.013,0.0005,0.008));
#17826=CARTESIAN_POINT('',(0.013,0.0005,0.00525));
#17827=CARTESIAN_POINT('',(0.013,0.0005,0.0025));
#17828=CARTESIAN_POINT('',(0.013,0.00075,0.0025));
#17829=CARTESIAN_POINT('',(0.014,0.002,0.004));
#17830=CARTESIAN_POINT('',(0.014,0.00025,0.002));
#17831=CARTESIAN_POINT('',(0.014,0.,0.002));
#17832=CARTESIAN_POINT('',(0.014,0.001,0.002));
#17833=CARTESIAN_POINT('',(0.014,0.001,0.00225));
#17834=CARTESIAN_POINT('',(0.014,0.001,0.0025));
#17835=CARTESIAN_POINT('',(0.014,0.00075,0.0025));
#17836=CARTESIAN_POINT('',(0.014,0.0005,0.0025));
#17837=CARTESIAN_POINT('',(0.014,0.0005,0.00525));
#17838=CARTESIAN_POINT('',(0.014,0.0005,0.008));
#17839=CARTESIAN_POINT('',(0.014,-2.00000000000027E-6,0.008));
#17840=CARTESIAN_POINT('',(0.014,0.,0.008));
#17841=CARTESIAN_POINT('',(0.014,0.,0.0045));
#17842=CARTESIAN_POINT('',(0.013,0.001,0.00225));
#17843=CARTESIAN_POINT('',(0.01325,0.001,0.00225));
#17844=CARTESIAN_POINT('',(0.01325,0.001,0.002));
#17845=CARTESIAN_POINT('',(0.013,0.001,0.002));
#17846=CARTESIAN_POINT('',(0.013,0.001,0.0025));
#17847=CARTESIAN_POINT('',(0.013,0.001,0.002));
#17848=CARTESIAN_POINT('',(0.01375,0.001,0.002));
#17849=CARTESIAN_POINT('',(0.01375,0.001,0.00225));
#17850=CARTESIAN_POINT('',(0.013,0.0005,0.00525));
#17851=CARTESIAN_POINT('',(0.013,0.0005,0.0025));
#17852=CARTESIAN_POINT('',(0.013,0.0005,0.008));
#17853=CARTESIAN_POINT('',(0.013,0.00075,0.0025));
#17854=CARTESIAN_POINT('',(0.013,0.00025,0.002));
#17855=CARTESIAN_POINT('',(0.013,0.,0.002));
#17856=CARTESIAN_POINT('',(0.01325,0.0255,0.002));
#17857=CARTESIAN_POINT('',(0.01375,0.0255,0.002));
#17858=CARTESIAN_POINT('',(0.013,0.,0.0045));
#17859=CARTESIAN_POINT('',(0.013,0.,0.008));
#17860=CARTESIAN_POINT('',(0.013,-2.00000000000027E-6,0.008));
#17861=CARTESIAN_POINT('',(0.01375,0.0255,0.001));
#17862=CARTESIAN_POINT('',(0.01325,0.0255,0.001));
#17863=CARTESIAN_POINT('',(0.,0.,0.));
#17864=CARTESIAN_POINT('',(0.0145,0.00225,0.));
#17865=CARTESIAN_POINT('',(0.01475,0.003,0.));
#17866=CARTESIAN_POINT('',(0.01475,0.0025,0.));
#17867=CARTESIAN_POINT('',(0.01475,0.002,0.));
#17868=CARTESIAN_POINT('',(0.0145,0.0025,0.));
#17869=CARTESIAN_POINT('',(0.01525,0.0025,0.));
#17870=CARTESIAN_POINT('',(0.01525,0.003,0.));
#17871=CARTESIAN_POINT('',(0.01525,0.002,0.));
#17872=CARTESIAN_POINT('',(0.0145,0.002,0.));
#17873=CARTESIAN_POINT('',(0.0145,0.002,0.001));
#17874=CARTESIAN_POINT('',(0.0145,0.002,0.002));
#17875=CARTESIAN_POINT('',(0.01475,0.002,0.002));
#17876=CARTESIAN_POINT('',(0.01525,0.002,0.002));
#17877=CARTESIAN_POINT('',(0.01475,0.002,0.001));
#17878=CARTESIAN_POINT('',(0.01525,0.002,0.001));
#17879=CARTESIAN_POINT('',(0.0145,0.002,0.004));
#17880=CARTESIAN_POINT('',(0.0145,0.0025,0.00225));
#17881=CARTESIAN_POINT('',(0.0145,0.0025,0.002));
#17882=CARTESIAN_POINT('',(0.0145,0.0025,0.0025));
#17883=CARTESIAN_POINT('',(0.0145,0.0005,0.002));
#17884=CARTESIAN_POINT('',(0.0145,0.,0.002));
#17885=CARTESIAN_POINT('',(0.0145,0.,0.0045));
#17886=CARTESIAN_POINT('',(0.0145,0.,0.008));
#17887=CARTESIAN_POINT('',(0.0145,-2.00000000000027E-6,0.008));
#17888=CARTESIAN_POINT('',(0.0145,0.001,0.008));
#17889=CARTESIAN_POINT('',(0.0145,0.001,0.00525));
#17890=CARTESIAN_POINT('',(0.0145,0.001,0.0025));
#17891=CARTESIAN_POINT('',(0.0145,0.00175,0.0025));
#17892=CARTESIAN_POINT('',(0.0155,0.002,0.004));
#17893=CARTESIAN_POINT('',(0.0155,0.0005,0.002));
#17894=CARTESIAN_POINT('',(0.0155,0.,0.002));
#17895=CARTESIAN_POINT('',(0.0155,0.0025,0.002));
#17896=CARTESIAN_POINT('',(0.0155,0.0025,0.00225));
#17897=CARTESIAN_POINT('',(0.0155,0.0025,0.0025));
#17898=CARTESIAN_POINT('',(0.0155,0.00175,0.0025));
#17899=CARTESIAN_POINT('',(0.0155,0.001,0.0025));
#17900=CARTESIAN_POINT('',(0.0155,0.001,0.00525));
#17901=CARTESIAN_POINT('',(0.0155,0.001,0.008));
#17902=CARTESIAN_POINT('',(0.0155,-2.00000000000027E-6,0.008));
#17903=CARTESIAN_POINT('',(0.0155,0.,0.008));
#17904=CARTESIAN_POINT('',(0.0155,0.,0.0045));
#17905=CARTESIAN_POINT('',(0.0145,0.0025,0.00225));
#17906=CARTESIAN_POINT('',(0.01475,0.0025,0.00225));
#17907=CARTESIAN_POINT('',(0.01475,0.0025,0.002));
#17908=CARTESIAN_POINT('',(0.0145,0.0025,0.002));
#17909=CARTESIAN_POINT('',(0.0145,0.0025,0.0025));
#17910=CARTESIAN_POINT('',(0.0145,0.0025,0.002));
#17911=CARTESIAN_POINT('',(0.01525,0.0025,0.002));
#17912=CARTESIAN_POINT('',(0.01525,0.0025,0.00225));
#17913=CARTESIAN_POINT('',(0.0145,0.001,0.00525));
#17914=CARTESIAN_POINT('',(0.0145,0.001,0.0025));
#17915=CARTESIAN_POINT('',(0.0145,0.001,0.008));
#17916=CARTESIAN_POINT('',(0.0145,0.00175,0.0025));
#17917=CARTESIAN_POINT('',(0.0145,0.0005,0.002));
#17918=CARTESIAN_POINT('',(0.0145,0.,0.002));
#17919=CARTESIAN_POINT('',(0.01475,0.003,0.002));
#17920=CARTESIAN_POINT('',(0.01525,0.003,0.002));
#17921=CARTESIAN_POINT('',(0.0145,0.,0.0045));
#17922=CARTESIAN_POINT('',(0.0145,0.,0.008));
#17923=CARTESIAN_POINT('',(0.0145,-2.00000000000027E-6,0.008));
#17924=CARTESIAN_POINT('',(0.01525,0.003,0.001));
#17925=CARTESIAN_POINT('',(0.01475,0.003,0.001));
#17926=CARTESIAN_POINT('',(0.,0.,0.));
#17927=CARTESIAN_POINT('',(0.0175,0.00225,0.));
#17928=CARTESIAN_POINT('',(0.01775,0.003,0.));
#17929=CARTESIAN_POINT('',(0.01775,0.0025,0.));
#17930=CARTESIAN_POINT('',(0.01775,0.002,0.));
#17931=CARTESIAN_POINT('',(0.0175,0.0025,0.));
#17932=CARTESIAN_POINT('',(0.01825,0.0025,0.));
#17933=CARTESIAN_POINT('',(0.01825,0.003,0.));
#17934=CARTESIAN_POINT('',(0.01825,0.002,0.));
#17935=CARTESIAN_POINT('',(0.0175,0.002,0.));
#17936=CARTESIAN_POINT('',(0.0175,0.002,0.001));
#17937=CARTESIAN_POINT('',(0.0175,0.002,0.002));
#17938=CARTESIAN_POINT('',(0.01775,0.002,0.002));
#17939=CARTESIAN_POINT('',(0.01825,0.002,0.002));
#17940=CARTESIAN_POINT('',(0.01775,0.002,0.001));
#17941=CARTESIAN_POINT('',(0.01825,0.002,0.001));
#17942=CARTESIAN_POINT('',(0.0175,0.002,0.004));
#17943=CARTESIAN_POINT('',(0.0175,0.0025,0.00225));
#17944=CARTESIAN_POINT('',(0.0175,0.0025,0.002));
#17945=CARTESIAN_POINT('',(0.0175,0.0025,0.0025));
#17946=CARTESIAN_POINT('',(0.0175,0.0005,0.002));
#17947=CARTESIAN_POINT('',(0.0175,0.,0.002));
#17948=CARTESIAN_POINT('',(0.0175,0.,0.0045));
#17949=CARTESIAN_POINT('',(0.0175,0.,0.008));
#17950=CARTESIAN_POINT('',(0.0175,-2.00000000000027E-6,0.008));
#17951=CARTESIAN_POINT('',(0.0175,0.001,0.008));
#17952=CARTESIAN_POINT('',(0.0175,0.001,0.00525));
#17953=CARTESIAN_POINT('',(0.0175,0.001,0.0025));
#17954=CARTESIAN_POINT('',(0.0175,0.00175,0.0025));
#17955=CARTESIAN_POINT('',(0.0185,0.002,0.004));
#17956=CARTESIAN_POINT('',(0.0185,0.0005,0.002));
#17957=CARTESIAN_POINT('',(0.0185,0.,0.002));
#17958=CARTESIAN_POINT('',(0.0185,0.0025,0.002));
#17959=CARTESIAN_POINT('',(0.0185,0.0025,0.00225));
#17960=CARTESIAN_POINT('',(0.0185,0.0025,0.0025));
#17961=CARTESIAN_POINT('',(0.0185,0.00175,0.0025));
#17962=CARTESIAN_POINT('',(0.0185,0.001,0.0025));
#17963=CARTESIAN_POINT('',(0.0185,0.001,0.00525));
#17964=CARTESIAN_POINT('',(0.0185,0.001,0.008));
#17965=CARTESIAN_POINT('',(0.0185,-2.00000000000027E-6,0.008));
#17966=CARTESIAN_POINT('',(0.0185,0.,0.008));
#17967=CARTESIAN_POINT('',(0.0185,0.,0.0045));
#17968=CARTESIAN_POINT('',(0.0175,0.0025,0.00225));
#17969=CARTESIAN_POINT('',(0.01775,0.0025,0.00225));
#17970=CARTESIAN_POINT('',(0.01775,0.0025,0.002));
#17971=CARTESIAN_POINT('',(0.0175,0.0025,0.002));
#17972=CARTESIAN_POINT('',(0.0175,0.0025,0.0025));
#17973=CARTESIAN_POINT('',(0.0175,0.0025,0.002));
#17974=CARTESIAN_POINT('',(0.01825,0.0025,0.002));
#17975=CARTESIAN_POINT('',(0.01825,0.0025,0.00225));
#17976=CARTESIAN_POINT('',(0.0175,0.001,0.00525));
#17977=CARTESIAN_POINT('',(0.0175,0.001,0.0025));
#17978=CARTESIAN_POINT('',(0.0175,0.001,0.008));
#17979=CARTESIAN_POINT('',(0.0175,0.00175,0.0025));
#17980=CARTESIAN_POINT('',(0.0175,0.0005,0.002));
#17981=CARTESIAN_POINT('',(0.0175,0.,0.002));
#17982=CARTESIAN_POINT('',(0.01775,0.003,0.002));
#17983=CARTESIAN_POINT('',(0.01825,0.003,0.002));
#17984=CARTESIAN_POINT('',(0.0175,0.,0.0045));
#17985=CARTESIAN_POINT('',(0.0175,0.,0.008));
#17986=CARTESIAN_POINT('',(0.0175,-2.00000000000027E-6,0.008));
#17987=CARTESIAN_POINT('',(0.01825,0.003,0.001));
#17988=CARTESIAN_POINT('',(0.01775,0.003,0.001));
#17989=CARTESIAN_POINT('',(0.,0.,0.));
#17990=CARTESIAN_POINT('',(0.019,0.00075,0.));
#17991=CARTESIAN_POINT('',(0.01925,0.0255,0.));
#17992=CARTESIAN_POINT('',(0.01925,0.001,0.));
#17993=CARTESIAN_POINT('',(0.01925,0.0005,0.));
#17994=CARTESIAN_POINT('',(0.019,0.001,0.));
#17995=CARTESIAN_POINT('',(0.01975,0.001,0.));
#17996=CARTESIAN_POINT('',(0.01975,0.0255,0.));
#17997=CARTESIAN_POINT('',(0.01975,0.0005,0.));
#17998=CARTESIAN_POINT('',(0.019,0.0005,0.));
#17999=CARTESIAN_POINT('',(0.019,0.0005,0.0015));
#18000=CARTESIAN_POINT('',(0.019,0.0005,0.002));
#18001=CARTESIAN_POINT('',(0.01925,0.0005,0.002));
#18002=CARTESIAN_POINT('',(0.01975,0.0005,0.002));
#18003=CARTESIAN_POINT('',(0.01925,0.0005,0.001));
#18004=CARTESIAN_POINT('',(0.01975,0.0005,0.001));
#18005=CARTESIAN_POINT('',(0.019,0.002,0.004));
#18006=CARTESIAN_POINT('',(0.019,0.001,0.00225));
#18007=CARTESIAN_POINT('',(0.019,0.001,0.002));
#18008=CARTESIAN_POINT('',(0.019,0.001,0.0025));
#18009=CARTESIAN_POINT('',(0.019,0.00025,0.002));
#18010=CARTESIAN_POINT('',(0.019,0.,0.002));
#18011=CARTESIAN_POINT('',(0.019,0.,0.0045));
#18012=CARTESIAN_POINT('',(0.019,0.,0.008));
#18013=CARTESIAN_POINT('',(0.019,-2.00000000000027E-6,0.008));
#18014=CARTESIAN_POINT('',(0.019,0.0005,0.008));
#18015=CARTESIAN_POINT('',(0.019,0.0005,0.00525));
#18016=CARTESIAN_POINT('',(0.019,0.0005,0.0025));
#18017=CARTESIAN_POINT('',(0.019,0.00075,0.0025));
#18018=CARTESIAN_POINT('',(0.02,0.002,0.004));
#18019=CARTESIAN_POINT('',(0.02,0.00025,0.002));
#18020=CARTESIAN_POINT('',(0.02,0.,0.002));
#18021=CARTESIAN_POINT('',(0.02,0.001,0.002));
#18022=CARTESIAN_POINT('',(0.02,0.001,0.00225));
#18023=CARTESIAN_POINT('',(0.02,0.001,0.0025));
#18024=CARTESIAN_POINT('',(0.02,0.00075,0.0025));
#18025=CARTESIAN_POINT('',(0.02,0.0005,0.0025));
#18026=CARTESIAN_POINT('',(0.02,0.0005,0.00525));
#18027=CARTESIAN_POINT('',(0.02,0.0005,0.008));
#18028=CARTESIAN_POINT('',(0.02,-2.00000000000027E-6,0.008));
#18029=CARTESIAN_POINT('',(0.02,0.,0.008));
#18030=CARTESIAN_POINT('',(0.02,0.,0.0045));
#18031=CARTESIAN_POINT('',(0.019,0.001,0.00225));
#18032=CARTESIAN_POINT('',(0.01925,0.001,0.00225));
#18033=CARTESIAN_POINT('',(0.01925,0.001,0.002));
#18034=CARTESIAN_POINT('',(0.019,0.001,0.002));
#18035=CARTESIAN_POINT('',(0.019,0.001,0.0025));
#18036=CARTESIAN_POINT('',(0.019,0.001,0.002));
#18037=CARTESIAN_POINT('',(0.01975,0.001,0.002));
#18038=CARTESIAN_POINT('',(0.01975,0.001,0.00225));
#18039=CARTESIAN_POINT('',(0.019,0.0005,0.00525));
#18040=CARTESIAN_POINT('',(0.019,0.0005,0.0025));
#18041=CARTESIAN_POINT('',(0.019,0.0005,0.008));
#18042=CARTESIAN_POINT('',(0.019,0.00075,0.0025));
#18043=CARTESIAN_POINT('',(0.019,0.00025,0.002));
#18044=CARTESIAN_POINT('',(0.019,0.,0.002));
#18045=CARTESIAN_POINT('',(0.01925,0.0255,0.002));
#18046=CARTESIAN_POINT('',(0.01975,0.0255,0.002));
#18047=CARTESIAN_POINT('',(0.019,0.,0.0045));
#18048=CARTESIAN_POINT('',(0.019,0.,0.008));
#18049=CARTESIAN_POINT('',(0.019,-2.00000000000027E-6,0.008));
#18050=CARTESIAN_POINT('',(0.01975,0.0255,0.001));
#18051=CARTESIAN_POINT('',(0.01925,0.0255,0.001));
#18052=CARTESIAN_POINT('',(0.,0.,0.));
#18053=CARTESIAN_POINT('',(0.0205,0.00225,0.));
#18054=CARTESIAN_POINT('',(0.02075,0.003,0.));
#18055=CARTESIAN_POINT('',(0.02075,0.0025,0.));
#18056=CARTESIAN_POINT('',(0.02075,0.002,0.));
#18057=CARTESIAN_POINT('',(0.0205,0.0025,0.));
#18058=CARTESIAN_POINT('',(0.02125,0.0025,0.));
#18059=CARTESIAN_POINT('',(0.02125,0.003,0.));
#18060=CARTESIAN_POINT('',(0.02125,0.002,0.));
#18061=CARTESIAN_POINT('',(0.0205,0.002,0.));
#18062=CARTESIAN_POINT('',(0.0205,0.002,0.001));
#18063=CARTESIAN_POINT('',(0.0205,0.002,0.002));
#18064=CARTESIAN_POINT('',(0.02075,0.002,0.002));
#18065=CARTESIAN_POINT('',(0.02125,0.002,0.002));
#18066=CARTESIAN_POINT('',(0.02075,0.002,0.001));
#18067=CARTESIAN_POINT('',(0.02125,0.002,0.001));
#18068=CARTESIAN_POINT('',(0.0205,0.002,0.004));
#18069=CARTESIAN_POINT('',(0.0205,0.0025,0.00225));
#18070=CARTESIAN_POINT('',(0.0205,0.0025,0.002));
#18071=CARTESIAN_POINT('',(0.0205,0.0025,0.0025));
#18072=CARTESIAN_POINT('',(0.0205,0.0005,0.002));
#18073=CARTESIAN_POINT('',(0.0205,0.,0.002));
#18074=CARTESIAN_POINT('',(0.0205,0.,0.0045));
#18075=CARTESIAN_POINT('',(0.0205,0.,0.008));
#18076=CARTESIAN_POINT('',(0.0205,-2.00000000000027E-6,0.008));
#18077=CARTESIAN_POINT('',(0.0205,0.001,0.008));
#18078=CARTESIAN_POINT('',(0.0205,0.001,0.00525));
#18079=CARTESIAN_POINT('',(0.0205,0.001,0.0025));
#18080=CARTESIAN_POINT('',(0.0205,0.00175,0.0025));
#18081=CARTESIAN_POINT('',(0.0215,0.002,0.004));
#18082=CARTESIAN_POINT('',(0.0215,0.0005,0.002));
#18083=CARTESIAN_POINT('',(0.0215,0.,0.002));
#18084=CARTESIAN_POINT('',(0.0215,0.0025,0.002));
#18085=CARTESIAN_POINT('',(0.0215,0.0025,0.00225));
#18086=CARTESIAN_POINT('',(0.0215,0.0025,0.0025));
#18087=CARTESIAN_POINT('',(0.0215,0.00175,0.0025));
#18088=CARTESIAN_POINT('',(0.0215,0.001,0.0025));
#18089=CARTESIAN_POINT('',(0.0215,0.001,0.00525));
#18090=CARTESIAN_POINT('',(0.0215,0.001,0.008));
#18091=CARTESIAN_POINT('',(0.0215,-2.00000000000027E-6,0.008));
#18092=CARTESIAN_POINT('',(0.0215,0.,0.008));
#18093=CARTESIAN_POINT('',(0.0215,0.,0.0045));
#18094=CARTESIAN_POINT('',(0.0205,0.0025,0.00225));
#18095=CARTESIAN_POINT('',(0.02075,0.0025,0.00225));
#18096=CARTESIAN_POINT('',(0.02075,0.0025,0.002));
#18097=CARTESIAN_POINT('',(0.0205,0.0025,0.002));
#18098=CARTESIAN_POINT('',(0.0205,0.0025,0.0025));
#18099=CARTESIAN_POINT('',(0.0205,0.0025,0.002));
#18100=CARTESIAN_POINT('',(0.02125,0.0025,0.002));
#18101=CARTESIAN_POINT('',(0.02125,0.0025,0.00225));
#18102=CARTESIAN_POINT('',(0.0205,0.001,0.00525));
#18103=CARTESIAN_POINT('',(0.0205,0.001,0.0025));
#18104=CARTESIAN_POINT('',(0.0205,0.001,0.008));
#18105=CARTESIAN_POINT('',(0.0205,0.00175,0.0025));
#18106=CARTESIAN_POINT('',(0.0205,0.0005,0.002));
#18107=CARTESIAN_POINT('',(0.0205,0.,0.002));
#18108=CARTESIAN_POINT('',(0.02075,0.003,0.002));
#18109=CARTESIAN_POINT('',(0.02125,0.003,0.002));
#18110=CARTESIAN_POINT('',(0.0205,0.,0.0045));
#18111=CARTESIAN_POINT('',(0.0205,0.,0.008));
#18112=CARTESIAN_POINT('',(0.0205,-2.00000000000027E-6,0.008));
#18113=CARTESIAN_POINT('',(0.02125,0.003,0.001));
#18114=CARTESIAN_POINT('',(0.02075,0.003,0.001));
#18115=CARTESIAN_POINT('',(0.,0.,0.));
#18116=CARTESIAN_POINT('',(0.022,0.00075,0.));
#18117=CARTESIAN_POINT('',(0.02225,0.0255,0.));
#18118=CARTESIAN_POINT('',(0.02225,0.001,0.));
#18119=CARTESIAN_POINT('',(0.02225,0.0005,0.));
#18120=CARTESIAN_POINT('',(0.022,0.001,0.));
#18121=CARTESIAN_POINT('',(0.02275,0.001,0.));
#18122=CARTESIAN_POINT('',(0.02275,0.0255,0.));
#18123=CARTESIAN_POINT('',(0.02275,0.0005,0.));
#18124=CARTESIAN_POINT('',(0.022,0.0005,0.));
#18125=CARTESIAN_POINT('',(0.022,0.0005,0.0015));
#18126=CARTESIAN_POINT('',(0.022,0.0005,0.002));
#18127=CARTESIAN_POINT('',(0.02225,0.0005,0.002));
#18128=CARTESIAN_POINT('',(0.02275,0.0005,0.002));
#18129=CARTESIAN_POINT('',(0.02225,0.0005,0.001));
#18130=CARTESIAN_POINT('',(0.02275,0.0005,0.001));
#18131=CARTESIAN_POINT('',(0.022,0.002,0.004));
#18132=CARTESIAN_POINT('',(0.022,0.001,0.00225));
#18133=CARTESIAN_POINT('',(0.022,0.001,0.002));
#18134=CARTESIAN_POINT('',(0.022,0.001,0.0025));
#18135=CARTESIAN_POINT('',(0.022,0.00025,0.002));
#18136=CARTESIAN_POINT('',(0.022,0.,0.002));
#18137=CARTESIAN_POINT('',(0.022,0.,0.0045));
#18138=CARTESIAN_POINT('',(0.022,0.,0.008));
#18139=CARTESIAN_POINT('',(0.022,-2.00000000000027E-6,0.008));
#18140=CARTESIAN_POINT('',(0.022,0.0005,0.008));
#18141=CARTESIAN_POINT('',(0.022,0.0005,0.00525));
#18142=CARTESIAN_POINT('',(0.022,0.0005,0.0025));
#18143=CARTESIAN_POINT('',(0.022,0.00075,0.0025));
#18144=CARTESIAN_POINT('',(0.023,0.002,0.004));
#18145=CARTESIAN_POINT('',(0.023,0.00025,0.002));
#18146=CARTESIAN_POINT('',(0.023,0.,0.002));
#18147=CARTESIAN_POINT('',(0.023,0.001,0.002));
#18148=CARTESIAN_POINT('',(0.023,0.001,0.00225));
#18149=CARTESIAN_POINT('',(0.023,0.001,0.0025));
#18150=CARTESIAN_POINT('',(0.023,0.00075,0.0025));
#18151=CARTESIAN_POINT('',(0.023,0.0005,0.0025));
#18152=CARTESIAN_POINT('',(0.023,0.0005,0.00525));
#18153=CARTESIAN_POINT('',(0.023,0.0005,0.008));
#18154=CARTESIAN_POINT('',(0.023,-2.00000000000027E-6,0.008));
#18155=CARTESIAN_POINT('',(0.023,0.,0.008));
#18156=CARTESIAN_POINT('',(0.023,0.,0.0045));
#18157=CARTESIAN_POINT('',(0.022,0.001,0.00225));
#18158=CARTESIAN_POINT('',(0.02225,0.001,0.00225));
#18159=CARTESIAN_POINT('',(0.02225,0.001,0.002));
#18160=CARTESIAN_POINT('',(0.022,0.001,0.002));
#18161=CARTESIAN_POINT('',(0.022,0.001,0.0025));
#18162=CARTESIAN_POINT('',(0.022,0.001,0.002));
#18163=CARTESIAN_POINT('',(0.02275,0.001,0.002));
#18164=CARTESIAN_POINT('',(0.02275,0.001,0.00225));
#18165=CARTESIAN_POINT('',(0.022,0.0005,0.00525));
#18166=CARTESIAN_POINT('',(0.022,0.0005,0.0025));
#18167=CARTESIAN_POINT('',(0.022,0.0005,0.008));
#18168=CARTESIAN_POINT('',(0.022,0.00075,0.0025));
#18169=CARTESIAN_POINT('',(0.022,0.00025,0.002));
#18170=CARTESIAN_POINT('',(0.022,0.,0.002));
#18171=CARTESIAN_POINT('',(0.02225,0.0255,0.002));
#18172=CARTESIAN_POINT('',(0.02275,0.0255,0.002));
#18173=CARTESIAN_POINT('',(0.022,0.,0.0045));
#18174=CARTESIAN_POINT('',(0.022,0.,0.008));
#18175=CARTESIAN_POINT('',(0.022,-2.00000000000027E-6,0.008));
#18176=CARTESIAN_POINT('',(0.02275,0.0255,0.001));
#18177=CARTESIAN_POINT('',(0.02225,0.0255,0.001));
#18178=CARTESIAN_POINT('',(0.,0.,0.));
#18179=CARTESIAN_POINT('',(0.0235,0.00225,0.));
#18180=CARTESIAN_POINT('',(0.02375,0.003,0.));
#18181=CARTESIAN_POINT('',(0.02375,0.0025,0.));
#18182=CARTESIAN_POINT('',(0.02375,0.002,0.));
#18183=CARTESIAN_POINT('',(0.0235,0.0025,0.));
#18184=CARTESIAN_POINT('',(0.02425,0.0025,0.));
#18185=CARTESIAN_POINT('',(0.02425,0.003,0.));
#18186=CARTESIAN_POINT('',(0.02425,0.002,0.));
#18187=CARTESIAN_POINT('',(0.0235,0.002,0.));
#18188=CARTESIAN_POINT('',(0.0235,0.002,0.001));
#18189=CARTESIAN_POINT('',(0.0235,0.002,0.002));
#18190=CARTESIAN_POINT('',(0.02375,0.002,0.002));
#18191=CARTESIAN_POINT('',(0.02425,0.002,0.002));
#18192=CARTESIAN_POINT('',(0.02375,0.002,0.001));
#18193=CARTESIAN_POINT('',(0.02425,0.002,0.001));
#18194=CARTESIAN_POINT('',(0.0235,0.002,0.004));
#18195=CARTESIAN_POINT('',(0.0235,0.0025,0.00225));
#18196=CARTESIAN_POINT('',(0.0235,0.0025,0.002));
#18197=CARTESIAN_POINT('',(0.0235,0.0025,0.0025));
#18198=CARTESIAN_POINT('',(0.0235,0.0005,0.002));
#18199=CARTESIAN_POINT('',(0.0235,0.,0.002));
#18200=CARTESIAN_POINT('',(0.0235,0.,0.0045));
#18201=CARTESIAN_POINT('',(0.0235,0.,0.008));
#18202=CARTESIAN_POINT('',(0.0235,-2.00000000000027E-6,0.008));
#18203=CARTESIAN_POINT('',(0.0235,0.001,0.008));
#18204=CARTESIAN_POINT('',(0.0235,0.001,0.00525));
#18205=CARTESIAN_POINT('',(0.0235,0.001,0.0025));
#18206=CARTESIAN_POINT('',(0.0235,0.00175,0.0025));
#18207=CARTESIAN_POINT('',(0.0245,0.002,0.004));
#18208=CARTESIAN_POINT('',(0.0245,0.0005,0.002));
#18209=CARTESIAN_POINT('',(0.0245,0.,0.002));
#18210=CARTESIAN_POINT('',(0.0245,0.0025,0.002));
#18211=CARTESIAN_POINT('',(0.0245,0.0025,0.00225));
#18212=CARTESIAN_POINT('',(0.0245,0.0025,0.0025));
#18213=CARTESIAN_POINT('',(0.0245,0.00175,0.0025));
#18214=CARTESIAN_POINT('',(0.0245,0.001,0.0025));
#18215=CARTESIAN_POINT('',(0.0245,0.001,0.00525));
#18216=CARTESIAN_POINT('',(0.0245,0.001,0.008));
#18217=CARTESIAN_POINT('',(0.0245,-2.00000000000027E-6,0.008));
#18218=CARTESIAN_POINT('',(0.0245,0.,0.008));
#18219=CARTESIAN_POINT('',(0.0245,0.,0.0045));
#18220=CARTESIAN_POINT('',(0.0235,0.0025,0.00225));
#18221=CARTESIAN_POINT('',(0.02375,0.0025,0.00225));
#18222=CARTESIAN_POINT('',(0.02375,0.0025,0.002));
#18223=CARTESIAN_POINT('',(0.0235,0.0025,0.002));
#18224=CARTESIAN_POINT('',(0.0235,0.0025,0.0025));
#18225=CARTESIAN_POINT('',(0.0235,0.0025,0.002));
#18226=CARTESIAN_POINT('',(0.02425,0.0025,0.002));
#18227=CARTESIAN_POINT('',(0.02425,0.0025,0.00225));
#18228=CARTESIAN_POINT('',(0.0235,0.001,0.00525));
#18229=CARTESIAN_POINT('',(0.0235,0.001,0.0025));
#18230=CARTESIAN_POINT('',(0.0235,0.001,0.008));
#18231=CARTESIAN_POINT('',(0.0235,0.00175,0.0025));
#18232=CARTESIAN_POINT('',(0.0235,0.0005,0.002));
#18233=CARTESIAN_POINT('',(0.0235,0.,0.002));
#18234=CARTESIAN_POINT('',(0.02375,0.003,0.002));
#18235=CARTESIAN_POINT('',(0.02425,0.003,0.002));
#18236=CARTESIAN_POINT('',(0.0235,0.,0.0045));
#18237=CARTESIAN_POINT('',(0.0235,0.,0.008));
#18238=CARTESIAN_POINT('',(0.0235,-2.00000000000027E-6,0.008));
#18239=CARTESIAN_POINT('',(0.02425,0.003,0.001));
#18240=CARTESIAN_POINT('',(0.02375,0.003,0.001));
#18241=CARTESIAN_POINT('',(0.,0.,0.));
#18242=CARTESIAN_POINT('',(0.025,0.00075,0.));
#18243=CARTESIAN_POINT('',(0.02525,0.0255,0.));
#18244=CARTESIAN_POINT('',(0.02525,0.001,0.));
#18245=CARTESIAN_POINT('',(0.02525,0.0005,0.));
#18246=CARTESIAN_POINT('',(0.025,0.001,0.));
#18247=CARTESIAN_POINT('',(0.02575,0.001,0.));
#18248=CARTESIAN_POINT('',(0.02575,0.0255,0.));
#18249=CARTESIAN_POINT('',(0.02575,0.0005,0.));
#18250=CARTESIAN_POINT('',(0.025,0.0005,0.));
#18251=CARTESIAN_POINT('',(0.025,0.0005,0.0015));
#18252=CARTESIAN_POINT('',(0.025,0.0005,0.002));
#18253=CARTESIAN_POINT('',(0.02525,0.0005,0.002));
#18254=CARTESIAN_POINT('',(0.02575,0.0005,0.002));
#18255=CARTESIAN_POINT('',(0.02525,0.0005,0.001));
#18256=CARTESIAN_POINT('',(0.02575,0.0005,0.001));
#18257=CARTESIAN_POINT('',(0.025,0.002,0.004));
#18258=CARTESIAN_POINT('',(0.025,0.001,0.00225));
#18259=CARTESIAN_POINT('',(0.025,0.001,0.002));
#18260=CARTESIAN_POINT('',(0.025,0.001,0.0025));
#18261=CARTESIAN_POINT('',(0.025,0.00025,0.002));
#18262=CARTESIAN_POINT('',(0.025,0.,0.002));
#18263=CARTESIAN_POINT('',(0.025,0.,0.0045));
#18264=CARTESIAN_POINT('',(0.025,0.,0.008));
#18265=CARTESIAN_POINT('',(0.025,-2.00000000000027E-6,0.008));
#18266=CARTESIAN_POINT('',(0.025,0.0005,0.008));
#18267=CARTESIAN_POINT('',(0.025,0.0005,0.00525));
#18268=CARTESIAN_POINT('',(0.025,0.0005,0.0025));
#18269=CARTESIAN_POINT('',(0.025,0.00075,0.0025));
#18270=CARTESIAN_POINT('',(0.026,0.002,0.004));
#18271=CARTESIAN_POINT('',(0.026,0.00025,0.002));
#18272=CARTESIAN_POINT('',(0.026,0.,0.002));
#18273=CARTESIAN_POINT('',(0.026,0.001,0.002));
#18274=CARTESIAN_POINT('',(0.026,0.001,0.00225));
#18275=CARTESIAN_POINT('',(0.026,0.001,0.0025));
#18276=CARTESIAN_POINT('',(0.026,0.00075,0.0025));
#18277=CARTESIAN_POINT('',(0.026,0.0005,0.0025));
#18278=CARTESIAN_POINT('',(0.026,0.0005,0.00525));
#18279=CARTESIAN_POINT('',(0.026,0.0005,0.008));
#18280=CARTESIAN_POINT('',(0.026,-2.00000000000027E-6,0.008));
#18281=CARTESIAN_POINT('',(0.026,0.,0.008));
#18282=CARTESIAN_POINT('',(0.026,0.,0.0045));
#18283=CARTESIAN_POINT('',(0.025,0.001,0.00225));
#18284=CARTESIAN_POINT('',(0.02525,0.001,0.00225));
#18285=CARTESIAN_POINT('',(0.02525,0.001,0.002));
#18286=CARTESIAN_POINT('',(0.025,0.001,0.002));
#18287=CARTESIAN_POINT('',(0.025,0.001,0.0025));
#18288=CARTESIAN_POINT('',(0.025,0.001,0.002));
#18289=CARTESIAN_POINT('',(0.02575,0.001,0.002));
#18290=CARTESIAN_POINT('',(0.02575,0.001,0.00225));
#18291=CARTESIAN_POINT('',(0.025,0.0005,0.00525));
#18292=CARTESIAN_POINT('',(0.025,0.0005,0.0025));
#18293=CARTESIAN_POINT('',(0.025,0.0005,0.008));
#18294=CARTESIAN_POINT('',(0.025,0.00075,0.0025));
#18295=CARTESIAN_POINT('',(0.025,0.00025,0.002));
#18296=CARTESIAN_POINT('',(0.025,0.,0.002));
#18297=CARTESIAN_POINT('',(0.02525,0.0255,0.002));
#18298=CARTESIAN_POINT('',(0.02575,0.0255,0.002));
#18299=CARTESIAN_POINT('',(0.025,0.,0.0045));
#18300=CARTESIAN_POINT('',(0.025,0.,0.008));
#18301=CARTESIAN_POINT('',(0.025,-2.00000000000027E-6,0.008));
#18302=CARTESIAN_POINT('',(0.02575,0.0255,0.001));
#18303=CARTESIAN_POINT('',(0.02525,0.0255,0.001));
#18304=CARTESIAN_POINT('',(0.,0.,0.));
#18305=CARTESIAN_POINT('',(0.0265,0.00225,0.));
#18306=CARTESIAN_POINT('',(0.02675,0.003,0.));
#18307=CARTESIAN_POINT('',(0.02675,0.0025,0.));
#18308=CARTESIAN_POINT('',(0.02675,0.002,0.));
#18309=CARTESIAN_POINT('',(0.0265,0.0025,0.));
#18310=CARTESIAN_POINT('',(0.02725,0.0025,0.));
#18311=CARTESIAN_POINT('',(0.02725,0.003,0.));
#18312=CARTESIAN_POINT('',(0.02725,0.002,0.));
#18313=CARTESIAN_POINT('',(0.0265,0.002,0.));
#18314=CARTESIAN_POINT('',(0.0265,0.002,0.001));
#18315=CARTESIAN_POINT('',(0.0265,0.002,0.002));
#18316=CARTESIAN_POINT('',(0.02675,0.002,0.002));
#18317=CARTESIAN_POINT('',(0.02725,0.002,0.002));
#18318=CARTESIAN_POINT('',(0.02675,0.002,0.001));
#18319=CARTESIAN_POINT('',(0.02725,0.002,0.001));
#18320=CARTESIAN_POINT('',(0.0265,0.002,0.004));
#18321=CARTESIAN_POINT('',(0.0265,0.0025,0.00225));
#18322=CARTESIAN_POINT('',(0.0265,0.0025,0.002));
#18323=CARTESIAN_POINT('',(0.0265,0.0025,0.0025));
#18324=CARTESIAN_POINT('',(0.0265,0.0005,0.002));
#18325=CARTESIAN_POINT('',(0.0265,0.,0.002));
#18326=CARTESIAN_POINT('',(0.0265,0.,0.0045));
#18327=CARTESIAN_POINT('',(0.0265,0.,0.008));
#18328=CARTESIAN_POINT('',(0.0265,-2.00000000000027E-6,0.008));
#18329=CARTESIAN_POINT('',(0.0265,0.001,0.008));
#18330=CARTESIAN_POINT('',(0.0265,0.001,0.00525));
#18331=CARTESIAN_POINT('',(0.0265,0.001,0.0025));
#18332=CARTESIAN_POINT('',(0.0265,0.00175,0.0025));
#18333=CARTESIAN_POINT('',(0.0275,0.002,0.004));
#18334=CARTESIAN_POINT('',(0.0275,0.0005,0.002));
#18335=CARTESIAN_POINT('',(0.0275,0.,0.002));
#18336=CARTESIAN_POINT('',(0.0275,0.0025,0.002));
#18337=CARTESIAN_POINT('',(0.0275,0.0025,0.00225));
#18338=CARTESIAN_POINT('',(0.0275,0.0025,0.0025));
#18339=CARTESIAN_POINT('',(0.0275,0.00175,0.0025));
#18340=CARTESIAN_POINT('',(0.0275,0.001,0.0025));
#18341=CARTESIAN_POINT('',(0.0275,0.001,0.00525));
#18342=CARTESIAN_POINT('',(0.0275,0.001,0.008));
#18343=CARTESIAN_POINT('',(0.0275,-2.00000000000027E-6,0.008));
#18344=CARTESIAN_POINT('',(0.0275,0.,0.008));
#18345=CARTESIAN_POINT('',(0.0275,0.,0.0045));
#18346=CARTESIAN_POINT('',(0.0265,0.0025,0.00225));
#18347=CARTESIAN_POINT('',(0.02675,0.0025,0.00225));
#18348=CARTESIAN_POINT('',(0.02675,0.0025,0.002));
#18349=CARTESIAN_POINT('',(0.0265,0.0025,0.002));
#18350=CARTESIAN_POINT('',(0.0265,0.0025,0.0025));
#18351=CARTESIAN_POINT('',(0.0265,0.0025,0.002));
#18352=CARTESIAN_POINT('',(0.02725,0.0025,0.002));
#18353=CARTESIAN_POINT('',(0.02725,0.0025,0.00225));
#18354=CARTESIAN_POINT('',(0.0265,0.001,0.00525));
#18355=CARTESIAN_POINT('',(0.0265,0.001,0.0025));
#18356=CARTESIAN_POINT('',(0.0265,0.001,0.008));
#18357=CARTESIAN_POINT('',(0.0265,0.00175,0.0025));
#18358=CARTESIAN_POINT('',(0.0265,0.0005,0.002));
#18359=CARTESIAN_POINT('',(0.0265,0.,0.002));
#18360=CARTESIAN_POINT('',(0.02675,0.003,0.002));
#18361=CARTESIAN_POINT('',(0.02725,0.003,0.002));
#18362=CARTESIAN_POINT('',(0.0265,0.,0.0045));
#18363=CARTESIAN_POINT('',(0.0265,0.,0.008));
#18364=CARTESIAN_POINT('',(0.0265,-2.00000000000027E-6,0.008));
#18365=CARTESIAN_POINT('',(0.02725,0.003,0.001));
#18366=CARTESIAN_POINT('',(0.02675,0.003,0.001));
#18367=MECHANICAL_DESIGN_GEOMETRIC_PRESENTATION_REPRESENTATION('',(#11261),
#18400);
#18368=MECHANICAL_DESIGN_GEOMETRIC_PRESENTATION_REPRESENTATION('',(#11262),
#18401);
#18369=MECHANICAL_DESIGN_GEOMETRIC_PRESENTATION_REPRESENTATION('',(#11263),
#18402);
#18370=MECHANICAL_DESIGN_GEOMETRIC_PRESENTATION_REPRESENTATION('',(#11264),
#18403);
#18371=MECHANICAL_DESIGN_GEOMETRIC_PRESENTATION_REPRESENTATION('',(#11265),
#18404);
#18372=MECHANICAL_DESIGN_GEOMETRIC_PRESENTATION_REPRESENTATION('',(#11266),
#18405);
#18373=MECHANICAL_DESIGN_GEOMETRIC_PRESENTATION_REPRESENTATION('',(#11267),
#18406);
#18374=MECHANICAL_DESIGN_GEOMETRIC_PRESENTATION_REPRESENTATION('',(#11268),
#18407);
#18375=MECHANICAL_DESIGN_GEOMETRIC_PRESENTATION_REPRESENTATION('',(#11269),
#18408);
#18376=MECHANICAL_DESIGN_GEOMETRIC_PRESENTATION_REPRESENTATION('',(#11270),
#18409);
#18377=MECHANICAL_DESIGN_GEOMETRIC_PRESENTATION_REPRESENTATION('',(#11271),
#18410);
#18378=MECHANICAL_DESIGN_GEOMETRIC_PRESENTATION_REPRESENTATION('',(#11272),
#18411);
#18379=MECHANICAL_DESIGN_GEOMETRIC_PRESENTATION_REPRESENTATION('',(#11273),
#18412);
#18380=MECHANICAL_DESIGN_GEOMETRIC_PRESENTATION_REPRESENTATION('',(#11274),
#18413);
#18381=MECHANICAL_DESIGN_GEOMETRIC_PRESENTATION_REPRESENTATION('',(#11275),
#18414);
#18382=MECHANICAL_DESIGN_GEOMETRIC_PRESENTATION_REPRESENTATION('',(#11276),
#18415);
#18383=MECHANICAL_DESIGN_GEOMETRIC_PRESENTATION_REPRESENTATION('',(#11277),
#18416);
#18384=MECHANICAL_DESIGN_GEOMETRIC_PRESENTATION_REPRESENTATION('',(#11278),
#18417);
#18385=MECHANICAL_DESIGN_GEOMETRIC_PRESENTATION_REPRESENTATION('',(#11279),
#18418);
#18386=MECHANICAL_DESIGN_GEOMETRIC_PRESENTATION_REPRESENTATION('',(#11280),
#18419);
#18387=MECHANICAL_DESIGN_GEOMETRIC_PRESENTATION_REPRESENTATION('',(#11281),
#18420);
#18388=MECHANICAL_DESIGN_GEOMETRIC_PRESENTATION_REPRESENTATION('',(#11282),
#18421);
#18389=MECHANICAL_DESIGN_GEOMETRIC_PRESENTATION_REPRESENTATION('',(#11283),
#18422);
#18390=MECHANICAL_DESIGN_GEOMETRIC_PRESENTATION_REPRESENTATION('',(#11284),
#18423);
#18391=MECHANICAL_DESIGN_GEOMETRIC_PRESENTATION_REPRESENTATION('',(#11285),
#18424);
#18392=MECHANICAL_DESIGN_GEOMETRIC_PRESENTATION_REPRESENTATION('',(#11286),
#18425);
#18393=MECHANICAL_DESIGN_GEOMETRIC_PRESENTATION_REPRESENTATION('',(#11287),
#18426);
#18394=MECHANICAL_DESIGN_GEOMETRIC_PRESENTATION_REPRESENTATION('',(#11288),
#18427);
#18395=MECHANICAL_DESIGN_GEOMETRIC_PRESENTATION_REPRESENTATION('',(#11289),
#18428);
#18396=MECHANICAL_DESIGN_GEOMETRIC_PRESENTATION_REPRESENTATION('',(#11290),
#18429);
#18397=MECHANICAL_DESIGN_GEOMETRIC_PRESENTATION_REPRESENTATION('',(#11291),
#18430);
#18398=MECHANICAL_DESIGN_GEOMETRIC_PRESENTATION_REPRESENTATION('',(#11292),
#18431);
#18399=MECHANICAL_DESIGN_GEOMETRIC_PRESENTATION_REPRESENTATION('',(#11293),
#18432);
#18400=(
GEOMETRIC_REPRESENTATION_CONTEXT(3)
GLOBAL_UNCERTAINTY_ASSIGNED_CONTEXT((#18433))
GLOBAL_UNIT_ASSIGNED_CONTEXT((#18532,#18499,#18466))
REPRESENTATION_CONTEXT('Part 26','TOP_LEVEL_ASSEMBLY_PART')
);
#18401=(
GEOMETRIC_REPRESENTATION_CONTEXT(3)
GLOBAL_UNCERTAINTY_ASSIGNED_CONTEXT((#18434))
GLOBAL_UNIT_ASSIGNED_CONTEXT((#18533,#18500,#18467))
REPRESENTATION_CONTEXT('Part 1','TOP_LEVEL_ASSEMBLY_PART')
);
#18402=(
GEOMETRIC_REPRESENTATION_CONTEXT(3)
GLOBAL_UNCERTAINTY_ASSIGNED_CONTEXT((#18435))
GLOBAL_UNIT_ASSIGNED_CONTEXT((#18534,#18501,#18468))
REPRESENTATION_CONTEXT('Part 2','TOP_LEVEL_ASSEMBLY_PART')
);
#18403=(
GEOMETRIC_REPRESENTATION_CONTEXT(3)
GLOBAL_UNCERTAINTY_ASSIGNED_CONTEXT((#18436))
GLOBAL_UNIT_ASSIGNED_CONTEXT((#18535,#18502,#18469))
REPRESENTATION_CONTEXT('Part 3','TOP_LEVEL_ASSEMBLY_PART')
);
#18404=(
GEOMETRIC_REPRESENTATION_CONTEXT(3)
GLOBAL_UNCERTAINTY_ASSIGNED_CONTEXT((#18437))
GLOBAL_UNIT_ASSIGNED_CONTEXT((#18536,#18503,#18470))
REPRESENTATION_CONTEXT('Part 4','TOP_LEVEL_ASSEMBLY_PART')
);
#18405=(
GEOMETRIC_REPRESENTATION_CONTEXT(3)
GLOBAL_UNCERTAINTY_ASSIGNED_CONTEXT((#18438))
GLOBAL_UNIT_ASSIGNED_CONTEXT((#18537,#18504,#18471))
REPRESENTATION_CONTEXT('Part 5','TOP_LEVEL_ASSEMBLY_PART')
);
#18406=(
GEOMETRIC_REPRESENTATION_CONTEXT(3)
GLOBAL_UNCERTAINTY_ASSIGNED_CONTEXT((#18439))
GLOBAL_UNIT_ASSIGNED_CONTEXT((#18538,#18505,#18472))
REPRESENTATION_CONTEXT('Part 6','TOP_LEVEL_ASSEMBLY_PART')
);
#18407=(
GEOMETRIC_REPRESENTATION_CONTEXT(3)
GLOBAL_UNCERTAINTY_ASSIGNED_CONTEXT((#18440))
GLOBAL_UNIT_ASSIGNED_CONTEXT((#18539,#18506,#18473))
REPRESENTATION_CONTEXT('Part 7','TOP_LEVEL_ASSEMBLY_PART')
);
#18408=(
GEOMETRIC_REPRESENTATION_CONTEXT(3)
GLOBAL_UNCERTAINTY_ASSIGNED_CONTEXT((#18441))
GLOBAL_UNIT_ASSIGNED_CONTEXT((#18540,#18507,#18474))
REPRESENTATION_CONTEXT('Part 8','TOP_LEVEL_ASSEMBLY_PART')
);
#18409=(
GEOMETRIC_REPRESENTATION_CONTEXT(3)
GLOBAL_UNCERTAINTY_ASSIGNED_CONTEXT((#18442))
GLOBAL_UNIT_ASSIGNED_CONTEXT((#18541,#18508,#18475))
REPRESENTATION_CONTEXT('Part 9','TOP_LEVEL_ASSEMBLY_PART')
);
#18410=(
GEOMETRIC_REPRESENTATION_CONTEXT(3)
GLOBAL_UNCERTAINTY_ASSIGNED_CONTEXT((#18443))
GLOBAL_UNIT_ASSIGNED_CONTEXT((#18542,#18509,#18476))
REPRESENTATION_CONTEXT('Part 10','TOP_LEVEL_ASSEMBLY_PART')
);
#18411=(
GEOMETRIC_REPRESENTATION_CONTEXT(3)
GLOBAL_UNCERTAINTY_ASSIGNED_CONTEXT((#18444))
GLOBAL_UNIT_ASSIGNED_CONTEXT((#18543,#18510,#18477))
REPRESENTATION_CONTEXT('Part 11','TOP_LEVEL_ASSEMBLY_PART')
);
#18412=(
GEOMETRIC_REPRESENTATION_CONTEXT(3)
GLOBAL_UNCERTAINTY_ASSIGNED_CONTEXT((#18445))
GLOBAL_UNIT_ASSIGNED_CONTEXT((#18544,#18511,#18478))
REPRESENTATION_CONTEXT('Part 12','TOP_LEVEL_ASSEMBLY_PART')
);
#18413=(
GEOMETRIC_REPRESENTATION_CONTEXT(3)
GLOBAL_UNCERTAINTY_ASSIGNED_CONTEXT((#18446))
GLOBAL_UNIT_ASSIGNED_CONTEXT((#18545,#18512,#18479))
REPRESENTATION_CONTEXT('Part 13','TOP_LEVEL_ASSEMBLY_PART')
);
#18414=(
GEOMETRIC_REPRESENTATION_CONTEXT(3)
GLOBAL_UNCERTAINTY_ASSIGNED_CONTEXT((#18447))
GLOBAL_UNIT_ASSIGNED_CONTEXT((#18546,#18513,#18480))
REPRESENTATION_CONTEXT('Part 14','TOP_LEVEL_ASSEMBLY_PART')
);
#18415=(
GEOMETRIC_REPRESENTATION_CONTEXT(3)
GLOBAL_UNCERTAINTY_ASSIGNED_CONTEXT((#18448))
GLOBAL_UNIT_ASSIGNED_CONTEXT((#18547,#18514,#18481))
REPRESENTATION_CONTEXT('Part 15','TOP_LEVEL_ASSEMBLY_PART')
);
#18416=(
GEOMETRIC_REPRESENTATION_CONTEXT(3)
GLOBAL_UNCERTAINTY_ASSIGNED_CONTEXT((#18449))
GLOBAL_UNIT_ASSIGNED_CONTEXT((#18548,#18515,#18482))
REPRESENTATION_CONTEXT('Part 16','TOP_LEVEL_ASSEMBLY_PART')
);
#18417=(
GEOMETRIC_REPRESENTATION_CONTEXT(3)
GLOBAL_UNCERTAINTY_ASSIGNED_CONTEXT((#18450))
GLOBAL_UNIT_ASSIGNED_CONTEXT((#18549,#18516,#18483))
REPRESENTATION_CONTEXT('Part 17','TOP_LEVEL_ASSEMBLY_PART')
);
#18418=(
GEOMETRIC_REPRESENTATION_CONTEXT(3)
GLOBAL_UNCERTAINTY_ASSIGNED_CONTEXT((#18451))
GLOBAL_UNIT_ASSIGNED_CONTEXT((#18550,#18517,#18484))
REPRESENTATION_CONTEXT('Part 18','TOP_LEVEL_ASSEMBLY_PART')
);
#18419=(
GEOMETRIC_REPRESENTATION_CONTEXT(3)
GLOBAL_UNCERTAINTY_ASSIGNED_CONTEXT((#18452))
GLOBAL_UNIT_ASSIGNED_CONTEXT((#18551,#18518,#18485))
REPRESENTATION_CONTEXT('Part 19','TOP_LEVEL_ASSEMBLY_PART')
);
#18420=(
GEOMETRIC_REPRESENTATION_CONTEXT(3)
GLOBAL_UNCERTAINTY_ASSIGNED_CONTEXT((#18453))
GLOBAL_UNIT_ASSIGNED_CONTEXT((#18552,#18519,#18486))
REPRESENTATION_CONTEXT('Part 20','TOP_LEVEL_ASSEMBLY_PART')
);
#18421=(
GEOMETRIC_REPRESENTATION_CONTEXT(3)
GLOBAL_UNCERTAINTY_ASSIGNED_CONTEXT((#18454))
GLOBAL_UNIT_ASSIGNED_CONTEXT((#18553,#18520,#18487))
REPRESENTATION_CONTEXT('Part 21','TOP_LEVEL_ASSEMBLY_PART')
);
#18422=(
GEOMETRIC_REPRESENTATION_CONTEXT(3)
GLOBAL_UNCERTAINTY_ASSIGNED_CONTEXT((#18455))
GLOBAL_UNIT_ASSIGNED_CONTEXT((#18554,#18521,#18488))
REPRESENTATION_CONTEXT('Part 22','TOP_LEVEL_ASSEMBLY_PART')
);
#18423=(
GEOMETRIC_REPRESENTATION_CONTEXT(3)
GLOBAL_UNCERTAINTY_ASSIGNED_CONTEXT((#18456))
GLOBAL_UNIT_ASSIGNED_CONTEXT((#18555,#18522,#18489))
REPRESENTATION_CONTEXT('Part 23','TOP_LEVEL_ASSEMBLY_PART')
);
#18424=(
GEOMETRIC_REPRESENTATION_CONTEXT(3)
GLOBAL_UNCERTAINTY_ASSIGNED_CONTEXT((#18457))
GLOBAL_UNIT_ASSIGNED_CONTEXT((#18556,#18523,#18490))
REPRESENTATION_CONTEXT('Part 24','TOP_LEVEL_ASSEMBLY_PART')
);
#18425=(
GEOMETRIC_REPRESENTATION_CONTEXT(3)
GLOBAL_UNCERTAINTY_ASSIGNED_CONTEXT((#18458))
GLOBAL_UNIT_ASSIGNED_CONTEXT((#18557,#18524,#18491))
REPRESENTATION_CONTEXT('Part 25','TOP_LEVEL_ASSEMBLY_PART')
);
#18426=(
GEOMETRIC_REPRESENTATION_CONTEXT(3)
GLOBAL_UNCERTAINTY_ASSIGNED_CONTEXT((#18459))
GLOBAL_UNIT_ASSIGNED_CONTEXT((#18558,#18525,#18492))
REPRESENTATION_CONTEXT('Part 27','TOP_LEVEL_ASSEMBLY_PART')
);
#18427=(
GEOMETRIC_REPRESENTATION_CONTEXT(3)
GLOBAL_UNCERTAINTY_ASSIGNED_CONTEXT((#18460))
GLOBAL_UNIT_ASSIGNED_CONTEXT((#18559,#18526,#18493))
REPRESENTATION_CONTEXT('Part 28','TOP_LEVEL_ASSEMBLY_PART')
);
#18428=(
GEOMETRIC_REPRESENTATION_CONTEXT(3)
GLOBAL_UNCERTAINTY_ASSIGNED_CONTEXT((#18461))
GLOBAL_UNIT_ASSIGNED_CONTEXT((#18560,#18527,#18494))
REPRESENTATION_CONTEXT('Part 29','TOP_LEVEL_ASSEMBLY_PART')
);
#18429=(
GEOMETRIC_REPRESENTATION_CONTEXT(3)
GLOBAL_UNCERTAINTY_ASSIGNED_CONTEXT((#18462))
GLOBAL_UNIT_ASSIGNED_CONTEXT((#18561,#18528,#18495))
REPRESENTATION_CONTEXT('Part 30','TOP_LEVEL_ASSEMBLY_PART')
);
#18430=(
GEOMETRIC_REPRESENTATION_CONTEXT(3)
GLOBAL_UNCERTAINTY_ASSIGNED_CONTEXT((#18463))
GLOBAL_UNIT_ASSIGNED_CONTEXT((#18562,#18529,#18496))
REPRESENTATION_CONTEXT('Part 31','TOP_LEVEL_ASSEMBLY_PART')
);
#18431=(
GEOMETRIC_REPRESENTATION_CONTEXT(3)
GLOBAL_UNCERTAINTY_ASSIGNED_CONTEXT((#18464))
GLOBAL_UNIT_ASSIGNED_CONTEXT((#18563,#18530,#18497))
REPRESENTATION_CONTEXT('Part 32','TOP_LEVEL_ASSEMBLY_PART')
);
#18432=(
GEOMETRIC_REPRESENTATION_CONTEXT(3)
GLOBAL_UNCERTAINTY_ASSIGNED_CONTEXT((#18465))
GLOBAL_UNIT_ASSIGNED_CONTEXT((#18564,#18531,#18498))
REPRESENTATION_CONTEXT('Part 33','TOP_LEVEL_ASSEMBLY_PART')
);
#18433=UNCERTAINTY_MEASURE_WITH_UNIT(LENGTH_MEASURE(1.E-8),#18532,
'DISTANCE_ACCURACY_VALUE','Maximum Tolerance applied to model');
#18434=UNCERTAINTY_MEASURE_WITH_UNIT(LENGTH_MEASURE(2.E-5),#18533,
'DISTANCE_ACCURACY_VALUE','Maximum Tolerance applied to model');
#18435=UNCERTAINTY_MEASURE_WITH_UNIT(LENGTH_MEASURE(1.E-8),#18534,
'DISTANCE_ACCURACY_VALUE','Maximum Tolerance applied to model');
#18436=UNCERTAINTY_MEASURE_WITH_UNIT(LENGTH_MEASURE(1.E-8),#18535,
'DISTANCE_ACCURACY_VALUE','Maximum Tolerance applied to model');
#18437=UNCERTAINTY_MEASURE_WITH_UNIT(LENGTH_MEASURE(1.E-8),#18536,
'DISTANCE_ACCURACY_VALUE','Maximum Tolerance applied to model');
#18438=UNCERTAINTY_MEASURE_WITH_UNIT(LENGTH_MEASURE(1.E-8),#18537,
'DISTANCE_ACCURACY_VALUE','Maximum Tolerance applied to model');
#18439=UNCERTAINTY_MEASURE_WITH_UNIT(LENGTH_MEASURE(1.E-8),#18538,
'DISTANCE_ACCURACY_VALUE','Maximum Tolerance applied to model');
#18440=UNCERTAINTY_MEASURE_WITH_UNIT(LENGTH_MEASURE(1.E-8),#18539,
'DISTANCE_ACCURACY_VALUE','Maximum Tolerance applied to model');
#18441=UNCERTAINTY_MEASURE_WITH_UNIT(LENGTH_MEASURE(1.E-8),#18540,
'DISTANCE_ACCURACY_VALUE','Maximum Tolerance applied to model');
#18442=UNCERTAINTY_MEASURE_WITH_UNIT(LENGTH_MEASURE(1.E-8),#18541,
'DISTANCE_ACCURACY_VALUE','Maximum Tolerance applied to model');
#18443=UNCERTAINTY_MEASURE_WITH_UNIT(LENGTH_MEASURE(1.E-8),#18542,
'DISTANCE_ACCURACY_VALUE','Maximum Tolerance applied to model');
#18444=UNCERTAINTY_MEASURE_WITH_UNIT(LENGTH_MEASURE(1.E-8),#18543,
'DISTANCE_ACCURACY_VALUE','Maximum Tolerance applied to model');
#18445=UNCERTAINTY_MEASURE_WITH_UNIT(LENGTH_MEASURE(1.E-8),#18544,
'DISTANCE_ACCURACY_VALUE','Maximum Tolerance applied to model');
#18446=UNCERTAINTY_MEASURE_WITH_UNIT(LENGTH_MEASURE(1.E-8),#18545,
'DISTANCE_ACCURACY_VALUE','Maximum Tolerance applied to model');
#18447=UNCERTAINTY_MEASURE_WITH_UNIT(LENGTH_MEASURE(1.E-8),#18546,
'DISTANCE_ACCURACY_VALUE','Maximum Tolerance applied to model');
#18448=UNCERTAINTY_MEASURE_WITH_UNIT(LENGTH_MEASURE(1.E-8),#18547,
'DISTANCE_ACCURACY_VALUE','Maximum Tolerance applied to model');
#18449=UNCERTAINTY_MEASURE_WITH_UNIT(LENGTH_MEASURE(1.E-8),#18548,
'DISTANCE_ACCURACY_VALUE','Maximum Tolerance applied to model');
#18450=UNCERTAINTY_MEASURE_WITH_UNIT(LENGTH_MEASURE(1.E-8),#18549,
'DISTANCE_ACCURACY_VALUE','Maximum Tolerance applied to model');
#18451=UNCERTAINTY_MEASURE_WITH_UNIT(LENGTH_MEASURE(1.E-8),#18550,
'DISTANCE_ACCURACY_VALUE','Maximum Tolerance applied to model');
#18452=UNCERTAINTY_MEASURE_WITH_UNIT(LENGTH_MEASURE(1.E-8),#18551,
'DISTANCE_ACCURACY_VALUE','Maximum Tolerance applied to model');
#18453=UNCERTAINTY_MEASURE_WITH_UNIT(LENGTH_MEASURE(1.E-8),#18552,
'DISTANCE_ACCURACY_VALUE','Maximum Tolerance applied to model');
#18454=UNCERTAINTY_MEASURE_WITH_UNIT(LENGTH_MEASURE(1.E-8),#18553,
'DISTANCE_ACCURACY_VALUE','Maximum Tolerance applied to model');
#18455=UNCERTAINTY_MEASURE_WITH_UNIT(LENGTH_MEASURE(1.E-8),#18554,
'DISTANCE_ACCURACY_VALUE','Maximum Tolerance applied to model');
#18456=UNCERTAINTY_MEASURE_WITH_UNIT(LENGTH_MEASURE(1.E-8),#18555,
'DISTANCE_ACCURACY_VALUE','Maximum Tolerance applied to model');
#18457=UNCERTAINTY_MEASURE_WITH_UNIT(LENGTH_MEASURE(1.E-8),#18556,
'DISTANCE_ACCURACY_VALUE','Maximum Tolerance applied to model');
#18458=UNCERTAINTY_MEASURE_WITH_UNIT(LENGTH_MEASURE(1.E-8),#18557,
'DISTANCE_ACCURACY_VALUE','Maximum Tolerance applied to model');
#18459=UNCERTAINTY_MEASURE_WITH_UNIT(LENGTH_MEASURE(1.E-8),#18558,
'DISTANCE_ACCURACY_VALUE','Maximum Tolerance applied to model');
#18460=UNCERTAINTY_MEASURE_WITH_UNIT(LENGTH_MEASURE(1.E-8),#18559,
'DISTANCE_ACCURACY_VALUE','Maximum Tolerance applied to model');
#18461=UNCERTAINTY_MEASURE_WITH_UNIT(LENGTH_MEASURE(1.E-8),#18560,
'DISTANCE_ACCURACY_VALUE','Maximum Tolerance applied to model');
#18462=UNCERTAINTY_MEASURE_WITH_UNIT(LENGTH_MEASURE(1.E-8),#18561,
'DISTANCE_ACCURACY_VALUE','Maximum Tolerance applied to model');
#18463=UNCERTAINTY_MEASURE_WITH_UNIT(LENGTH_MEASURE(1.E-8),#18562,
'DISTANCE_ACCURACY_VALUE','Maximum Tolerance applied to model');
#18464=UNCERTAINTY_MEASURE_WITH_UNIT(LENGTH_MEASURE(1.E-8),#18563,
'DISTANCE_ACCURACY_VALUE','Maximum Tolerance applied to model');
#18465=UNCERTAINTY_MEASURE_WITH_UNIT(LENGTH_MEASURE(1.E-8),#18564,
'DISTANCE_ACCURACY_VALUE','Maximum Tolerance applied to model');
#18466=(
NAMED_UNIT(*)
SI_UNIT($,.STERADIAN.)
SOLID_ANGLE_UNIT()
);
#18467=(
NAMED_UNIT(*)
SI_UNIT($,.STERADIAN.)
SOLID_ANGLE_UNIT()
);
#18468=(
NAMED_UNIT(*)
SI_UNIT($,.STERADIAN.)
SOLID_ANGLE_UNIT()
);
#18469=(
NAMED_UNIT(*)
SI_UNIT($,.STERADIAN.)
SOLID_ANGLE_UNIT()
);
#18470=(
NAMED_UNIT(*)
SI_UNIT($,.STERADIAN.)
SOLID_ANGLE_UNIT()
);
#18471=(
NAMED_UNIT(*)
SI_UNIT($,.STERADIAN.)
SOLID_ANGLE_UNIT()
);
#18472=(
NAMED_UNIT(*)
SI_UNIT($,.STERADIAN.)
SOLID_ANGLE_UNIT()
);
#18473=(
NAMED_UNIT(*)
SI_UNIT($,.STERADIAN.)
SOLID_ANGLE_UNIT()
);
#18474=(
NAMED_UNIT(*)
SI_UNIT($,.STERADIAN.)
SOLID_ANGLE_UNIT()
);
#18475=(
NAMED_UNIT(*)
SI_UNIT($,.STERADIAN.)
SOLID_ANGLE_UNIT()
);
#18476=(
NAMED_UNIT(*)
SI_UNIT($,.STERADIAN.)
SOLID_ANGLE_UNIT()
);
#18477=(
NAMED_UNIT(*)
SI_UNIT($,.STERADIAN.)
SOLID_ANGLE_UNIT()
);
#18478=(
NAMED_UNIT(*)
SI_UNIT($,.STERADIAN.)
SOLID_ANGLE_UNIT()
);
#18479=(
NAMED_UNIT(*)
SI_UNIT($,.STERADIAN.)
SOLID_ANGLE_UNIT()
);
#18480=(
NAMED_UNIT(*)
SI_UNIT($,.STERADIAN.)
SOLID_ANGLE_UNIT()
);
#18481=(
NAMED_UNIT(*)
SI_UNIT($,.STERADIAN.)
SOLID_ANGLE_UNIT()
);
#18482=(
NAMED_UNIT(*)
SI_UNIT($,.STERADIAN.)
SOLID_ANGLE_UNIT()
);
#18483=(
NAMED_UNIT(*)
SI_UNIT($,.STERADIAN.)
SOLID_ANGLE_UNIT()
);
#18484=(
NAMED_UNIT(*)
SI_UNIT($,.STERADIAN.)
SOLID_ANGLE_UNIT()
);
#18485=(
NAMED_UNIT(*)
SI_UNIT($,.STERADIAN.)
SOLID_ANGLE_UNIT()
);
#18486=(
NAMED_UNIT(*)
SI_UNIT($,.STERADIAN.)
SOLID_ANGLE_UNIT()
);
#18487=(
NAMED_UNIT(*)
SI_UNIT($,.STERADIAN.)
SOLID_ANGLE_UNIT()
);
#18488=(
NAMED_UNIT(*)
SI_UNIT($,.STERADIAN.)
SOLID_ANGLE_UNIT()
);
#18489=(
NAMED_UNIT(*)
SI_UNIT($,.STERADIAN.)
SOLID_ANGLE_UNIT()
);
#18490=(
NAMED_UNIT(*)
SI_UNIT($,.STERADIAN.)
SOLID_ANGLE_UNIT()
);
#18491=(
NAMED_UNIT(*)
SI_UNIT($,.STERADIAN.)
SOLID_ANGLE_UNIT()
);
#18492=(
NAMED_UNIT(*)
SI_UNIT($,.STERADIAN.)
SOLID_ANGLE_UNIT()
);
#18493=(
NAMED_UNIT(*)
SI_UNIT($,.STERADIAN.)
SOLID_ANGLE_UNIT()
);
#18494=(
NAMED_UNIT(*)
SI_UNIT($,.STERADIAN.)
SOLID_ANGLE_UNIT()
);
#18495=(
NAMED_UNIT(*)
SI_UNIT($,.STERADIAN.)
SOLID_ANGLE_UNIT()
);
#18496=(
NAMED_UNIT(*)
SI_UNIT($,.STERADIAN.)
SOLID_ANGLE_UNIT()
);
#18497=(
NAMED_UNIT(*)
SI_UNIT($,.STERADIAN.)
SOLID_ANGLE_UNIT()
);
#18498=(
NAMED_UNIT(*)
SI_UNIT($,.STERADIAN.)
SOLID_ANGLE_UNIT()
);
#18499=(
NAMED_UNIT(*)
PLANE_ANGLE_UNIT()
SI_UNIT($,.RADIAN.)
);
#18500=(
NAMED_UNIT(*)
PLANE_ANGLE_UNIT()
SI_UNIT($,.RADIAN.)
);
#18501=(
NAMED_UNIT(*)
PLANE_ANGLE_UNIT()
SI_UNIT($,.RADIAN.)
);
#18502=(
NAMED_UNIT(*)
PLANE_ANGLE_UNIT()
SI_UNIT($,.RADIAN.)
);
#18503=(
NAMED_UNIT(*)
PLANE_ANGLE_UNIT()
SI_UNIT($,.RADIAN.)
);
#18504=(
NAMED_UNIT(*)
PLANE_ANGLE_UNIT()
SI_UNIT($,.RADIAN.)
);
#18505=(
NAMED_UNIT(*)
PLANE_ANGLE_UNIT()
SI_UNIT($,.RADIAN.)
);
#18506=(
NAMED_UNIT(*)
PLANE_ANGLE_UNIT()
SI_UNIT($,.RADIAN.)
);
#18507=(
NAMED_UNIT(*)
PLANE_ANGLE_UNIT()
SI_UNIT($,.RADIAN.)
);
#18508=(
NAMED_UNIT(*)
PLANE_ANGLE_UNIT()
SI_UNIT($,.RADIAN.)
);
#18509=(
NAMED_UNIT(*)
PLANE_ANGLE_UNIT()
SI_UNIT($,.RADIAN.)
);
#18510=(
NAMED_UNIT(*)
PLANE_ANGLE_UNIT()
SI_UNIT($,.RADIAN.)
);
#18511=(
NAMED_UNIT(*)
PLANE_ANGLE_UNIT()
SI_UNIT($,.RADIAN.)
);
#18512=(
NAMED_UNIT(*)
PLANE_ANGLE_UNIT()
SI_UNIT($,.RADIAN.)
);
#18513=(
NAMED_UNIT(*)
PLANE_ANGLE_UNIT()
SI_UNIT($,.RADIAN.)
);
#18514=(
NAMED_UNIT(*)
PLANE_ANGLE_UNIT()
SI_UNIT($,.RADIAN.)
);
#18515=(
NAMED_UNIT(*)
PLANE_ANGLE_UNIT()
SI_UNIT($,.RADIAN.)
);
#18516=(
NAMED_UNIT(*)
PLANE_ANGLE_UNIT()
SI_UNIT($,.RADIAN.)
);
#18517=(
NAMED_UNIT(*)
PLANE_ANGLE_UNIT()
SI_UNIT($,.RADIAN.)
);
#18518=(
NAMED_UNIT(*)
PLANE_ANGLE_UNIT()
SI_UNIT($,.RADIAN.)
);
#18519=(
NAMED_UNIT(*)
PLANE_ANGLE_UNIT()
SI_UNIT($,.RADIAN.)
);
#18520=(
NAMED_UNIT(*)
PLANE_ANGLE_UNIT()
SI_UNIT($,.RADIAN.)
);
#18521=(
NAMED_UNIT(*)
PLANE_ANGLE_UNIT()
SI_UNIT($,.RADIAN.)
);
#18522=(
NAMED_UNIT(*)
PLANE_ANGLE_UNIT()
SI_UNIT($,.RADIAN.)
);
#18523=(
NAMED_UNIT(*)
PLANE_ANGLE_UNIT()
SI_UNIT($,.RADIAN.)
);
#18524=(
NAMED_UNIT(*)
PLANE_ANGLE_UNIT()
SI_UNIT($,.RADIAN.)
);
#18525=(
NAMED_UNIT(*)
PLANE_ANGLE_UNIT()
SI_UNIT($,.RADIAN.)
);
#18526=(
NAMED_UNIT(*)
PLANE_ANGLE_UNIT()
SI_UNIT($,.RADIAN.)
);
#18527=(
NAMED_UNIT(*)
PLANE_ANGLE_UNIT()
SI_UNIT($,.RADIAN.)
);
#18528=(
NAMED_UNIT(*)
PLANE_ANGLE_UNIT()
SI_UNIT($,.RADIAN.)
);
#18529=(
NAMED_UNIT(*)
PLANE_ANGLE_UNIT()
SI_UNIT($,.RADIAN.)
);
#18530=(
NAMED_UNIT(*)
PLANE_ANGLE_UNIT()
SI_UNIT($,.RADIAN.)
);
#18531=(
NAMED_UNIT(*)
PLANE_ANGLE_UNIT()
SI_UNIT($,.RADIAN.)
);
#18532=(
LENGTH_UNIT()
NAMED_UNIT(*)
SI_UNIT($,.METRE.)
);
#18533=(
LENGTH_UNIT()
NAMED_UNIT(*)
SI_UNIT($,.METRE.)
);
#18534=(
LENGTH_UNIT()
NAMED_UNIT(*)
SI_UNIT($,.METRE.)
);
#18535=(
LENGTH_UNIT()
NAMED_UNIT(*)
SI_UNIT($,.METRE.)
);
#18536=(
LENGTH_UNIT()
NAMED_UNIT(*)
SI_UNIT($,.METRE.)
);
#18537=(
LENGTH_UNIT()
NAMED_UNIT(*)
SI_UNIT($,.METRE.)
);
#18538=(
LENGTH_UNIT()
NAMED_UNIT(*)
SI_UNIT($,.METRE.)
);
#18539=(
LENGTH_UNIT()
NAMED_UNIT(*)
SI_UNIT($,.METRE.)
);
#18540=(
LENGTH_UNIT()
NAMED_UNIT(*)
SI_UNIT($,.METRE.)
);
#18541=(
LENGTH_UNIT()
NAMED_UNIT(*)
SI_UNIT($,.METRE.)
);
#18542=(
LENGTH_UNIT()
NAMED_UNIT(*)
SI_UNIT($,.METRE.)
);
#18543=(
LENGTH_UNIT()
NAMED_UNIT(*)
SI_UNIT($,.METRE.)
);
#18544=(
LENGTH_UNIT()
NAMED_UNIT(*)
SI_UNIT($,.METRE.)
);
#18545=(
LENGTH_UNIT()
NAMED_UNIT(*)
SI_UNIT($,.METRE.)
);
#18546=(
LENGTH_UNIT()
NAMED_UNIT(*)
SI_UNIT($,.METRE.)
);
#18547=(
LENGTH_UNIT()
NAMED_UNIT(*)
SI_UNIT($,.METRE.)
);
#18548=(
LENGTH_UNIT()
NAMED_UNIT(*)
SI_UNIT($,.METRE.)
);
#18549=(
LENGTH_UNIT()
NAMED_UNIT(*)
SI_UNIT($,.METRE.)
);
#18550=(
LENGTH_UNIT()
NAMED_UNIT(*)
SI_UNIT($,.METRE.)
);
#18551=(
LENGTH_UNIT()
NAMED_UNIT(*)
SI_UNIT($,.METRE.)
);
#18552=(
LENGTH_UNIT()
NAMED_UNIT(*)
SI_UNIT($,.METRE.)
);
#18553=(
LENGTH_UNIT()
NAMED_UNIT(*)
SI_UNIT($,.METRE.)
);
#18554=(
LENGTH_UNIT()
NAMED_UNIT(*)
SI_UNIT($,.METRE.)
);
#18555=(
LENGTH_UNIT()
NAMED_UNIT(*)
SI_UNIT($,.METRE.)
);
#18556=(
LENGTH_UNIT()
NAMED_UNIT(*)
SI_UNIT($,.METRE.)
);
#18557=(
LENGTH_UNIT()
NAMED_UNIT(*)
SI_UNIT($,.METRE.)
);
#18558=(
LENGTH_UNIT()
NAMED_UNIT(*)
SI_UNIT($,.METRE.)
);
#18559=(
LENGTH_UNIT()
NAMED_UNIT(*)
SI_UNIT($,.METRE.)
);
#18560=(
LENGTH_UNIT()
NAMED_UNIT(*)
SI_UNIT($,.METRE.)
);
#18561=(
LENGTH_UNIT()
NAMED_UNIT(*)
SI_UNIT($,.METRE.)
);
#18562=(
LENGTH_UNIT()
NAMED_UNIT(*)
SI_UNIT($,.METRE.)
);
#18563=(
LENGTH_UNIT()
NAMED_UNIT(*)
SI_UNIT($,.METRE.)
);
#18564=(
LENGTH_UNIT()
NAMED_UNIT(*)
SI_UNIT($,.METRE.)
);
#18565=PRODUCT_DEFINITION_SHAPE('','',#18598);
#18566=PRODUCT_DEFINITION_SHAPE('','',#18599);
#18567=PRODUCT_DEFINITION_SHAPE('','',#18600);
#18568=PRODUCT_DEFINITION_SHAPE('','',#18601);
#18569=PRODUCT_DEFINITION_SHAPE('','',#18602);
#18570=PRODUCT_DEFINITION_SHAPE('','',#18603);
#18571=PRODUCT_DEFINITION_SHAPE('','',#18604);
#18572=PRODUCT_DEFINITION_SHAPE('','',#18605);
#18573=PRODUCT_DEFINITION_SHAPE('','',#18606);
#18574=PRODUCT_DEFINITION_SHAPE('','',#18607);
#18575=PRODUCT_DEFINITION_SHAPE('','',#18608);
#18576=PRODUCT_DEFINITION_SHAPE('','',#18609);
#18577=PRODUCT_DEFINITION_SHAPE('','',#18610);
#18578=PRODUCT_DEFINITION_SHAPE('','',#18611);
#18579=PRODUCT_DEFINITION_SHAPE('','',#18612);
#18580=PRODUCT_DEFINITION_SHAPE('','',#18613);
#18581=PRODUCT_DEFINITION_SHAPE('','',#18614);
#18582=PRODUCT_DEFINITION_SHAPE('','',#18615);
#18583=PRODUCT_DEFINITION_SHAPE('','',#18616);
#18584=PRODUCT_DEFINITION_SHAPE('','',#18617);
#18585=PRODUCT_DEFINITION_SHAPE('','',#18618);
#18586=PRODUCT_DEFINITION_SHAPE('','',#18619);
#18587=PRODUCT_DEFINITION_SHAPE('','',#18620);
#18588=PRODUCT_DEFINITION_SHAPE('','',#18621);
#18589=PRODUCT_DEFINITION_SHAPE('','',#18622);
#18590=PRODUCT_DEFINITION_SHAPE('','',#18623);
#18591=PRODUCT_DEFINITION_SHAPE('','',#18624);
#18592=PRODUCT_DEFINITION_SHAPE('','',#18625);
#18593=PRODUCT_DEFINITION_SHAPE('','',#18626);
#18594=PRODUCT_DEFINITION_SHAPE('','',#18627);
#18595=PRODUCT_DEFINITION_SHAPE('','',#18628);
#18596=PRODUCT_DEFINITION_SHAPE('','',#18629);
#18597=PRODUCT_DEFINITION_SHAPE('','',#18630);
#18598=PRODUCT_DEFINITION('','',#18664,#18631);
#18599=PRODUCT_DEFINITION('','',#18665,#18632);
#18600=PRODUCT_DEFINITION('','',#18666,#18633);
#18601=PRODUCT_DEFINITION('','',#18667,#18634);
#18602=PRODUCT_DEFINITION('','',#18668,#18635);
#18603=PRODUCT_DEFINITION('','',#18669,#18636);
#18604=PRODUCT_DEFINITION('','',#18670,#18637);
#18605=PRODUCT_DEFINITION('','',#18671,#18638);
#18606=PRODUCT_DEFINITION('','',#18672,#18639);
#18607=PRODUCT_DEFINITION('','',#18673,#18640);
#18608=PRODUCT_DEFINITION('','',#18674,#18641);
#18609=PRODUCT_DEFINITION('','',#18675,#18642);
#18610=PRODUCT_DEFINITION('','',#18676,#18643);
#18611=PRODUCT_DEFINITION('','',#18677,#18644);
#18612=PRODUCT_DEFINITION('','',#18678,#18645);
#18613=PRODUCT_DEFINITION('','',#18679,#18646);
#18614=PRODUCT_DEFINITION('','',#18680,#18647);
#18615=PRODUCT_DEFINITION('','',#18681,#18648);
#18616=PRODUCT_DEFINITION('','',#18682,#18649);
#18617=PRODUCT_DEFINITION('','',#18683,#18650);
#18618=PRODUCT_DEFINITION('','',#18684,#18651);
#18619=PRODUCT_DEFINITION('','',#18685,#18652);
#18620=PRODUCT_DEFINITION('','',#18686,#18653);
#18621=PRODUCT_DEFINITION('','',#18687,#18654);
#18622=PRODUCT_DEFINITION('','',#18688,#18655);
#18623=PRODUCT_DEFINITION('','',#18689,#18656);
#18624=PRODUCT_DEFINITION('','',#18690,#18657);
#18625=PRODUCT_DEFINITION('','',#18691,#18658);
#18626=PRODUCT_DEFINITION('','',#18692,#18659);
#18627=PRODUCT_DEFINITION('','',#18693,#18660);
#18628=PRODUCT_DEFINITION('','',#18694,#18661);
#18629=PRODUCT_DEFINITION('','',#18695,#18662);
#18630=PRODUCT_DEFINITION('','',#18696,#18663);
#18631=PRODUCT_DEFINITION_CONTEXT('',#18862,'design');
#18632=PRODUCT_DEFINITION_CONTEXT('',#18863,'design');
#18633=PRODUCT_DEFINITION_CONTEXT('',#18864,'design');
#18634=PRODUCT_DEFINITION_CONTEXT('',#18865,'design');
#18635=PRODUCT_DEFINITION_CONTEXT('',#18866,'design');
#18636=PRODUCT_DEFINITION_CONTEXT('',#18867,'design');
#18637=PRODUCT_DEFINITION_CONTEXT('',#18868,'design');
#18638=PRODUCT_DEFINITION_CONTEXT('',#18869,'design');
#18639=PRODUCT_DEFINITION_CONTEXT('',#18870,'design');
#18640=PRODUCT_DEFINITION_CONTEXT('',#18871,'design');
#18641=PRODUCT_DEFINITION_CONTEXT('',#18872,'design');
#18642=PRODUCT_DEFINITION_CONTEXT('',#18873,'design');
#18643=PRODUCT_DEFINITION_CONTEXT('',#18874,'design');
#18644=PRODUCT_DEFINITION_CONTEXT('',#18875,'design');
#18645=PRODUCT_DEFINITION_CONTEXT('',#18876,'design');
#18646=PRODUCT_DEFINITION_CONTEXT('',#18877,'design');
#18647=PRODUCT_DEFINITION_CONTEXT('',#18878,'design');
#18648=PRODUCT_DEFINITION_CONTEXT('',#18879,'design');
#18649=PRODUCT_DEFINITION_CONTEXT('',#18880,'design');
#18650=PRODUCT_DEFINITION_CONTEXT('',#18881,'design');
#18651=PRODUCT_DEFINITION_CONTEXT('',#18882,'design');
#18652=PRODUCT_DEFINITION_CONTEXT('',#18883,'design');
#18653=PRODUCT_DEFINITION_CONTEXT('',#18884,'design');
#18654=PRODUCT_DEFINITION_CONTEXT('',#18885,'design');
#18655=PRODUCT_DEFINITION_CONTEXT('',#18886,'design');
#18656=PRODUCT_DEFINITION_CONTEXT('',#18887,'design');
#18657=PRODUCT_DEFINITION_CONTEXT('',#18888,'design');
#18658=PRODUCT_DEFINITION_CONTEXT('',#18889,'design');
#18659=PRODUCT_DEFINITION_CONTEXT('',#18890,'design');
#18660=PRODUCT_DEFINITION_CONTEXT('',#18891,'design');
#18661=PRODUCT_DEFINITION_CONTEXT('',#18892,'design');
#18662=PRODUCT_DEFINITION_CONTEXT('',#18893,'design');
#18663=PRODUCT_DEFINITION_CONTEXT('',#18894,'design');
#18664=PRODUCT_DEFINITION_FORMATION_WITH_SPECIFIED_SOURCE('','',#18730,
 .NOT_KNOWN.);
#18665=PRODUCT_DEFINITION_FORMATION_WITH_SPECIFIED_SOURCE('','',#18731,
 .NOT_KNOWN.);
#18666=PRODUCT_DEFINITION_FORMATION_WITH_SPECIFIED_SOURCE('','',#18732,
 .NOT_KNOWN.);
#18667=PRODUCT_DEFINITION_FORMATION_WITH_SPECIFIED_SOURCE('','',#18733,
 .NOT_KNOWN.);
#18668=PRODUCT_DEFINITION_FORMATION_WITH_SPECIFIED_SOURCE('','',#18734,
 .NOT_KNOWN.);
#18669=PRODUCT_DEFINITION_FORMATION_WITH_SPECIFIED_SOURCE('','',#18735,
 .NOT_KNOWN.);
#18670=PRODUCT_DEFINITION_FORMATION_WITH_SPECIFIED_SOURCE('','',#18736,
 .NOT_KNOWN.);
#18671=PRODUCT_DEFINITION_FORMATION_WITH_SPECIFIED_SOURCE('','',#18737,
 .NOT_KNOWN.);
#18672=PRODUCT_DEFINITION_FORMATION_WITH_SPECIFIED_SOURCE('','',#18738,
 .NOT_KNOWN.);
#18673=PRODUCT_DEFINITION_FORMATION_WITH_SPECIFIED_SOURCE('','',#18739,
 .NOT_KNOWN.);
#18674=PRODUCT_DEFINITION_FORMATION_WITH_SPECIFIED_SOURCE('','',#18740,
 .NOT_KNOWN.);
#18675=PRODUCT_DEFINITION_FORMATION_WITH_SPECIFIED_SOURCE('','',#18741,
 .NOT_KNOWN.);
#18676=PRODUCT_DEFINITION_FORMATION_WITH_SPECIFIED_SOURCE('','',#18742,
 .NOT_KNOWN.);
#18677=PRODUCT_DEFINITION_FORMATION_WITH_SPECIFIED_SOURCE('','',#18743,
 .NOT_KNOWN.);
#18678=PRODUCT_DEFINITION_FORMATION_WITH_SPECIFIED_SOURCE('','',#18744,
 .NOT_KNOWN.);
#18679=PRODUCT_DEFINITION_FORMATION_WITH_SPECIFIED_SOURCE('','',#18745,
 .NOT_KNOWN.);
#18680=PRODUCT_DEFINITION_FORMATION_WITH_SPECIFIED_SOURCE('','',#18746,
 .NOT_KNOWN.);
#18681=PRODUCT_DEFINITION_FORMATION_WITH_SPECIFIED_SOURCE('','',#18747,
 .NOT_KNOWN.);
#18682=PRODUCT_DEFINITION_FORMATION_WITH_SPECIFIED_SOURCE('','',#18748,
 .NOT_KNOWN.);
#18683=PRODUCT_DEFINITION_FORMATION_WITH_SPECIFIED_SOURCE('','',#18749,
 .NOT_KNOWN.);
#18684=PRODUCT_DEFINITION_FORMATION_WITH_SPECIFIED_SOURCE('','',#18750,
 .NOT_KNOWN.);
#18685=PRODUCT_DEFINITION_FORMATION_WITH_SPECIFIED_SOURCE('','',#18751,
 .NOT_KNOWN.);
#18686=PRODUCT_DEFINITION_FORMATION_WITH_SPECIFIED_SOURCE('','',#18752,
 .NOT_KNOWN.);
#18687=PRODUCT_DEFINITION_FORMATION_WITH_SPECIFIED_SOURCE('','',#18753,
 .NOT_KNOWN.);
#18688=PRODUCT_DEFINITION_FORMATION_WITH_SPECIFIED_SOURCE('','',#18754,
 .NOT_KNOWN.);
#18689=PRODUCT_DEFINITION_FORMATION_WITH_SPECIFIED_SOURCE('','',#18755,
 .NOT_KNOWN.);
#18690=PRODUCT_DEFINITION_FORMATION_WITH_SPECIFIED_SOURCE('','',#18756,
 .NOT_KNOWN.);
#18691=PRODUCT_DEFINITION_FORMATION_WITH_SPECIFIED_SOURCE('','',#18757,
 .NOT_KNOWN.);
#18692=PRODUCT_DEFINITION_FORMATION_WITH_SPECIFIED_SOURCE('','',#18758,
 .NOT_KNOWN.);
#18693=PRODUCT_DEFINITION_FORMATION_WITH_SPECIFIED_SOURCE('','',#18759,
 .NOT_KNOWN.);
#18694=PRODUCT_DEFINITION_FORMATION_WITH_SPECIFIED_SOURCE('','',#18760,
 .NOT_KNOWN.);
#18695=PRODUCT_DEFINITION_FORMATION_WITH_SPECIFIED_SOURCE('','',#18761,
 .NOT_KNOWN.);
#18696=PRODUCT_DEFINITION_FORMATION_WITH_SPECIFIED_SOURCE('','',#18762,
 .NOT_KNOWN.);
#18697=PRODUCT_RELATED_PRODUCT_CATEGORY('','',(#18730));
#18698=PRODUCT_RELATED_PRODUCT_CATEGORY('','',(#18731));
#18699=PRODUCT_RELATED_PRODUCT_CATEGORY('','',(#18732));
#18700=PRODUCT_RELATED_PRODUCT_CATEGORY('','',(#18733));
#18701=PRODUCT_RELATED_PRODUCT_CATEGORY('','',(#18734));
#18702=PRODUCT_RELATED_PRODUCT_CATEGORY('','',(#18735));
#18703=PRODUCT_RELATED_PRODUCT_CATEGORY('','',(#18736));
#18704=PRODUCT_RELATED_PRODUCT_CATEGORY('','',(#18737));
#18705=PRODUCT_RELATED_PRODUCT_CATEGORY('','',(#18738));
#18706=PRODUCT_RELATED_PRODUCT_CATEGORY('','',(#18739));
#18707=PRODUCT_RELATED_PRODUCT_CATEGORY('','',(#18740));
#18708=PRODUCT_RELATED_PRODUCT_CATEGORY('','',(#18741));
#18709=PRODUCT_RELATED_PRODUCT_CATEGORY('','',(#18742));
#18710=PRODUCT_RELATED_PRODUCT_CATEGORY('','',(#18743));
#18711=PRODUCT_RELATED_PRODUCT_CATEGORY('','',(#18744));
#18712=PRODUCT_RELATED_PRODUCT_CATEGORY('','',(#18745));
#18713=PRODUCT_RELATED_PRODUCT_CATEGORY('','',(#18746));
#18714=PRODUCT_RELATED_PRODUCT_CATEGORY('','',(#18747));
#18715=PRODUCT_RELATED_PRODUCT_CATEGORY('','',(#18748));
#18716=PRODUCT_RELATED_PRODUCT_CATEGORY('','',(#18749));
#18717=PRODUCT_RELATED_PRODUCT_CATEGORY('','',(#18750));
#18718=PRODUCT_RELATED_PRODUCT_CATEGORY('','',(#18751));
#18719=PRODUCT_RELATED_PRODUCT_CATEGORY('','',(#18752));
#18720=PRODUCT_RELATED_PRODUCT_CATEGORY('','',(#18753));
#18721=PRODUCT_RELATED_PRODUCT_CATEGORY('','',(#18754));
#18722=PRODUCT_RELATED_PRODUCT_CATEGORY('','',(#18755));
#18723=PRODUCT_RELATED_PRODUCT_CATEGORY('','',(#18756));
#18724=PRODUCT_RELATED_PRODUCT_CATEGORY('','',(#18757));
#18725=PRODUCT_RELATED_PRODUCT_CATEGORY('','',(#18758));
#18726=PRODUCT_RELATED_PRODUCT_CATEGORY('','',(#18759));
#18727=PRODUCT_RELATED_PRODUCT_CATEGORY('','',(#18760));
#18728=PRODUCT_RELATED_PRODUCT_CATEGORY('','',(#18761));
#18729=PRODUCT_RELATED_PRODUCT_CATEGORY('','',(#18762));
#18730=PRODUCT('Part 26','Part 26','Part 26',(#18796));
#18731=PRODUCT('Part 1','Part 1','Part 1',(#18797));
#18732=PRODUCT('Part 2','Part 2','Part 2',(#18798));
#18733=PRODUCT('Part 3','Part 3','Part 3',(#18799));
#18734=PRODUCT('Part 4','Part 4','Part 4',(#18800));
#18735=PRODUCT('Part 5','Part 5','Part 5',(#18801));
#18736=PRODUCT('Part 6','Part 6','Part 6',(#18802));
#18737=PRODUCT('Part 7','Part 7','Part 7',(#18803));
#18738=PRODUCT('Part 8','Part 8','Part 8',(#18804));
#18739=PRODUCT('Part 9','Part 9','Part 9',(#18805));
#18740=PRODUCT('Part 10','Part 10','Part 10',(#18806));
#18741=PRODUCT('Part 11','Part 11','Part 11',(#18807));
#18742=PRODUCT('Part 12','Part 12','Part 12',(#18808));
#18743=PRODUCT('Part 13','Part 13','Part 13',(#18809));
#18744=PRODUCT('Part 14','Part 14','Part 14',(#18810));
#18745=PRODUCT('Part 15','Part 15','Part 15',(#18811));
#18746=PRODUCT('Part 16','Part 16','Part 16',(#18812));
#18747=PRODUCT('Part 17','Part 17','Part 17',(#18813));
#18748=PRODUCT('Part 18','Part 18','Part 18',(#18814));
#18749=PRODUCT('Part 19','Part 19','Part 19',(#18815));
#18750=PRODUCT('Part 20','Part 20','Part 20',(#18816));
#18751=PRODUCT('Part 21','Part 21','Part 21',(#18817));
#18752=PRODUCT('Part 22','Part 22','Part 22',(#18818));
#18753=PRODUCT('Part 23','Part 23','Part 23',(#18819));
#18754=PRODUCT('Part 24','Part 24','Part 24',(#18820));
#18755=PRODUCT('Part 25','Part 25','Part 25',(#18821));
#18756=PRODUCT('Part 27','Part 27','Part 27',(#18822));
#18757=PRODUCT('Part 28','Part 28','Part 28',(#18823));
#18758=PRODUCT('Part 29','Part 29','Part 29',(#18824));
#18759=PRODUCT('Part 30','Part 30','Part 30',(#18825));
#18760=PRODUCT('Part 31','Part 31','Part 31',(#18826));
#18761=PRODUCT('Part 32','Part 32','Part 32',(#18827));
#18762=PRODUCT('Part 33','Part 33','Part 33',(#18828));
#18763=PRODUCT_CATEGORY('','');
#18764=PRODUCT_CATEGORY('','');
#18765=PRODUCT_CATEGORY('','');
#18766=PRODUCT_CATEGORY('','');
#18767=PRODUCT_CATEGORY('','');
#18768=PRODUCT_CATEGORY('','');
#18769=PRODUCT_CATEGORY('','');
#18770=PRODUCT_CATEGORY('','');
#18771=PRODUCT_CATEGORY('','');
#18772=PRODUCT_CATEGORY('','');
#18773=PRODUCT_CATEGORY('','');
#18774=PRODUCT_CATEGORY('','');
#18775=PRODUCT_CATEGORY('','');
#18776=PRODUCT_CATEGORY('','');
#18777=PRODUCT_CATEGORY('','');
#18778=PRODUCT_CATEGORY('','');
#18779=PRODUCT_CATEGORY('','');
#18780=PRODUCT_CATEGORY('','');
#18781=PRODUCT_CATEGORY('','');
#18782=PRODUCT_CATEGORY('','');
#18783=PRODUCT_CATEGORY('','');
#18784=PRODUCT_CATEGORY('','');
#18785=PRODUCT_CATEGORY('','');
#18786=PRODUCT_CATEGORY('','');
#18787=PRODUCT_CATEGORY('','');
#18788=PRODUCT_CATEGORY('','');
#18789=PRODUCT_CATEGORY('','');
#18790=PRODUCT_CATEGORY('','');
#18791=PRODUCT_CATEGORY('','');
#18792=PRODUCT_CATEGORY('','');
#18793=PRODUCT_CATEGORY('','');
#18794=PRODUCT_CATEGORY('','');
#18795=PRODUCT_CATEGORY('','');
#18796=PRODUCT_CONTEXT('',#18862,'mechanical');
#18797=PRODUCT_CONTEXT('',#18863,'mechanical');
#18798=PRODUCT_CONTEXT('',#18864,'mechanical');
#18799=PRODUCT_CONTEXT('',#18865,'mechanical');
#18800=PRODUCT_CONTEXT('',#18866,'mechanical');
#18801=PRODUCT_CONTEXT('',#18867,'mechanical');
#18802=PRODUCT_CONTEXT('',#18868,'mechanical');
#18803=PRODUCT_CONTEXT('',#18869,'mechanical');
#18804=PRODUCT_CONTEXT('',#18870,'mechanical');
#18805=PRODUCT_CONTEXT('',#18871,'mechanical');
#18806=PRODUCT_CONTEXT('',#18872,'mechanical');
#18807=PRODUCT_CONTEXT('',#18873,'mechanical');
#18808=PRODUCT_CONTEXT('',#18874,'mechanical');
#18809=PRODUCT_CONTEXT('',#18875,'mechanical');
#18810=PRODUCT_CONTEXT('',#18876,'mechanical');
#18811=PRODUCT_CONTEXT('',#18877,'mechanical');
#18812=PRODUCT_CONTEXT('',#18878,'mechanical');
#18813=PRODUCT_CONTEXT('',#18879,'mechanical');
#18814=PRODUCT_CONTEXT('',#18880,'mechanical');
#18815=PRODUCT_CONTEXT('',#18881,'mechanical');
#18816=PRODUCT_CONTEXT('',#18882,'mechanical');
#18817=PRODUCT_CONTEXT('',#18883,'mechanical');
#18818=PRODUCT_CONTEXT('',#18884,'mechanical');
#18819=PRODUCT_CONTEXT('',#18885,'mechanical');
#18820=PRODUCT_CONTEXT('',#18886,'mechanical');
#18821=PRODUCT_CONTEXT('',#18887,'mechanical');
#18822=PRODUCT_CONTEXT('',#18888,'mechanical');
#18823=PRODUCT_CONTEXT('',#18889,'mechanical');
#18824=PRODUCT_CONTEXT('',#18890,'mechanical');
#18825=PRODUCT_CONTEXT('',#18891,'mechanical');
#18826=PRODUCT_CONTEXT('',#18892,'mechanical');
#18827=PRODUCT_CONTEXT('',#18893,'mechanical');
#18828=PRODUCT_CONTEXT('',#18894,'mechanical');
#18829=APPLICATION_PROTOCOL_DEFINITION('international standard',
'ap242_managed_model_based_3d_engineering',2020,#18862);
#18830=APPLICATION_PROTOCOL_DEFINITION('international standard',
'ap242_managed_model_based_3d_engineering',2020,#18863);
#18831=APPLICATION_PROTOCOL_DEFINITION('international standard',
'ap242_managed_model_based_3d_engineering',2020,#18864);
#18832=APPLICATION_PROTOCOL_DEFINITION('international standard',
'ap242_managed_model_based_3d_engineering',2020,#18865);
#18833=APPLICATION_PROTOCOL_DEFINITION('international standard',
'ap242_managed_model_based_3d_engineering',2020,#18866);
#18834=APPLICATION_PROTOCOL_DEFINITION('international standard',
'ap242_managed_model_based_3d_engineering',2020,#18867);
#18835=APPLICATION_PROTOCOL_DEFINITION('international standard',
'ap242_managed_model_based_3d_engineering',2020,#18868);
#18836=APPLICATION_PROTOCOL_DEFINITION('international standard',
'ap242_managed_model_based_3d_engineering',2020,#18869);
#18837=APPLICATION_PROTOCOL_DEFINITION('international standard',
'ap242_managed_model_based_3d_engineering',2020,#18870);
#18838=APPLICATION_PROTOCOL_DEFINITION('international standard',
'ap242_managed_model_based_3d_engineering',2020,#18871);
#18839=APPLICATION_PROTOCOL_DEFINITION('international standard',
'ap242_managed_model_based_3d_engineering',2020,#18872);
#18840=APPLICATION_PROTOCOL_DEFINITION('international standard',
'ap242_managed_model_based_3d_engineering',2020,#18873);
#18841=APPLICATION_PROTOCOL_DEFINITION('international standard',
'ap242_managed_model_based_3d_engineering',2020,#18874);
#18842=APPLICATION_PROTOCOL_DEFINITION('international standard',
'ap242_managed_model_based_3d_engineering',2020,#18875);
#18843=APPLICATION_PROTOCOL_DEFINITION('international standard',
'ap242_managed_model_based_3d_engineering',2020,#18876);
#18844=APPLICATION_PROTOCOL_DEFINITION('international standard',
'ap242_managed_model_based_3d_engineering',2020,#18877);
#18845=APPLICATION_PROTOCOL_DEFINITION('international standard',
'ap242_managed_model_based_3d_engineering',2020,#18878);
#18846=APPLICATION_PROTOCOL_DEFINITION('international standard',
'ap242_managed_model_based_3d_engineering',2020,#18879);
#18847=APPLICATION_PROTOCOL_DEFINITION('international standard',
'ap242_managed_model_based_3d_engineering',2020,#18880);
#18848=APPLICATION_PROTOCOL_DEFINITION('international standard',
'ap242_managed_model_based_3d_engineering',2020,#18881);
#18849=APPLICATION_PROTOCOL_DEFINITION('international standard',
'ap242_managed_model_based_3d_engineering',2020,#18882);
#18850=APPLICATION_PROTOCOL_DEFINITION('international standard',
'ap242_managed_model_based_3d_engineering',2020,#18883);
#18851=APPLICATION_PROTOCOL_DEFINITION('international standard',
'ap242_managed_model_based_3d_engineering',2020,#18884);
#18852=APPLICATION_PROTOCOL_DEFINITION('international standard',
'ap242_managed_model_based_3d_engineering',2020,#18885);
#18853=APPLICATION_PROTOCOL_DEFINITION('international standard',
'ap242_managed_model_based_3d_engineering',2020,#18886);
#18854=APPLICATION_PROTOCOL_DEFINITION('international standard',
'ap242_managed_model_based_3d_engineering',2020,#18887);
#18855=APPLICATION_PROTOCOL_DEFINITION('international standard',
'ap242_managed_model_based_3d_engineering',2020,#18888);
#18856=APPLICATION_PROTOCOL_DEFINITION('international standard',
'ap242_managed_model_based_3d_engineering',2020,#18889);
#18857=APPLICATION_PROTOCOL_DEFINITION('international standard',
'ap242_managed_model_based_3d_engineering',2020,#18890);
#18858=APPLICATION_PROTOCOL_DEFINITION('international standard',
'ap242_managed_model_based_3d_engineering',2020,#18891);
#18859=APPLICATION_PROTOCOL_DEFINITION('international standard',
'ap242_managed_model_based_3d_engineering',2020,#18892);
#18860=APPLICATION_PROTOCOL_DEFINITION('international standard',
'ap242_managed_model_based_3d_engineering',2020,#18893);
#18861=APPLICATION_PROTOCOL_DEFINITION('international standard',
'ap242_managed_model_based_3d_engineering',2020,#18894);
#18862=APPLICATION_CONTEXT('managed model based 3d engineering');
#18863=APPLICATION_CONTEXT('managed model based 3d engineering');
#18864=APPLICATION_CONTEXT('managed model based 3d engineering');
#18865=APPLICATION_CONTEXT('managed model based 3d engineering');
#18866=APPLICATION_CONTEXT('managed model based 3d engineering');
#18867=APPLICATION_CONTEXT('managed model based 3d engineering');
#18868=APPLICATION_CONTEXT('managed model based 3d engineering');
#18869=APPLICATION_CONTEXT('managed model based 3d engineering');
#18870=APPLICATION_CONTEXT('managed model based 3d engineering');
#18871=APPLICATION_CONTEXT('managed model based 3d engineering');
#18872=APPLICATION_CONTEXT('managed model based 3d engineering');
#18873=APPLICATION_CONTEXT('managed model based 3d engineering');
#18874=APPLICATION_CONTEXT('managed model based 3d engineering');
#18875=APPLICATION_CONTEXT('managed model based 3d engineering');
#18876=APPLICATION_CONTEXT('managed model based 3d engineering');
#18877=APPLICATION_CONTEXT('managed model based 3d engineering');
#18878=APPLICATION_CONTEXT('managed model based 3d engineering');
#18879=APPLICATION_CONTEXT('managed model based 3d engineering');
#18880=APPLICATION_CONTEXT('managed model based 3d engineering');
#18881=APPLICATION_CONTEXT('managed model based 3d engineering');
#18882=APPLICATION_CONTEXT('managed model based 3d engineering');
#18883=APPLICATION_CONTEXT('managed model based 3d engineering');
#18884=APPLICATION_CONTEXT('managed model based 3d engineering');
#18885=APPLICATION_CONTEXT('managed model based 3d engineering');
#18886=APPLICATION_CONTEXT('managed model based 3d engineering');
#18887=APPLICATION_CONTEXT('managed model based 3d engineering');
#18888=APPLICATION_CONTEXT('managed model based 3d engineering');
#18889=APPLICATION_CONTEXT('managed model based 3d engineering');
#18890=APPLICATION_CONTEXT('managed model based 3d engineering');
#18891=APPLICATION_CONTEXT('managed model based 3d engineering');
#18892=APPLICATION_CONTEXT('managed model based 3d engineering');
#18893=APPLICATION_CONTEXT('managed model based 3d engineering');
#18894=APPLICATION_CONTEXT('managed model based 3d engineering');
ENDSEC;
END-ISO-10303-21;
